Time (ms),Timegap (ms),Gaze X,Gaze Y,Pupil_Size,AOI,Time_Normalized (ms),Face_ID,Tipo_Estimulo,Emocao,Tempo_Interno_Bloco,Fase_Estimulo
0,0,272,898,4.17,0,0,1,Humano,Feliz,0,Janela_Baseline
17,17,281,926,3.48,0,17,1,Humano,Feliz,17,Janela_Baseline
33,17,272,961,5.5,0,33,1,Humano,Feliz,33,Janela_Baseline
50,17,330,933,3.58,0,50,1,Humano,Feliz,50,Janela_Baseline
67,17,278,903,3.58,0,67,1,Humano,Feliz,67,Janela_Baseline
83,17,280,923,4.03,0,83,1,Humano,Feliz,83,Janela_Baseline
100,17,273,888,3.61,0,100,1,Humano,Feliz,100,Janela_Baseline
116,17,278,909,4.14,0,116,1,Humano,Feliz,116,Janela_Baseline
133,17,277,919,3.77,0,133,1,Humano,Feliz,133,Janela_Baseline
150,17,268,928,3.66,0,150,1,Humano,Feliz,150,Janela_Baseline
166,17,275,915,4.07,0,166,1,Humano,Feliz,166,Janela_Baseline
183,17,246,507,4.09,0,183,1,Humano,Feliz,183,Janela_Baseline
200,17,284,903,-1.0,0,200,1,Humano,Feliz,200,Janela_Baseline
216,17,281,902,3.72,0,216,1,Humano,Feliz,216,Janela_Baseline
233,17,274,957,3.66,0,233,1,Humano,Feliz,233,Janela_Baseline
250,17,314,1031,-1.0,0,250,1,Humano,Feliz,250,Janela_Baseline
266,17,281,930,-1.0,0,266,1,Humano,Feliz,266,Janela_Baseline
283,17,293,1014,4.19,0,283,1,Humano,Feliz,283,Janela_Baseline
299,17,281,919,4.27,0,299,1,Humano,Feliz,299,Janela_Baseline
316,17,281,917,-1.0,0,316,1,Humano,Feliz,316,Janela_Baseline
333,17,297,922,4.49,0,333,1,Humano,Feliz,333,Janela_Baseline
349,17,286,909,-1.0,0,349,1,Humano,Feliz,349,Janela_Baseline
366,17,281,922,4.35,0,366,1,Humano,Feliz,366,Janela_Baseline
383,17,301,924,-1.0,0,383,1,Humano,Feliz,383,Janela_Baseline
399,17,234,954,4.36,0,399,1,Humano,Feliz,399,Janela_Baseline
416,17,277,958,-1.0,0,416,1,Humano,Feliz,416,Janela_Baseline
433,17,274,936,4.28,0,433,1,Humano,Feliz,433,Janela_Baseline
449,17,289,909,3.75,0,449,1,Humano,Feliz,449,Janela_Baseline
466,17,315,532,5.31,0,466,1,Humano,Feliz,466,Janela_Baseline
482,17,282,916,4.06,0,482,1,Humano,Feliz,482,Janela_Baseline
499,17,308,1026,4.92,0,499,1,Humano,Feliz,499,Janela_Baseline
516,17,481,1015,3.93,0,516,1,Humano,Feliz,516,Janela_Baseline
532,17,456,933,3.99,0,532,1,Humano,Feliz,532,Janela_Baseline
549,17,523,901,3.99,0,549,1,Humano,Feliz,549,Janela_Baseline
566,17,403,882,-1.0,0,566,1,Humano,Feliz,566,Janela_Baseline
582,17,526,902,4.46,0,582,1,Humano,Feliz,582,Janela_Baseline
599,17,466,1014,3.95,0,599,1,Humano,Feliz,599,Janela_Baseline
615,17,511,913,4.38,0,615,1,Humano,Feliz,615,Janela_Baseline
632,17,508,975,4.57,0,632,1,Humano,Feliz,632,Janela_Baseline
649,17,515,1044,4.17,0,649,1,Humano,Feliz,649,Janela_Baseline
665,17,519,895,4.56,0,665,1,Humano,Feliz,665,Janela_Baseline
682,17,517,808,3.99,0,682,1,Humano,Feliz,682,Janela_Baseline
699,17,517,938,-1.0,0,699,1,Humano,Feliz,699,Janela_Baseline
715,17,438,1069,3.99,0,715,1,Humano,Feliz,715,Janela_Baseline
732,17,522,906,3.98,0,732,1,Humano,Feliz,732,Janela_Baseline
749,17,453,942,-1.0,0,749,1,Humano,Feliz,749,Janela_Baseline
765,17,463,918,-1.0,0,765,1,Humano,Feliz,765,Janela_Baseline
782,17,329,913,-1.0,0,782,1,Humano,Feliz,782,Janela_Baseline
798,17,404,922,-1.0,0,798,1,Humano,Feliz,798,Janela_Baseline
815,17,335,920,-1.0,0,815,1,Humano,Feliz,815,Janela_Baseline
832,17,462,904,-1.0,0,832,1,Humano,Feliz,832,Janela_Baseline
848,17,336,972,-1.0,0,848,1,Humano,Feliz,848,Janela_Baseline
865,17,465,832,-1.0,0,865,1,Humano,Feliz,865,Janela_Baseline
882,17,466,787,-1.0,0,882,1,Humano,Feliz,882,Janela_Baseline
898,17,399,996,-1.0,0,898,1,Humano,Feliz,898,Janela_Baseline
915,17,331,906,-1.0,0,915,1,Humano,Feliz,915,Janela_Baseline
932,17,384,1041,-1.0,0,932,1,Humano,Feliz,932,Janela_Baseline
948,17,449,1022,-1.0,0,948,1,Humano,Feliz,948,Janela_Baseline
965,17,363,991,-1.0,0,965,1,Humano,Feliz,965,Janela_Baseline
981,17,417,991,-1.0,0,981,1,Humano,Feliz,981,Janela_Baseline
998,17,465,1000,-1.0,0,998,1,Humano,Feliz,998,Janela_Baseline
1015,17,463,887,-1.0,0,1015,1,Humano,Feliz,1015,Janela_Baseline
1031,17,467,878,-1.0,0,1031,1,Humano,Feliz,1031,Janela_Baseline
1048,17,441,1052,-1.0,0,1048,1,Humano,Feliz,1048,Janela_Baseline
1065,17,336,1061,-1.0,0,1065,1,Humano,Feliz,1065,Janela_Baseline
1081,17,447,765,-1.0,0,1081,1,Humano,Feliz,1081,Janela_Baseline
1098,17,428,683,-1.0,0,1098,1,Humano,Feliz,1098,Janela_Baseline
1115,17,423,1013,3.8,0,1115,1,Humano,Feliz,1115,Exposicao_Face
1131,17,213,987,4.84,0,1131,1,Humano,Feliz,1131,Exposicao_Face
1148,17,429,955,3.61,0,1148,1,Humano,Feliz,1148,Exposicao_Face
1181,33,509,765,0.0,0,1181,1,Humano,Feliz,1181,Exposicao_Face
1198,17,368,742,3.98,0,1198,1,Humano,Feliz,1198,Exposicao_Face
1214,17,452,540,3.5,0,1214,1,Humano,Feliz,1214,Exposicao_Face
1231,17,486,464,3.32,0,1231,1,Humano,Feliz,1231,Exposicao_Face
1248,17,499,317,3.22,0,1248,1,Humano,Feliz,1248,Exposicao_Face
1264,17,499,285,3.18,0,1264,1,Humano,Feliz,1264,Exposicao_Face
1281,17,482,322,3.05,0,1281,1,Humano,Feliz,1281,Exposicao_Face
1298,17,496,343,2.98,0,1298,1,Humano,Feliz,1298,Exposicao_Face
1314,17,480,374,2.94,0,1314,1,Humano,Feliz,1314,Exposicao_Face
1331,17,495,370,2.9,0,1331,1,Humano,Feliz,1331,Exposicao_Face
1347,17,503,373,2.87,0,1347,1,Humano,Feliz,1347,Exposicao_Face
1364,17,483,358,2.79,0,1364,1,Humano,Feliz,1364,Exposicao_Face
1381,17,495,355,2.76,0,1381,1,Humano,Feliz,1381,Exposicao_Face
1397,17,518,343,2.74,0,1397,1,Humano,Feliz,1397,Exposicao_Face
1414,17,518,337,2.78,0,1414,1,Humano,Feliz,1414,Exposicao_Face
1431,17,523,345,2.68,0,1431,1,Humano,Feliz,1431,Exposicao_Face
1447,17,528,338,2.69,0,1447,1,Humano,Feliz,1447,Exposicao_Face
1464,17,524,334,2.68,0,1464,1,Humano,Feliz,1464,Exposicao_Face
1481,17,528,348,2.66,0,1481,1,Humano,Feliz,1481,Exposicao_Face
1497,17,520,343,2.65,0,1497,1,Humano,Feliz,1497,Exposicao_Face
1514,17,532,325,2.58,0,1514,1,Humano,Feliz,1514,Exposicao_Face
1530,17,531,332,2.63,0,1530,1,Humano,Feliz,1530,Exposicao_Face
1547,17,525,352,2.65,0,1547,1,Humano,Feliz,1547,Exposicao_Face
1564,17,545,338,2.55,0,1564,1,Humano,Feliz,1564,Exposicao_Face
1580,17,569,328,2.58,0,1580,1,Humano,Feliz,1580,Exposicao_Face
1597,17,567,327,2.57,0,1597,1,Humano,Feliz,1597,Exposicao_Face
1614,17,564,329,2.57,0,1614,1,Humano,Feliz,1614,Exposicao_Face
1630,17,563,324,2.53,0,1630,1,Humano,Feliz,1630,Exposicao_Face
1647,17,553,346,2.53,0,1647,1,Humano,Feliz,1647,Exposicao_Face
1664,17,564,343,2.58,0,1664,1,Humano,Feliz,1664,Exposicao_Face
1680,17,564,319,2.52,0,1680,1,Humano,Feliz,1680,Exposicao_Face
1697,17,571,315,2.5,0,1697,1,Humano,Feliz,1697,Exposicao_Face
1713,17,562,339,2.49,0,1713,1,Humano,Feliz,1713,Exposicao_Face
1730,17,573,351,2.53,0,1730,1,Humano,Feliz,1730,Exposicao_Face
1747,17,565,344,2.5,0,1747,1,Humano,Feliz,1747,Exposicao_Face
1763,17,598,333,2.55,0,1763,1,Humano,Feliz,1763,Exposicao_Face
1780,17,636,311,2.52,0,1780,1,Humano,Feliz,1780,Exposicao_Face
1797,17,628,294,2.49,0,1797,1,Humano,Feliz,1797,Exposicao_Face
1813,17,635,287,0.0,0,1813,1,Humano,Feliz,1813,Exposicao_Face
1830,17,623,346,2.58,0,1830,1,Humano,Feliz,1830,Exposicao_Face
1846,17,627,329,2.52,0,1846,1,Humano,Feliz,1846,Exposicao_Face
1863,17,626,314,2.53,0,1863,1,Humano,Feliz,1863,Exposicao_Face
1880,17,634,318,2.53,0,1880,1,Humano,Feliz,1880,Exposicao_Face
1896,17,629,311,2.55,0,1896,1,Humano,Feliz,1896,Exposicao_Face
1913,17,624,332,2.53,0,1913,1,Humano,Feliz,1913,Exposicao_Face
1930,17,623,326,2.52,0,1930,1,Humano,Feliz,1930,Exposicao_Face
1946,17,620,309,2.52,0,1946,1,Humano,Feliz,1946,Exposicao_Face
1963,17,618,341,2.53,0,1963,1,Humano,Feliz,1963,Exposicao_Face
1980,17,625,306,2.47,0,1980,1,Humano,Feliz,1980,Exposicao_Face
1996,17,625,305,2.53,0,1996,1,Humano,Feliz,1996,Exposicao_Face
2013,17,625,309,2.53,0,2013,1,Humano,Feliz,2013,Exposicao_Face
2029,17,625,302,2.52,0,2029,1,Humano,Feliz,2029,Exposicao_Face
2046,17,624,327,2.52,0,2046,1,Humano,Feliz,2046,Exposicao_Face
2063,17,632,322,2.53,0,2063,1,Humano,Feliz,2063,Exposicao_Face
2079,17,632,312,2.52,0,2079,1,Humano,Feliz,2079,Exposicao_Face
2096,17,619,325,2.5,0,2096,1,Humano,Feliz,2096,Exposicao_Face
2113,17,634,273,2.53,0,2113,1,Humano,Feliz,2113,Exposicao_Face
2129,17,633,309,2.53,0,2129,1,Humano,Feliz,2129,Exposicao_Face
2146,17,629,326,2.55,0,2146,1,Humano,Feliz,2146,Exposicao_Face
2163,17,627,322,0.0,0,2163,1,Humano,Feliz,2163,Exposicao_Face
2179,17,637,308,2.5,0,2179,1,Humano,Feliz,2179,Exposicao_Face
2196,17,631,307,2.52,0,2196,1,Humano,Feliz,2196,Exposicao_Face
2212,17,621,310,2.5,0,2212,1,Humano,Feliz,2212,Exposicao_Face
2229,17,627,319,2.55,0,2229,1,Humano,Feliz,2229,Exposicao_Face
2246,17,631,335,2.52,0,2246,1,Humano,Feliz,2246,Exposicao_Face
2262,17,581,314,2.55,0,2262,1,Humano,Feliz,2262,Exposicao_Face
2279,17,557,311,2.47,0,2279,1,Humano,Feliz,2279,Exposicao_Face
2296,17,554,302,2.5,0,2296,1,Humano,Feliz,2296,Exposicao_Face
2312,17,554,299,2.52,0,2312,1,Humano,Feliz,2312,Exposicao_Face
2329,17,544,332,2.52,0,2329,1,Humano,Feliz,2329,Exposicao_Face
2346,17,540,291,2.53,0,2346,1,Humano,Feliz,2346,Exposicao_Face
2362,17,552,311,2.58,0,2362,1,Humano,Feliz,2362,Exposicao_Face
2379,17,552,307,2.5,0,2379,1,Humano,Feliz,2379,Exposicao_Face
2395,17,551,311,2.57,0,2395,1,Humano,Feliz,2395,Exposicao_Face
2412,17,557,312,2.61,0,2412,1,Humano,Feliz,2412,Exposicao_Face
2429,17,544,320,2.58,0,2429,1,Humano,Feliz,2429,Exposicao_Face
2445,17,530,354,2.61,0,2445,1,Humano,Feliz,2445,Exposicao_Face
2462,17,541,310,2.58,0,2462,1,Humano,Feliz,2462,Exposicao_Face
2479,17,551,306,2.61,0,2479,1,Humano,Feliz,2479,Exposicao_Face
2495,17,547,325,2.61,0,2495,1,Humano,Feliz,2495,Exposicao_Face
2512,17,557,312,2.68,0,2512,1,Humano,Feliz,2512,Exposicao_Face
2529,17,536,292,2.66,0,2529,1,Humano,Feliz,2529,Exposicao_Face
2545,17,551,291,2.68,0,2545,1,Humano,Feliz,2545,Exposicao_Face
2562,17,537,293,2.66,0,2562,1,Humano,Feliz,2562,Exposicao_Face
2578,17,540,318,2.68,0,2578,1,Humano,Feliz,2578,Exposicao_Face
2595,17,543,334,2.73,0,2595,1,Humano,Feliz,2595,Exposicao_Face
2612,17,541,313,2.68,0,2612,1,Humano,Feliz,2612,Exposicao_Face
2628,17,539,283,2.71,0,2628,1,Humano,Feliz,2628,Exposicao_Face
2662,33,529,326,2.76,0,2662,1,Humano,Feliz,2662,Exposicao_Face
2678,17,534,295,2.78,0,2678,1,Humano,Feliz,2678,Exposicao_Face
2695,17,535,308,2.84,0,2695,1,Humano,Feliz,2695,Exposicao_Face
2712,17,541,300,2.81,0,2712,1,Humano,Feliz,2712,Exposicao_Face
2728,17,539,319,2.84,0,2728,1,Humano,Feliz,2728,Exposicao_Face
2745,17,527,327,2.89,0,2745,1,Humano,Feliz,2745,Exposicao_Face
2761,17,541,333,2.92,0,2761,1,Humano,Feliz,2761,Exposicao_Face
2778,17,546,333,2.87,0,2778,1,Humano,Feliz,2778,Exposicao_Face
2795,17,542,308,2.95,0,2795,1,Humano,Feliz,2795,Exposicao_Face
2811,17,541,327,2.9,0,2811,1,Humano,Feliz,2811,Exposicao_Face
2828,17,537,326,2.86,0,2828,1,Humano,Feliz,2828,Exposicao_Face
2845,17,541,328,2.95,0,2845,1,Humano,Feliz,2845,Exposicao_Face
2861,17,532,327,2.94,0,2861,1,Humano,Feliz,2861,Exposicao_Face
2878,17,521,290,2.95,0,2878,1,Humano,Feliz,2878,Exposicao_Face
2894,17,530,309,2.97,0,2894,1,Humano,Feliz,2894,Exposicao_Face
2911,17,532,296,2.97,0,2911,1,Humano,Feliz,2911,Exposicao_Face
2928,17,535,318,2.98,0,2928,1,Humano,Feliz,2928,Exposicao_Face
2944,17,530,326,3.05,0,2944,1,Humano,Feliz,2944,Exposicao_Face
2961,17,534,340,3.0,0,2961,1,Humano,Feliz,2961,Exposicao_Face
2978,17,550,319,3.02,0,2978,1,Humano,Feliz,2978,Exposicao_Face
2994,17,546,323,2.98,0,2994,1,Humano,Feliz,2994,Exposicao_Face
3011,17,540,358,3.06,1,3011,1,Humano,Feliz,3011,Exposicao_Face
3028,17,546,353,3.06,1,3028,1,Humano,Feliz,3028,Exposicao_Face
3044,17,532,338,3.06,1,3044,1,Humano,Feliz,3044,Exposicao_Face
3061,17,533,341,3.08,1,3061,1,Humano,Feliz,3061,Exposicao_Face
3077,17,538,330,3.13,1,3077,1,Humano,Feliz,3077,Exposicao_Face
3094,17,544,323,3.08,1,3094,1,Humano,Feliz,3094,Exposicao_Face
3111,17,553,348,3.14,1,3111,1,Humano,Feliz,3111,Exposicao_Face
3127,17,537,314,3.14,1,3127,1,Humano,Feliz,3127,Exposicao_Face
3144,17,558,335,3.1,1,3144,1,Humano,Feliz,3144,Exposicao_Face
3161,17,552,303,3.16,1,3161,1,Humano,Feliz,3161,Exposicao_Face
3177,17,547,300,3.19,1,3177,1,Humano,Feliz,3177,Exposicao_Face
3194,17,540,303,3.24,1,3194,1,Humano,Feliz,3194,Exposicao_Face
3211,17,547,316,3.21,1,3211,1,Humano,Feliz,3211,Exposicao_Face
3227,17,536,331,3.26,1,3227,1,Humano,Feliz,3227,Exposicao_Face
3244,17,536,349,3.26,1,3244,1,Humano,Feliz,3244,Exposicao_Face
3260,17,539,333,3.29,1,3260,1,Humano,Feliz,3260,Exposicao_Face
3277,17,540,333,3.3,1,3277,1,Humano,Feliz,3277,Exposicao_Face
3294,17,537,304,3.3,1,3294,1,Humano,Feliz,3294,Exposicao_Face
3310,17,549,336,3.29,1,3310,1,Humano,Feliz,3310,Exposicao_Face
3327,17,530,342,3.26,1,3327,1,Humano,Feliz,3327,Exposicao_Face
3344,17,512,349,3.34,1,3344,1,Humano,Feliz,3344,Exposicao_Face
3360,17,513,347,3.3,1,3360,1,Humano,Feliz,3360,Exposicao_Face
3377,17,503,311,3.26,1,3377,1,Humano,Feliz,3377,Exposicao_Face
3394,17,506,361,3.38,1,3394,1,Humano,Feliz,3394,Exposicao_Face
3410,17,504,344,3.3,1,3410,1,Humano,Feliz,3410,Exposicao_Face
3427,17,502,353,3.38,1,3427,1,Humano,Feliz,3427,Exposicao_Face
3443,17,511,346,3.37,1,3443,1,Humano,Feliz,3443,Exposicao_Face
3460,17,504,379,3.34,2,3460,1,Humano,Feliz,3460,Exposicao_Face
3477,17,507,329,3.35,1,3477,1,Humano,Feliz,3477,Exposicao_Face
3493,17,505,373,3.42,2,3493,1,Humano,Feliz,3493,Exposicao_Face
3510,17,505,345,3.35,1,3510,1,Humano,Feliz,3510,Exposicao_Face
3527,17,521,421,3.34,3,3527,1,Humano,Feliz,3527,Exposicao_Face
3543,17,520,404,3.35,2,3543,1,Humano,Feliz,3543,Exposicao_Face
3560,17,512,399,3.35,2,3560,1,Humano,Feliz,3560,Exposicao_Face
3577,17,515,405,3.37,2,3577,1,Humano,Feliz,3577,Exposicao_Face
3593,17,514,417,3.38,2,3593,1,Humano,Feliz,3593,Exposicao_Face
3610,17,518,401,3.38,2,3610,1,Humano,Feliz,3610,Exposicao_Face
3626,17,515,395,3.43,2,3626,1,Humano,Feliz,3626,Exposicao_Face
3643,17,513,399,3.35,2,3643,1,Humano,Feliz,3643,Exposicao_Face
3660,17,514,395,3.45,2,3660,1,Humano,Feliz,3660,Exposicao_Face
3676,17,513,400,3.35,2,3676,1,Humano,Feliz,3676,Exposicao_Face
3693,17,505,398,3.42,2,3693,1,Humano,Feliz,3693,Exposicao_Face
3710,17,514,429,3.45,3,3710,1,Humano,Feliz,3710,Exposicao_Face
3726,17,512,391,3.4,2,3726,1,Humano,Feliz,3726,Exposicao_Face
3743,17,515,433,3.48,3,3743,1,Humano,Feliz,3743,Exposicao_Face
3760,17,509,433,3.45,3,3760,1,Humano,Feliz,3760,Exposicao_Face
3776,17,513,441,3.46,3,3776,1,Humano,Feliz,3776,Exposicao_Face
3793,17,515,412,3.45,2,3793,1,Humano,Feliz,3793,Exposicao_Face
3809,17,517,442,3.46,3,3809,2,Humano,Neutro,9,Janela_Baseline
3826,17,519,435,3.5,3,3826,2,Humano,Neutro,26,Janela_Baseline
3843,17,515,425,3.48,3,3843,2,Humano,Neutro,43,Janela_Baseline
3859,17,509,426,3.48,3,3859,2,Humano,Neutro,59,Janela_Baseline
3876,17,511,427,3.5,3,3876,2,Humano,Neutro,76,Janela_Baseline
3893,17,519,401,3.48,2,3893,2,Humano,Neutro,93,Janela_Baseline
3909,17,548,442,3.53,3,3909,2,Humano,Neutro,109,Janela_Baseline
3926,17,616,483,3.58,3,3926,2,Humano,Neutro,126,Janela_Baseline
3943,17,678,493,3.53,3,3943,2,Humano,Neutro,143,Janela_Baseline
3959,17,666,501,3.64,3,3959,2,Humano,Neutro,159,Janela_Baseline
3976,17,674,495,3.56,3,3976,2,Humano,Neutro,176,Janela_Baseline
3992,17,667,483,3.56,3,3992,2,Humano,Neutro,192,Janela_Baseline
4009,17,673,511,3.56,3,4009,2,Humano,Neutro,209,Janela_Baseline
4026,17,677,511,3.61,3,4026,2,Humano,Neutro,226,Janela_Baseline
4042,17,662,512,3.66,3,4042,2,Humano,Neutro,242,Janela_Baseline
4059,17,671,504,3.59,3,4059,2,Humano,Neutro,259,Janela_Baseline
4076,17,651,509,3.64,3,4076,2,Humano,Neutro,276,Janela_Baseline
4092,17,669,511,3.63,3,4092,2,Humano,Neutro,292,Janela_Baseline
4109,17,667,503,3.66,3,4109,2,Humano,Neutro,309,Janela_Baseline
4125,17,669,516,3.67,3,4125,2,Humano,Neutro,325,Janela_Baseline
4142,17,662,505,3.67,3,4142,2,Humano,Neutro,342,Janela_Baseline
4159,17,647,497,3.64,3,4159,2,Humano,Neutro,359,Janela_Baseline
4175,17,666,506,3.66,3,4175,2,Humano,Neutro,375,Janela_Baseline
4192,17,658,482,3.66,3,4192,2,Humano,Neutro,392,Janela_Baseline
4209,17,656,512,3.66,3,4209,2,Humano,Neutro,409,Janela_Baseline
4225,17,653,494,3.69,3,4225,2,Humano,Neutro,425,Janela_Baseline
4242,17,656,501,3.71,3,4242,2,Humano,Neutro,442,Janela_Baseline
4259,17,651,509,3.69,3,4259,2,Humano,Neutro,459,Janela_Baseline
4275,17,660,515,3.69,3,4275,2,Humano,Neutro,475,Janela_Baseline
4292,17,657,506,3.74,3,4292,2,Humano,Neutro,492,Janela_Baseline
4308,17,657,508,3.71,3,4308,2,Humano,Neutro,508,Janela_Baseline
4325,17,661,511,3.71,3,4325,2,Humano,Neutro,525,Janela_Baseline
4342,17,664,506,3.67,3,4342,2,Humano,Neutro,542,Janela_Baseline
4358,17,668,526,3.72,3,4358,2,Humano,Neutro,558,Janela_Baseline
4375,17,649,520,3.72,3,4375,2,Humano,Neutro,575,Janela_Baseline
4392,17,586,368,3.77,2,4392,2,Humano,Neutro,592,Janela_Baseline
4408,17,538,289,3.75,1,4408,2,Humano,Neutro,608,Janela_Baseline
4425,17,528,354,3.82,1,4425,2,Humano,Neutro,625,Janela_Baseline
4442,17,528,345,3.74,1,4442,2,Humano,Neutro,642,Janela_Baseline
4458,17,527,344,3.77,1,4458,2,Humano,Neutro,658,Janela_Baseline
4475,17,529,348,3.8,1,4475,2,Humano,Neutro,675,Janela_Baseline
4491,17,526,323,3.75,1,4491,2,Humano,Neutro,691,Janela_Baseline
4508,17,529,308,3.72,1,4508,2,Humano,Neutro,708,Janela_Baseline
4525,17,520,329,3.8,1,4525,2,Humano,Neutro,725,Janela_Baseline
4541,17,528,337,3.87,1,4541,2,Humano,Neutro,741,Janela_Baseline
4558,17,524,349,3.88,1,4558,2,Humano,Neutro,758,Janela_Baseline
4575,17,527,330,3.8,1,4575,2,Humano,Neutro,775,Janela_Baseline
4591,17,530,340,3.93,1,4591,2,Humano,Neutro,791,Janela_Baseline
4608,17,527,346,3.9,1,4608,2,Humano,Neutro,808,Janela_Baseline
4625,17,522,322,3.85,1,4625,2,Humano,Neutro,825,Janela_Baseline
4641,17,464,744,4.09,3,4641,2,Humano,Neutro,841,Janela_Baseline
4791,150,454,705,0.0,3,4791,2,Humano,Neutro,991,Janela_Baseline
4824,33,458,693,3.82,3,4824,2,Humano,Neutro,1024,Janela_Baseline
4857,33,462,547,3.83,3,4857,2,Humano,Neutro,1057,Janela_Baseline
4874,17,475,495,3.87,3,4874,2,Humano,Neutro,1074,Janela_Baseline
4891,17,470,523,4.07,3,4891,2,Humano,Neutro,1091,Janela_Baseline
4907,17,503,447,3.96,3,4907,2,Humano,Neutro,1107,Janela_Baseline
4924,17,505,398,3.9,2,4924,2,Humano,Neutro,1124,Janela_Baseline
4941,17,485,355,3.85,1,4941,2,Humano,Neutro,1141,Janela_Baseline
4957,17,497,329,3.9,1,4957,2,Humano,Neutro,1157,Janela_Baseline
4974,17,504,234,-1.0,1,4974,2,Humano,Neutro,1174,Janela_Baseline
4991,17,505,334,4.01,1,4991,2,Humano,Neutro,1191,Janela_Baseline
5007,17,499,296,3.93,1,5007,2,Humano,Neutro,1207,Janela_Baseline
5024,17,483,336,3.98,1,5024,2,Humano,Neutro,1224,Janela_Baseline
5040,17,498,293,3.91,1,5040,2,Humano,Neutro,1240,Janela_Baseline
5057,17,488,331,4.03,1,5057,2,Humano,Neutro,1257,Janela_Baseline
5074,17,487,315,4.01,1,5074,2,Humano,Neutro,1274,Janela_Baseline
5090,17,503,332,3.95,1,5090,2,Humano,Neutro,1290,Janela_Baseline
5107,17,479,311,4.01,1,5107,2,Humano,Neutro,1307,Exposicao_Face
5124,17,499,287,3.98,1,5124,2,Humano,Neutro,1324,Exposicao_Face
5140,17,506,331,4.04,1,5140,2,Humano,Neutro,1340,Exposicao_Face
5157,17,498,306,4.04,1,5157,2,Humano,Neutro,1357,Exposicao_Face
5174,17,485,278,4.01,1,5174,2,Humano,Neutro,1374,Exposicao_Face
5190,17,487,275,3.99,1,5190,2,Humano,Neutro,1390,Exposicao_Face
5207,17,502,275,4.01,1,5207,2,Humano,Neutro,1407,Exposicao_Face
5223,17,498,291,4.01,1,5223,2,Humano,Neutro,1423,Exposicao_Face
5240,17,509,286,3.99,1,5240,2,Humano,Neutro,1440,Exposicao_Face
5257,17,561,327,4.04,1,5257,2,Humano,Neutro,1457,Exposicao_Face
5273,17,545,301,4.01,1,5273,2,Humano,Neutro,1473,Exposicao_Face
5290,17,545,275,4.01,1,5290,2,Humano,Neutro,1490,Exposicao_Face
5307,17,534,323,4.04,1,5307,2,Humano,Neutro,1507,Exposicao_Face
5323,17,543,319,4.04,1,5323,2,Humano,Neutro,1523,Exposicao_Face
5340,17,550,334,4.03,1,5340,2,Humano,Neutro,1540,Exposicao_Face
5356,17,539,334,3.98,1,5356,2,Humano,Neutro,1556,Exposicao_Face
5373,17,548,292,4.06,1,5373,2,Humano,Neutro,1573,Exposicao_Face
5390,17,558,246,3.95,1,5390,2,Humano,Neutro,1590,Exposicao_Face
5406,17,552,302,4.01,1,5406,2,Humano,Neutro,1606,Exposicao_Face
5423,17,543,295,3.95,1,5423,2,Humano,Neutro,1623,Exposicao_Face
5440,17,546,286,4.01,1,5440,2,Humano,Neutro,1640,Exposicao_Face
5456,17,549,304,3.96,1,5456,2,Humano,Neutro,1656,Exposicao_Face
5473,17,543,282,3.95,1,5473,2,Humano,Neutro,1673,Exposicao_Face
5490,17,534,274,3.91,1,5490,2,Humano,Neutro,1690,Exposicao_Face
5506,17,540,270,3.98,1,5506,2,Humano,Neutro,1706,Exposicao_Face
5523,17,538,256,3.99,1,5523,2,Humano,Neutro,1723,Exposicao_Face
5539,17,525,310,4.04,1,5539,2,Humano,Neutro,1739,Exposicao_Face
5556,17,533,291,3.99,1,5556,2,Humano,Neutro,1756,Exposicao_Face
5573,17,545,273,3.95,1,5573,2,Humano,Neutro,1773,Exposicao_Face
5589,17,544,279,4.01,1,5589,2,Humano,Neutro,1789,Exposicao_Face
5606,17,535,301,3.99,1,5606,2,Humano,Neutro,1806,Exposicao_Face
5623,17,538,335,3.96,1,5623,2,Humano,Neutro,1823,Exposicao_Face
5639,17,532,259,4.03,1,5639,2,Humano,Neutro,1839,Exposicao_Face
5656,17,514,311,4.01,1,5656,2,Humano,Neutro,1856,Exposicao_Face
5673,17,470,318,4.01,1,5673,2,Humano,Neutro,1873,Exposicao_Face
5689,17,480,308,3.98,1,5689,2,Humano,Neutro,1889,Exposicao_Face
5706,17,476,333,4.01,1,5706,2,Humano,Neutro,1906,Exposicao_Face
5722,17,341,517,4.65,3,5722,2,Humano,Neutro,1922,Exposicao_Face
5739,17,474,305,3.93,1,5739,2,Humano,Neutro,1939,Exposicao_Face
5756,17,464,320,3.98,1,5756,2,Humano,Neutro,1956,Exposicao_Face
5772,17,463,366,4.01,2,5772,2,Humano,Neutro,1972,Exposicao_Face
5789,17,479,350,4.01,1,5789,2,Humano,Neutro,1989,Exposicao_Face
5806,17,492,337,4.04,1,5806,2,Humano,Neutro,2006,Exposicao_Face
5839,33,490,317,3.96,1,5839,2,Humano,Neutro,2039,Exposicao_Face
5856,17,494,373,4.03,2,5856,2,Humano,Neutro,2056,Exposicao_Face
5872,17,490,390,3.98,2,5872,2,Humano,Neutro,2072,Exposicao_Face
5889,17,482,379,4.04,2,5889,2,Humano,Neutro,2089,Exposicao_Face
5905,17,484,357,4.03,1,5905,2,Humano,Neutro,2105,Exposicao_Face
5939,33,464,385,4.07,2,5939,2,Humano,Neutro,2139,Exposicao_Face
5972,33,484,319,4.01,1,5972,2,Humano,Neutro,2172,Exposicao_Face
5989,17,484,304,4.06,1,5989,2,Humano,Neutro,2189,Exposicao_Face
6022,33,469,333,4.11,1,6022,2,Humano,Neutro,2222,Exposicao_Face
6039,17,468,341,4.09,1,6039,2,Humano,Neutro,2239,Exposicao_Face
6055,17,488,325,4.11,1,6055,2,Humano,Neutro,2255,Exposicao_Face
6072,17,377,477,4.64,3,6072,2,Humano,Neutro,2272,Exposicao_Face
6088,17,476,367,4.07,2,6088,2,Humano,Neutro,2288,Exposicao_Face
6105,17,475,311,4.04,1,6105,2,Humano,Neutro,2305,Exposicao_Face
6122,17,486,331,4.03,1,6122,2,Humano,Neutro,2322,Exposicao_Face
6138,17,481,322,4.03,1,6138,2,Humano,Neutro,2338,Exposicao_Face
6155,17,484,376,4.06,2,6155,2,Humano,Neutro,2355,Exposicao_Face
6172,17,471,322,4.03,1,6172,2,Humano,Neutro,2372,Exposicao_Face
6188,17,483,344,3.98,1,6188,2,Humano,Neutro,2388,Exposicao_Face
6205,17,486,350,4.01,1,6205,2,Humano,Neutro,2405,Exposicao_Face
6222,17,483,336,3.99,1,6222,2,Humano,Neutro,2422,Exposicao_Face
6238,17,479,343,3.96,1,6238,2,Humano,Neutro,2438,Exposicao_Face
6255,17,482,311,4.03,1,6255,2,Humano,Neutro,2455,Exposicao_Face
6271,17,487,376,4.06,2,6271,2,Humano,Neutro,2471,Exposicao_Face
6288,17,477,353,4.07,1,6288,2,Humano,Neutro,2488,Exposicao_Face
6305,17,495,345,4.09,1,6305,2,Humano,Neutro,2505,Exposicao_Face
6321,17,505,330,4.11,1,6321,2,Humano,Neutro,2521,Exposicao_Face
6338,17,511,364,4.12,0,6338,2,Humano,Neutro,2538,Exposicao_Face
6355,17,511,347,4.09,1,6355,2,Humano,Neutro,2555,Exposicao_Face
6371,17,494,339,4.17,1,6371,2,Humano,Neutro,2571,Exposicao_Face
6388,17,499,370,4.12,2,6388,2,Humano,Neutro,2588,Exposicao_Face
6404,17,525,382,4.07,2,6404,2,Humano,Neutro,2604,Exposicao_Face
6421,17,516,374,4.12,2,6421,2,Humano,Neutro,2621,Exposicao_Face
6438,17,476,511,-1.0,3,6438,2,Humano,Neutro,2638,Exposicao_Face
6454,17,502,354,4.19,1,6454,2,Humano,Neutro,2654,Exposicao_Face
6471,17,508,346,4.07,1,6471,2,Humano,Neutro,2671,Exposicao_Face
6488,17,510,322,4.09,1,6488,2,Humano,Neutro,2688,Exposicao_Face
6504,17,519,368,4.11,2,6504,2,Humano,Neutro,2704,Exposicao_Face
6521,17,517,391,4.06,2,6521,2,Humano,Neutro,2721,Exposicao_Face
6538,17,516,356,4.04,1,6538,2,Humano,Neutro,2738,Exposicao_Face
6554,17,513,356,4.04,1,6554,2,Humano,Neutro,2754,Exposicao_Face
6571,17,521,368,3.99,2,6571,2,Humano,Neutro,2771,Exposicao_Face
6587,17,523,339,3.98,1,6587,2,Humano,Neutro,2787,Exposicao_Face
6604,17,516,363,4.03,0,6604,2,Humano,Neutro,2804,Exposicao_Face
6621,17,523,319,3.99,1,6621,2,Humano,Neutro,2821,Exposicao_Face
6637,17,521,389,4.04,2,6637,2,Humano,Neutro,2837,Exposicao_Face
6654,17,511,395,3.99,2,6654,2,Humano,Neutro,2854,Exposicao_Face
6671,17,514,365,4.01,2,6671,2,Humano,Neutro,2871,Exposicao_Face
6687,17,511,356,4.03,1,6687,2,Humano,Neutro,2887,Exposicao_Face
6704,17,518,346,3.98,1,6704,2,Humano,Neutro,2904,Exposicao_Face
6721,17,513,368,4.01,2,6721,2,Humano,Neutro,2921,Exposicao_Face
6737,17,516,337,3.98,1,6737,2,Humano,Neutro,2937,Exposicao_Face
6754,17,514,348,4.01,1,6754,2,Humano,Neutro,2954,Exposicao_Face
6770,17,525,333,3.96,1,6770,2,Humano,Neutro,2970,Exposicao_Face
6787,17,523,339,3.96,1,6787,2,Humano,Neutro,2987,Exposicao_Face
6804,17,520,329,3.98,1,6804,2,Humano,Neutro,3004,Exposicao_Face
6820,17,521,314,3.96,1,6820,2,Humano,Neutro,3020,Exposicao_Face
6837,17,532,280,3.96,1,6837,2,Humano,Neutro,3037,Exposicao_Face
6854,17,517,337,4.01,1,6854,2,Humano,Neutro,3054,Exposicao_Face
6870,17,526,291,3.99,1,6870,2,Humano,Neutro,3070,Exposicao_Face
6887,17,526,335,3.99,1,6887,2,Humano,Neutro,3087,Exposicao_Face
6904,17,519,358,3.98,1,6904,2,Humano,Neutro,3104,Exposicao_Face
6920,17,517,336,4.01,1,6920,2,Humano,Neutro,3120,Exposicao_Face
6937,17,527,319,4.01,1,6937,2,Humano,Neutro,3137,Exposicao_Face
6970,0,525,359,4.03,1,6970,2,Humano,Neutro,3170,Exposicao_Face
6970,33,525,359,4.03,1,6970,2,Humano,Neutro,3170,Exposicao_Face
6987,17,530,327,4.01,1,6987,2,Humano,Neutro,3187,Exposicao_Face
7003,17,430,420,-1.0,3,7003,2,Humano,Neutro,3203,Exposicao_Face
7020,17,511,342,4.01,1,7020,2,Humano,Neutro,3220,Exposicao_Face
7037,17,522,332,4.06,1,7037,2,Humano,Neutro,3237,Exposicao_Face
7053,17,520,310,4.01,1,7053,2,Humano,Neutro,3253,Exposicao_Face
7070,17,516,359,3.99,1,7070,2,Humano,Neutro,3270,Exposicao_Face
7087,17,523,331,4.07,1,7087,2,Humano,Neutro,3287,Exposicao_Face
7103,17,521,357,4.04,1,7103,2,Humano,Neutro,3303,Exposicao_Face
7120,17,530,314,4.06,1,7120,2,Humano,Neutro,3320,Exposicao_Face
7136,17,521,292,3.99,1,7136,2,Humano,Neutro,3336,Exposicao_Face
7153,17,523,331,4.06,1,7153,2,Humano,Neutro,3353,Exposicao_Face
7170,17,522,332,4.01,1,7170,2,Humano,Neutro,3370,Exposicao_Face
7186,17,521,326,4.03,1,7186,2,Humano,Neutro,3386,Exposicao_Face
7203,17,518,341,4.04,1,7203,2,Humano,Neutro,3403,Exposicao_Face
7220,17,518,316,4.06,1,7220,2,Humano,Neutro,3420,Exposicao_Face
7236,17,517,327,4.07,1,7236,2,Humano,Neutro,3436,Exposicao_Face
7253,17,515,367,4.06,2,7253,2,Humano,Neutro,3453,Exposicao_Face
7270,17,516,341,4.14,1,7270,2,Humano,Neutro,3470,Exposicao_Face
7286,17,507,361,4.11,1,7286,2,Humano,Neutro,3486,Exposicao_Face
7303,17,520,365,4.04,2,7303,2,Humano,Neutro,3503,Exposicao_Face
7319,17,500,381,3.99,2,7319,2,Humano,Neutro,3519,Exposicao_Face
7336,17,494,387,4.04,2,7336,2,Humano,Neutro,3536,Exposicao_Face
7353,17,467,390,4.04,2,7353,2,Humano,Neutro,3553,Exposicao_Face
7369,17,471,354,4.03,1,7369,2,Humano,Neutro,3569,Exposicao_Face
7386,17,445,389,4.07,2,7386,2,Humano,Neutro,3586,Exposicao_Face
7403,17,480,412,3.99,2,7403,2,Humano,Neutro,3603,Exposicao_Face
7419,17,462,388,4.01,2,7419,2,Humano,Neutro,3619,Exposicao_Face
7436,17,474,371,4.03,2,7436,2,Humano,Neutro,3636,Exposicao_Face
7453,17,478,349,4.01,1,7453,2,Humano,Neutro,3653,Exposicao_Face
7469,17,482,315,3.98,1,7469,2,Humano,Neutro,3669,Exposicao_Face
7486,17,480,351,3.9,1,7486,2,Humano,Neutro,3686,Exposicao_Face
7502,17,482,396,3.96,2,7502,2,Humano,Neutro,3702,Exposicao_Face
7519,17,481,389,3.91,2,7519,2,Humano,Neutro,3719,Exposicao_Face
7536,17,477,374,3.95,2,7536,2,Humano,Neutro,3736,Exposicao_Face
7552,17,476,369,3.91,2,7552,2,Humano,Neutro,3752,Exposicao_Face
7569,17,485,351,3.87,1,7569,2,Humano,Neutro,3769,Exposicao_Face
7586,17,466,387,3.82,2,7586,2,Humano,Neutro,3786,Exposicao_Face
7602,17,472,392,3.88,2,7602,2,Humano,Neutro,3802,Exposicao_Face
7635,33,468,389,3.8,2,7635,2,Humano,Neutro,3835,Exposicao_Face
7652,17,470,392,3.77,2,7652,2,Humano,Neutro,3852,Exposicao_Face
7669,17,469,403,3.85,2,7669,2,Humano,Neutro,3869,Exposicao_Face
7685,17,468,377,3.8,2,7685,2,Humano,Neutro,3885,Exposicao_Face
7702,17,468,361,3.8,1,7702,2,Humano,Neutro,3902,Exposicao_Face
7719,17,469,361,3.85,1,7719,2,Humano,Neutro,3919,Exposicao_Face
7735,17,472,364,3.85,0,7735,2,Humano,Neutro,3935,Exposicao_Face
7752,17,480,342,3.82,1,7752,2,Humano,Neutro,3952,Exposicao_Face
7769,17,475,357,3.79,1,7769,2,Humano,Neutro,3969,Exposicao_Face
7785,17,482,363,3.83,0,7785,2,Humano,Neutro,3985,Exposicao_Face
7802,17,480,356,3.8,1,7802,3,Humano,Raiva,2,Janela_Baseline
7818,17,518,378,3.85,2,7818,3,Humano,Raiva,18,Janela_Baseline
7835,17,517,396,3.85,2,7835,3,Humano,Raiva,35,Janela_Baseline
7852,17,529,460,4.11,3,7852,3,Humano,Raiva,52,Janela_Baseline
7868,17,533,386,3.87,2,7868,3,Humano,Raiva,68,Janela_Baseline
7885,17,535,373,3.79,2,7885,3,Humano,Raiva,85,Janela_Baseline
7902,17,538,368,3.83,2,7902,3,Humano,Raiva,102,Janela_Baseline
7918,17,533,391,3.85,2,7918,3,Humano,Raiva,118,Janela_Baseline
7935,17,529,371,3.82,2,7935,3,Humano,Raiva,135,Janela_Baseline
7952,17,539,386,3.85,2,7952,3,Humano,Raiva,152,Janela_Baseline
7968,17,534,385,3.87,2,7968,3,Humano,Raiva,168,Janela_Baseline
7985,17,530,385,3.88,2,7985,3,Humano,Raiva,185,Janela_Baseline
8001,17,529,374,3.95,2,8001,3,Humano,Raiva,201,Janela_Baseline
8018,17,530,380,3.9,2,8018,3,Humano,Raiva,218,Janela_Baseline
8035,17,526,406,3.9,2,8035,3,Humano,Raiva,235,Janela_Baseline
8051,17,528,415,3.87,2,8051,3,Humano,Raiva,251,Janela_Baseline
8068,17,529,411,3.95,2,8068,3,Humano,Raiva,268,Janela_Baseline
8085,17,531,368,3.88,2,8085,3,Humano,Raiva,285,Janela_Baseline
8101,17,527,389,3.96,2,8101,3,Humano,Raiva,301,Janela_Baseline
8118,17,531,395,3.95,2,8118,3,Humano,Raiva,318,Janela_Baseline
8135,17,469,419,3.96,3,8135,3,Humano,Raiva,335,Janela_Baseline
8151,17,404,390,3.9,2,8151,3,Humano,Raiva,351,Janela_Baseline
8168,17,418,399,3.87,2,8168,3,Humano,Raiva,368,Janela_Baseline
8184,17,424,405,3.96,2,8184,3,Humano,Raiva,384,Janela_Baseline
8201,17,430,393,3.9,2,8201,3,Humano,Raiva,401,Janela_Baseline
8218,17,420,461,4.24,3,8218,3,Humano,Raiva,418,Janela_Baseline
8234,17,429,399,3.96,2,8234,3,Humano,Raiva,434,Janela_Baseline
8251,17,432,393,4.01,2,8251,3,Humano,Raiva,451,Janela_Baseline
8268,17,441,394,3.91,2,8268,3,Humano,Raiva,468,Janela_Baseline
8284,17,438,392,3.93,2,8284,3,Humano,Raiva,484,Janela_Baseline
8301,17,428,382,3.91,2,8301,3,Humano,Raiva,501,Janela_Baseline
8318,17,423,413,3.93,2,8318,3,Humano,Raiva,518,Janela_Baseline
8334,17,429,392,3.95,2,8334,3,Humano,Raiva,534,Janela_Baseline
8351,17,425,401,3.98,2,8351,3,Humano,Raiva,551,Janela_Baseline
8367,17,405,407,4.03,2,8367,3,Humano,Raiva,567,Janela_Baseline
8384,17,421,420,4.01,3,8384,3,Humano,Raiva,584,Janela_Baseline
8401,17,430,396,3.99,2,8401,3,Humano,Raiva,601,Janela_Baseline
8417,17,435,381,3.96,2,8417,3,Humano,Raiva,617,Janela_Baseline
8434,17,436,391,4.04,2,8434,3,Humano,Raiva,634,Janela_Baseline
8451,17,440,369,4.03,2,8451,3,Humano,Raiva,651,Janela_Baseline
8467,17,428,391,4.03,2,8467,3,Humano,Raiva,667,Janela_Baseline
8484,17,437,395,4.01,2,8484,3,Humano,Raiva,684,Janela_Baseline
8501,17,438,391,4.04,2,8501,3,Humano,Raiva,701,Janela_Baseline
8517,17,440,387,4.03,2,8517,3,Humano,Raiva,717,Janela_Baseline
8534,17,426,370,3.99,2,8534,3,Humano,Raiva,734,Janela_Baseline
8550,17,442,380,3.96,2,8550,3,Humano,Raiva,750,Janela_Baseline
8567,17,438,401,3.99,2,8567,3,Humano,Raiva,767,Janela_Baseline
8584,17,438,381,3.98,2,8584,3,Humano,Raiva,784,Janela_Baseline
8600,17,428,398,4.03,2,8600,3,Humano,Raiva,800,Janela_Baseline
8617,17,427,406,3.96,2,8617,3,Humano,Raiva,817,Janela_Baseline
8634,17,439,386,3.98,2,8634,3,Humano,Raiva,834,Janela_Baseline
8650,17,429,376,3.95,2,8650,3,Humano,Raiva,850,Janela_Baseline
8667,17,425,391,3.96,2,8667,3,Humano,Raiva,867,Janela_Baseline
8683,17,455,351,3.9,1,8683,3,Humano,Raiva,883,Janela_Baseline
8700,17,473,371,3.98,2,8700,3,Humano,Raiva,900,Janela_Baseline
8717,17,487,359,3.93,1,8717,3,Humano,Raiva,917,Janela_Baseline
8733,17,500,344,3.93,1,8733,3,Humano,Raiva,933,Janela_Baseline
8750,17,501,355,3.9,1,8750,3,Humano,Raiva,950,Janela_Baseline
8767,17,498,352,3.83,1,8767,3,Humano,Raiva,967,Janela_Baseline
8783,17,481,350,3.87,1,8783,3,Humano,Raiva,983,Janela_Baseline
8800,17,491,366,3.96,2,8800,3,Humano,Raiva,1000,Janela_Baseline
8817,17,492,340,3.87,1,8817,3,Humano,Raiva,1017,Janela_Baseline
8833,17,497,332,3.85,1,8833,3,Humano,Raiva,1033,Janela_Baseline
8850,17,494,363,3.87,0,8850,3,Humano,Raiva,1050,Janela_Baseline
8866,17,499,358,3.85,1,8866,3,Humano,Raiva,1066,Janela_Baseline
8883,17,505,355,3.85,1,8883,3,Humano,Raiva,1083,Janela_Baseline
8900,17,503,367,3.82,2,8900,3,Humano,Raiva,1100,Janela_Baseline
8916,17,506,367,3.87,2,8916,3,Humano,Raiva,1116,Janela_Baseline
8933,17,505,351,3.88,1,8933,3,Humano,Raiva,1133,Janela_Baseline
8950,17,491,363,3.85,0,8950,3,Humano,Raiva,1150,Janela_Baseline
8966,17,502,350,3.85,1,8966,3,Humano,Raiva,1166,Janela_Baseline
8983,17,505,347,3.85,1,8983,3,Humano,Raiva,1183,Janela_Baseline
9000,17,498,379,3.9,2,9000,3,Humano,Raiva,1200,Janela_Baseline
9016,17,515,352,3.82,1,9016,3,Humano,Raiva,1216,Janela_Baseline
9099,83,488,350,0.0,1,9099,3,Humano,Raiva,1299,Janela_Baseline
9149,50,490,342,0.0,1,9149,3,Humano,Raiva,1349,Exposicao_Face
9199,50,486,339,0.0,1,9199,3,Humano,Raiva,1399,Exposicao_Face
9216,17,479,369,0.0,2,9216,3,Humano,Raiva,1416,Exposicao_Face
9249,0,371,393,0.0,2,9249,3,Humano,Raiva,1449,Exposicao_Face
9249,33,371,393,0.0,2,9249,3,Humano,Raiva,1449,Exposicao_Face
9266,17,382,440,0.0,3,9266,3,Humano,Raiva,1466,Exposicao_Face
9282,17,374,447,0.0,3,9282,3,Humano,Raiva,1482,Exposicao_Face
9299,17,373,428,0.0,3,9299,3,Humano,Raiva,1499,Exposicao_Face
9316,17,373,428,0.0,3,9316,3,Humano,Raiva,1516,Exposicao_Face
9332,17,367,590,0.0,3,9332,3,Humano,Raiva,1532,Exposicao_Face
9349,17,369,510,0.0,3,9349,3,Humano,Raiva,1549,Exposicao_Face
9366,17,373,432,0.0,3,9366,3,Humano,Raiva,1566,Exposicao_Face
9382,17,338,802,4.04,0,9382,3,Humano,Raiva,1582,Exposicao_Face
9399,17,372,420,0.0,3,9399,3,Humano,Raiva,1599,Exposicao_Face
9415,17,369,399,0.0,2,9415,3,Humano,Raiva,1615,Exposicao_Face
9432,17,374,396,0.0,2,9432,3,Humano,Raiva,1632,Exposicao_Face
9499,67,1005,750,3.83,3,9499,3,Humano,Raiva,1699,Exposicao_Face
9615,116,362,375,0.0,2,9615,3,Humano,Raiva,1815,Exposicao_Face
9632,17,356,363,0.0,2,9632,3,Humano,Raiva,1832,Exposicao_Face
9732,100,366,369,0.0,2,9732,3,Humano,Raiva,1932,Exposicao_Face
9748,17,380,369,0.0,2,9748,3,Humano,Raiva,1948,Exposicao_Face
9765,17,374,401,0.0,2,9765,3,Humano,Raiva,1965,Exposicao_Face
9781,17,372,434,0.0,3,9781,3,Humano,Raiva,1981,Exposicao_Face
9815,33,372,375,0.0,2,9815,3,Humano,Raiva,2015,Exposicao_Face
9831,17,376,367,0.0,2,9831,3,Humano,Raiva,2031,Exposicao_Face
9848,17,373,372,0.0,2,9848,3,Humano,Raiva,2048,Exposicao_Face
9865,17,369,370,0.0,2,9865,3,Humano,Raiva,2065,Exposicao_Face
9881,17,372,372,0.0,2,9881,3,Humano,Raiva,2081,Exposicao_Face
9898,17,374,366,0.0,2,9898,3,Humano,Raiva,2098,Exposicao_Face
9914,17,386,409,0.0,2,9914,3,Humano,Raiva,2114,Exposicao_Face
9931,17,378,296,0.0,1,9931,3,Humano,Raiva,2131,Exposicao_Face
9948,17,364,456,0.0,3,9948,3,Humano,Raiva,2148,Exposicao_Face
9964,17,389,505,0.0,3,9964,3,Humano,Raiva,2164,Exposicao_Face
9981,17,445,516,0.0,3,9981,3,Humano,Raiva,2181,Exposicao_Face
9998,17,532,507,0.0,3,9998,3,Humano,Raiva,2198,Exposicao_Face
10014,17,573,422,0.0,3,10014,3,Humano,Raiva,2214,Exposicao_Face
10031,17,548,418,0.0,5,10031,3,Humano,Raiva,2231,Exposicao_Face
10048,17,584,370,0.0,2,10048,3,Humano,Raiva,2248,Exposicao_Face
10064,17,592,312,0.0,1,10064,3,Humano,Raiva,2264,Exposicao_Face
10081,17,565,349,0.0,1,10081,3,Humano,Raiva,2281,Exposicao_Face
10097,17,563,384,0.0,2,10097,3,Humano,Raiva,2297,Exposicao_Face
10114,17,555,389,0.0,2,10114,3,Humano,Raiva,2314,Exposicao_Face
10131,17,561,371,0.0,2,10131,3,Humano,Raiva,2331,Exposicao_Face
10147,17,569,356,0.0,1,10147,3,Humano,Raiva,2347,Exposicao_Face
10164,17,573,351,0.0,1,10164,3,Humano,Raiva,2364,Exposicao_Face
10181,17,557,343,0.0,1,10181,3,Humano,Raiva,2381,Exposicao_Face
10197,17,570,377,0.0,2,10197,3,Humano,Raiva,2397,Exposicao_Face
10214,17,560,368,0.0,2,10214,3,Humano,Raiva,2414,Exposicao_Face
10231,17,555,356,0.0,1,10231,3,Humano,Raiva,2431,Exposicao_Face
10247,17,557,361,0.0,1,10247,3,Humano,Raiva,2447,Exposicao_Face
10264,17,563,376,0.0,2,10264,3,Humano,Raiva,2464,Exposicao_Face
10280,17,563,300,0.0,1,10280,3,Humano,Raiva,2480,Exposicao_Face
10297,17,560,385,0.0,2,10297,3,Humano,Raiva,2497,Exposicao_Face
10314,17,567,314,0.0,1,10314,3,Humano,Raiva,2514,Exposicao_Face
10330,17,574,344,0.0,1,10330,3,Humano,Raiva,2530,Exposicao_Face
10347,17,577,284,0.0,1,10347,3,Humano,Raiva,2547,Exposicao_Face
10364,17,527,355,0.0,1,10364,3,Humano,Raiva,2564,Exposicao_Face
10380,17,522,385,0.0,2,10380,3,Humano,Raiva,2580,Exposicao_Face
10397,17,525,402,0.0,2,10397,3,Humano,Raiva,2597,Exposicao_Face
10414,17,447,399,3.99,2,10414,3,Humano,Raiva,2614,Exposicao_Face
10430,17,522,380,0.0,2,10430,3,Humano,Raiva,2630,Exposicao_Face
10447,17,519,396,0.0,2,10447,3,Humano,Raiva,2647,Exposicao_Face
10463,17,523,331,0.0,1,10463,3,Humano,Raiva,2663,Exposicao_Face
10480,17,521,351,0.0,1,10480,3,Humano,Raiva,2680,Exposicao_Face
10497,17,526,348,0.0,1,10497,3,Humano,Raiva,2697,Exposicao_Face
10513,17,529,345,0.0,1,10513,3,Humano,Raiva,2713,Exposicao_Face
10547,33,522,373,0.0,2,10547,3,Humano,Raiva,2747,Exposicao_Face
10613,67,518,371,0.0,2,10613,3,Humano,Raiva,2813,Exposicao_Face
10630,17,524,326,0.0,1,10630,3,Humano,Raiva,2830,Exposicao_Face
10663,33,529,368,0.0,2,10663,3,Humano,Raiva,2863,Exposicao_Face
10680,17,526,352,0.0,1,10680,3,Humano,Raiva,2880,Exposicao_Face
10696,17,520,378,0.0,2,10696,3,Humano,Raiva,2896,Exposicao_Face
10713,17,529,340,0.0,1,10713,3,Humano,Raiva,2913,Exposicao_Face
10730,17,555,269,3.61,1,10730,3,Humano,Raiva,2930,Exposicao_Face
10746,17,549,296,3.64,1,10746,3,Humano,Raiva,2946,Exposicao_Face
10763,17,558,262,3.71,1,10763,3,Humano,Raiva,2963,Exposicao_Face
10780,17,558,325,3.66,1,10780,3,Humano,Raiva,2980,Exposicao_Face
10796,17,572,313,3.61,1,10796,3,Humano,Raiva,2996,Exposicao_Face
10813,17,550,298,3.66,1,10813,3,Humano,Raiva,3013,Exposicao_Face
10829,17,540,278,3.71,1,10829,3,Humano,Raiva,3029,Exposicao_Face
10846,17,538,313,3.71,1,10846,3,Humano,Raiva,3046,Exposicao_Face
10863,17,562,317,3.66,1,10863,3,Humano,Raiva,3063,Exposicao_Face
10929,0,545,265,3.71,1,10929,3,Humano,Raiva,3129,Exposicao_Face
10929,67,545,265,3.71,1,10929,3,Humano,Raiva,3129,Exposicao_Face
10946,17,533,308,3.72,1,10946,3,Humano,Raiva,3146,Exposicao_Face
10962,17,542,294,3.77,1,10962,3,Humano,Raiva,3162,Exposicao_Face
10979,17,530,326,3.77,1,10979,3,Humano,Raiva,3179,Exposicao_Face
10996,17,538,286,3.72,1,10996,3,Humano,Raiva,3196,Exposicao_Face
11012,17,548,316,3.72,1,11012,3,Humano,Raiva,3212,Exposicao_Face
11029,17,537,276,3.87,1,11029,3,Humano,Raiva,3229,Exposicao_Face
11046,17,530,342,0.0,1,11046,3,Humano,Raiva,3246,Exposicao_Face
11062,17,537,361,0.0,1,11062,3,Humano,Raiva,3262,Exposicao_Face
11096,33,529,360,0.0,1,11096,3,Humano,Raiva,3296,Exposicao_Face
11112,17,525,346,0.0,1,11112,3,Humano,Raiva,3312,Exposicao_Face
11145,33,521,389,0.0,2,11145,3,Humano,Raiva,3345,Exposicao_Face
11162,17,525,403,0.0,2,11162,3,Humano,Raiva,3362,Exposicao_Face
11179,17,532,383,0.0,2,11179,3,Humano,Raiva,3379,Exposicao_Face
11195,17,520,375,0.0,2,11195,3,Humano,Raiva,3395,Exposicao_Face
11212,17,530,369,0.0,2,11212,3,Humano,Raiva,3412,Exposicao_Face
11229,17,513,366,0.0,2,11229,3,Humano,Raiva,3429,Exposicao_Face
11245,17,534,303,3.85,1,11245,3,Humano,Raiva,3445,Exposicao_Face
11262,17,555,284,3.85,1,11262,3,Humano,Raiva,3462,Exposicao_Face
11279,17,552,301,3.9,1,11279,3,Humano,Raiva,3479,Exposicao_Face
11295,17,545,330,3.87,1,11295,3,Humano,Raiva,3495,Exposicao_Face
11312,17,546,343,3.93,1,11312,3,Humano,Raiva,3512,Exposicao_Face
11328,17,536,306,3.83,1,11328,3,Humano,Raiva,3528,Exposicao_Face
11345,17,544,293,3.85,1,11345,3,Humano,Raiva,3545,Exposicao_Face
11362,17,539,312,3.93,1,11362,3,Humano,Raiva,3562,Exposicao_Face
11378,17,504,318,3.91,1,11378,3,Humano,Raiva,3578,Exposicao_Face
11395,17,494,305,3.88,1,11395,3,Humano,Raiva,3595,Exposicao_Face
11412,17,494,291,3.85,1,11412,3,Humano,Raiva,3612,Exposicao_Face
11428,17,486,308,3.83,1,11428,3,Humano,Raiva,3628,Exposicao_Face
11445,17,498,279,3.8,1,11445,3,Humano,Raiva,3645,Exposicao_Face
11462,17,504,262,3.75,1,11462,3,Humano,Raiva,3662,Exposicao_Face
11478,17,503,238,3.74,1,11478,3,Humano,Raiva,3678,Exposicao_Face
11495,17,512,266,3.64,1,11495,3,Humano,Raiva,3695,Exposicao_Face
11511,17,489,239,3.67,1,11511,3,Humano,Raiva,3711,Exposicao_Face
11528,17,508,244,3.56,1,11528,3,Humano,Raiva,3728,Exposicao_Face
11545,17,503,270,3.59,1,11545,3,Humano,Raiva,3745,Exposicao_Face
11561,17,500,263,3.56,1,11561,3,Humano,Raiva,3761,Exposicao_Face
11578,17,524,287,3.53,1,11578,3,Humano,Raiva,3778,Exposicao_Face
11595,17,520,337,3.55,1,11595,3,Humano,Raiva,3795,Exposicao_Face
11611,17,528,313,3.51,1,11611,3,Humano,Raiva,3811,Exposicao_Face
11628,17,527,283,3.5,1,11628,3,Humano,Raiva,3828,Exposicao_Face
11645,17,529,169,3.56,1,11645,3,Humano,Raiva,3845,Exposicao_Face
11661,17,511,348,3.48,1,11661,3,Humano,Raiva,3861,Exposicao_Face
11678,17,523,334,3.55,1,11678,3,Humano,Raiva,3878,Exposicao_Face
11694,17,519,330,3.45,1,11694,3,Humano,Raiva,3894,Exposicao_Face
11711,17,526,334,3.5,1,11711,3,Humano,Raiva,3911,Exposicao_Face
11728,17,532,303,3.46,1,11728,3,Humano,Raiva,3928,Exposicao_Face
11744,17,525,338,3.5,1,11744,3,Humano,Raiva,3944,Exposicao_Face
11761,17,528,266,3.48,1,11761,3,Humano,Raiva,3961,Exposicao_Face
11778,17,558,153,3.53,1,11778,3,Humano,Raiva,3978,Exposicao_Face
11794,17,580,121,3.51,1,11794,3,Humano,Raiva,3994,Exposicao_Face
11811,17,565,134,3.48,1,11811,4,Humano,Feliz,11,Janela_Baseline
11828,17,568,127,3.56,1,11828,4,Humano,Feliz,28,Janela_Baseline
11844,17,556,161,3.5,1,11844,4,Humano,Feliz,44,Janela_Baseline
11861,17,560,182,3.53,1,11861,4,Humano,Feliz,61,Janela_Baseline
11877,17,569,189,3.56,1,11877,4,Humano,Feliz,77,Janela_Baseline
11894,17,564,190,3.53,1,11894,4,Humano,Feliz,94,Janela_Baseline
11911,17,560,185,3.58,1,11911,4,Humano,Feliz,111,Janela_Baseline
11927,17,562,153,3.53,1,11927,4,Humano,Feliz,127,Janela_Baseline
11944,17,584,91,3.56,1,11944,4,Humano,Feliz,144,Janela_Baseline
11961,17,577,106,3.59,1,11961,4,Humano,Feliz,161,Janela_Baseline
11977,17,570,148,3.53,1,11977,4,Humano,Feliz,177,Janela_Baseline
11994,17,562,131,3.56,1,11994,4,Humano,Feliz,194,Janela_Baseline
12011,17,571,166,3.53,1,12011,4,Humano,Feliz,211,Janela_Baseline
12027,17,583,159,3.58,1,12027,4,Humano,Feliz,227,Janela_Baseline
12044,17,576,108,3.55,1,12044,4,Humano,Feliz,244,Janela_Baseline
12060,17,575,167,3.56,1,12060,4,Humano,Feliz,260,Janela_Baseline
12077,17,571,166,3.51,1,12077,4,Humano,Feliz,277,Janela_Baseline
12094,17,573,190,3.55,1,12094,4,Humano,Feliz,294,Janela_Baseline
12110,17,562,186,3.59,1,12110,4,Humano,Feliz,310,Janela_Baseline
12127,17,574,158,3.61,1,12127,4,Humano,Feliz,327,Janela_Baseline
12144,17,547,201,3.56,1,12144,4,Humano,Feliz,344,Janela_Baseline
12160,17,555,213,3.66,1,12160,4,Humano,Feliz,360,Janela_Baseline
12177,17,564,223,3.64,1,12177,4,Humano,Feliz,377,Janela_Baseline
12193,17,546,201,3.59,1,12193,4,Humano,Feliz,393,Janela_Baseline
12210,17,543,238,3.66,1,12210,4,Humano,Feliz,410,Janela_Baseline
12227,17,552,243,3.66,1,12227,4,Humano,Feliz,427,Janela_Baseline
12243,17,547,251,3.61,1,12243,4,Humano,Feliz,443,Janela_Baseline
12260,17,544,244,3.69,1,12260,4,Humano,Feliz,460,Janela_Baseline
12277,17,548,250,3.71,1,12277,4,Humano,Feliz,477,Janela_Baseline
12293,17,552,232,3.69,1,12293,4,Humano,Feliz,493,Janela_Baseline
12310,17,540,367,3.77,2,12310,4,Humano,Feliz,510,Janela_Baseline
12327,17,547,266,3.71,1,12327,4,Humano,Feliz,527,Janela_Baseline
12343,17,541,289,3.72,1,12343,4,Humano,Feliz,543,Janela_Baseline
12360,17,536,343,3.74,1,12360,4,Humano,Feliz,560,Janela_Baseline
12376,17,545,252,3.74,1,12376,4,Humano,Feliz,576,Janela_Baseline
12393,17,543,257,3.77,1,12393,4,Humano,Feliz,593,Janela_Baseline
12410,17,533,314,3.8,1,12410,4,Humano,Feliz,610,Janela_Baseline
12426,17,530,278,3.8,1,12426,4,Humano,Feliz,626,Janela_Baseline
12443,17,534,296,3.8,1,12443,4,Humano,Feliz,643,Janela_Baseline
12460,17,530,341,3.85,1,12460,4,Humano,Feliz,660,Janela_Baseline
12476,17,529,293,3.82,1,12476,4,Humano,Feliz,676,Janela_Baseline
12493,17,519,372,3.82,2,12493,4,Humano,Feliz,693,Janela_Baseline
12510,17,534,345,3.82,1,12510,4,Humano,Feliz,710,Janela_Baseline
12526,17,527,322,3.85,1,12526,4,Humano,Feliz,726,Janela_Baseline
12543,17,523,328,3.85,1,12543,4,Humano,Feliz,743,Janela_Baseline
12559,17,517,373,0.0,2,12559,4,Humano,Feliz,759,Janela_Baseline
12576,17,514,375,0.0,2,12576,4,Humano,Feliz,776,Janela_Baseline
12593,17,517,294,3.87,1,12593,4,Humano,Feliz,793,Janela_Baseline
12609,17,540,307,3.88,1,12609,4,Humano,Feliz,809,Janela_Baseline
12626,17,530,313,3.85,1,12626,4,Humano,Feliz,826,Janela_Baseline
12643,17,525,369,3.9,2,12643,4,Humano,Feliz,843,Janela_Baseline
12659,17,521,324,3.87,1,12659,4,Humano,Feliz,859,Janela_Baseline
12676,17,521,351,3.91,1,12676,4,Humano,Feliz,876,Janela_Baseline
12693,17,521,361,3.93,1,12693,4,Humano,Feliz,893,Janela_Baseline
12709,17,515,385,3.87,2,12709,4,Humano,Feliz,909,Janela_Baseline
12726,17,520,358,3.95,1,12726,4,Humano,Feliz,926,Janela_Baseline
12742,17,502,436,0.0,3,12742,4,Humano,Feliz,942,Janela_Baseline
12759,17,505,359,3.99,1,12759,4,Humano,Feliz,959,Janela_Baseline
12776,17,497,441,0.0,3,12776,4,Humano,Feliz,976,Janela_Baseline
12792,17,503,445,0.0,3,12792,4,Humano,Feliz,992,Janela_Baseline
12809,17,509,352,3.91,1,12809,4,Humano,Feliz,1009,Janela_Baseline
12826,17,505,422,0.0,3,12826,4,Humano,Feliz,1026,Janela_Baseline
12842,17,525,361,3.98,1,12842,4,Humano,Feliz,1042,Janela_Baseline
12859,17,524,386,3.99,2,12859,4,Humano,Feliz,1059,Janela_Baseline
12876,17,514,411,0.0,2,12876,4,Humano,Feliz,1076,Janela_Baseline
12892,17,519,340,3.91,1,12892,4,Humano,Feliz,1092,Janela_Baseline
12909,17,528,370,3.9,2,12909,4,Humano,Feliz,1109,Janela_Baseline
12925,17,518,364,3.98,0,12925,4,Humano,Feliz,1125,Janela_Baseline
12942,17,520,344,3.96,1,12942,4,Humano,Feliz,1142,Janela_Baseline
12959,17,523,312,3.95,1,12959,4,Humano,Feliz,1159,Janela_Baseline
12975,17,519,329,3.96,1,12975,4,Humano,Feliz,1175,Janela_Baseline
12992,17,520,358,3.98,1,12992,4,Humano,Feliz,1192,Janela_Baseline
13009,17,510,330,3.9,1,13009,4,Humano,Feliz,1209,Janela_Baseline
13025,17,519,367,3.96,2,13025,4,Humano,Feliz,1225,Janela_Baseline
13042,17,529,365,3.93,2,13042,4,Humano,Feliz,1242,Janela_Baseline
13059,17,531,303,3.9,1,13059,4,Humano,Feliz,1259,Janela_Baseline
13075,17,563,276,3.99,1,13075,4,Humano,Feliz,1275,Janela_Baseline
13092,17,593,244,3.93,1,13092,4,Humano,Feliz,1292,Janela_Baseline
13108,17,619,172,3.98,1,13108,4,Humano,Feliz,1308,Exposicao_Face
13125,17,612,161,3.96,1,13125,4,Humano,Feliz,1325,Exposicao_Face
13142,17,618,157,3.9,1,13142,4,Humano,Feliz,1342,Exposicao_Face
13158,17,622,103,3.95,1,13158,4,Humano,Feliz,1358,Exposicao_Face
13175,17,618,128,4.04,1,13175,4,Humano,Feliz,1375,Exposicao_Face
13192,17,621,111,3.98,1,13192,4,Humano,Feliz,1392,Exposicao_Face
13208,17,608,100,3.96,1,13208,4,Humano,Feliz,1408,Exposicao_Face
13225,17,625,55,3.91,1,13225,4,Humano,Feliz,1425,Exposicao_Face
13241,17,625,63,3.96,1,13241,4,Humano,Feliz,1441,Exposicao_Face
13258,17,622,50,3.93,1,13258,4,Humano,Feliz,1458,Exposicao_Face
13275,17,626,56,3.95,1,13275,4,Humano,Feliz,1475,Exposicao_Face
13291,17,639,65,3.9,1,13291,4,Humano,Feliz,1491,Exposicao_Face
13308,17,614,74,3.95,1,13308,4,Humano,Feliz,1508,Exposicao_Face
13325,17,612,54,4.01,1,13325,4,Humano,Feliz,1525,Exposicao_Face
13341,17,633,46,3.91,1,13341,4,Humano,Feliz,1541,Exposicao_Face
13358,17,622,92,3.93,1,13358,4,Humano,Feliz,1558,Exposicao_Face
13375,17,603,112,3.91,1,13375,4,Humano,Feliz,1575,Exposicao_Face
13391,17,564,65,3.98,1,13391,4,Humano,Feliz,1591,Exposicao_Face
13408,17,541,123,3.96,1,13408,4,Humano,Feliz,1608,Exposicao_Face
13424,17,557,124,3.93,1,13424,4,Humano,Feliz,1624,Exposicao_Face
13441,17,550,105,3.93,1,13441,4,Humano,Feliz,1641,Exposicao_Face
13458,17,546,107,3.95,1,13458,4,Humano,Feliz,1658,Exposicao_Face
13474,17,542,214,3.95,1,13474,4,Humano,Feliz,1674,Exposicao_Face
13491,17,538,212,0.0,1,13491,4,Humano,Feliz,1691,Exposicao_Face
13508,17,537,202,0.0,1,13508,4,Humano,Feliz,1708,Exposicao_Face
13524,17,537,219,0.0,1,13524,4,Humano,Feliz,1724,Exposicao_Face
13541,17,542,212,0.0,1,13541,4,Humano,Feliz,1741,Exposicao_Face
13558,17,527,215,0.0,1,13558,4,Humano,Feliz,1758,Exposicao_Face
13574,17,550,215,0.0,1,13574,4,Humano,Feliz,1774,Exposicao_Face
13591,17,544,202,0.0,1,13591,4,Humano,Feliz,1791,Exposicao_Face
13607,17,551,211,0.0,1,13607,4,Humano,Feliz,1807,Exposicao_Face
13624,17,538,235,0.0,1,13624,4,Humano,Feliz,1824,Exposicao_Face
13641,17,535,211,0.0,1,13641,4,Humano,Feliz,1841,Exposicao_Face
13657,17,535,212,0.0,1,13657,4,Humano,Feliz,1857,Exposicao_Face
13691,33,555,224,0.0,1,13691,4,Humano,Feliz,1891,Exposicao_Face
13707,17,531,223,0.0,1,13707,4,Humano,Feliz,1907,Exposicao_Face
13724,17,512,215,0.0,1,13724,4,Humano,Feliz,1924,Exposicao_Face
13741,17,521,204,0.0,1,13741,4,Humano,Feliz,1941,Exposicao_Face
13757,17,528,206,0.0,1,13757,4,Humano,Feliz,1957,Exposicao_Face
13774,17,518,310,0.0,1,13774,4,Humano,Feliz,1974,Exposicao_Face
13790,17,519,240,0.0,1,13790,4,Humano,Feliz,1990,Exposicao_Face
13807,17,523,252,0.0,1,13807,4,Humano,Feliz,2007,Exposicao_Face
13824,17,530,220,0.0,1,13824,4,Humano,Feliz,2024,Exposicao_Face
13840,17,519,219,0.0,1,13840,4,Humano,Feliz,2040,Exposicao_Face
13857,17,518,235,0.0,1,13857,4,Humano,Feliz,2057,Exposicao_Face
13874,17,524,195,0.0,1,13874,4,Humano,Feliz,2074,Exposicao_Face
13890,17,536,297,3.91,1,13890,4,Humano,Feliz,2090,Exposicao_Face
13907,17,531,404,3.96,2,13907,4,Humano,Feliz,2107,Exposicao_Face
13924,17,532,410,3.87,2,13924,4,Humano,Feliz,2124,Exposicao_Face
13940,17,525,439,3.98,3,13940,4,Humano,Feliz,2140,Exposicao_Face
13957,17,533,406,3.96,2,13957,4,Humano,Feliz,2157,Exposicao_Face
13973,17,531,377,3.95,2,13973,4,Humano,Feliz,2173,Exposicao_Face
13990,17,528,401,3.98,2,13990,4,Humano,Feliz,2190,Exposicao_Face
14007,17,536,374,3.88,2,14007,4,Humano,Feliz,2207,Exposicao_Face
14023,17,535,326,3.91,1,14023,4,Humano,Feliz,2223,Exposicao_Face
14040,17,546,264,3.87,1,14040,4,Humano,Feliz,2240,Exposicao_Face
14057,17,539,297,3.88,1,14057,4,Humano,Feliz,2257,Exposicao_Face
14073,17,544,213,3.93,1,14073,4,Humano,Feliz,2273,Exposicao_Face
14090,17,540,300,3.96,1,14090,4,Humano,Feliz,2290,Exposicao_Face
14107,17,532,256,3.95,1,14107,4,Humano,Feliz,2307,Exposicao_Face
14123,17,534,244,3.88,1,14123,4,Humano,Feliz,2323,Exposicao_Face
14140,17,537,365,3.9,2,14140,4,Humano,Feliz,2340,Exposicao_Face
14156,17,538,258,3.87,1,14156,4,Humano,Feliz,2356,Exposicao_Face
14173,17,525,404,3.87,2,14173,4,Humano,Feliz,2373,Exposicao_Face
14190,17,532,380,3.83,2,14190,4,Humano,Feliz,2390,Exposicao_Face
14206,17,525,391,3.75,2,14206,4,Humano,Feliz,2406,Exposicao_Face
14223,17,525,404,3.75,2,14223,4,Humano,Feliz,2423,Exposicao_Face
14240,17,522,393,3.79,2,14240,4,Humano,Feliz,2440,Exposicao_Face
14256,17,521,371,3.66,2,14256,4,Humano,Feliz,2456,Exposicao_Face
14273,17,518,380,3.67,2,14273,4,Humano,Feliz,2473,Exposicao_Face
14290,17,521,385,3.66,2,14290,4,Humano,Feliz,2490,Exposicao_Face
14306,17,519,401,3.67,2,14306,4,Humano,Feliz,2506,Exposicao_Face
14323,17,517,393,3.67,2,14323,4,Humano,Feliz,2523,Exposicao_Face
14356,0,519,375,3.64,2,14356,4,Humano,Feliz,2556,Exposicao_Face
14356,33,519,375,3.64,2,14356,4,Humano,Feliz,2556,Exposicao_Face
14373,17,517,401,3.64,2,14373,4,Humano,Feliz,2573,Exposicao_Face
14389,17,520,399,3.66,2,14389,4,Humano,Feliz,2589,Exposicao_Face
14406,17,523,408,3.67,2,14406,4,Humano,Feliz,2606,Exposicao_Face
14423,17,513,397,3.72,2,14423,4,Humano,Feliz,2623,Exposicao_Face
14439,17,515,348,3.72,1,14439,4,Humano,Feliz,2639,Exposicao_Face
14456,17,507,403,3.71,2,14456,4,Humano,Feliz,2656,Exposicao_Face
14922,466,532,365,3.55,2,14922,4,Humano,Feliz,3122,Exposicao_Face
14938,17,530,263,3.58,1,14938,4,Humano,Feliz,3138,Exposicao_Face
14955,17,519,386,3.56,2,14955,4,Humano,Feliz,3155,Exposicao_Face
14972,17,521,336,3.56,1,14972,4,Humano,Feliz,3172,Exposicao_Face
14988,17,520,370,3.5,2,14988,4,Humano,Feliz,3188,Exposicao_Face
15005,17,518,361,3.48,1,15005,4,Humano,Feliz,3205,Exposicao_Face
15021,17,527,346,3.43,1,15021,4,Humano,Feliz,3221,Exposicao_Face
15038,17,523,358,3.43,1,15038,4,Humano,Feliz,3238,Exposicao_Face
15055,17,527,355,3.38,1,15055,4,Humano,Feliz,3255,Exposicao_Face
15071,17,524,342,3.38,1,15071,4,Humano,Feliz,3271,Exposicao_Face
15088,17,528,370,3.4,2,15088,4,Humano,Feliz,3288,Exposicao_Face
15105,17,520,364,3.38,0,15105,4,Humano,Feliz,3305,Exposicao_Face
15121,17,522,360,3.35,1,15121,4,Humano,Feliz,3321,Exposicao_Face
15138,17,524,370,3.4,2,15138,4,Humano,Feliz,3338,Exposicao_Face
15155,17,524,384,3.43,2,15155,4,Humano,Feliz,3355,Exposicao_Face
15171,17,520,381,3.38,2,15171,4,Humano,Feliz,3371,Exposicao_Face
15188,17,519,398,3.38,2,15188,4,Humano,Feliz,3388,Exposicao_Face
15204,17,524,399,3.43,2,15204,4,Humano,Feliz,3404,Exposicao_Face
15221,17,518,391,3.46,2,15221,4,Humano,Feliz,3421,Exposicao_Face
15238,17,521,365,3.46,2,15238,4,Humano,Feliz,3438,Exposicao_Face
15254,17,526,386,3.51,2,15254,4,Humano,Feliz,3454,Exposicao_Face
15271,17,532,349,3.48,1,15271,4,Humano,Feliz,3471,Exposicao_Face
15288,17,530,365,3.48,2,15288,4,Humano,Feliz,3488,Exposicao_Face
15321,33,527,341,3.51,1,15321,4,Humano,Feliz,3521,Exposicao_Face
15338,17,530,337,3.51,1,15338,4,Humano,Feliz,3538,Exposicao_Face
15354,17,509,368,3.56,2,15354,4,Humano,Feliz,3554,Exposicao_Face
15371,17,526,355,3.53,1,15371,4,Humano,Feliz,3571,Exposicao_Face
15387,17,535,309,3.56,1,15387,4,Humano,Feliz,3587,Exposicao_Face
15404,17,522,322,3.59,1,15404,4,Humano,Feliz,3604,Exposicao_Face
15421,17,543,389,3.59,2,15421,4,Humano,Feliz,3621,Exposicao_Face
15437,17,536,422,3.59,3,15437,4,Humano,Feliz,3637,Exposicao_Face
15454,17,517,430,3.66,3,15454,4,Humano,Feliz,3654,Exposicao_Face
15471,17,534,445,3.59,3,15471,4,Humano,Feliz,3671,Exposicao_Face
15487,17,536,436,3.61,3,15487,4,Humano,Feliz,3687,Exposicao_Face
15504,17,533,418,3.58,5,15504,4,Humano,Feliz,3704,Exposicao_Face
15521,17,532,422,3.56,3,15521,4,Humano,Feliz,3721,Exposicao_Face
15537,17,528,439,3.58,3,15537,4,Humano,Feliz,3737,Exposicao_Face
15554,17,537,439,3.58,3,15554,4,Humano,Feliz,3754,Exposicao_Face
15570,17,534,444,3.58,3,15570,4,Humano,Feliz,3770,Exposicao_Face
15587,17,530,448,3.58,3,15587,4,Humano,Feliz,3787,Exposicao_Face
15604,17,530,449,3.59,3,15604,4,Humano,Feliz,3804,Exposicao_Face
15620,17,527,447,3.56,3,15620,4,Humano,Feliz,3820,Exposicao_Face
15637,17,531,452,3.59,3,15637,4,Humano,Feliz,3837,Exposicao_Face
15654,17,518,418,3.5,5,15654,4,Humano,Feliz,3854,Exposicao_Face
15670,17,536,436,3.59,3,15670,4,Humano,Feliz,3870,Exposicao_Face
15687,17,535,435,3.55,3,15687,4,Humano,Feliz,3887,Exposicao_Face
15703,17,523,439,3.55,3,15703,4,Humano,Feliz,3903,Exposicao_Face
15720,17,527,442,3.56,3,15720,4,Humano,Feliz,3920,Exposicao_Face
15737,17,523,423,3.55,3,15737,4,Humano,Feliz,3937,Exposicao_Face
15753,17,524,442,3.51,3,15753,4,Humano,Feliz,3953,Exposicao_Face
15770,17,495,453,3.63,3,15770,4,Humano,Feliz,3970,Exposicao_Face
15787,17,510,446,3.59,3,15787,4,Humano,Feliz,3987,Exposicao_Face
15803,17,513,458,3.63,3,15803,5,Humano,Neutro,3,Janela_Baseline
15820,17,513,454,3.59,3,15820,5,Humano,Neutro,20,Janela_Baseline
15837,17,514,439,3.59,3,15837,5,Humano,Neutro,37,Janela_Baseline
15853,17,518,448,3.61,3,15853,5,Humano,Neutro,53,Janela_Baseline
15870,17,518,452,3.59,3,15870,5,Humano,Neutro,70,Janela_Baseline
15886,17,514,450,3.61,3,15886,5,Humano,Neutro,86,Janela_Baseline
15903,17,516,455,3.64,3,15903,5,Humano,Neutro,103,Janela_Baseline
15920,17,521,450,3.59,3,15920,5,Humano,Neutro,120,Janela_Baseline
15936,17,517,467,3.69,3,15936,5,Humano,Neutro,136,Janela_Baseline
15953,17,520,461,3.72,3,15953,5,Humano,Neutro,153,Janela_Baseline
15970,17,519,432,3.64,3,15970,5,Humano,Neutro,170,Janela_Baseline
15986,17,513,448,3.63,3,15986,5,Humano,Neutro,186,Janela_Baseline
16003,17,500,449,3.69,3,16003,5,Humano,Neutro,203,Janela_Baseline
16020,17,516,461,3.74,3,16020,5,Humano,Neutro,220,Janela_Baseline
16036,17,524,445,3.77,3,16036,5,Humano,Neutro,236,Janela_Baseline
16053,17,541,301,3.77,1,16053,5,Humano,Neutro,253,Janela_Baseline
16069,17,485,345,3.98,1,16069,5,Humano,Neutro,269,Janela_Baseline
16086,17,530,308,3.72,1,16086,5,Humano,Neutro,286,Janela_Baseline
16103,17,533,300,3.8,1,16103,5,Humano,Neutro,303,Janela_Baseline
16119,17,535,260,3.8,1,16119,5,Humano,Neutro,319,Janela_Baseline
16136,17,517,285,3.83,1,16136,5,Humano,Neutro,336,Janela_Baseline
16153,17,519,329,3.79,1,16153,5,Humano,Neutro,353,Janela_Baseline
16169,17,521,286,3.77,1,16169,5,Humano,Neutro,369,Janela_Baseline
16186,17,517,307,3.82,1,16186,5,Humano,Neutro,386,Janela_Baseline
16203,17,523,288,3.83,1,16203,5,Humano,Neutro,403,Janela_Baseline
16219,17,528,287,3.9,1,16219,5,Humano,Neutro,419,Janela_Baseline
16236,17,519,292,3.82,1,16236,5,Humano,Neutro,436,Janela_Baseline
16252,17,508,325,3.85,1,16252,5,Humano,Neutro,452,Janela_Baseline
16269,17,517,276,3.87,1,16269,5,Humano,Neutro,469,Janela_Baseline
16286,17,527,263,3.85,1,16286,5,Humano,Neutro,486,Janela_Baseline
16302,17,521,259,3.88,1,16302,5,Humano,Neutro,502,Janela_Baseline
16319,17,522,267,3.88,1,16319,5,Humano,Neutro,519,Janela_Baseline
16336,17,522,277,3.87,1,16336,5,Humano,Neutro,536,Janela_Baseline
16352,17,501,309,3.91,1,16352,5,Humano,Neutro,552,Janela_Baseline
16369,17,501,287,3.91,1,16369,5,Humano,Neutro,569,Janela_Baseline
16386,17,502,265,3.9,1,16386,5,Humano,Neutro,586,Janela_Baseline
16402,17,517,317,3.98,1,16402,5,Humano,Neutro,602,Janela_Baseline
16419,17,511,285,3.88,1,16419,5,Humano,Neutro,619,Janela_Baseline
16435,17,511,255,3.85,1,16435,5,Humano,Neutro,635,Janela_Baseline
16452,17,512,290,3.83,1,16452,5,Humano,Neutro,652,Janela_Baseline
16469,17,515,273,3.99,1,16469,5,Humano,Neutro,669,Janela_Baseline
16485,17,517,260,3.79,1,16485,5,Humano,Neutro,685,Janela_Baseline
16502,17,511,286,3.88,1,16502,5,Humano,Neutro,702,Janela_Baseline
16519,17,515,291,3.88,1,16519,5,Humano,Neutro,719,Janela_Baseline
16535,17,504,311,3.85,1,16535,5,Humano,Neutro,735,Janela_Baseline
16552,17,510,289,3.87,1,16552,5,Humano,Neutro,752,Janela_Baseline
16569,17,499,292,4.01,1,16569,5,Humano,Neutro,769,Janela_Baseline
16585,17,510,289,3.87,1,16585,5,Humano,Neutro,785,Janela_Baseline
16602,17,521,265,-1.0,1,16602,5,Humano,Neutro,802,Janela_Baseline
16618,17,513,292,3.93,1,16618,5,Humano,Neutro,818,Janela_Baseline
16635,17,517,223,3.87,1,16635,5,Humano,Neutro,835,Janela_Baseline
16652,17,513,226,3.95,1,16652,5,Humano,Neutro,852,Janela_Baseline
16685,33,515,296,3.93,1,16685,5,Humano,Neutro,885,Janela_Baseline
16702,17,537,341,3.96,1,16702,5,Humano,Neutro,902,Janela_Baseline
16718,17,547,428,3.98,3,16718,5,Humano,Neutro,918,Janela_Baseline
16751,33,517,609,3.99,3,16751,5,Humano,Neutro,951,Janela_Baseline
16768,17,530,673,4.04,3,16768,5,Humano,Neutro,968,Janela_Baseline
16785,17,540,691,3.99,3,16785,5,Humano,Neutro,985,Janela_Baseline
16818,33,544,663,4.07,3,16818,5,Humano,Neutro,1018,Janela_Baseline
16835,17,539,666,4.09,3,16835,5,Humano,Neutro,1035,Janela_Baseline
16851,17,552,633,4.09,3,16851,5,Humano,Neutro,1051,Janela_Baseline
16868,17,539,655,4.2,3,16868,5,Humano,Neutro,1068,Janela_Baseline
16901,33,553,616,4.12,3,16901,5,Humano,Neutro,1101,Janela_Baseline
16918,17,547,621,4.14,3,16918,5,Humano,Neutro,1118,Janela_Baseline
16934,17,542,647,4.12,3,16934,5,Humano,Neutro,1134,Janela_Baseline
16968,33,532,621,4.17,3,16968,5,Humano,Neutro,1168,Janela_Baseline
17018,50,534,601,4.11,3,17018,5,Humano,Neutro,1218,Janela_Baseline
17051,33,489,723,4.56,3,17051,5,Humano,Neutro,1251,Janela_Baseline
17350,299,17,757,0.0,3,17350,5,Humano,Neutro,1550,Exposicao_Face
17434,83,33,742,0.0,3,17434,5,Humano,Neutro,1634,Exposicao_Face
17467,33,26,751,0.0,3,17467,5,Humano,Neutro,1667,Exposicao_Face
17500,33,35,551,4.3,3,17500,5,Humano,Neutro,1700,Exposicao_Face
17567,67,9,749,0.0,3,17567,5,Humano,Neutro,1767,Exposicao_Face
17617,50,113,732,0.0,3,17617,5,Humano,Neutro,1817,Exposicao_Face
17849,233,510,267,5.52,1,17849,5,Humano,Neutro,2049,Exposicao_Face
17883,33,512,597,4.04,3,17883,5,Humano,Neutro,2083,Exposicao_Face
17899,17,511,517,4.11,3,17899,5,Humano,Neutro,2099,Exposicao_Face
17916,17,531,432,4.11,3,17916,5,Humano,Neutro,2116,Exposicao_Face
17933,17,525,374,4.06,2,17933,5,Humano,Neutro,2133,Exposicao_Face
17949,17,530,321,4.11,1,17949,5,Humano,Neutro,2149,Exposicao_Face
17966,17,533,288,4.12,1,17966,5,Humano,Neutro,2166,Exposicao_Face
17982,17,518,306,4.04,1,17982,5,Humano,Neutro,2182,Exposicao_Face
17999,17,528,273,4.06,1,17999,5,Humano,Neutro,2199,Exposicao_Face
18016,17,533,255,4.11,1,18016,5,Humano,Neutro,2216,Exposicao_Face
18032,17,521,303,4.09,1,18032,5,Humano,Neutro,2232,Exposicao_Face
18049,17,525,270,4.09,1,18049,5,Humano,Neutro,2249,Exposicao_Face
18066,17,528,229,4.04,1,18066,5,Humano,Neutro,2266,Exposicao_Face
18082,17,524,238,4.07,1,18082,5,Humano,Neutro,2282,Exposicao_Face
18099,17,522,271,4.07,1,18099,5,Humano,Neutro,2299,Exposicao_Face
18116,17,528,382,4.09,2,18116,5,Humano,Neutro,2316,Exposicao_Face
18132,17,527,380,3.99,2,18132,5,Humano,Neutro,2332,Exposicao_Face
18149,17,528,361,3.9,1,18149,5,Humano,Neutro,2349,Exposicao_Face
18165,17,526,367,3.9,2,18165,5,Humano,Neutro,2365,Exposicao_Face
18182,17,525,374,3.88,2,18182,5,Humano,Neutro,2382,Exposicao_Face
18199,17,526,351,3.77,1,18199,5,Humano,Neutro,2399,Exposicao_Face
18215,17,520,359,3.75,1,18215,5,Humano,Neutro,2415,Exposicao_Face
18232,17,526,354,3.74,1,18232,5,Humano,Neutro,2432,Exposicao_Face
18249,17,525,357,3.74,1,18249,5,Humano,Neutro,2449,Exposicao_Face
18265,17,529,357,3.72,1,18265,5,Humano,Neutro,2465,Exposicao_Face
18282,17,526,365,3.74,2,18282,5,Humano,Neutro,2482,Exposicao_Face
18299,17,526,350,3.64,1,18299,5,Humano,Neutro,2499,Exposicao_Face
18315,17,531,355,3.66,1,18315,5,Humano,Neutro,2515,Exposicao_Face
18332,17,524,353,3.61,1,18332,5,Humano,Neutro,2532,Exposicao_Face
18348,17,527,362,3.67,1,18348,5,Humano,Neutro,2548,Exposicao_Face
18365,17,521,362,3.69,1,18365,5,Humano,Neutro,2565,Exposicao_Face
18382,17,525,354,3.69,1,18382,5,Humano,Neutro,2582,Exposicao_Face
18398,17,527,343,3.64,1,18398,5,Humano,Neutro,2598,Exposicao_Face
18415,17,523,348,3.63,1,18415,5,Humano,Neutro,2615,Exposicao_Face
18432,17,524,361,3.61,1,18432,5,Humano,Neutro,2632,Exposicao_Face
18448,17,522,371,3.71,2,18448,5,Humano,Neutro,2648,Exposicao_Face
18465,17,400,497,3.72,3,18465,5,Humano,Neutro,2665,Exposicao_Face
18482,17,247,509,-1.0,3,18482,5,Humano,Neutro,2682,Exposicao_Face
18498,17,65,554,3.71,3,18498,5,Humano,Neutro,2698,Exposicao_Face
18581,83,16,661,0.0,3,18581,5,Humano,Neutro,2781,Exposicao_Face
18598,17,8,655,0.0,3,18598,5,Humano,Neutro,2798,Exposicao_Face
18615,17,10,663,0.0,3,18615,5,Humano,Neutro,2815,Exposicao_Face
18631,17,18,609,3.35,3,18631,5,Humano,Neutro,2831,Exposicao_Face
18681,50,26,617,3.34,3,18681,5,Humano,Neutro,2881,Exposicao_Face
18714,33,51,680,0.0,3,18714,5,Humano,Neutro,2914,Exposicao_Face
18731,17,61,605,-1.0,3,18731,5,Humano,Neutro,2931,Exposicao_Face
18798,67,34,618,3.29,3,18798,5,Humano,Neutro,2998,Exposicao_Face
18814,17,27,613,3.26,3,18814,5,Humano,Neutro,3014,Exposicao_Face
18831,17,12,535,-1.0,3,18831,5,Humano,Neutro,3031,Exposicao_Face
18864,33,16,641,0.0,3,18864,5,Humano,Neutro,3064,Exposicao_Face
18897,33,11,612,3.29,3,18897,5,Humano,Neutro,3097,Exposicao_Face
18914,17,17,627,0.0,3,18914,5,Humano,Neutro,3114,Exposicao_Face
18931,17,74,560,-1.0,3,18931,5,Humano,Neutro,3131,Exposicao_Face
18947,17,244,461,-1.0,3,18947,5,Humano,Neutro,3147,Exposicao_Face
18964,17,319,443,3.67,3,18964,5,Humano,Neutro,3164,Exposicao_Face
18981,17,502,332,3.67,1,18981,5,Humano,Neutro,3181,Exposicao_Face
18997,17,508,274,3.72,1,18997,5,Humano,Neutro,3197,Exposicao_Face
19014,17,515,228,3.74,1,19014,5,Humano,Neutro,3214,Exposicao_Face
19030,17,486,274,3.79,1,19030,5,Humano,Neutro,3230,Exposicao_Face
19047,17,506,289,3.75,1,19047,5,Humano,Neutro,3247,Exposicao_Face
19064,17,503,323,3.72,1,19064,5,Humano,Neutro,3264,Exposicao_Face
19080,17,508,281,3.77,1,19080,5,Humano,Neutro,3280,Exposicao_Face
19097,17,494,279,3.79,1,19097,5,Humano,Neutro,3297,Exposicao_Face
19114,17,506,368,3.77,2,19114,5,Humano,Neutro,3314,Exposicao_Face
19130,17,501,288,3.8,1,19130,5,Humano,Neutro,3330,Exposicao_Face
19147,17,499,364,3.83,0,19147,5,Humano,Neutro,3347,Exposicao_Face
19164,17,502,373,3.83,2,19164,5,Humano,Neutro,3364,Exposicao_Face
19180,17,509,221,3.87,1,19180,5,Humano,Neutro,3380,Exposicao_Face
19197,17,509,271,3.85,1,19197,5,Humano,Neutro,3397,Exposicao_Face
19213,17,512,243,3.85,1,19213,5,Humano,Neutro,3413,Exposicao_Face
19230,17,516,219,3.88,1,19230,5,Humano,Neutro,3430,Exposicao_Face
19247,17,510,302,3.79,1,19247,5,Humano,Neutro,3447,Exposicao_Face
19263,17,513,287,3.83,1,19263,5,Humano,Neutro,3463,Exposicao_Face
19280,17,506,306,3.85,1,19280,5,Humano,Neutro,3480,Exposicao_Face
19297,17,518,195,3.83,1,19297,5,Humano,Neutro,3497,Exposicao_Face
19313,17,504,325,3.82,1,19313,5,Humano,Neutro,3513,Exposicao_Face
19330,17,520,306,3.79,1,19330,5,Humano,Neutro,3530,Exposicao_Face
19347,17,509,326,3.79,1,19347,5,Humano,Neutro,3547,Exposicao_Face
19380,0,508,337,3.77,1,19380,5,Humano,Neutro,3580,Exposicao_Face
19380,33,508,337,3.77,1,19380,5,Humano,Neutro,3580,Exposicao_Face
19396,17,509,338,3.8,1,19396,5,Humano,Neutro,3596,Exposicao_Face
19430,0,507,344,3.74,1,19430,5,Humano,Neutro,3630,Exposicao_Face
19430,33,507,344,3.74,1,19430,5,Humano,Neutro,3630,Exposicao_Face
19446,17,505,395,3.8,2,19446,5,Humano,Neutro,3646,Exposicao_Face
19463,17,501,374,3.74,2,19463,5,Humano,Neutro,3663,Exposicao_Face
19480,17,500,383,3.77,2,19480,5,Humano,Neutro,3680,Exposicao_Face
19496,17,503,372,3.74,2,19496,5,Humano,Neutro,3696,Exposicao_Face
19513,17,498,383,3.74,2,19513,5,Humano,Neutro,3713,Exposicao_Face
19530,17,497,377,3.71,2,19530,5,Humano,Neutro,3730,Exposicao_Face
19546,17,496,410,3.75,2,19546,5,Humano,Neutro,3746,Exposicao_Face
19563,17,494,396,3.77,2,19563,5,Humano,Neutro,3763,Exposicao_Face
19579,17,498,397,3.8,2,19579,5,Humano,Neutro,3779,Exposicao_Face
19596,17,496,377,3.69,2,19596,5,Humano,Neutro,3796,Exposicao_Face
19613,17,497,392,3.75,2,19613,5,Humano,Neutro,3813,Exposicao_Face
19629,17,497,381,3.72,2,19629,5,Humano,Neutro,3829,Exposicao_Face
19646,17,512,412,3.77,2,19646,5,Humano,Neutro,3846,Exposicao_Face
19663,17,531,429,3.79,3,19663,5,Humano,Neutro,3863,Exposicao_Face
19679,17,530,424,3.79,3,19679,5,Humano,Neutro,3879,Exposicao_Face
19696,17,530,426,3.75,3,19696,5,Humano,Neutro,3896,Exposicao_Face
19713,17,531,419,3.77,3,19713,5,Humano,Neutro,3913,Exposicao_Face
19729,17,533,434,3.8,3,19729,5,Humano,Neutro,3929,Exposicao_Face
19746,17,532,439,3.83,3,19746,5,Humano,Neutro,3946,Exposicao_Face
19762,17,533,419,3.77,3,19762,5,Humano,Neutro,3962,Exposicao_Face
19779,17,527,433,3.82,3,19779,5,Humano,Neutro,3979,Exposicao_Face
19796,17,530,429,3.82,3,19796,5,Humano,Neutro,3996,Exposicao_Face
19812,17,535,445,3.87,3,19812,6,Humano,Raiva,12,Janela_Baseline
19829,17,536,429,3.85,3,19829,6,Humano,Raiva,29,Janela_Baseline
19846,17,529,437,3.9,3,19846,6,Humano,Raiva,46,Janela_Baseline
19862,17,531,419,3.88,3,19862,6,Humano,Raiva,62,Janela_Baseline
19879,17,507,474,3.9,3,19879,6,Humano,Raiva,79,Janela_Baseline
19896,17,380,672,3.8,3,19896,6,Humano,Raiva,96,Janela_Baseline
19912,17,227,830,4.28,0,19912,6,Humano,Raiva,112,Janela_Baseline
19929,17,180,801,3.72,0,19929,6,Humano,Raiva,129,Janela_Baseline
19945,17,165,841,3.71,0,19945,6,Humano,Raiva,145,Janela_Baseline
19962,17,183,848,3.66,0,19962,6,Humano,Raiva,162,Janela_Baseline
19979,17,175,849,3.63,0,19979,6,Humano,Raiva,179,Janela_Baseline
19995,17,174,853,3.72,0,19995,6,Humano,Raiva,195,Janela_Baseline
20012,17,160,855,3.74,0,20012,6,Humano,Raiva,212,Janela_Baseline
20029,17,175,844,3.71,0,20029,6,Humano,Raiva,229,Janela_Baseline
20045,17,174,846,3.69,0,20045,6,Humano,Raiva,245,Janela_Baseline
20062,17,177,863,3.64,0,20062,6,Humano,Raiva,262,Janela_Baseline
20079,17,171,867,3.64,0,20079,6,Humano,Raiva,279,Janela_Baseline
20095,17,170,867,3.67,0,20095,6,Humano,Raiva,295,Janela_Baseline
20112,17,63,739,3.58,3,20112,6,Humano,Raiva,312,Janela_Baseline
20128,17,43,726,3.55,3,20128,6,Humano,Raiva,328,Janela_Baseline
20145,17,30,705,3.48,3,20145,6,Humano,Raiva,345,Janela_Baseline
20162,17,119,827,3.99,0,20162,6,Humano,Raiva,362,Janela_Baseline
20178,17,25,705,3.56,3,20178,6,Humano,Raiva,378,Janela_Baseline
20195,17,25,687,3.55,3,20195,6,Humano,Raiva,395,Janela_Baseline
20212,17,59,808,3.48,0,20212,6,Humano,Raiva,412,Janela_Baseline
20228,17,28,687,3.46,3,20228,6,Humano,Raiva,428,Janela_Baseline
20245,17,24,709,3.66,3,20245,6,Humano,Raiva,445,Janela_Baseline
20261,17,28,685,3.48,3,20261,6,Humano,Raiva,461,Janela_Baseline
20278,17,27,693,3.46,3,20278,6,Humano,Raiva,478,Janela_Baseline
20295,17,17,695,3.79,3,20295,6,Humano,Raiva,495,Janela_Baseline
20311,17,20,695,3.45,3,20311,6,Humano,Raiva,511,Janela_Baseline
20328,17,28,681,3.43,3,20328,6,Humano,Raiva,528,Janela_Baseline
20345,17,8,690,3.42,3,20345,6,Humano,Raiva,545,Janela_Baseline
20378,33,7,672,3.42,3,20378,6,Humano,Raiva,578,Janela_Baseline
20411,33,7,669,4.28,3,20411,6,Humano,Raiva,611,Janela_Baseline
20461,50,2,663,3.55,3,20461,6,Humano,Raiva,661,Janela_Baseline
20511,50,6,669,3.58,3,20511,6,Humano,Raiva,711,Janela_Baseline
20544,33,9,686,3.51,3,20544,6,Humano,Raiva,744,Janela_Baseline
20611,67,7,704,3.51,3,20611,6,Humano,Raiva,811,Janela_Baseline
20627,17,12,668,4.27,3,20627,6,Humano,Raiva,827,Janela_Baseline
20644,17,17,652,-1.0,3,20644,6,Humano,Raiva,844,Janela_Baseline
20661,17,8,657,3.55,3,20661,6,Humano,Raiva,861,Janela_Baseline
20677,17,14,629,3.82,3,20677,6,Humano,Raiva,877,Janela_Baseline
20694,17,8,659,3.63,3,20694,6,Humano,Raiva,894,Janela_Baseline
20711,17,185,738,3.66,3,20711,6,Humano,Raiva,911,Janela_Baseline
20727,17,21,674,3.64,3,20727,6,Humano,Raiva,927,Janela_Baseline
20744,17,10,643,3.66,3,20744,6,Humano,Raiva,944,Janela_Baseline
20761,17,124,768,3.77,3,20761,6,Humano,Raiva,961,Janela_Baseline
20777,17,4,647,3.71,3,20777,6,Humano,Raiva,977,Janela_Baseline
20794,17,5,666,3.64,3,20794,6,Humano,Raiva,994,Janela_Baseline
20827,33,12,540,3.61,3,20827,6,Humano,Raiva,1027,Janela_Baseline
20844,17,53,517,3.61,3,20844,6,Humano,Raiva,1044,Janela_Baseline
20860,17,65,510,3.63,3,20860,6,Humano,Raiva,1060,Janela_Baseline
20877,17,56,491,3.61,3,20877,6,Humano,Raiva,1077,Janela_Baseline
20894,17,55,459,3.66,3,20894,6,Humano,Raiva,1094,Janela_Baseline
20910,17,98,416,3.66,2,20910,6,Humano,Raiva,1110,Janela_Baseline
20927,17,153,386,3.64,2,20927,6,Humano,Raiva,1127,Janela_Baseline
20944,17,147,426,3.71,3,20944,6,Humano,Raiva,1144,Janela_Baseline
20960,17,141,447,3.69,3,20960,6,Humano,Raiva,1160,Janela_Baseline
20977,17,110,423,3.67,3,20977,6,Humano,Raiva,1177,Janela_Baseline
20993,17,114,430,3.66,3,20993,6,Humano,Raiva,1193,Janela_Baseline
21010,17,101,408,3.66,2,21010,6,Humano,Raiva,1210,Janela_Baseline
21027,17,131,416,3.69,2,21027,6,Humano,Raiva,1227,Janela_Baseline
21043,17,118,418,3.63,0,21043,6,Humano,Raiva,1243,Janela_Baseline
21060,17,133,390,3.69,2,21060,6,Humano,Raiva,1260,Janela_Baseline
21077,17,126,426,3.72,3,21077,6,Humano,Raiva,1277,Janela_Baseline
21093,17,141,358,3.83,1,21093,6,Humano,Raiva,1293,Janela_Baseline
21110,17,277,348,3.96,1,21110,6,Humano,Raiva,1310,Exposicao_Face
21127,17,413,314,4.03,1,21127,6,Humano,Raiva,1327,Exposicao_Face
21143,17,510,289,4.01,1,21143,6,Humano,Raiva,1343,Exposicao_Face
21160,17,483,278,4.04,1,21160,6,Humano,Raiva,1360,Exposicao_Face
21176,17,492,265,4.03,1,21176,6,Humano,Raiva,1376,Exposicao_Face
21193,17,496,276,4.01,1,21193,6,Humano,Raiva,1393,Exposicao_Face
21210,17,490,252,4.01,1,21210,6,Humano,Raiva,1410,Exposicao_Face
21226,17,498,271,3.98,1,21226,6,Humano,Raiva,1426,Exposicao_Face
21243,17,498,291,3.99,1,21243,6,Humano,Raiva,1443,Exposicao_Face
21260,17,505,290,3.99,1,21260,6,Humano,Raiva,1460,Exposicao_Face
21276,17,497,272,3.98,1,21276,6,Humano,Raiva,1476,Exposicao_Face
21293,17,486,262,4.04,1,21293,6,Humano,Raiva,1493,Exposicao_Face
21309,17,494,273,3.99,1,21309,6,Humano,Raiva,1509,Exposicao_Face
21326,17,494,242,3.99,1,21326,6,Humano,Raiva,1526,Exposicao_Face
21343,17,491,284,4.03,1,21343,6,Humano,Raiva,1543,Exposicao_Face
21359,17,496,242,3.98,1,21359,6,Humano,Raiva,1559,Exposicao_Face
21376,17,499,276,3.96,1,21376,6,Humano,Raiva,1576,Exposicao_Face
21393,17,492,271,3.98,1,21393,6,Humano,Raiva,1593,Exposicao_Face
21409,17,489,273,3.91,1,21409,6,Humano,Raiva,1609,Exposicao_Face
21426,17,494,268,3.9,1,21426,6,Humano,Raiva,1626,Exposicao_Face
21443,17,504,330,3.8,1,21443,6,Humano,Raiva,1643,Exposicao_Face
21459,17,513,384,3.8,2,21459,6,Humano,Raiva,1659,Exposicao_Face
21476,17,498,386,3.75,2,21476,6,Humano,Raiva,1676,Exposicao_Face
21492,17,506,376,3.77,2,21492,6,Humano,Raiva,1692,Exposicao_Face
21509,17,503,383,3.74,2,21509,6,Humano,Raiva,1709,Exposicao_Face
21526,17,504,399,3.72,2,21526,6,Humano,Raiva,1726,Exposicao_Face
21542,17,506,371,3.74,2,21542,6,Humano,Raiva,1742,Exposicao_Face
21559,17,503,362,3.71,1,21559,6,Humano,Raiva,1759,Exposicao_Face
21576,17,505,368,3.75,2,21576,6,Humano,Raiva,1776,Exposicao_Face
21592,17,502,381,3.75,2,21592,6,Humano,Raiva,1792,Exposicao_Face
21609,17,505,355,3.74,1,21609,6,Humano,Raiva,1809,Exposicao_Face
21626,17,499,357,3.72,1,21626,6,Humano,Raiva,1826,Exposicao_Face
21642,17,507,380,3.75,2,21642,6,Humano,Raiva,1842,Exposicao_Face
21659,17,511,382,3.69,2,21659,6,Humano,Raiva,1859,Exposicao_Face
21675,17,503,394,3.69,2,21675,6,Humano,Raiva,1875,Exposicao_Face
21692,17,498,387,3.71,2,21692,6,Humano,Raiva,1892,Exposicao_Face
21709,17,507,378,3.72,2,21709,6,Humano,Raiva,1909,Exposicao_Face
21725,17,504,389,3.74,2,21725,6,Humano,Raiva,1925,Exposicao_Face
21742,17,504,359,3.77,1,21742,6,Humano,Raiva,1942,Exposicao_Face
21759,17,505,353,3.74,1,21759,6,Humano,Raiva,1959,Exposicao_Face
21775,17,507,381,3.74,2,21775,6,Humano,Raiva,1975,Exposicao_Face
21792,17,508,392,3.79,2,21792,6,Humano,Raiva,1992,Exposicao_Face
21809,17,505,388,3.8,2,21809,6,Humano,Raiva,2009,Exposicao_Face
21825,17,506,390,3.85,2,21825,6,Humano,Raiva,2025,Exposicao_Face
21842,17,504,368,3.8,2,21842,6,Humano,Raiva,2042,Exposicao_Face
21858,17,507,364,3.77,0,21858,6,Humano,Raiva,2058,Exposicao_Face
21875,17,493,347,3.77,1,21875,6,Humano,Raiva,2075,Exposicao_Face
21892,17,491,364,3.85,0,21892,6,Humano,Raiva,2092,Exposicao_Face
21908,17,492,357,3.83,1,21908,6,Humano,Raiva,2108,Exposicao_Face
21925,17,489,362,3.85,1,21925,6,Humano,Raiva,2125,Exposicao_Face
21942,17,494,362,3.83,1,21942,6,Humano,Raiva,2142,Exposicao_Face
21958,17,485,356,3.85,1,21958,6,Humano,Raiva,2158,Exposicao_Face
21975,17,491,351,3.9,1,21975,6,Humano,Raiva,2175,Exposicao_Face
21992,17,490,353,3.87,1,21992,6,Humano,Raiva,2192,Exposicao_Face
22008,17,490,343,3.83,1,22008,6,Humano,Raiva,2208,Exposicao_Face
22025,17,492,351,3.85,1,22025,6,Humano,Raiva,2225,Exposicao_Face
22041,17,485,368,3.87,2,22041,6,Humano,Raiva,2241,Exposicao_Face
22058,17,493,345,3.88,1,22058,6,Humano,Raiva,2258,Exposicao_Face
22075,17,499,354,3.93,1,22075,6,Humano,Raiva,2275,Exposicao_Face
22091,17,494,333,3.85,1,22091,6,Humano,Raiva,2291,Exposicao_Face
22108,17,493,337,3.85,1,22108,6,Humano,Raiva,2308,Exposicao_Face
22125,17,492,352,3.88,1,22125,6,Humano,Raiva,2325,Exposicao_Face
22141,17,492,339,3.87,1,22141,6,Humano,Raiva,2341,Exposicao_Face
22158,17,495,322,3.87,1,22158,6,Humano,Raiva,2358,Exposicao_Face
22175,17,491,344,3.88,1,22175,6,Humano,Raiva,2375,Exposicao_Face
22191,17,490,337,3.87,1,22191,6,Humano,Raiva,2391,Exposicao_Face
22208,17,506,356,3.95,1,22208,6,Humano,Raiva,2408,Exposicao_Face
22224,17,520,377,3.96,2,22224,6,Humano,Raiva,2424,Exposicao_Face
22241,17,516,383,3.95,2,22241,6,Humano,Raiva,2441,Exposicao_Face
22258,17,516,370,3.9,2,22258,6,Humano,Raiva,2458,Exposicao_Face
22274,17,510,344,3.9,1,22274,6,Humano,Raiva,2474,Exposicao_Face
22291,17,514,353,3.88,1,22291,6,Humano,Raiva,2491,Exposicao_Face
22308,17,516,348,3.87,1,22308,6,Humano,Raiva,2508,Exposicao_Face
22324,17,517,360,3.9,1,22324,6,Humano,Raiva,2524,Exposicao_Face
22341,17,514,346,3.88,1,22341,6,Humano,Raiva,2541,Exposicao_Face
22358,17,508,376,3.95,2,22358,6,Humano,Raiva,2558,Exposicao_Face
22374,17,511,346,3.88,1,22374,6,Humano,Raiva,2574,Exposicao_Face
22391,17,517,358,3.9,1,22391,6,Humano,Raiva,2591,Exposicao_Face
22407,17,517,316,3.87,1,22407,6,Humano,Raiva,2607,Exposicao_Face
22424,17,516,325,3.93,1,22424,6,Humano,Raiva,2624,Exposicao_Face
22441,17,518,363,3.88,0,22441,6,Humano,Raiva,2641,Exposicao_Face
22457,17,518,362,3.9,1,22457,6,Humano,Raiva,2657,Exposicao_Face
22474,17,518,354,3.9,1,22474,6,Humano,Raiva,2674,Exposicao_Face
22491,17,519,342,3.85,1,22491,6,Humano,Raiva,2691,Exposicao_Face
22507,17,520,360,3.93,1,22507,6,Humano,Raiva,2707,Exposicao_Face
22524,17,528,400,3.96,2,22524,6,Humano,Raiva,2724,Exposicao_Face
22540,17,530,380,3.87,2,22540,6,Humano,Raiva,2740,Exposicao_Face
22557,17,528,411,3.9,2,22557,6,Humano,Raiva,2757,Exposicao_Face
22574,17,524,402,3.9,2,22574,6,Humano,Raiva,2774,Exposicao_Face
22590,17,528,397,3.87,2,22590,6,Humano,Raiva,2790,Exposicao_Face
22607,17,528,400,3.85,2,22607,6,Humano,Raiva,2807,Exposicao_Face
22624,17,524,411,3.87,2,22624,6,Humano,Raiva,2824,Exposicao_Face
22640,17,525,407,3.82,2,22640,6,Humano,Raiva,2840,Exposicao_Face
22657,17,527,412,3.83,2,22657,6,Humano,Raiva,2857,Exposicao_Face
22674,17,527,406,3.85,2,22674,6,Humano,Raiva,2874,Exposicao_Face
22690,17,524,390,3.82,2,22690,6,Humano,Raiva,2890,Exposicao_Face
22707,17,527,386,3.8,2,22707,6,Humano,Raiva,2907,Exposicao_Face
22723,17,524,402,3.74,2,22723,6,Humano,Raiva,2923,Exposicao_Face
22740,17,523,398,3.8,2,22740,6,Humano,Raiva,2940,Exposicao_Face
22757,17,524,397,3.72,2,22757,6,Humano,Raiva,2957,Exposicao_Face
22773,17,528,388,3.69,2,22773,6,Humano,Raiva,2973,Exposicao_Face
22790,17,524,415,3.75,2,22790,6,Humano,Raiva,2990,Exposicao_Face
22807,17,522,364,3.69,0,22807,6,Humano,Raiva,3007,Exposicao_Face
22823,17,520,358,3.71,1,22823,6,Humano,Raiva,3023,Exposicao_Face
22840,17,519,356,3.69,1,22840,6,Humano,Raiva,3040,Exposicao_Face
22857,17,522,355,3.72,1,22857,6,Humano,Raiva,3057,Exposicao_Face
22873,17,518,369,3.71,2,22873,6,Humano,Raiva,3073,Exposicao_Face
22890,17,519,368,3.72,2,22890,6,Humano,Raiva,3090,Exposicao_Face
22906,17,522,360,3.71,1,22906,6,Humano,Raiva,3106,Exposicao_Face
22923,17,520,367,3.72,2,22923,6,Humano,Raiva,3123,Exposicao_Face
22940,17,525,379,3.72,2,22940,6,Humano,Raiva,3140,Exposicao_Face
22956,17,520,387,3.75,2,22956,6,Humano,Raiva,3156,Exposicao_Face
22973,17,519,392,3.74,2,22973,6,Humano,Raiva,3173,Exposicao_Face
22990,17,514,378,3.74,2,22990,6,Humano,Raiva,3190,Exposicao_Face
23006,17,524,360,3.71,1,23006,6,Humano,Raiva,3206,Exposicao_Face
23023,17,520,389,3.74,2,23023,6,Humano,Raiva,3223,Exposicao_Face
23040,17,518,351,3.71,1,23040,6,Humano,Raiva,3240,Exposicao_Face
23056,17,520,353,3.67,1,23056,6,Humano,Raiva,3256,Exposicao_Face
23073,17,518,380,3.67,2,23073,6,Humano,Raiva,3273,Exposicao_Face
23089,17,516,378,3.67,2,23089,6,Humano,Raiva,3289,Exposicao_Face
23106,17,514,382,3.71,2,23106,6,Humano,Raiva,3306,Exposicao_Face
23123,17,517,396,3.72,2,23123,6,Humano,Raiva,3323,Exposicao_Face
23139,17,503,378,3.72,2,23139,6,Humano,Raiva,3339,Exposicao_Face
23156,17,517,352,3.69,1,23156,6,Humano,Raiva,3356,Exposicao_Face
23173,17,519,389,3.71,2,23173,6,Humano,Raiva,3373,Exposicao_Face
23189,17,516,381,3.71,2,23189,6,Humano,Raiva,3389,Exposicao_Face
23206,17,515,391,3.72,2,23206,6,Humano,Raiva,3406,Exposicao_Face
23223,17,521,379,3.69,2,23223,6,Humano,Raiva,3423,Exposicao_Face
23239,17,519,384,3.67,2,23239,6,Humano,Raiva,3439,Exposicao_Face
23256,17,519,382,3.69,2,23256,6,Humano,Raiva,3456,Exposicao_Face
23272,17,519,382,3.67,2,23272,6,Humano,Raiva,3472,Exposicao_Face
23289,17,514,377,3.71,2,23289,6,Humano,Raiva,3489,Exposicao_Face
23306,17,513,379,3.71,2,23306,6,Humano,Raiva,3506,Exposicao_Face
23322,17,513,387,3.67,2,23322,6,Humano,Raiva,3522,Exposicao_Face
23339,17,511,353,3.69,1,23339,6,Humano,Raiva,3539,Exposicao_Face
23356,17,520,372,3.66,2,23356,6,Humano,Raiva,3556,Exposicao_Face
23372,17,515,392,3.69,2,23372,6,Humano,Raiva,3572,Exposicao_Face
23389,17,517,380,3.72,2,23389,6,Humano,Raiva,3589,Exposicao_Face
23406,17,516,375,3.71,2,23406,6,Humano,Raiva,3606,Exposicao_Face
23422,17,517,385,3.69,2,23422,6,Humano,Raiva,3622,Exposicao_Face
23439,17,519,388,3.69,2,23439,6,Humano,Raiva,3639,Exposicao_Face
23455,17,515,376,3.66,2,23455,6,Humano,Raiva,3655,Exposicao_Face
23472,17,511,437,3.72,3,23472,6,Humano,Raiva,3672,Exposicao_Face
23489,17,526,455,3.66,3,23489,6,Humano,Raiva,3689,Exposicao_Face
23505,17,522,436,3.59,3,23505,6,Humano,Raiva,3705,Exposicao_Face
23522,17,521,424,3.55,3,23522,6,Humano,Raiva,3722,Exposicao_Face
23539,17,516,445,3.61,3,23539,6,Humano,Raiva,3739,Exposicao_Face
23555,17,520,441,3.59,3,23555,6,Humano,Raiva,3755,Exposicao_Face
23572,17,523,445,3.59,3,23572,6,Humano,Raiva,3772,Exposicao_Face
23588,17,514,461,3.61,3,23588,6,Humano,Raiva,3788,Exposicao_Face
23605,17,522,430,3.55,3,23605,6,Humano,Raiva,3805,Exposicao_Face
23622,17,517,447,3.55,3,23622,6,Humano,Raiva,3822,Exposicao_Face
23638,17,510,447,3.53,3,23638,6,Humano,Raiva,3838,Exposicao_Face
23655,17,521,444,3.58,3,23655,6,Humano,Raiva,3855,Exposicao_Face
23672,17,522,444,3.58,3,23672,6,Humano,Raiva,3872,Exposicao_Face
23688,17,525,432,3.53,3,23688,6,Humano,Raiva,3888,Exposicao_Face
23705,17,526,440,3.53,3,23705,6,Humano,Raiva,3905,Exposicao_Face
23722,17,524,440,3.5,3,23722,6,Humano,Raiva,3922,Exposicao_Face
23738,17,526,435,3.51,3,23738,6,Humano,Raiva,3938,Exposicao_Face
23755,17,528,428,3.56,3,23755,6,Humano,Raiva,3955,Exposicao_Face
23771,17,522,440,3.51,3,23771,6,Humano,Raiva,3971,Exposicao_Face
23788,17,529,417,3.51,5,23788,6,Humano,Raiva,3988,Exposicao_Face
23805,17,519,451,3.46,3,23805,7,Humano,Feliz,5,Janela_Baseline
23821,17,532,436,3.51,3,23821,7,Humano,Feliz,21,Janela_Baseline
23838,17,529,425,3.48,3,23838,7,Humano,Feliz,38,Janela_Baseline
23855,17,529,443,3.5,3,23855,7,Humano,Feliz,55,Janela_Baseline
23871,17,533,431,3.53,3,23871,7,Humano,Feliz,71,Janela_Baseline
23888,17,517,428,3.5,3,23888,7,Humano,Feliz,88,Janela_Baseline
23905,17,528,439,3.53,3,23905,7,Humano,Feliz,105,Janela_Baseline
23921,17,532,423,3.48,3,23921,7,Humano,Feliz,121,Janela_Baseline
23938,17,532,448,3.55,3,23938,7,Humano,Feliz,138,Janela_Baseline
23954,17,527,450,3.59,3,23954,7,Humano,Feliz,154,Janela_Baseline
23971,17,532,443,3.63,3,23971,7,Humano,Feliz,171,Janela_Baseline
23988,17,536,430,3.53,3,23988,7,Humano,Feliz,188,Janela_Baseline
24004,17,535,440,3.51,3,24004,7,Humano,Feliz,204,Janela_Baseline
24021,17,531,456,3.56,3,24021,7,Humano,Feliz,221,Janela_Baseline
24038,17,525,442,3.55,3,24038,7,Humano,Feliz,238,Janela_Baseline
24054,17,534,441,3.53,3,24054,7,Humano,Feliz,254,Janela_Baseline
24071,17,534,453,3.58,3,24071,7,Humano,Feliz,271,Janela_Baseline
24088,17,523,329,3.61,1,24088,7,Humano,Feliz,288,Janela_Baseline
24104,17,512,299,3.59,1,24104,7,Humano,Feliz,304,Janela_Baseline
24121,17,517,283,3.59,1,24121,7,Humano,Feliz,321,Janela_Baseline
24137,17,510,276,3.55,1,24137,7,Humano,Feliz,337,Janela_Baseline
24154,17,506,301,3.66,1,24154,7,Humano,Feliz,354,Janela_Baseline
24171,17,503,323,3.59,1,24171,7,Humano,Feliz,371,Janela_Baseline
24187,17,513,301,3.61,1,24187,7,Humano,Feliz,387,Janela_Baseline
24204,17,503,304,3.61,1,24204,7,Humano,Feliz,404,Janela_Baseline
24221,17,516,302,3.64,1,24221,7,Humano,Feliz,421,Janela_Baseline
24237,17,512,295,3.63,1,24237,7,Humano,Feliz,437,Janela_Baseline
24254,17,512,289,3.61,1,24254,7,Humano,Feliz,454,Janela_Baseline
24271,17,498,305,3.64,1,24271,7,Humano,Feliz,471,Janela_Baseline
24287,17,512,294,3.63,1,24287,7,Humano,Feliz,487,Janela_Baseline
24304,17,512,302,3.63,1,24304,7,Humano,Feliz,504,Janela_Baseline
24320,17,512,306,3.72,1,24320,7,Humano,Feliz,520,Janela_Baseline
24337,17,511,312,3.75,1,24337,7,Humano,Feliz,537,Janela_Baseline
24354,17,507,306,3.71,1,24354,7,Humano,Feliz,554,Janela_Baseline
24370,17,506,287,3.72,1,24370,7,Humano,Feliz,570,Janela_Baseline
24387,17,505,320,3.74,1,24387,7,Humano,Feliz,587,Janela_Baseline
24404,17,507,322,3.75,1,24404,7,Humano,Feliz,604,Janela_Baseline
24420,17,506,298,3.74,1,24420,7,Humano,Feliz,620,Janela_Baseline
24437,17,520,324,3.8,1,24437,7,Humano,Feliz,637,Janela_Baseline
24454,17,527,330,3.77,1,24454,7,Humano,Feliz,654,Janela_Baseline
24470,17,526,310,3.75,1,24470,7,Humano,Feliz,670,Janela_Baseline
24487,17,526,331,3.79,1,24487,7,Humano,Feliz,687,Janela_Baseline
24503,17,525,342,3.83,1,24503,7,Humano,Feliz,703,Janela_Baseline
24520,17,529,327,3.75,1,24520,7,Humano,Feliz,720,Janela_Baseline
24537,17,527,332,3.8,1,24537,7,Humano,Feliz,737,Janela_Baseline
24553,17,525,337,3.83,1,24553,7,Humano,Feliz,753,Janela_Baseline
24570,17,527,314,3.85,1,24570,7,Humano,Feliz,770,Janela_Baseline
24587,17,528,332,3.9,1,24587,7,Humano,Feliz,787,Janela_Baseline
24603,17,522,323,3.9,1,24603,7,Humano,Feliz,803,Janela_Baseline
24620,17,524,323,3.93,1,24620,7,Humano,Feliz,820,Janela_Baseline
24637,17,527,326,3.9,1,24637,7,Humano,Feliz,837,Janela_Baseline
24653,17,524,356,3.99,1,24653,7,Humano,Feliz,853,Janela_Baseline
24670,17,529,326,3.91,1,24670,7,Humano,Feliz,870,Janela_Baseline
24686,17,524,343,3.96,1,24686,7,Humano,Feliz,886,Janela_Baseline
24703,17,528,336,3.93,1,24703,7,Humano,Feliz,903,Janela_Baseline
24720,17,530,378,3.99,2,24720,7,Humano,Feliz,920,Janela_Baseline
24736,17,553,421,3.98,3,24736,7,Humano,Feliz,936,Janela_Baseline
24753,17,536,481,3.99,3,24753,7,Humano,Feliz,953,Janela_Baseline
24770,17,536,462,3.96,3,24770,7,Humano,Feliz,970,Janela_Baseline
24786,17,532,485,4.03,3,24786,7,Humano,Feliz,986,Janela_Baseline
24803,17,542,473,4.01,3,24803,7,Humano,Feliz,1003,Janela_Baseline
24819,17,536,492,4.04,3,24819,7,Humano,Feliz,1019,Janela_Baseline
24836,17,541,468,4.06,3,24836,7,Humano,Feliz,1036,Janela_Baseline
24853,17,546,487,4.06,3,24853,7,Humano,Feliz,1053,Janela_Baseline
24869,17,535,485,4.06,3,24869,7,Humano,Feliz,1069,Janela_Baseline
24886,17,535,471,4.04,3,24886,7,Humano,Feliz,1086,Janela_Baseline
24903,17,531,461,4.03,3,24903,7,Humano,Feliz,1103,Janela_Baseline
24919,17,537,464,3.98,3,24919,7,Humano,Feliz,1119,Janela_Baseline
24936,17,534,505,4.07,3,24936,7,Humano,Feliz,1136,Janela_Baseline
24953,17,534,479,4.07,3,24953,7,Humano,Feliz,1153,Janela_Baseline
24969,17,535,472,4.06,3,24969,7,Humano,Feliz,1169,Janela_Baseline
24986,17,529,473,4.03,3,24986,7,Humano,Feliz,1186,Janela_Baseline
25002,17,531,448,4.01,3,25002,7,Humano,Feliz,1202,Janela_Baseline
25019,17,541,453,3.99,3,25019,7,Humano,Feliz,1219,Janela_Baseline
25036,17,544,465,3.96,3,25036,7,Humano,Feliz,1236,Janela_Baseline
25052,17,533,478,3.98,3,25052,7,Humano,Feliz,1252,Janela_Baseline
25069,17,513,469,3.95,3,25069,7,Humano,Feliz,1269,Janela_Baseline
25086,17,507,473,3.95,3,25086,7,Humano,Feliz,1286,Janela_Baseline
25102,17,509,464,3.9,3,25102,7,Humano,Feliz,1302,Exposicao_Face
25119,17,512,455,3.93,3,25119,7,Humano,Feliz,1319,Exposicao_Face
25136,17,511,462,3.88,3,25136,7,Humano,Feliz,1336,Exposicao_Face
25152,17,513,458,3.85,3,25152,7,Humano,Feliz,1352,Exposicao_Face
25169,17,516,452,3.87,3,25169,7,Humano,Feliz,1369,Exposicao_Face
25185,17,514,449,3.85,3,25185,7,Humano,Feliz,1385,Exposicao_Face
25202,17,519,441,3.87,3,25202,7,Humano,Feliz,1402,Exposicao_Face
25219,17,520,452,3.87,3,25219,7,Humano,Feliz,1419,Exposicao_Face
25235,17,509,457,3.88,3,25235,7,Humano,Feliz,1435,Exposicao_Face
25252,17,510,481,3.91,3,25252,7,Humano,Feliz,1452,Exposicao_Face
25269,17,511,453,3.88,3,25269,7,Humano,Feliz,1469,Exposicao_Face
25285,17,515,456,3.88,3,25285,7,Humano,Feliz,1485,Exposicao_Face
25302,17,511,446,3.87,3,25302,7,Humano,Feliz,1502,Exposicao_Face
25319,17,508,466,3.9,3,25319,7,Humano,Feliz,1519,Exposicao_Face
25335,17,514,453,3.91,3,25335,7,Humano,Feliz,1535,Exposicao_Face
25352,17,512,458,3.91,3,25352,7,Humano,Feliz,1552,Exposicao_Face
25368,17,512,458,3.91,3,25368,7,Humano,Feliz,1568,Exposicao_Face
25385,17,512,469,3.93,3,25385,7,Humano,Feliz,1585,Exposicao_Face
25402,17,513,491,3.96,3,25402,7,Humano,Feliz,1602,Exposicao_Face
25418,17,527,465,3.9,3,25418,7,Humano,Feliz,1618,Exposicao_Face
25435,17,536,451,3.85,3,25435,7,Humano,Feliz,1635,Exposicao_Face
25452,17,536,450,3.87,3,25452,7,Humano,Feliz,1652,Exposicao_Face
25468,17,538,448,3.9,3,25468,7,Humano,Feliz,1668,Exposicao_Face
25485,17,536,439,3.87,3,25485,7,Humano,Feliz,1685,Exposicao_Face
25502,17,537,438,3.91,3,25502,7,Humano,Feliz,1702,Exposicao_Face
25518,17,535,433,3.93,3,25518,7,Humano,Feliz,1718,Exposicao_Face
25535,17,534,434,3.91,3,25535,7,Humano,Feliz,1735,Exposicao_Face
25551,17,532,473,3.88,3,25551,7,Humano,Feliz,1751,Exposicao_Face
25568,17,532,465,3.93,3,25568,7,Humano,Feliz,1768,Exposicao_Face
25585,17,535,445,3.96,3,25585,7,Humano,Feliz,1785,Exposicao_Face
25601,17,536,449,3.9,3,25601,7,Humano,Feliz,1801,Exposicao_Face
25618,17,537,452,3.88,3,25618,7,Humano,Feliz,1818,Exposicao_Face
25635,17,534,451,3.9,3,25635,7,Humano,Feliz,1835,Exposicao_Face
25651,17,538,440,3.82,3,25651,7,Humano,Feliz,1851,Exposicao_Face
25668,17,535,448,3.79,3,25668,7,Humano,Feliz,1868,Exposicao_Face
25685,17,539,436,3.77,3,25685,7,Humano,Feliz,1885,Exposicao_Face
25701,17,536,456,3.82,3,25701,7,Humano,Feliz,1901,Exposicao_Face
25718,17,533,444,3.8,3,25718,7,Humano,Feliz,1918,Exposicao_Face
25734,17,546,451,3.85,3,25734,7,Humano,Feliz,1934,Exposicao_Face
25751,17,532,454,3.85,3,25751,7,Humano,Feliz,1951,Exposicao_Face
25768,17,534,453,3.8,3,25768,7,Humano,Feliz,1968,Exposicao_Face
25784,17,538,450,3.88,3,25784,7,Humano,Feliz,1984,Exposicao_Face
25801,17,537,441,3.8,3,25801,7,Humano,Feliz,2001,Exposicao_Face
25818,17,537,442,3.82,3,25818,7,Humano,Feliz,2018,Exposicao_Face
25834,17,533,449,3.82,3,25834,7,Humano,Feliz,2034,Exposicao_Face
25851,17,532,437,3.87,3,25851,7,Humano,Feliz,2051,Exposicao_Face
25868,17,533,460,3.85,3,25868,7,Humano,Feliz,2068,Exposicao_Face
25884,17,530,451,3.83,3,25884,7,Humano,Feliz,2084,Exposicao_Face
25901,17,532,458,3.85,3,25901,7,Humano,Feliz,2101,Exposicao_Face
25917,17,536,456,3.85,3,25917,7,Humano,Feliz,2117,Exposicao_Face
25934,17,533,438,3.87,3,25934,7,Humano,Feliz,2134,Exposicao_Face
25951,17,536,453,3.87,3,25951,7,Humano,Feliz,2151,Exposicao_Face
25967,17,536,442,3.83,3,25967,7,Humano,Feliz,2167,Exposicao_Face
25984,17,535,425,3.74,3,25984,7,Humano,Feliz,2184,Exposicao_Face
26001,17,519,385,3.82,2,26001,7,Humano,Feliz,2201,Exposicao_Face
26017,17,520,374,3.83,2,26017,7,Humano,Feliz,2217,Exposicao_Face
26034,17,518,378,3.83,2,26034,7,Humano,Feliz,2234,Exposicao_Face
26050,17,520,383,3.82,2,26050,7,Humano,Feliz,2250,Exposicao_Face
26067,17,523,381,3.87,2,26067,7,Humano,Feliz,2267,Exposicao_Face
26084,17,518,397,3.88,2,26084,7,Humano,Feliz,2284,Exposicao_Face
26100,17,521,373,3.83,2,26100,7,Humano,Feliz,2300,Exposicao_Face
26117,17,521,366,3.85,2,26117,7,Humano,Feliz,2317,Exposicao_Face
26134,17,520,384,3.87,2,26134,7,Humano,Feliz,2334,Exposicao_Face
26150,17,521,398,3.88,2,26150,7,Humano,Feliz,2350,Exposicao_Face
26167,17,520,373,3.91,2,26167,7,Humano,Feliz,2367,Exposicao_Face
26184,17,517,378,3.91,2,26184,7,Humano,Feliz,2384,Exposicao_Face
26200,17,520,367,3.91,2,26200,7,Humano,Feliz,2400,Exposicao_Face
26217,17,516,308,3.9,1,26217,7,Humano,Feliz,2417,Exposicao_Face
26233,17,506,309,3.93,1,26233,7,Humano,Feliz,2433,Exposicao_Face
26250,17,506,320,3.91,1,26250,7,Humano,Feliz,2450,Exposicao_Face
26267,17,509,314,3.88,1,26267,7,Humano,Feliz,2467,Exposicao_Face
26283,17,498,336,3.95,1,26283,7,Humano,Feliz,2483,Exposicao_Face
26300,17,505,308,3.96,1,26300,7,Humano,Feliz,2500,Exposicao_Face
26317,17,505,338,3.96,1,26317,7,Humano,Feliz,2517,Exposicao_Face
26333,17,503,320,3.91,1,26333,7,Humano,Feliz,2533,Exposicao_Face
26350,17,506,329,3.95,1,26350,7,Humano,Feliz,2550,Exposicao_Face
26367,17,509,298,3.88,1,26367,7,Humano,Feliz,2567,Exposicao_Face
26383,17,504,332,3.85,1,26383,7,Humano,Feliz,2583,Exposicao_Face
26400,17,513,280,3.91,1,26400,7,Humano,Feliz,2600,Exposicao_Face
26416,17,506,287,3.9,1,26416,7,Humano,Feliz,2616,Exposicao_Face
26433,17,505,304,3.9,1,26433,7,Humano,Feliz,2633,Exposicao_Face
26450,17,504,321,3.95,1,26450,7,Humano,Feliz,2650,Exposicao_Face
26466,17,504,302,3.99,1,26466,7,Humano,Feliz,2666,Exposicao_Face
26483,17,503,326,3.96,1,26483,7,Humano,Feliz,2683,Exposicao_Face
26500,17,521,348,3.96,1,26500,7,Humano,Feliz,2700,Exposicao_Face
26516,17,543,365,3.98,2,26516,7,Humano,Feliz,2716,Exposicao_Face
26533,17,537,388,3.98,2,26533,7,Humano,Feliz,2733,Exposicao_Face
26550,17,534,385,3.96,2,26550,7,Humano,Feliz,2750,Exposicao_Face
26566,17,544,383,3.98,2,26566,7,Humano,Feliz,2766,Exposicao_Face
26583,17,531,411,4.01,2,26583,7,Humano,Feliz,2783,Exposicao_Face
26599,17,537,383,3.95,2,26599,7,Humano,Feliz,2799,Exposicao_Face
26616,17,537,379,3.99,2,26616,7,Humano,Feliz,2816,Exposicao_Face
26633,17,536,386,3.99,2,26633,7,Humano,Feliz,2833,Exposicao_Face
26649,17,533,414,4.06,2,26649,7,Humano,Feliz,2849,Exposicao_Face
26666,17,532,393,4.03,2,26666,7,Humano,Feliz,2866,Exposicao_Face
26683,17,538,387,3.98,2,26683,7,Humano,Feliz,2883,Exposicao_Face
26699,17,538,389,3.99,2,26699,7,Humano,Feliz,2899,Exposicao_Face
26716,17,533,371,3.96,2,26716,7,Humano,Feliz,2916,Exposicao_Face
26733,17,531,359,3.99,1,26733,7,Humano,Feliz,2933,Exposicao_Face
26749,17,520,685,3.96,3,26749,7,Humano,Feliz,2949,Exposicao_Face
26882,133,474,922,0.0,0,26882,7,Humano,Feliz,3082,Exposicao_Face
26899,17,498,303,-1.0,1,26899,7,Humano,Feliz,3099,Exposicao_Face
26916,17,474,692,4.04,3,26916,7,Humano,Feliz,3116,Exposicao_Face
26932,17,484,612,4.03,3,26932,7,Humano,Feliz,3132,Exposicao_Face
26949,17,498,519,3.99,3,26949,7,Humano,Feliz,3149,Exposicao_Face
26965,17,492,471,3.98,3,26965,7,Humano,Feliz,3165,Exposicao_Face
26982,17,507,445,4.01,3,26982,7,Humano,Feliz,3182,Exposicao_Face
26999,17,496,368,3.96,2,26999,7,Humano,Feliz,3199,Exposicao_Face
27015,17,507,338,3.98,1,27015,7,Humano,Feliz,3215,Exposicao_Face
27032,17,514,308,3.96,1,27032,7,Humano,Feliz,3232,Exposicao_Face
27049,17,520,257,3.96,1,27049,7,Humano,Feliz,3249,Exposicao_Face
27065,17,513,250,3.98,1,27065,7,Humano,Feliz,3265,Exposicao_Face
27082,17,517,255,3.99,1,27082,7,Humano,Feliz,3282,Exposicao_Face
27098,17,517,216,4.03,1,27098,7,Humano,Feliz,3298,Exposicao_Face
27115,17,518,218,3.96,1,27115,7,Humano,Feliz,3315,Exposicao_Face
27132,17,516,232,4.01,1,27132,7,Humano,Feliz,3332,Exposicao_Face
27148,17,511,332,3.99,1,27148,7,Humano,Feliz,3348,Exposicao_Face
27165,17,519,224,3.98,1,27165,7,Humano,Feliz,3365,Exposicao_Face
27182,17,520,216,3.98,1,27182,7,Humano,Feliz,3382,Exposicao_Face
27198,17,518,257,3.99,1,27198,7,Humano,Feliz,3398,Exposicao_Face
27215,17,512,332,3.96,1,27215,7,Humano,Feliz,3415,Exposicao_Face
27232,17,511,354,3.91,1,27232,7,Humano,Feliz,3432,Exposicao_Face
27248,17,513,346,3.88,1,27248,7,Humano,Feliz,3448,Exposicao_Face
27265,17,514,344,3.93,1,27265,7,Humano,Feliz,3465,Exposicao_Face
27281,17,512,341,3.8,1,27281,7,Humano,Feliz,3481,Exposicao_Face
27298,17,515,351,3.83,1,27298,7,Humano,Feliz,3498,Exposicao_Face
27315,17,516,353,3.8,1,27315,7,Humano,Feliz,3515,Exposicao_Face
27331,17,512,375,3.83,2,27331,7,Humano,Feliz,3531,Exposicao_Face
27348,17,510,350,3.77,1,27348,7,Humano,Feliz,3548,Exposicao_Face
27365,17,514,352,3.8,1,27365,7,Humano,Feliz,3565,Exposicao_Face
27381,17,513,362,3.8,1,27381,7,Humano,Feliz,3581,Exposicao_Face
27398,17,515,349,3.83,1,27398,7,Humano,Feliz,3598,Exposicao_Face
27415,17,512,346,3.79,1,27415,7,Humano,Feliz,3615,Exposicao_Face
27431,17,510,372,3.8,2,27431,7,Humano,Feliz,3631,Exposicao_Face
27448,17,505,357,3.87,1,27448,7,Humano,Feliz,3648,Exposicao_Face
27464,17,511,355,3.82,1,27464,7,Humano,Feliz,3664,Exposicao_Face
27481,17,513,352,3.82,1,27481,7,Humano,Feliz,3681,Exposicao_Face
27498,17,524,377,3.8,2,27498,7,Humano,Feliz,3698,Exposicao_Face
27514,17,539,431,3.83,3,27514,7,Humano,Feliz,3714,Exposicao_Face
27531,17,534,431,3.83,3,27531,7,Humano,Feliz,3731,Exposicao_Face
27548,17,540,421,3.83,3,27548,7,Humano,Feliz,3748,Exposicao_Face
27564,17,536,426,3.87,3,27564,7,Humano,Feliz,3764,Exposicao_Face
27581,17,540,413,3.82,2,27581,7,Humano,Feliz,3781,Exposicao_Face
27598,17,529,439,3.88,3,27598,7,Humano,Feliz,3798,Exposicao_Face
27614,17,531,424,3.82,3,27614,7,Humano,Feliz,3814,Exposicao_Face
27631,17,535,441,3.85,3,27631,7,Humano,Feliz,3831,Exposicao_Face
27647,17,532,441,3.82,3,27647,7,Humano,Feliz,3847,Exposicao_Face
27664,17,533,451,3.82,3,27664,7,Humano,Feliz,3864,Exposicao_Face
27681,17,534,439,3.83,3,27681,7,Humano,Feliz,3881,Exposicao_Face
27697,17,535,432,3.87,3,27697,7,Humano,Feliz,3897,Exposicao_Face
27714,17,526,427,3.83,3,27714,7,Humano,Feliz,3914,Exposicao_Face
27731,17,532,427,3.83,3,27731,7,Humano,Feliz,3931,Exposicao_Face
27747,17,532,360,3.85,1,27747,7,Humano,Feliz,3947,Exposicao_Face
27764,17,534,323,3.85,1,27764,7,Humano,Feliz,3964,Exposicao_Face
27781,17,528,298,3.82,1,27781,7,Humano,Feliz,3981,Exposicao_Face
27797,17,526,314,3.85,1,27797,7,Humano,Feliz,3997,Exposicao_Face
27814,17,527,319,3.83,1,27814,8,Humano,Neutro,14,Janela_Baseline
27830,17,537,336,3.83,1,27830,8,Humano,Neutro,30,Janela_Baseline
27847,17,530,343,3.9,1,27847,8,Humano,Neutro,47,Janela_Baseline
27864,17,538,321,3.8,1,27864,8,Humano,Neutro,64,Janela_Baseline
27880,17,531,278,3.82,1,27880,8,Humano,Neutro,80,Janela_Baseline
27897,17,529,288,3.9,1,27897,8,Humano,Neutro,97,Janela_Baseline
27914,17,531,285,3.85,1,27914,8,Humano,Neutro,114,Janela_Baseline
27930,17,531,293,3.88,1,27930,8,Humano,Neutro,130,Janela_Baseline
27947,17,530,291,3.85,1,27947,8,Humano,Neutro,147,Janela_Baseline
27964,17,536,250,3.85,1,27964,8,Humano,Neutro,164,Janela_Baseline
27980,17,534,252,3.91,1,27980,8,Humano,Neutro,180,Janela_Baseline
27997,17,541,269,3.88,1,27997,8,Humano,Neutro,197,Janela_Baseline
28013,17,540,234,3.9,1,28013,8,Humano,Neutro,213,Janela_Baseline
28030,17,542,277,3.87,1,28030,8,Humano,Neutro,230,Janela_Baseline
28047,17,541,238,3.88,1,28047,8,Humano,Neutro,247,Janela_Baseline
28063,17,542,267,3.88,1,28063,8,Humano,Neutro,263,Janela_Baseline
28080,17,533,275,3.87,1,28080,8,Humano,Neutro,280,Janela_Baseline
28097,17,536,279,3.9,1,28097,8,Humano,Neutro,297,Janela_Baseline
28113,17,536,253,3.99,1,28113,8,Humano,Neutro,313,Janela_Baseline
28130,17,535,238,3.95,1,28130,8,Humano,Neutro,330,Janela_Baseline
28147,17,536,246,3.98,1,28147,8,Humano,Neutro,347,Janela_Baseline
28163,17,538,289,3.93,1,28163,8,Humano,Neutro,363,Janela_Baseline
28180,17,537,239,3.99,1,28180,8,Humano,Neutro,380,Janela_Baseline
28196,17,544,223,3.98,1,28196,8,Humano,Neutro,396,Janela_Baseline
28246,50,543,264,3.96,1,28246,8,Humano,Neutro,446,Janela_Baseline
28479,233,507,355,0.0,1,28479,8,Humano,Neutro,679,Janela_Baseline
28496,17,500,479,3.98,3,28496,8,Humano,Neutro,696,Janela_Baseline
28512,17,533,379,0.0,2,28512,8,Humano,Neutro,712,Janela_Baseline
28529,17,520,305,0.0,1,28529,8,Humano,Neutro,729,Janela_Baseline
28546,17,507,377,0.0,2,28546,8,Humano,Neutro,746,Janela_Baseline
28562,17,492,432,0.0,3,28562,8,Humano,Neutro,762,Janela_Baseline
28579,17,494,445,0.0,3,28579,8,Humano,Neutro,779,Janela_Baseline
28862,283,546,394,0.0,2,28862,8,Humano,Neutro,1062,Janela_Baseline
30974,2113,530,374,0.0,2,30974,8,Humano,Neutro,3174,Exposicao_Face
30991,17,527,357,0.0,1,30991,8,Humano,Neutro,3191,Exposicao_Face
31008,17,538,304,0.0,1,31008,8,Humano,Neutro,3208,Exposicao_Face
31024,17,532,351,0.0,1,31024,8,Humano,Neutro,3224,Exposicao_Face
31074,50,552,305,3.48,1,31074,8,Humano,Neutro,3274,Exposicao_Face
31091,17,543,335,3.56,1,31091,8,Humano,Neutro,3291,Exposicao_Face
31108,17,547,350,3.56,1,31108,8,Humano,Neutro,3308,Exposicao_Face
31124,17,519,396,3.58,2,31124,8,Humano,Neutro,3324,Exposicao_Face
31141,17,555,402,3.55,2,31141,8,Humano,Neutro,3341,Exposicao_Face
31157,17,538,399,3.58,2,31157,8,Humano,Neutro,3357,Exposicao_Face
31174,17,548,419,3.59,3,31174,8,Humano,Neutro,3374,Exposicao_Face
31191,17,529,451,3.59,3,31191,8,Humano,Neutro,3391,Exposicao_Face
31207,17,589,447,-1.0,3,31207,8,Humano,Neutro,3407,Exposicao_Face
31224,17,536,334,3.53,1,31224,8,Humano,Neutro,3424,Exposicao_Face
31241,17,545,353,3.61,1,31241,8,Humano,Neutro,3441,Exposicao_Face
31257,17,541,353,3.59,1,31257,8,Humano,Neutro,3457,Exposicao_Face
31274,17,542,337,3.61,1,31274,8,Humano,Neutro,3474,Exposicao_Face
31291,17,539,313,3.59,1,31291,8,Humano,Neutro,3491,Exposicao_Face
31307,17,540,357,3.63,1,31307,8,Humano,Neutro,3507,Exposicao_Face
31324,17,537,356,3.64,1,31324,8,Humano,Neutro,3524,Exposicao_Face
31340,17,536,339,3.66,1,31340,8,Humano,Neutro,3540,Exposicao_Face
31357,17,533,338,3.67,1,31357,8,Humano,Neutro,3557,Exposicao_Face
31374,17,537,343,3.59,1,31374,8,Humano,Neutro,3574,Exposicao_Face
31390,17,539,332,3.63,1,31390,8,Humano,Neutro,3590,Exposicao_Face
31407,17,542,344,3.61,1,31407,8,Humano,Neutro,3607,Exposicao_Face
31424,17,537,328,3.58,1,31424,8,Humano,Neutro,3624,Exposicao_Face
31440,17,531,346,3.61,1,31440,8,Humano,Neutro,3640,Exposicao_Face
31457,17,536,338,3.63,1,31457,8,Humano,Neutro,3657,Exposicao_Face
31474,17,547,356,3.61,1,31474,8,Humano,Neutro,3674,Exposicao_Face
31490,17,546,339,3.59,1,31490,8,Humano,Neutro,3690,Exposicao_Face
31507,17,545,351,3.63,1,31507,8,Humano,Neutro,3707,Exposicao_Face
31523,17,537,357,3.56,1,31523,8,Humano,Neutro,3723,Exposicao_Face
31540,17,513,354,3.53,1,31540,8,Humano,Neutro,3740,Exposicao_Face
31557,17,524,341,3.53,1,31557,8,Humano,Neutro,3757,Exposicao_Face
31573,17,495,510,3.58,3,31573,8,Humano,Neutro,3773,Exposicao_Face
31590,17,513,358,3.58,1,31590,8,Humano,Neutro,3790,Exposicao_Face
31607,17,522,366,3.59,2,31607,8,Humano,Neutro,3807,Exposicao_Face
31623,17,503,378,3.56,2,31623,8,Humano,Neutro,3823,Exposicao_Face
31640,17,519,365,3.61,2,31640,8,Humano,Neutro,3840,Exposicao_Face
31656,17,512,355,3.53,1,31656,8,Humano,Neutro,3856,Exposicao_Face
31673,17,523,349,3.53,1,31673,8,Humano,Neutro,3873,Exposicao_Face
31690,17,523,344,3.51,1,31690,8,Humano,Neutro,3890,Exposicao_Face
31706,17,516,370,3.59,2,31706,8,Humano,Neutro,3906,Exposicao_Face
31723,17,515,381,3.5,2,31723,8,Humano,Neutro,3923,Exposicao_Face
31740,17,512,422,3.55,3,31740,8,Humano,Neutro,3940,Exposicao_Face
31756,17,523,452,3.59,3,31756,8,Humano,Neutro,3956,Exposicao_Face
31773,17,491,587,3.58,3,31773,8,Humano,Neutro,3973,Exposicao_Face
31790,17,496,601,3.58,3,31790,8,Humano,Neutro,3990,Exposicao_Face
31806,17,507,485,3.53,3,31806,9,Humano,Raiva,6,Janela_Baseline
31823,17,517,434,3.56,3,31823,9,Humano,Raiva,23,Janela_Baseline
31839,17,515,491,3.58,3,31839,9,Humano,Raiva,39,Janela_Baseline
31856,17,524,480,3.58,3,31856,9,Humano,Raiva,56,Janela_Baseline
31873,17,523,468,3.61,3,31873,9,Humano,Raiva,73,Janela_Baseline
31889,17,521,403,3.53,2,31889,9,Humano,Raiva,89,Janela_Baseline
31906,17,526,410,3.53,2,31906,9,Humano,Raiva,106,Janela_Baseline
31923,17,532,430,3.56,3,31923,9,Humano,Raiva,123,Janela_Baseline
31939,17,530,428,3.58,3,31939,9,Humano,Raiva,139,Janela_Baseline
31956,17,514,409,3.5,2,31956,9,Humano,Raiva,156,Janela_Baseline
31973,17,521,422,3.56,3,31973,9,Humano,Raiva,173,Janela_Baseline
31989,17,529,412,3.51,2,31989,9,Humano,Raiva,189,Janela_Baseline
32006,17,518,403,3.51,2,32006,9,Humano,Raiva,206,Janela_Baseline
32022,17,529,432,3.51,3,32022,9,Humano,Raiva,222,Janela_Baseline
32039,17,523,425,3.53,3,32039,9,Humano,Raiva,239,Janela_Baseline
32056,17,543,418,3.51,6,32056,9,Humano,Raiva,256,Janela_Baseline
32072,17,576,364,3.59,0,32072,9,Humano,Raiva,272,Janela_Baseline
32089,17,580,304,3.53,1,32089,9,Humano,Raiva,289,Janela_Baseline
32106,17,583,315,3.61,1,32106,9,Humano,Raiva,306,Janela_Baseline
32122,17,583,324,3.53,1,32122,9,Humano,Raiva,322,Janela_Baseline
32139,17,577,352,3.56,1,32139,9,Humano,Raiva,339,Janela_Baseline
32156,17,575,366,3.59,2,32156,9,Humano,Raiva,356,Janela_Baseline
32172,17,577,357,3.58,1,32172,9,Humano,Raiva,372,Janela_Baseline
32189,17,582,340,3.61,1,32189,9,Humano,Raiva,389,Janela_Baseline
32205,17,574,329,3.59,1,32205,9,Humano,Raiva,405,Janela_Baseline
32222,17,578,333,3.64,1,32222,9,Humano,Raiva,422,Janela_Baseline
32239,17,585,288,3.61,1,32239,9,Humano,Raiva,439,Janela_Baseline
32255,17,593,293,3.63,1,32255,9,Humano,Raiva,455,Janela_Baseline
32272,17,598,287,3.66,1,32272,9,Humano,Raiva,472,Janela_Baseline
32289,17,582,321,3.63,1,32289,9,Humano,Raiva,489,Janela_Baseline
32305,17,587,310,3.64,1,32305,9,Humano,Raiva,505,Janela_Baseline
32322,17,590,308,3.64,1,32322,9,Humano,Raiva,522,Janela_Baseline
32339,17,583,304,3.66,1,32339,9,Humano,Raiva,539,Janela_Baseline
32355,17,594,306,3.63,1,32355,9,Humano,Raiva,555,Janela_Baseline
32372,17,586,311,3.67,1,32372,9,Humano,Raiva,572,Janela_Baseline
32388,17,591,292,3.64,1,32388,9,Humano,Raiva,588,Janela_Baseline
32405,17,593,291,3.69,1,32405,9,Humano,Raiva,605,Janela_Baseline
32422,17,586,294,3.71,1,32422,9,Humano,Raiva,622,Janela_Baseline
32438,17,594,282,3.64,1,32438,9,Humano,Raiva,638,Janela_Baseline
32455,17,596,317,3.67,1,32455,9,Humano,Raiva,655,Janela_Baseline
32472,17,676,258,3.69,1,32472,9,Humano,Raiva,672,Janela_Baseline
32488,17,706,303,3.66,1,32488,9,Humano,Raiva,688,Janela_Baseline
32505,17,689,297,3.69,1,32505,9,Humano,Raiva,705,Janela_Baseline
32522,17,702,221,3.69,1,32522,9,Humano,Raiva,722,Janela_Baseline
32538,17,707,241,3.71,1,32538,9,Humano,Raiva,738,Janela_Baseline
32555,17,695,258,3.72,1,32555,9,Humano,Raiva,755,Janela_Baseline
32571,17,702,261,3.72,1,32571,9,Humano,Raiva,771,Janela_Baseline
32588,17,709,244,3.67,1,32588,9,Humano,Raiva,788,Janela_Baseline
32605,17,703,254,3.72,1,32605,9,Humano,Raiva,805,Janela_Baseline
32621,17,704,251,3.75,1,32621,9,Humano,Raiva,821,Janela_Baseline
32638,17,702,237,3.72,1,32638,9,Humano,Raiva,838,Janela_Baseline
32655,17,701,273,3.72,1,32655,9,Humano,Raiva,855,Janela_Baseline
32671,17,694,265,3.74,1,32671,9,Humano,Raiva,871,Janela_Baseline
32688,17,701,237,3.71,1,32688,9,Humano,Raiva,888,Janela_Baseline
32705,17,710,228,3.75,1,32705,9,Humano,Raiva,905,Janela_Baseline
32721,17,714,219,3.72,1,32721,9,Humano,Raiva,921,Janela_Baseline
32738,17,695,253,3.79,1,32738,9,Humano,Raiva,938,Janela_Baseline
32754,17,696,252,3.75,1,32754,9,Humano,Raiva,954,Janela_Baseline
32771,17,694,248,3.71,1,32771,9,Humano,Raiva,971,Janela_Baseline
32788,17,706,245,3.79,1,32788,9,Humano,Raiva,988,Janela_Baseline
32804,17,699,275,3.79,1,32804,9,Humano,Raiva,1004,Janela_Baseline
32821,17,697,238,3.8,1,32821,9,Humano,Raiva,1021,Janela_Baseline
32838,17,698,228,3.82,1,32838,9,Humano,Raiva,1038,Janela_Baseline
32854,17,702,248,3.72,1,32854,9,Humano,Raiva,1054,Janela_Baseline
32871,17,696,269,3.75,1,32871,9,Humano,Raiva,1071,Janela_Baseline
32887,17,696,238,3.72,1,32887,9,Humano,Raiva,1087,Janela_Baseline
32904,17,686,293,3.67,1,32904,9,Humano,Raiva,1104,Janela_Baseline
32921,17,692,310,3.75,1,32921,9,Humano,Raiva,1121,Janela_Baseline
32937,17,704,259,3.64,1,32937,9,Humano,Raiva,1137,Janela_Baseline
32954,17,696,286,3.74,1,32954,9,Humano,Raiva,1154,Janela_Baseline
32971,17,710,238,3.69,1,32971,9,Humano,Raiva,1171,Janela_Baseline
32987,17,707,299,3.71,1,32987,9,Humano,Raiva,1187,Janela_Baseline
33004,17,706,263,3.64,1,33004,9,Humano,Raiva,1204,Janela_Baseline
33021,17,708,264,3.69,1,33021,9,Humano,Raiva,1221,Janela_Baseline
33037,17,713,257,3.66,1,33037,9,Humano,Raiva,1237,Janela_Baseline
33054,17,708,265,3.64,1,33054,9,Humano,Raiva,1254,Janela_Baseline
33070,17,710,256,3.71,1,33070,9,Humano,Raiva,1270,Janela_Baseline
33087,17,710,267,3.71,1,33087,9,Humano,Raiva,1287,Janela_Baseline
33104,17,710,267,3.64,1,33104,9,Humano,Raiva,1304,Exposicao_Face
33120,17,710,286,3.67,1,33120,9,Humano,Raiva,1320,Exposicao_Face
33137,17,713,236,3.64,1,33137,9,Humano,Raiva,1337,Exposicao_Face
33154,17,713,252,3.63,1,33154,9,Humano,Raiva,1354,Exposicao_Face
33170,17,682,285,3.67,1,33170,9,Humano,Raiva,1370,Exposicao_Face
33187,17,611,318,3.64,1,33187,9,Humano,Raiva,1387,Exposicao_Face
33204,17,571,327,3.66,1,33204,9,Humano,Raiva,1404,Exposicao_Face
33220,17,569,319,3.66,1,33220,9,Humano,Raiva,1420,Exposicao_Face
33237,17,568,311,3.63,1,33237,9,Humano,Raiva,1437,Exposicao_Face
33253,17,566,308,3.64,1,33253,9,Humano,Raiva,1453,Exposicao_Face
33270,17,568,355,3.93,1,33270,9,Humano,Raiva,1470,Exposicao_Face
33287,17,558,393,3.91,2,33287,9,Humano,Raiva,1487,Exposicao_Face
33303,17,563,291,3.64,1,33303,9,Humano,Raiva,1503,Exposicao_Face
33320,17,565,355,3.79,1,33320,9,Humano,Raiva,1520,Exposicao_Face
33337,17,587,305,3.66,1,33337,9,Humano,Raiva,1537,Exposicao_Face
33353,17,564,312,3.67,1,33353,9,Humano,Raiva,1553,Exposicao_Face
33370,17,565,364,3.8,0,33370,9,Humano,Raiva,1570,Exposicao_Face
33387,17,564,358,3.93,1,33387,9,Humano,Raiva,1587,Exposicao_Face
33403,17,560,415,4.12,2,33403,9,Humano,Raiva,1603,Exposicao_Face
33420,17,631,342,3.72,1,33420,9,Humano,Raiva,1620,Exposicao_Face
33436,17,704,317,3.71,1,33436,9,Humano,Raiva,1636,Exposicao_Face
33453,17,720,341,3.71,1,33453,9,Humano,Raiva,1653,Exposicao_Face
33470,17,708,331,3.71,1,33470,9,Humano,Raiva,1670,Exposicao_Face
33486,17,718,327,3.71,1,33486,9,Humano,Raiva,1686,Exposicao_Face
33503,17,713,316,3.69,1,33503,9,Humano,Raiva,1703,Exposicao_Face
33520,17,729,332,3.71,1,33520,9,Humano,Raiva,1720,Exposicao_Face
33536,17,720,322,3.67,1,33536,9,Humano,Raiva,1736,Exposicao_Face
33553,17,720,313,3.71,1,33553,9,Humano,Raiva,1753,Exposicao_Face
33570,17,724,310,3.67,1,33570,9,Humano,Raiva,1770,Exposicao_Face
33586,17,711,310,3.75,1,33586,9,Humano,Raiva,1786,Exposicao_Face
33603,17,717,316,3.67,1,33603,9,Humano,Raiva,1803,Exposicao_Face
33619,17,716,333,3.69,1,33619,9,Humano,Raiva,1819,Exposicao_Face
33636,17,715,321,3.69,1,33636,9,Humano,Raiva,1836,Exposicao_Face
33653,17,726,273,3.64,1,33653,9,Humano,Raiva,1853,Exposicao_Face
33669,17,729,317,3.67,1,33669,9,Humano,Raiva,1869,Exposicao_Face
33686,17,715,318,3.63,1,33686,9,Humano,Raiva,1886,Exposicao_Face
33703,17,723,333,3.69,1,33703,9,Humano,Raiva,1903,Exposicao_Face
33719,17,645,323,3.74,1,33719,9,Humano,Raiva,1919,Exposicao_Face
33736,17,545,377,3.66,2,33736,9,Humano,Raiva,1936,Exposicao_Face
33753,17,480,312,3.56,1,33753,9,Humano,Raiva,1953,Exposicao_Face
33769,17,477,402,3.61,2,33769,9,Humano,Raiva,1969,Exposicao_Face
33786,17,445,405,3.72,2,33786,9,Humano,Raiva,1986,Exposicao_Face
33802,17,467,371,3.59,2,33802,9,Humano,Raiva,2002,Exposicao_Face
33819,17,485,346,3.59,1,33819,9,Humano,Raiva,2019,Exposicao_Face
33836,17,476,420,3.72,3,33836,9,Humano,Raiva,2036,Exposicao_Face
33852,17,455,429,3.64,3,33852,9,Humano,Raiva,2052,Exposicao_Face
33869,17,481,337,3.61,1,33869,9,Humano,Raiva,2069,Exposicao_Face
33886,17,470,434,3.63,3,33886,9,Humano,Raiva,2086,Exposicao_Face
33902,17,474,436,3.75,3,33902,9,Humano,Raiva,2102,Exposicao_Face
33919,17,476,335,3.66,1,33919,9,Humano,Raiva,2119,Exposicao_Face
33936,17,473,375,3.69,2,33936,9,Humano,Raiva,2136,Exposicao_Face
33952,17,474,452,4.17,3,33952,9,Humano,Raiva,2152,Exposicao_Face
33969,17,481,462,3.83,3,33969,9,Humano,Raiva,2169,Exposicao_Face
33985,17,477,435,3.72,3,33985,9,Humano,Raiva,2185,Exposicao_Face
34002,17,481,337,3.67,1,34002,9,Humano,Raiva,2202,Exposicao_Face
34019,17,460,444,3.77,3,34019,9,Humano,Raiva,2219,Exposicao_Face
34035,17,472,438,3.74,3,34035,9,Humano,Raiva,2235,Exposicao_Face
34052,17,483,369,3.72,2,34052,9,Humano,Raiva,2252,Exposicao_Face
34069,17,462,446,3.8,3,34069,9,Humano,Raiva,2269,Exposicao_Face
34085,17,468,467,4.12,3,34085,9,Humano,Raiva,2285,Exposicao_Face
34102,17,574,339,3.77,1,34102,9,Humano,Raiva,2302,Exposicao_Face
34118,17,579,325,3.82,1,34118,9,Humano,Raiva,2318,Exposicao_Face
34135,17,578,326,3.77,1,34135,9,Humano,Raiva,2335,Exposicao_Face
34152,17,574,318,3.77,1,34152,9,Humano,Raiva,2352,Exposicao_Face
34168,17,583,346,3.82,1,34168,9,Humano,Raiva,2368,Exposicao_Face
34185,17,575,329,3.82,1,34185,9,Humano,Raiva,2385,Exposicao_Face
34202,17,578,327,3.85,1,34202,9,Humano,Raiva,2402,Exposicao_Face
34218,17,574,341,3.85,1,34218,9,Humano,Raiva,2418,Exposicao_Face
34235,17,576,325,3.79,1,34235,9,Humano,Raiva,2435,Exposicao_Face
34252,17,576,323,3.79,1,34252,9,Humano,Raiva,2452,Exposicao_Face
34268,17,577,313,3.82,1,34268,9,Humano,Raiva,2468,Exposicao_Face
34285,17,570,441,4.33,3,34285,9,Humano,Raiva,2485,Exposicao_Face
34301,17,585,298,3.8,1,34301,9,Humano,Raiva,2501,Exposicao_Face
34318,17,577,326,3.85,1,34318,9,Humano,Raiva,2518,Exposicao_Face
34335,17,574,315,3.85,1,34335,9,Humano,Raiva,2535,Exposicao_Face
34351,17,577,335,3.83,1,34351,9,Humano,Raiva,2551,Exposicao_Face
34368,17,572,466,4.46,3,34368,9,Humano,Raiva,2568,Exposicao_Face
34385,17,576,332,3.82,1,34385,9,Humano,Raiva,2585,Exposicao_Face
34401,17,577,333,3.85,1,34401,9,Humano,Raiva,2601,Exposicao_Face
34418,17,574,331,3.85,1,34418,9,Humano,Raiva,2618,Exposicao_Face
34435,17,576,340,3.88,1,34435,9,Humano,Raiva,2635,Exposicao_Face
34451,17,583,327,3.88,1,34451,9,Humano,Raiva,2651,Exposicao_Face
34468,17,577,320,3.87,1,34468,9,Humano,Raiva,2668,Exposicao_Face
34484,17,578,330,3.91,1,34484,9,Humano,Raiva,2684,Exposicao_Face
34501,17,573,479,4.56,3,34501,9,Humano,Raiva,2701,Exposicao_Face
34518,17,579,328,3.95,1,34518,9,Humano,Raiva,2718,Exposicao_Face
34534,17,574,334,3.87,1,34534,9,Humano,Raiva,2734,Exposicao_Face
34551,17,570,350,3.93,1,34551,9,Humano,Raiva,2751,Exposicao_Face
34568,17,521,380,3.95,2,34568,9,Humano,Raiva,2768,Exposicao_Face
34584,17,529,399,4.12,2,34584,9,Humano,Raiva,2784,Exposicao_Face
34601,17,529,459,4.38,3,34601,9,Humano,Raiva,2801,Exposicao_Face
34618,17,526,495,4.49,3,34618,9,Humano,Raiva,2818,Exposicao_Face
34634,17,523,438,4.27,3,34634,9,Humano,Raiva,2834,Exposicao_Face
34651,17,511,453,4.25,3,34651,9,Humano,Raiva,2851,Exposicao_Face
34667,17,530,346,3.91,1,34667,9,Humano,Raiva,2867,Exposicao_Face
34684,17,530,355,3.91,1,34684,9,Humano,Raiva,2884,Exposicao_Face
34701,17,521,445,4.22,3,34701,9,Humano,Raiva,2901,Exposicao_Face
34717,17,523,423,4.17,3,34717,9,Humano,Raiva,2917,Exposicao_Face
34734,17,530,443,4.17,3,34734,9,Humano,Raiva,2934,Exposicao_Face
34751,17,529,369,3.91,2,34751,9,Humano,Raiva,2951,Exposicao_Face
34767,17,534,349,3.87,1,34767,9,Humano,Raiva,2967,Exposicao_Face
34784,17,532,461,4.28,3,34784,9,Humano,Raiva,2984,Exposicao_Face
34801,17,526,476,4.35,3,34801,9,Humano,Raiva,3001,Exposicao_Face
34817,17,524,488,4.36,3,34817,9,Humano,Raiva,3017,Exposicao_Face
34834,17,525,462,4.35,3,34834,9,Humano,Raiva,3034,Exposicao_Face
34850,17,527,350,3.83,1,34850,9,Humano,Raiva,3050,Exposicao_Face
34867,17,528,442,4.2,3,34867,9,Humano,Raiva,3067,Exposicao_Face
34884,17,525,444,4.14,3,34884,9,Humano,Raiva,3084,Exposicao_Face
34900,17,526,439,4.19,3,34900,9,Humano,Raiva,3100,Exposicao_Face
34917,17,526,446,4.14,3,34917,9,Humano,Raiva,3117,Exposicao_Face
34934,17,525,428,4.11,3,34934,9,Humano,Raiva,3134,Exposicao_Face
34950,17,526,352,3.82,1,34950,9,Humano,Raiva,3150,Exposicao_Face
34967,17,527,448,4.32,3,34967,9,Humano,Raiva,3167,Exposicao_Face
34984,17,535,300,3.74,1,34984,9,Humano,Raiva,3184,Exposicao_Face
35000,17,532,317,3.83,1,35000,9,Humano,Raiva,3200,Exposicao_Face
35017,17,536,344,3.79,1,35017,9,Humano,Raiva,3217,Exposicao_Face
35033,17,529,339,3.82,1,35033,9,Humano,Raiva,3233,Exposicao_Face
35050,17,528,346,3.83,1,35050,9,Humano,Raiva,3250,Exposicao_Face
35067,17,522,424,4.28,3,35067,9,Humano,Raiva,3267,Exposicao_Face
35083,17,449,439,4.28,3,35083,9,Humano,Raiva,3283,Exposicao_Face
35100,17,534,324,3.85,1,35100,9,Humano,Raiva,3300,Exposicao_Face
35117,17,524,432,4.32,3,35117,9,Humano,Raiva,3317,Exposicao_Face
35133,17,528,327,3.87,1,35133,9,Humano,Raiva,3333,Exposicao_Face
35150,17,523,407,4.24,2,35150,9,Humano,Raiva,3350,Exposicao_Face
35166,17,523,459,4.41,3,35166,9,Humano,Raiva,3366,Exposicao_Face
35183,17,525,427,4.25,3,35183,9,Humano,Raiva,3383,Exposicao_Face
35200,17,525,432,4.27,3,35200,9,Humano,Raiva,3400,Exposicao_Face
35216,17,525,430,4.3,3,35216,9,Humano,Raiva,3416,Exposicao_Face
35233,17,527,418,4.3,3,35233,9,Humano,Raiva,3433,Exposicao_Face
35250,17,523,454,4.41,3,35250,9,Humano,Raiva,3450,Exposicao_Face
35266,17,524,460,4.4,3,35266,9,Humano,Raiva,3466,Exposicao_Face
35283,17,526,364,3.96,0,35283,9,Humano,Raiva,3483,Exposicao_Face
35300,17,525,411,4.19,2,35300,9,Humano,Raiva,3500,Exposicao_Face
35316,17,528,384,4.09,2,35316,9,Humano,Raiva,3516,Exposicao_Face
35333,17,526,447,4.33,3,35333,9,Humano,Raiva,3533,Exposicao_Face
35349,17,534,433,4.32,3,35349,9,Humano,Raiva,3549,Exposicao_Face
35366,17,527,376,4.19,2,35366,9,Humano,Raiva,3566,Exposicao_Face
35383,17,522,449,4.4,3,35383,9,Humano,Raiva,3583,Exposicao_Face
35399,17,528,388,4.3,2,35399,9,Humano,Raiva,3599,Exposicao_Face
35416,17,529,375,4.14,2,35416,9,Humano,Raiva,3616,Exposicao_Face
35433,17,527,425,4.3,3,35433,9,Humano,Raiva,3633,Exposicao_Face
35449,17,486,416,4.2,2,35449,9,Humano,Raiva,3649,Exposicao_Face
35466,17,530,415,4.25,2,35466,9,Humano,Raiva,3666,Exposicao_Face
35483,17,528,387,4.15,2,35483,9,Humano,Raiva,3683,Exposicao_Face
35499,17,535,358,3.99,1,35499,9,Humano,Raiva,3699,Exposicao_Face
35516,17,528,398,4.22,2,35516,9,Humano,Raiva,3716,Exposicao_Face
35532,17,524,419,4.33,3,35532,9,Humano,Raiva,3732,Exposicao_Face
35549,17,526,411,4.33,2,35549,9,Humano,Raiva,3749,Exposicao_Face
35566,17,527,386,4.01,2,35566,9,Humano,Raiva,3766,Exposicao_Face
35582,17,493,455,4.15,3,35582,9,Humano,Raiva,3782,Exposicao_Face
35599,17,526,458,4.28,3,35599,9,Humano,Raiva,3799,Exposicao_Face
35616,17,524,478,4.32,3,35616,9,Humano,Raiva,3816,Exposicao_Face
35632,17,497,429,4.12,3,35632,9,Humano,Raiva,3832,Exposicao_Face
35649,17,495,438,4.07,3,35649,9,Humano,Raiva,3849,Exposicao_Face
35666,17,522,454,4.09,3,35666,9,Humano,Raiva,3866,Exposicao_Face
35682,17,518,465,4.17,3,35682,9,Humano,Raiva,3882,Exposicao_Face
35699,17,521,476,4.24,3,35699,9,Humano,Raiva,3899,Exposicao_Face
35715,17,522,435,4.09,3,35715,9,Humano,Raiva,3915,Exposicao_Face
35732,17,519,479,4.19,3,35732,9,Humano,Raiva,3932,Exposicao_Face
35749,17,527,448,4.09,3,35749,9,Humano,Raiva,3949,Exposicao_Face
35765,17,514,565,4.57,3,35765,9,Humano,Raiva,3965,Exposicao_Face
35782,17,519,474,4.22,3,35782,9,Humano,Raiva,3982,Exposicao_Face
35799,17,522,466,4.17,3,35799,9,Humano,Raiva,3999,Exposicao_Face
35815,17,484,441,4.07,3,35815,10,Humano,Feliz,15,Janela_Baseline
35832,17,514,510,4.28,3,35832,10,Humano,Feliz,32,Janela_Baseline
35849,17,515,430,4.17,3,35849,10,Humano,Feliz,49,Janela_Baseline
35865,17,516,352,3.85,1,35865,10,Humano,Feliz,65,Janela_Baseline
35882,17,524,355,3.95,1,35882,10,Humano,Feliz,82,Janela_Baseline
35898,17,520,363,3.98,0,35898,10,Humano,Feliz,98,Janela_Baseline
35915,17,521,373,4.01,2,35915,10,Humano,Feliz,115,Janela_Baseline
35932,17,519,341,3.88,1,35932,10,Humano,Feliz,132,Janela_Baseline
35948,17,519,374,4.12,2,35948,10,Humano,Feliz,148,Janela_Baseline
35965,17,525,386,4.14,2,35965,10,Humano,Feliz,165,Janela_Baseline
35982,17,524,346,3.98,1,35982,10,Humano,Feliz,182,Janela_Baseline
35998,17,520,406,4.11,2,35998,10,Humano,Feliz,198,Janela_Baseline
36015,17,513,402,4.2,2,36015,10,Humano,Feliz,215,Janela_Baseline
36032,17,522,357,3.99,1,36032,10,Humano,Feliz,232,Janela_Baseline
36048,17,527,327,3.9,1,36048,10,Humano,Feliz,248,Janela_Baseline
36065,17,504,376,4.03,2,36065,10,Humano,Feliz,265,Janela_Baseline
36081,17,517,361,3.98,1,36081,10,Humano,Feliz,281,Janela_Baseline
36098,17,516,367,3.98,2,36098,10,Humano,Feliz,298,Janela_Baseline
36115,17,526,361,3.98,1,36115,10,Humano,Feliz,315,Janela_Baseline
36131,17,520,408,4.19,2,36131,10,Humano,Feliz,331,Janela_Baseline
36148,17,515,369,4.03,2,36148,10,Humano,Feliz,348,Janela_Baseline
36165,17,543,377,4.14,2,36165,10,Humano,Feliz,365,Janela_Baseline
36181,17,540,381,4.04,2,36181,10,Humano,Feliz,381,Janela_Baseline
36198,17,535,468,4.33,3,36198,10,Humano,Feliz,398,Janela_Baseline
36215,17,533,473,4.33,3,36215,10,Humano,Feliz,415,Janela_Baseline
36231,17,536,432,4.24,3,36231,10,Humano,Feliz,431,Janela_Baseline
36248,17,545,405,4.11,2,36248,10,Humano,Feliz,448,Janela_Baseline
36264,17,537,431,4.25,3,36264,10,Humano,Feliz,464,Janela_Baseline
36281,17,538,430,4.25,3,36281,10,Humano,Feliz,481,Janela_Baseline
36298,17,531,417,4.24,5,36298,10,Humano,Feliz,498,Janela_Baseline
36314,17,527,444,4.38,3,36314,10,Humano,Feliz,514,Janela_Baseline
36331,17,536,404,4.14,2,36331,10,Humano,Feliz,531,Janela_Baseline
36348,17,536,401,4.17,2,36348,10,Humano,Feliz,548,Janela_Baseline
36364,17,529,379,4.07,2,36364,10,Humano,Feliz,564,Janela_Baseline
36381,17,526,464,4.4,3,36381,10,Humano,Feliz,581,Janela_Baseline
36397,17,520,436,4.33,3,36397,10,Humano,Feliz,597,Janela_Baseline
36414,17,516,468,4.44,3,36414,10,Humano,Feliz,614,Janela_Baseline
36431,17,535,426,4.28,3,36431,10,Humano,Feliz,631,Janela_Baseline
36447,17,527,412,4.32,2,36447,10,Humano,Feliz,647,Janela_Baseline
36464,17,520,357,4.07,1,36464,10,Humano,Feliz,664,Janela_Baseline
36481,17,523,339,4.01,1,36481,10,Humano,Feliz,681,Janela_Baseline
36497,17,519,362,4.06,1,36497,10,Humano,Feliz,697,Janela_Baseline
36514,17,527,386,4.19,2,36514,10,Humano,Feliz,714,Janela_Baseline
36531,17,511,368,4.11,2,36531,10,Humano,Feliz,731,Janela_Baseline
36547,17,516,358,4.11,1,36547,10,Humano,Feliz,747,Janela_Baseline
36564,17,495,386,4.19,2,36564,10,Humano,Feliz,764,Janela_Baseline
36580,17,488,395,4.22,2,36580,10,Humano,Feliz,780,Janela_Baseline
36597,17,518,362,4.11,1,36597,10,Humano,Feliz,797,Janela_Baseline
36614,17,520,359,4.11,1,36614,10,Humano,Feliz,814,Janela_Baseline
36630,17,515,369,4.15,2,36630,10,Humano,Feliz,830,Janela_Baseline
36647,17,494,389,4.2,2,36647,10,Humano,Feliz,847,Janela_Baseline
36664,17,527,390,4.24,2,36664,10,Humano,Feliz,864,Janela_Baseline
36680,17,495,399,4.25,2,36680,10,Humano,Feliz,880,Janela_Baseline
36697,17,508,382,4.22,2,36697,10,Humano,Feliz,897,Janela_Baseline
36714,17,485,349,4.12,1,36714,10,Humano,Feliz,914,Janela_Baseline
36730,17,512,325,4.14,1,36730,10,Humano,Feliz,930,Janela_Baseline
36747,17,497,344,4.14,1,36747,10,Humano,Feliz,947,Janela_Baseline
36763,17,483,363,4.2,0,36763,10,Humano,Feliz,963,Janela_Baseline
36780,17,510,369,4.24,2,36780,10,Humano,Feliz,980,Janela_Baseline
36797,17,516,350,4.11,1,36797,10,Humano,Feliz,997,Janela_Baseline
36813,17,489,366,4.11,2,36813,10,Humano,Feliz,1013,Janela_Baseline
36830,17,513,356,4.11,1,36830,10,Humano,Feliz,1030,Janela_Baseline
36847,17,510,363,4.15,0,36847,10,Humano,Feliz,1047,Janela_Baseline
36863,17,513,355,4.09,1,36863,10,Humano,Feliz,1063,Janela_Baseline
36880,17,513,376,4.14,2,36880,10,Humano,Feliz,1080,Janela_Baseline
36897,17,509,368,4.17,2,36897,10,Humano,Feliz,1097,Janela_Baseline
36913,17,514,370,4.14,2,36913,10,Humano,Feliz,1113,Janela_Baseline
36930,17,488,388,4.2,2,36930,10,Humano,Feliz,1130,Janela_Baseline
36946,17,498,380,4.14,2,36946,10,Humano,Feliz,1146,Janela_Baseline
36963,17,515,373,4.14,2,36963,10,Humano,Feliz,1163,Janela_Baseline
36980,17,500,368,4.12,2,36980,10,Humano,Feliz,1180,Janela_Baseline
36996,17,525,413,4.17,2,36996,10,Humano,Feliz,1196,Janela_Baseline
37013,17,520,439,4.15,3,37013,10,Humano,Feliz,1213,Janela_Baseline
37030,17,521,433,4.19,3,37030,10,Humano,Feliz,1230,Janela_Baseline
37046,17,528,429,4.14,3,37046,10,Humano,Feliz,1246,Janela_Baseline
37063,17,505,441,4.14,3,37063,10,Humano,Feliz,1263,Janela_Baseline
37080,17,526,442,4.2,3,37080,10,Humano,Feliz,1280,Janela_Baseline
37096,17,531,462,4.2,3,37096,10,Humano,Feliz,1296,Janela_Baseline
37113,17,516,500,4.33,3,37113,10,Humano,Feliz,1313,Exposicao_Face
37129,17,522,479,4.19,3,37129,10,Humano,Feliz,1329,Exposicao_Face
37146,17,507,476,0.0,3,37146,10,Humano,Feliz,1346,Exposicao_Face
37163,17,510,482,0.0,3,37163,10,Humano,Feliz,1363,Exposicao_Face
37179,17,514,487,0.0,3,37179,10,Humano,Feliz,1379,Exposicao_Face
37196,17,511,502,0.0,3,37196,10,Humano,Feliz,1396,Exposicao_Face
37213,17,509,464,0.0,3,37213,10,Humano,Feliz,1413,Exposicao_Face
37229,17,514,498,0.0,3,37229,10,Humano,Feliz,1429,Exposicao_Face
37246,17,510,490,0.0,3,37246,10,Humano,Feliz,1446,Exposicao_Face
37263,17,510,554,0.0,3,37263,10,Humano,Feliz,1463,Exposicao_Face
37279,17,510,517,0.0,3,37279,10,Humano,Feliz,1479,Exposicao_Face
37296,17,515,493,0.0,3,37296,10,Humano,Feliz,1496,Exposicao_Face
37312,17,514,487,0.0,3,37312,10,Humano,Feliz,1512,Exposicao_Face
37346,33,502,518,0.0,3,37346,10,Humano,Feliz,1546,Exposicao_Face
37379,33,509,499,0.0,3,37379,10,Humano,Feliz,1579,Exposicao_Face
37429,50,501,483,0.0,3,37429,10,Humano,Feliz,1629,Exposicao_Face
37445,17,497,499,0.0,3,37445,10,Humano,Feliz,1645,Exposicao_Face
37462,17,506,499,0.0,3,37462,10,Humano,Feliz,1662,Exposicao_Face
39042,1580,1862,537,0.0,0,39042,10,Humano,Feliz,3242,Exposicao_Face
39076,33,1891,589,0.0,0,39076,10,Humano,Feliz,3276,Exposicao_Face
41837,2761,1095,913,0.0,0,41837,11,Humano,Neutro,2037,Exposicao_Face
41854,17,1121,871,0.0,0,41854,11,Humano,Neutro,2054,Exposicao_Face
41870,17,1729,804,0.0,0,41870,11,Humano,Neutro,2070,Exposicao_Face
41954,83,349,291,0.0,1,41954,11,Humano,Neutro,2154,Exposicao_Face
41970,17,1641,528,0.0,0,41970,11,Humano,Neutro,2170,Exposicao_Face
41987,17,1025,806,0.0,0,41987,11,Humano,Neutro,2187,Exposicao_Face
42003,17,526,743,0.0,3,42003,11,Humano,Neutro,2203,Exposicao_Face
42053,50,1209,813,0.0,0,42053,11,Humano,Neutro,2253,Exposicao_Face
42087,33,1903,704,0.0,0,42087,11,Humano,Neutro,2287,Exposicao_Face
42186,100,1628,772,0.0,0,42186,11,Humano,Neutro,2386,Exposicao_Face
42203,17,262,376,0.0,2,42203,11,Humano,Neutro,2403,Exposicao_Face
42286,83,970,1038,0.0,0,42286,11,Humano,Neutro,2486,Exposicao_Face
42386,100,276,270,0.0,1,42386,11,Humano,Neutro,2586,Exposicao_Face
42453,67,362,605,0.0,3,42453,11,Humano,Neutro,2653,Exposicao_Face
42519,67,330,57,0.0,1,42519,11,Humano,Neutro,2719,Exposicao_Face
42586,67,305,374,-1.0,2,42586,11,Humano,Neutro,2786,Exposicao_Face
42619,33,822,613,0.0,3,42619,11,Humano,Neutro,2819,Exposicao_Face
42636,17,726,156,0.0,1,42636,11,Humano,Neutro,2836,Exposicao_Face
42702,67,488,320,0.0,1,42702,11,Humano,Neutro,2902,Exposicao_Face
42719,17,535,587,0.0,3,42719,11,Humano,Neutro,2919,Exposicao_Face
42752,33,65,249,-1.0,1,42752,11,Humano,Neutro,2952,Exposicao_Face
42835,83,425,612,0.0,3,42835,11,Humano,Neutro,3035,Exposicao_Face
42968,133,867,468,0.0,3,42968,11,Humano,Neutro,3168,Exposicao_Face
43018,50,45,173,-1.0,1,43018,11,Humano,Neutro,3218,Exposicao_Face
43052,33,617,350,0.0,1,43052,11,Humano,Neutro,3252,Exposicao_Face
43068,17,285,361,0.0,1,43068,11,Humano,Neutro,3268,Exposicao_Face
43185,116,744,630,0.0,3,43185,11,Humano,Neutro,3385,Exposicao_Face
43201,17,10,228,-1.0,1,43201,11,Humano,Neutro,3401,Exposicao_Face
43234,33,639,244,0.0,1,43234,11,Humano,Neutro,3434,Exposicao_Face
43251,17,308,416,0.0,2,43251,11,Humano,Neutro,3451,Exposicao_Face
43284,33,19,254,-1.0,1,43284,11,Humano,Neutro,3484,Exposicao_Face
43318,33,539,603,0.0,3,43318,11,Humano,Neutro,3518,Exposicao_Face
43551,233,25,310,1.65,1,43551,11,Humano,Neutro,3751,Exposicao_Face
43567,17,0,370,-1.0,2,43567,11,Humano,Neutro,3767,Exposicao_Face
43966,399,331,482,0.0,3,43966,12,Humano,Raiva,166,Janela_Baseline
44000,33,1388,629,0.0,0,44000,12,Humano,Raiva,200,Janela_Baseline
44050,50,719,504,0.0,3,44050,12,Humano,Raiva,250,Janela_Baseline
44066,17,286,600,-1.0,3,44066,12,Humano,Raiva,266,Janela_Baseline
44199,133,741,219,0.0,1,44199,12,Humano,Raiva,399,Janela_Baseline
44316,116,403,428,0.0,3,44316,12,Humano,Raiva,516,Janela_Baseline
44449,133,1397,292,0.0,0,44449,12,Humano,Raiva,649,Janela_Baseline
44499,50,1405,305,0.0,0,44499,12,Humano,Raiva,699,Janela_Baseline
44648,150,84,347,-1.0,1,44648,12,Humano,Raiva,848,Janela_Baseline
44665,17,586,820,0.0,0,44665,12,Humano,Raiva,865,Janela_Baseline
44715,50,654,918,0.0,0,44715,12,Humano,Raiva,915,Janela_Baseline
44748,33,436,727,0.0,3,44748,12,Humano,Raiva,948,Janela_Baseline
44948,200,406,100,0.0,1,44948,12,Humano,Raiva,1148,Janela_Baseline
46013,1065,712,758,0.0,3,46013,12,Humano,Raiva,2213,Exposicao_Face
46146,133,124,547,1.27,3,46146,12,Humano,Raiva,2346,Exposicao_Face
46944,798,260,556,0.0,3,46944,12,Humano,Raiva,3144,Exposicao_Face
47011,67,700,159,0.0,1,47011,12,Humano,Raiva,3211,Exposicao_Face
47576,566,449,455,0.0,3,47576,12,Humano,Raiva,3776,Exposicao_Face
47842,266,715,286,0.0,1,47842,13,Humano,Feliz,42,Janela_Baseline
47909,67,450,728,0.0,3,47909,13,Humano,Feliz,109,Janela_Baseline
48009,100,222,717,-1.0,3,48009,13,Humano,Feliz,209,Janela_Baseline
48075,67,841,682,0.0,3,48075,13,Humano,Feliz,275,Janela_Baseline
48158,83,1339,825,0.0,0,48158,13,Humano,Feliz,358,Janela_Baseline
48225,67,1196,660,0.0,0,48225,13,Humano,Feliz,425,Janela_Baseline
48358,133,1099,950,0.0,0,48358,13,Humano,Feliz,558,Janela_Baseline
48491,133,770,778,0.0,0,48491,13,Humano,Feliz,691,Janela_Baseline
48641,150,857,856,0.0,0,48641,13,Humano,Feliz,841,Janela_Baseline
48691,50,1119,258,0.0,0,48691,13,Humano,Feliz,891,Janela_Baseline
48724,33,1110,861,0.0,0,48724,13,Humano,Feliz,924,Janela_Baseline
48874,150,1869,246,0.0,0,48874,13,Humano,Feliz,1074,Janela_Baseline
48907,33,1039,407,0.0,0,48907,13,Humano,Feliz,1107,Janela_Baseline
48957,50,1461,681,0.0,0,48957,13,Humano,Feliz,1157,Janela_Baseline
48974,17,1446,819,0.0,0,48974,13,Humano,Feliz,1174,Janela_Baseline
49123,150,1415,849,0.0,0,49123,13,Humano,Feliz,1323,Exposicao_Face
49140,17,1076,776,0.0,0,49140,13,Humano,Feliz,1340,Exposicao_Face
49157,17,1090,963,0.0,0,49157,13,Humano,Feliz,1357,Exposicao_Face
49173,17,912,134,0.0,1,49173,13,Humano,Feliz,1373,Exposicao_Face
49240,67,1179,873,0.0,0,49240,13,Humano,Feliz,1440,Exposicao_Face
49306,67,1378,823,0.0,0,49306,13,Humano,Feliz,1506,Exposicao_Face
49340,33,1145,407,0.0,0,49340,13,Humano,Feliz,1540,Exposicao_Face
49373,33,1469,709,0.0,0,49373,13,Humano,Feliz,1573,Exposicao_Face
49406,33,1418,777,0.0,0,49406,13,Humano,Feliz,1606,Exposicao_Face
49456,50,967,1014,0.0,0,49456,13,Humano,Feliz,1656,Exposicao_Face
49473,17,981,949,0.0,0,49473,13,Humano,Feliz,1673,Exposicao_Face
49489,17,1322,865,0.0,0,49489,13,Humano,Feliz,1689,Exposicao_Face
49506,17,946,774,0.0,0,49506,13,Humano,Feliz,1706,Exposicao_Face
49572,67,1871,781,0.0,0,49572,13,Humano,Feliz,1772,Exposicao_Face
49589,17,1570,830,0.0,0,49589,13,Humano,Feliz,1789,Exposicao_Face
49606,17,856,117,0.0,1,49606,13,Humano,Feliz,1806,Exposicao_Face
49656,50,1900,780,0.0,0,49656,13,Humano,Feliz,1856,Exposicao_Face
49689,33,1346,852,0.0,0,49689,13,Humano,Feliz,1889,Exposicao_Face
49739,50,723,709,0.0,3,49739,13,Humano,Feliz,1939,Exposicao_Face
49889,150,12,420,-1.0,3,49889,13,Humano,Feliz,2089,Exposicao_Face
49905,17,393,613,0.0,3,49905,13,Humano,Feliz,2105,Exposicao_Face
50005,100,150,52,0.0,1,50005,13,Humano,Feliz,2205,Exposicao_Face
50421,416,459,490,0.0,3,50421,13,Humano,Feliz,2621,Exposicao_Face
50454,33,502,459,0.0,3,50454,13,Humano,Feliz,2654,Exposicao_Face
50670,216,468,446,0.0,3,50670,13,Humano,Feliz,2870,Exposicao_Face
51036,366,475,561,0.0,3,51036,13,Humano,Feliz,3236,Exposicao_Face
51402,366,871,324,0.0,1,51402,13,Humano,Feliz,3602,Exposicao_Face
51469,67,1506,802,0.0,0,51469,13,Humano,Feliz,3669,Exposicao_Face
51552,83,395,122,0.0,1,51552,13,Humano,Feliz,3752,Exposicao_Face
51585,33,1349,869,0.0,0,51585,13,Humano,Feliz,3785,Exposicao_Face
51652,67,1071,248,0.0,0,51652,13,Humano,Feliz,3852,Exposicao_Face
51702,50,623,189,0.0,1,51702,13,Humano,Feliz,3902,Exposicao_Face
51718,17,1059,407,0.0,0,51718,13,Humano,Feliz,3918,Exposicao_Face
51752,33,1613,818,0.0,0,51752,13,Humano,Feliz,3952,Exposicao_Face
51768,17,664,111,0.0,1,51768,13,Humano,Feliz,3968,Exposicao_Face
51835,67,688,312,0.0,1,51835,14,Humano,Neutro,35,Janela_Baseline
51985,150,885,416,0.0,2,51985,14,Humano,Neutro,185,Janela_Baseline
52084,100,872,273,0.0,1,52084,14,Humano,Neutro,284,Janela_Baseline
52134,50,479,529,-1.0,3,52134,14,Humano,Neutro,334,Janela_Baseline
52201,67,828,772,0.0,0,52201,14,Humano,Neutro,401,Janela_Baseline
52267,67,1088,953,0.0,0,52267,14,Humano,Neutro,467,Janela_Baseline
52301,33,432,635,-1.0,3,52301,14,Humano,Neutro,501,Janela_Baseline
52317,17,927,1079,0.0,0,52317,14,Humano,Neutro,517,Janela_Baseline
52434,116,972,67,0.0,1,52434,14,Humano,Neutro,634,Janela_Baseline
52500,67,622,305,0.0,1,52500,14,Humano,Neutro,700,Janela_Baseline
52550,50,1065,122,0.0,0,52550,14,Humano,Neutro,750,Janela_Baseline
52567,17,717,197,0.0,1,52567,14,Humano,Neutro,767,Janela_Baseline
52667,100,750,557,0.0,3,52667,14,Humano,Neutro,867,Janela_Baseline
52733,67,1487,777,0.0,0,52733,14,Humano,Neutro,933,Janela_Baseline
52750,17,690,658,0.0,3,52750,14,Humano,Neutro,950,Janela_Baseline
52800,50,1146,743,0.0,0,52800,14,Humano,Neutro,1000,Janela_Baseline
52833,33,693,572,0.0,3,52833,14,Humano,Neutro,1033,Janela_Baseline
52916,83,614,635,0.0,3,52916,14,Humano,Neutro,1116,Janela_Baseline
52933,17,1024,510,0.0,0,52933,14,Humano,Neutro,1133,Janela_Baseline
53066,133,600,51,0.0,1,53066,14,Humano,Neutro,1266,Janela_Baseline
53082,17,1662,367,0.0,0,53082,14,Humano,Neutro,1282,Janela_Baseline
53116,33,1362,715,0.0,0,53116,14,Humano,Neutro,1316,Exposicao_Face
53132,17,524,585,-1.0,3,53132,14,Humano,Neutro,1332,Exposicao_Face
53182,50,711,615,0.0,3,53182,14,Humano,Neutro,1382,Exposicao_Face
53299,116,691,634,0.0,3,53299,14,Humano,Neutro,1499,Exposicao_Face
53315,17,394,26,0.0,1,53315,14,Humano,Neutro,1515,Exposicao_Face
53548,233,670,618,0.0,3,53548,14,Humano,Neutro,1748,Exposicao_Face
53748,200,1361,719,0.0,0,53748,14,Humano,Neutro,1948,Exposicao_Face
53947,200,321,457,0.0,3,53947,14,Humano,Neutro,2147,Exposicao_Face
54097,150,23,347,-1.0,1,54097,14,Humano,Neutro,2297,Exposicao_Face
54363,266,900,551,0.0,3,54363,14,Humano,Neutro,2563,Exposicao_Face
54397,33,207,197,1.09,1,54397,14,Humano,Neutro,2597,Exposicao_Face
54447,50,517,666,0.0,3,54447,14,Humano,Neutro,2647,Exposicao_Face
54546,100,656,734,0.0,3,54546,14,Humano,Neutro,2746,Exposicao_Face
54663,116,284,57,0.0,1,54663,14,Humano,Neutro,2863,Exposicao_Face
54846,183,873,807,0.0,0,54846,14,Humano,Neutro,3046,Exposicao_Face
54862,17,1041,716,0.0,0,54862,14,Humano,Neutro,3062,Exposicao_Face
54896,33,803,398,0.0,2,54896,14,Humano,Neutro,3096,Exposicao_Face
54912,17,772,673,0.0,3,54912,14,Humano,Neutro,3112,Exposicao_Face
54929,17,1034,966,0.0,0,54929,14,Humano,Neutro,3129,Exposicao_Face
54946,17,1690,816,0.0,0,54946,14,Humano,Neutro,3146,Exposicao_Face
54995,50,480,325,0.0,1,54995,14,Humano,Neutro,3195,Exposicao_Face
55162,166,681,696,0.0,3,55162,14,Humano,Neutro,3362,Exposicao_Face
55228,67,1346,515,0.0,0,55228,14,Humano,Neutro,3428,Exposicao_Face
55245,17,1202,906,0.0,0,55245,14,Humano,Neutro,3445,Exposicao_Face
55478,233,952,145,0.0,1,55478,14,Humano,Neutro,3678,Exposicao_Face
55744,266,1026,489,0.0,0,55744,14,Humano,Neutro,3944,Exposicao_Face
55794,50,279,614,0.0,3,55794,14,Humano,Neutro,3994,Exposicao_Face
55977,183,100,419,-1.0,3,55977,15,Humano,Raiva,177,Janela_Baseline
55994,17,766,281,0.0,1,55994,15,Humano,Raiva,194,Janela_Baseline
56010,17,513,395,0.0,2,56010,15,Humano,Raiva,210,Janela_Baseline
56043,33,602,686,-1.0,3,56043,15,Humano,Raiva,243,Janela_Baseline
56110,67,1504,820,0.0,0,56110,15,Humano,Raiva,310,Janela_Baseline
56293,183,588,334,0.0,1,56293,15,Humano,Raiva,493,Janela_Baseline
56343,50,1403,820,0.0,0,56343,15,Humano,Raiva,543,Janela_Baseline
56459,116,674,651,0.0,3,56459,15,Humano,Raiva,659,Janela_Baseline
56493,33,1056,667,0.0,0,56493,15,Humano,Raiva,693,Janela_Baseline
56543,50,564,172,0.0,1,56543,15,Humano,Raiva,743,Janela_Baseline
56559,17,860,357,0.0,1,56559,15,Humano,Raiva,759,Janela_Baseline
56592,33,618,513,0.0,3,56592,15,Humano,Raiva,792,Janela_Baseline
56626,33,759,549,0.0,3,56626,15,Humano,Raiva,826,Janela_Baseline
56642,17,847,88,0.0,1,56642,15,Humano,Raiva,842,Janela_Baseline
56692,50,783,593,0.0,3,56692,15,Humano,Raiva,892,Janela_Baseline
56709,17,1156,467,0.0,0,56709,15,Humano,Raiva,909,Janela_Baseline
56726,17,891,185,0.0,1,56726,15,Humano,Raiva,926,Janela_Baseline
56742,17,903,89,0.0,1,56742,15,Humano,Raiva,942,Janela_Baseline
56759,17,361,608,0.0,3,56759,15,Humano,Raiva,959,Janela_Baseline
56775,17,882,248,0.0,1,56775,15,Humano,Raiva,975,Janela_Baseline
56809,33,1119,97,0.0,0,56809,15,Humano,Raiva,1009,Janela_Baseline
56842,33,855,452,0.0,3,56842,15,Humano,Raiva,1042,Janela_Baseline
56859,17,943,345,0.0,1,56859,15,Humano,Raiva,1059,Janela_Baseline
56892,33,542,450,0.0,3,56892,15,Humano,Raiva,1092,Janela_Baseline
56925,33,585,467,0.0,3,56925,15,Humano,Raiva,1125,Janela_Baseline
56958,33,1110,893,0.0,0,56958,15,Humano,Raiva,1158,Janela_Baseline
56975,17,635,414,0.0,2,56975,15,Humano,Raiva,1175,Janela_Baseline
57058,83,945,556,0.0,3,57058,15,Humano,Raiva,1258,Janela_Baseline
57075,17,562,767,0.0,3,57075,15,Humano,Raiva,1275,Janela_Baseline
57108,33,948,562,0.0,3,57108,15,Humano,Raiva,1308,Exposicao_Face
57125,17,1086,926,0.0,0,57125,15,Humano,Raiva,1325,Exposicao_Face
57158,33,845,664,0.0,3,57158,15,Humano,Raiva,1358,Exposicao_Face
57274,116,804,518,0.0,3,57274,15,Humano,Raiva,1474,Exposicao_Face
57341,67,955,577,0.0,3,57341,15,Humano,Raiva,1541,Exposicao_Face
57358,17,795,381,0.0,2,57358,15,Humano,Raiva,1558,Exposicao_Face
57391,33,1103,487,0.0,0,57391,15,Humano,Raiva,1591,Exposicao_Face
57441,50,884,615,0.0,3,57441,15,Humano,Raiva,1641,Exposicao_Face
57624,183,671,20,0.0,1,57624,15,Humano,Raiva,1824,Exposicao_Face
57724,100,802,176,0.0,1,57724,15,Humano,Raiva,1924,Exposicao_Face
57790,67,650,550,0.0,3,57790,15,Humano,Raiva,1990,Exposicao_Face
57890,100,543,748,0.0,3,57890,15,Humano,Raiva,2090,Exposicao_Face
57923,33,892,613,0.0,3,57923,15,Humano,Raiva,2123,Exposicao_Face
57973,50,697,274,0.0,1,57973,15,Humano,Raiva,2173,Exposicao_Face
57990,17,854,631,0.0,3,57990,15,Humano,Raiva,2190,Exposicao_Face
58023,33,845,663,0.0,3,58023,15,Humano,Raiva,2223,Exposicao_Face
58090,67,1278,324,0.0,0,58090,15,Humano,Raiva,2290,Exposicao_Face
58106,17,907,581,0.0,3,58106,15,Humano,Raiva,2306,Exposicao_Face
58123,17,965,220,0.0,1,58123,15,Humano,Raiva,2323,Exposicao_Face
58139,17,876,164,0.0,1,58139,15,Humano,Raiva,2339,Exposicao_Face
58239,100,875,687,0.0,3,58239,15,Humano,Raiva,2439,Exposicao_Face
58289,50,1164,162,0.0,0,58289,15,Humano,Raiva,2489,Exposicao_Face
58306,17,574,317,0.0,1,58306,15,Humano,Raiva,2506,Exposicao_Face
58422,116,931,563,0.0,3,58422,15,Humano,Raiva,2622,Exposicao_Face
58505,83,747,626,0.0,3,58505,15,Humano,Raiva,2705,Exposicao_Face
58572,67,884,593,0.0,3,58572,15,Humano,Raiva,2772,Exposicao_Face
58589,17,572,504,0.0,3,58589,15,Humano,Raiva,2789,Exposicao_Face
58738,150,872,659,0.0,3,58738,15,Humano,Raiva,2938,Exposicao_Face
58755,17,663,626,0.0,3,58755,15,Humano,Raiva,2955,Exposicao_Face
58838,83,882,625,0.0,3,58838,15,Humano,Raiva,3038,Exposicao_Face
59005,166,734,619,0.0,3,59005,15,Humano,Raiva,3205,Exposicao_Face
59088,83,1076,519,0.0,0,59088,15,Humano,Raiva,3288,Exposicao_Face
59204,116,847,669,0.0,3,59204,15,Humano,Raiva,3404,Exposicao_Face
59321,116,1009,449,0.0,3,59321,15,Humano,Raiva,3521,Exposicao_Face
59504,183,910,336,0.0,1,59504,15,Humano,Raiva,3704,Exposicao_Face
59637,133,129,120,-1.0,1,59637,15,Humano,Raiva,3837,Exposicao_Face
59720,83,893,549,0.0,3,59720,15,Humano,Raiva,3920,Exposicao_Face
59770,50,1865,673,0.0,0,59770,15,Humano,Raiva,3970,Exposicao_Face
59803,33,513,493,0.0,3,59803,16,Humano,Feliz,3,Janela_Baseline
59870,67,179,411,-1.0,2,59870,16,Humano,Feliz,70,Janela_Baseline
59886,17,862,190,0.0,1,59886,16,Humano,Feliz,86,Janela_Baseline
59903,17,903,287,0.0,1,59903,16,Humano,Feliz,103,Janela_Baseline
59953,50,910,117,0.0,1,59953,16,Humano,Feliz,153,Janela_Baseline
59969,17,818,269,0.0,1,59969,16,Humano,Feliz,169,Janela_Baseline
59986,17,825,241,0.0,1,59986,16,Humano,Feliz,186,Janela_Baseline
60003,17,640,659,0.0,3,60003,16,Humano,Feliz,203,Janela_Baseline
60053,50,1142,329,0.0,0,60053,16,Humano,Feliz,253,Janela_Baseline
60119,67,865,440,0.0,3,60119,16,Humano,Feliz,319,Janela_Baseline
60169,50,1430,560,0.0,0,60169,16,Humano,Feliz,369,Janela_Baseline
60219,50,983,477,0.0,3,60219,16,Humano,Feliz,419,Janela_Baseline
60252,33,850,336,0.0,1,60252,16,Humano,Feliz,452,Janela_Baseline
60352,100,930,84,0.0,1,60352,16,Humano,Feliz,552,Janela_Baseline
60369,17,372,397,0.0,2,60369,16,Humano,Feliz,569,Janela_Baseline
60468,100,468,246,0.0,1,60468,16,Humano,Feliz,668,Janela_Baseline
60502,33,578,787,0.0,0,60502,16,Humano,Feliz,702,Janela_Baseline
60518,17,723,387,0.0,2,60518,16,Humano,Feliz,718,Janela_Baseline
60535,17,1123,293,0.0,0,60535,16,Humano,Feliz,735,Janela_Baseline
60618,83,664,147,0.0,1,60618,16,Humano,Feliz,818,Janela_Baseline
60701,83,734,328,0.0,1,60701,16,Humano,Feliz,901,Janela_Baseline
60735,33,901,679,0.0,3,60735,16,Humano,Feliz,935,Janela_Baseline
60784,50,908,298,0.0,1,60784,16,Humano,Feliz,984,Janela_Baseline
60801,17,896,204,0.0,1,60801,16,Humano,Feliz,1001,Janela_Baseline
60951,150,718,522,0.0,3,60951,16,Humano,Feliz,1151,Janela_Baseline
60967,17,787,434,0.0,3,60967,16,Humano,Feliz,1167,Janela_Baseline
60984,17,877,87,0.0,1,60984,16,Humano,Feliz,1184,Janela_Baseline
61084,100,258,340,0.0,1,61084,16,Humano,Feliz,1284,Janela_Baseline
61167,83,929,25,0.0,1,61167,16,Humano,Feliz,1367,Exposicao_Face
61284,116,764,617,0.0,3,61284,16,Humano,Feliz,1484,Exposicao_Face
61300,17,904,104,0.0,1,61300,16,Humano,Feliz,1500,Exposicao_Face
61317,17,1189,625,0.0,0,61317,16,Humano,Feliz,1517,Exposicao_Face
61333,17,760,236,0.0,1,61333,16,Humano,Feliz,1533,Exposicao_Face
61350,17,858,207,0.0,1,61350,16,Humano,Feliz,1550,Exposicao_Face
61367,17,362,437,0.0,3,61367,16,Humano,Feliz,1567,Exposicao_Face
61383,17,866,76,0.0,1,61383,16,Humano,Feliz,1583,Exposicao_Face
61400,17,712,504,0.0,3,61400,16,Humano,Feliz,1600,Exposicao_Face
61417,17,925,646,0.0,3,61417,16,Humano,Feliz,1617,Exposicao_Face
61433,17,1645,740,0.0,0,61433,16,Humano,Feliz,1633,Exposicao_Face
61483,50,699,883,0.0,0,61483,16,Humano,Feliz,1683,Exposicao_Face
61533,50,767,1058,0.0,0,61533,16,Humano,Feliz,1733,Exposicao_Face
61633,100,711,518,0.0,3,61633,16,Humano,Feliz,1833,Exposicao_Face
61783,150,881,671,0.0,3,61783,16,Humano,Feliz,1983,Exposicao_Face
62015,233,933,966,0.0,0,62015,16,Humano,Feliz,2215,Exposicao_Face
62132,116,1291,537,0.0,0,62132,16,Humano,Feliz,2332,Exposicao_Face
62149,17,1241,741,0.0,0,62149,16,Humano,Feliz,2349,Exposicao_Face
62232,83,1267,874,0.0,0,62232,16,Humano,Feliz,2432,Exposicao_Face
62315,83,1058,429,0.0,0,62315,16,Humano,Feliz,2515,Exposicao_Face
62332,17,1215,253,0.0,0,62332,16,Humano,Feliz,2532,Exposicao_Face
62398,67,845,649,0.0,3,62398,16,Humano,Feliz,2598,Exposicao_Face
62465,67,291,519,-1.0,3,62465,16,Humano,Feliz,2665,Exposicao_Face
62498,33,1381,528,0.0,0,62498,16,Humano,Feliz,2698,Exposicao_Face
62531,33,159,260,-1.0,1,62531,16,Humano,Feliz,2731,Exposicao_Face
62598,67,1204,883,0.0,0,62598,16,Humano,Feliz,2798,Exposicao_Face
62614,17,781,343,0.0,1,62614,16,Humano,Feliz,2814,Exposicao_Face
62648,33,1574,771,0.0,0,62648,16,Humano,Feliz,2848,Exposicao_Face
62664,17,743,812,0.0,0,62664,16,Humano,Feliz,2864,Exposicao_Face
62764,100,534,766,0.0,3,62764,16,Humano,Feliz,2964,Exposicao_Face
62814,50,500,694,0.0,3,62814,16,Humano,Feliz,3014,Exposicao_Face
63097,283,171,476,-1.0,3,63097,16,Humano,Feliz,3297,Exposicao_Face
63280,183,872,376,0.0,2,63280,16,Humano,Feliz,3480,Exposicao_Face
63313,33,1013,902,0.0,0,63313,16,Humano,Feliz,3513,Exposicao_Face
63529,216,934,37,0.0,1,63529,16,Humano,Feliz,3729,Exposicao_Face
63746,216,103,43,-1.0,1,63746,16,Humano,Feliz,3946,Exposicao_Face
63762,17,832,297,0.0,1,63762,16,Humano,Feliz,3962,Exposicao_Face
63779,17,737,574,0.0,3,63779,16,Humano,Feliz,3979,Exposicao_Face
63812,33,677,611,0.0,3,63812,17,Humano,Neutro,12,Janela_Baseline
63829,17,1103,818,0.0,0,63829,17,Humano,Neutro,29,Janela_Baseline
63845,17,515,679,0.0,3,63845,17,Humano,Neutro,45,Janela_Baseline
63862,17,158,362,-1.0,1,63862,17,Humano,Neutro,62,Janela_Baseline
64211,349,493,681,0.0,3,64211,17,Humano,Neutro,411,Janela_Baseline
64328,116,1572,806,0.0,0,64328,17,Humano,Neutro,528,Janela_Baseline
64378,50,241,286,-1.0,1,64378,17,Humano,Neutro,578,Janela_Baseline
64461,83,872,674,0.0,3,64461,17,Humano,Neutro,661,Janela_Baseline
64544,83,788,319,0.0,1,64544,17,Humano,Neutro,744,Janela_Baseline
64561,17,632,494,0.0,3,64561,17,Humano,Neutro,761,Janela_Baseline
64677,116,489,234,0.0,1,64677,17,Humano,Neutro,877,Janela_Baseline
64694,17,493,414,0.0,2,64694,17,Humano,Neutro,894,Janela_Baseline
64810,116,942,825,0.0,0,64810,17,Humano,Neutro,1010,Janela_Baseline
64860,50,887,827,0.0,0,64860,17,Humano,Neutro,1060,Janela_Baseline
64960,100,1418,568,0.0,0,64960,17,Humano,Neutro,1160,Janela_Baseline
65026,67,510,630,0.0,3,65026,17,Humano,Neutro,1226,Janela_Baseline
65126,100,622,461,0.0,3,65126,17,Humano,Neutro,1326,Exposicao_Face
65176,50,509,573,0.0,3,65176,17,Humano,Neutro,1376,Exposicao_Face
65259,83,930,798,0.0,0,65259,17,Humano,Neutro,1459,Exposicao_Face
65442,183,475,499,0.0,3,65442,17,Humano,Neutro,1642,Exposicao_Face
65459,17,1032,785,0.0,0,65459,17,Humano,Neutro,1659,Exposicao_Face
65476,17,489,680,0.0,3,65476,17,Humano,Neutro,1676,Exposicao_Face
65492,17,844,711,0.0,3,65492,17,Humano,Neutro,1692,Exposicao_Face
65559,67,984,618,0.0,3,65559,17,Humano,Neutro,1759,Exposicao_Face
65642,83,868,640,0.0,3,65642,17,Humano,Neutro,1842,Exposicao_Face
65725,83,1161,852,0.0,0,65725,17,Humano,Neutro,1925,Exposicao_Face
65925,200,1102,919,0.0,0,65925,17,Humano,Neutro,2125,Exposicao_Face
66008,83,518,517,0.0,3,66008,17,Humano,Neutro,2208,Exposicao_Face
66124,116,927,919,0.0,0,66124,17,Humano,Neutro,2324,Exposicao_Face
66158,33,530,638,0.0,3,66158,17,Humano,Neutro,2358,Exposicao_Face
66207,50,500,169,0.0,1,66207,17,Humano,Neutro,2407,Exposicao_Face
66374,166,441,388,0.0,2,66374,17,Humano,Neutro,2574,Exposicao_Face
66407,33,1370,215,0.0,0,66407,17,Humano,Neutro,2607,Exposicao_Face
66490,83,830,291,0.0,1,66490,17,Humano,Neutro,2690,Exposicao_Face
66557,67,42,65,-1.0,1,66557,17,Humano,Neutro,2757,Exposicao_Face
66740,183,22,417,-1.0,0,66740,17,Humano,Neutro,2940,Exposicao_Face
66773,33,805,804,0.0,0,66773,17,Humano,Neutro,2973,Exposicao_Face
66840,67,1714,3,0.0,0,66840,17,Humano,Neutro,3040,Exposicao_Face
66873,33,753,544,0.0,3,66873,17,Humano,Neutro,3073,Exposicao_Face
66906,33,1182,343,0.0,0,66906,17,Humano,Neutro,3106,Exposicao_Face
66973,67,539,546,0.0,3,66973,17,Humano,Neutro,3173,Exposicao_Face
66989,17,823,279,0.0,1,66989,17,Humano,Neutro,3189,Exposicao_Face
67006,17,284,453,0.0,3,67006,17,Humano,Neutro,3206,Exposicao_Face
67139,133,765,427,0.0,3,67139,17,Humano,Neutro,3339,Exposicao_Face
67156,17,105,224,-1.0,1,67156,17,Humano,Neutro,3356,Exposicao_Face
67239,83,70,395,-1.0,2,67239,17,Humano,Neutro,3439,Exposicao_Face
67272,33,886,162,0.0,1,67272,17,Humano,Neutro,3472,Exposicao_Face
67339,67,930,112,0.0,1,67339,17,Humano,Neutro,3539,Exposicao_Face
67405,67,1355,712,0.0,0,67405,17,Humano,Neutro,3605,Exposicao_Face
67488,83,824,379,0.0,2,67488,17,Humano,Neutro,3688,Exposicao_Face
67505,17,715,488,0.0,3,67505,17,Humano,Neutro,3705,Exposicao_Face
67572,67,670,363,0.0,2,67572,17,Humano,Neutro,3772,Exposicao_Face
67588,17,382,576,0.0,3,67588,17,Humano,Neutro,3788,Exposicao_Face
67605,17,584,300,0.0,1,67605,17,Humano,Neutro,3805,Exposicao_Face
67705,100,1088,880,0.0,0,67705,17,Humano,Neutro,3905,Exposicao_Face
67738,33,1798,804,0.0,0,67738,17,Humano,Neutro,3938,Exposicao_Face
67821,83,733,223,0.0,1,67821,18,Humano,Raiva,21,Janela_Baseline
67904,83,920,1013,0.0,0,67904,18,Humano,Raiva,104,Janela_Baseline
67921,17,767,495,0.0,3,67921,18,Humano,Raiva,121,Janela_Baseline
67938,17,534,444,0.0,3,67938,18,Humano,Raiva,138,Janela_Baseline
67971,33,519,795,0.0,0,67971,18,Humano,Raiva,171,Janela_Baseline
68004,33,703,200,0.0,1,68004,18,Humano,Raiva,204,Janela_Baseline
68037,33,762,571,0.0,3,68037,18,Humano,Raiva,237,Janela_Baseline
68054,17,384,555,0.0,3,68054,18,Humano,Raiva,254,Janela_Baseline
68137,83,14,427,-1.0,3,68137,18,Humano,Raiva,337,Janela_Baseline
68154,17,181,419,0.0,3,68154,18,Humano,Raiva,354,Janela_Baseline
68187,33,427,412,0.0,2,68187,18,Humano,Raiva,387,Janela_Baseline
68420,233,1012,885,0.0,0,68420,18,Humano,Raiva,620,Janela_Baseline
68470,50,939,435,0.0,3,68470,18,Humano,Raiva,670,Janela_Baseline
68636,166,1169,920,0.0,0,68636,18,Humano,Raiva,836,Janela_Baseline
68703,67,618,123,0.0,1,68703,18,Humano,Raiva,903,Janela_Baseline
68919,216,1158,845,0.0,0,68919,18,Humano,Raiva,1119,Janela_Baseline
68986,67,1111,942,0.0,0,68986,18,Humano,Raiva,1186,Janela_Baseline
69135,150,1360,634,0.0,0,69135,18,Humano,Raiva,1335,Exposicao_Face
69152,17,1171,906,0.0,0,69152,18,Humano,Raiva,1352,Exposicao_Face
69235,83,824,1074,0.0,0,69235,18,Humano,Raiva,1435,Exposicao_Face
69302,67,1099,895,0.0,0,69302,18,Humano,Raiva,1502,Exposicao_Face
69318,17,1278,885,0.0,0,69318,18,Humano,Raiva,1518,Exposicao_Face
69535,216,1889,596,0.0,0,69535,18,Humano,Raiva,1735,Exposicao_Face
69568,33,964,978,0.0,0,69568,18,Humano,Raiva,1768,Exposicao_Face
69584,17,968,976,0.0,0,69584,18,Humano,Raiva,1784,Exposicao_Face
69717,133,966,977,0.0,0,69717,18,Humano,Raiva,1917,Exposicao_Face
69734,17,1088,947,0.0,0,69734,18,Humano,Raiva,1934,Exposicao_Face
69751,17,950,956,0.0,0,69751,18,Humano,Raiva,1951,Exposicao_Face
69817,67,1361,598,0.0,0,69817,18,Humano,Raiva,2017,Exposicao_Face
69851,33,1270,733,0.0,0,69851,18,Humano,Raiva,2051,Exposicao_Face
69867,17,1218,858,0.0,0,69867,18,Humano,Raiva,2067,Exposicao_Face
69917,50,1537,827,0.0,0,69917,18,Humano,Raiva,2117,Exposicao_Face
69950,33,1514,776,0.0,0,69950,18,Humano,Raiva,2150,Exposicao_Face
70017,67,1408,710,0.0,0,70017,18,Humano,Raiva,2217,Exposicao_Face
70050,33,1370,726,0.0,0,70050,18,Humano,Raiva,2250,Exposicao_Face
70083,33,1097,907,0.0,0,70083,18,Humano,Raiva,2283,Exposicao_Face
70100,17,975,935,0.0,0,70100,18,Humano,Raiva,2300,Exposicao_Face
70133,33,1246,722,0.0,0,70133,18,Humano,Raiva,2333,Exposicao_Face
70283,150,893,964,0.0,0,70283,18,Humano,Raiva,2483,Exposicao_Face
70300,17,1412,859,0.0,0,70300,18,Humano,Raiva,2500,Exposicao_Face
70316,17,633,1075,0.0,0,70316,18,Humano,Raiva,2516,Exposicao_Face
70333,17,343,326,0.0,1,70333,18,Humano,Raiva,2533,Exposicao_Face
70383,50,1312,775,0.0,0,70383,18,Humano,Raiva,2583,Exposicao_Face
70516,133,1557,801,0.0,0,70516,18,Humano,Raiva,2716,Exposicao_Face
70533,17,1065,967,0.0,0,70533,18,Humano,Raiva,2733,Exposicao_Face
70549,17,925,989,0.0,0,70549,18,Humano,Raiva,2749,Exposicao_Face
70599,50,981,853,0.0,0,70599,18,Humano,Raiva,2799,Exposicao_Face
70699,100,1445,581,0.0,0,70699,18,Humano,Raiva,2899,Exposicao_Face
70716,17,1307,282,0.0,0,70716,18,Humano,Raiva,2916,Exposicao_Face
70799,83,1380,831,0.0,0,70799,18,Humano,Raiva,2999,Exposicao_Face
70832,33,1251,683,0.0,0,70832,18,Humano,Raiva,3032,Exposicao_Face
70932,100,1288,805,0.0,0,70932,18,Humano,Raiva,3132,Exposicao_Face
71065,133,1175,864,0.0,0,71065,18,Humano,Raiva,3265,Exposicao_Face
71148,83,1198,641,0.0,0,71148,18,Humano,Raiva,3348,Exposicao_Face
71331,183,1163,882,0.0,0,71331,18,Humano,Raiva,3531,Exposicao_Face
71381,50,1404,312,0.0,0,71381,18,Humano,Raiva,3581,Exposicao_Face
71398,17,1337,486,0.0,0,71398,18,Humano,Raiva,3598,Exposicao_Face
71448,50,1513,841,0.0,0,71448,18,Humano,Raiva,3648,Exposicao_Face
71514,67,1012,937,0.0,0,71514,18,Humano,Raiva,3714,Exposicao_Face
71531,17,1135,914,0.0,0,71531,18,Humano,Raiva,3731,Exposicao_Face
71547,17,1138,586,0.0,0,71547,18,Humano,Raiva,3747,Exposicao_Face
71597,50,1443,734,0.0,0,71597,18,Humano,Raiva,3797,Exposicao_Face
71697,100,888,1079,0.0,0,71697,18,Humano,Raiva,3897,Exposicao_Face
71714,17,619,1054,0.0,0,71714,18,Humano,Raiva,3914,Exposicao_Face
71747,33,1621,776,0.0,0,71747,18,Humano,Raiva,3947,Exposicao_Face
71814,67,1140,941,0.0,0,71814,19,Humano,Feliz,14,Janela_Baseline
71830,17,1259,876,0.0,0,71830,19,Humano,Feliz,30,Janela_Baseline
71880,50,1370,847,0.0,0,71880,19,Humano,Feliz,80,Janela_Baseline
71913,33,1082,702,0.0,0,71913,19,Humano,Feliz,113,Janela_Baseline
71947,33,1134,899,0.0,0,71947,19,Humano,Feliz,147,Janela_Baseline
72080,133,1400,846,0.0,0,72080,19,Humano,Feliz,280,Janela_Baseline
72179,100,1256,792,0.0,0,72179,19,Humano,Feliz,379,Janela_Baseline
72313,133,1195,600,0.0,0,72313,19,Humano,Feliz,513,Janela_Baseline
72362,50,1542,230,0.0,0,72362,19,Humano,Feliz,562,Janela_Baseline
72579,216,1505,730,0.0,0,72579,19,Humano,Feliz,779,Janela_Baseline
72645,67,648,1038,0.0,0,72645,19,Humano,Feliz,845,Janela_Baseline
72679,33,1204,505,0.0,0,72679,19,Humano,Feliz,879,Janela_Baseline
72795,116,678,1075,0.0,0,72795,19,Humano,Feliz,995,Janela_Baseline
72812,17,1621,821,0.0,0,72812,19,Humano,Feliz,1012,Janela_Baseline
72978,166,759,1070,0.0,0,72978,19,Humano,Feliz,1178,Janela_Baseline
73011,33,865,1080,0.0,0,73011,19,Humano,Feliz,1211,Janela_Baseline
73028,17,1237,900,0.0,0,73028,19,Humano,Feliz,1228,Janela_Baseline
73044,17,1147,800,0.0,0,73044,19,Humano,Feliz,1244,Janela_Baseline
73078,33,1843,534,0.0,0,73078,19,Humano,Feliz,1278,Janela_Baseline
73144,67,1050,987,0.0,0,73144,19,Humano,Feliz,1344,Exposicao_Face
73194,50,1090,877,0.0,0,73194,19,Humano,Feliz,1394,Exposicao_Face
73211,17,1778,650,0.0,0,73211,19,Humano,Feliz,1411,Exposicao_Face
73227,17,571,440,0.0,3,73227,19,Humano,Feliz,1427,Exposicao_Face
73277,50,1414,462,0.0,0,73277,19,Humano,Feliz,1477,Exposicao_Face
73311,33,581,1061,0.0,0,73311,19,Humano,Feliz,1511,Exposicao_Face
73327,17,1064,787,0.0,0,73327,19,Humano,Feliz,1527,Exposicao_Face
73344,17,1422,695,0.0,0,73344,19,Humano,Feliz,1544,Exposicao_Face
73444,100,1141,924,0.0,0,73444,19,Humano,Feliz,1644,Exposicao_Face
73477,33,1135,783,0.0,0,73477,19,Humano,Feliz,1677,Exposicao_Face
73494,17,1497,690,0.0,0,73494,19,Humano,Feliz,1694,Exposicao_Face
73527,33,1311,734,0.0,0,73527,19,Humano,Feliz,1727,Exposicao_Face
73560,33,1603,693,0.0,0,73560,19,Humano,Feliz,1760,Exposicao_Face
73610,50,1133,942,0.0,0,73610,19,Humano,Feliz,1810,Exposicao_Face
73710,100,569,1063,0.0,0,73710,19,Humano,Feliz,1910,Exposicao_Face
73727,17,1780,127,0.0,0,73727,19,Humano,Feliz,1927,Exposicao_Face
73760,33,542,794,0.0,0,73760,19,Humano,Feliz,1960,Exposicao_Face
73776,17,1296,706,0.0,0,73776,19,Humano,Feliz,1976,Exposicao_Face
73810,33,580,1023,0.0,0,73810,19,Humano,Feliz,2010,Exposicao_Face
73910,100,1424,833,0.0,0,73910,19,Humano,Feliz,2110,Exposicao_Face
73993,83,1362,199,0.0,0,73993,19,Humano,Feliz,2193,Exposicao_Face
74026,33,1128,945,0.0,0,74026,19,Humano,Feliz,2226,Exposicao_Face
74043,17,607,1052,0.0,0,74043,19,Humano,Feliz,2243,Exposicao_Face
74126,83,1537,811,0.0,0,74126,19,Humano,Feliz,2326,Exposicao_Face
74159,33,633,369,0.0,2,74159,19,Humano,Feliz,2359,Exposicao_Face
74342,183,912,202,0.0,1,74342,19,Humano,Feliz,2542,Exposicao_Face
74425,83,926,454,0.0,3,74425,19,Humano,Feliz,2625,Exposicao_Face
74458,33,912,296,0.0,1,74458,19,Humano,Feliz,2658,Exposicao_Face
74475,17,1201,419,0.0,0,74475,19,Humano,Feliz,2675,Exposicao_Face
74558,83,1456,799,0.0,0,74558,19,Humano,Feliz,2758,Exposicao_Face
74908,349,851,451,0.0,3,74908,19,Humano,Feliz,3108,Exposicao_Face
75007,100,1169,90,0.0,0,75007,19,Humano,Feliz,3207,Exposicao_Face
75074,67,803,487,0.0,3,75074,19,Humano,Feliz,3274,Exposicao_Face
75107,33,591,234,0.0,1,75107,19,Humano,Feliz,3307,Exposicao_Face
75141,33,967,597,0.0,3,75141,19,Humano,Feliz,3341,Exposicao_Face
75257,116,912,215,0.0,1,75257,19,Humano,Feliz,3457,Exposicao_Face
75340,83,674,632,0.0,3,75340,19,Humano,Feliz,3540,Exposicao_Face
75457,116,972,637,0.0,3,75457,19,Humano,Feliz,3657,Exposicao_Face
75490,33,1302,50,0.0,0,75490,19,Humano,Feliz,3690,Exposicao_Face
75590,100,1433,209,0.0,0,75590,19,Humano,Feliz,3790,Exposicao_Face
75640,50,800,485,0.0,3,75640,19,Humano,Feliz,3840,Exposicao_Face
75656,17,638,616,0.0,3,75656,19,Humano,Feliz,3856,Exposicao_Face
75689,33,636,89,0.0,1,75689,19,Humano,Feliz,3889,Exposicao_Face
75889,200,888,346,0.0,1,75889,20,Humano,Neutro,89,Janela_Baseline
76105,216,949,231,0.0,1,76105,20,Humano,Neutro,305,Janela_Baseline
76155,50,945,240,0.0,1,76155,20,Humano,Neutro,355,Janela_Baseline
76189,33,1122,851,0.0,0,76189,20,Humano,Neutro,389,Janela_Baseline
76322,133,685,570,0.0,3,76322,20,Humano,Neutro,522,Janela_Baseline
76355,33,93,276,-1.0,1,76355,20,Humano,Neutro,555,Janela_Baseline
76372,17,1382,729,0.0,0,76372,20,Humano,Neutro,572,Janela_Baseline
76405,33,694,619,0.0,3,76405,20,Humano,Neutro,605,Janela_Baseline
76438,33,696,645,0.0,3,76438,20,Humano,Neutro,638,Janela_Baseline
76455,17,710,517,0.0,3,76455,20,Humano,Neutro,655,Janela_Baseline
76488,33,1070,11,0.0,0,76488,20,Humano,Neutro,688,Janela_Baseline
76538,50,909,399,0.0,2,76538,20,Humano,Neutro,738,Janela_Baseline
76554,17,796,555,0.0,3,76554,20,Humano,Neutro,754,Janela_Baseline
76571,17,805,506,0.0,3,76571,20,Humano,Neutro,771,Janela_Baseline
76621,50,684,400,0.0,2,76621,20,Humano,Neutro,821,Janela_Baseline
76654,33,5,38,-1.0,1,76654,20,Humano,Neutro,854,Janela_Baseline
76688,33,678,620,0.0,3,76688,20,Humano,Neutro,888,Janela_Baseline
76787,100,896,392,0.0,2,76787,20,Humano,Neutro,987,Janela_Baseline
76871,83,933,7,0.0,1,76871,20,Humano,Neutro,1071,Janela_Baseline
76954,83,1405,365,0.0,0,76954,20,Humano,Neutro,1154,Janela_Baseline
77037,83,887,459,0.0,3,77037,20,Humano,Neutro,1237,Janela_Baseline
77203,166,15,370,-1.0,2,77203,20,Humano,Neutro,1403,Exposicao_Face
77253,50,1239,804,0.0,0,77253,20,Humano,Neutro,1453,Exposicao_Face
77403,150,1077,902,0.0,0,77403,20,Humano,Neutro,1603,Exposicao_Face
77420,17,1256,897,0.0,0,77420,20,Humano,Neutro,1620,Exposicao_Face
77553,133,1142,921,0.0,0,77553,20,Humano,Neutro,1753,Exposicao_Face
77586,33,218,325,-1.0,1,77586,20,Humano,Neutro,1786,Exposicao_Face
77719,133,706,637,0.0,3,77719,20,Humano,Neutro,1919,Exposicao_Face
77752,33,794,455,0.0,3,77752,20,Humano,Neutro,1952,Exposicao_Face
77785,33,766,565,0.0,3,77785,20,Humano,Neutro,1985,Exposicao_Face
77802,17,942,633,0.0,3,77802,20,Humano,Neutro,2002,Exposicao_Face
77835,33,725,608,0.0,3,77835,20,Humano,Neutro,2035,Exposicao_Face
77902,67,910,231,0.0,1,77902,20,Humano,Neutro,2102,Exposicao_Face
77935,33,1203,152,0.0,0,77935,20,Humano,Neutro,2135,Exposicao_Face
78002,67,857,388,0.0,2,78002,20,Humano,Neutro,2202,Exposicao_Face
78052,50,1191,905,0.0,0,78052,20,Humano,Neutro,2252,Exposicao_Face
78135,83,545,316,0.0,1,78135,20,Humano,Neutro,2335,Exposicao_Face
78151,17,593,184,0.0,1,78151,20,Humano,Neutro,2351,Exposicao_Face
78201,50,626,172,0.0,1,78201,20,Humano,Neutro,2401,Exposicao_Face
78384,183,915,206,0.0,1,78384,20,Humano,Neutro,2584,Exposicao_Face
78567,183,818,445,0.0,3,78567,20,Humano,Neutro,2767,Exposicao_Face
78617,50,1737,777,0.0,0,78617,20,Humano,Neutro,2817,Exposicao_Face
78800,183,896,312,0.0,1,78800,20,Humano,Neutro,3000,Exposicao_Face
78817,17,892,301,0.0,1,78817,20,Humano,Neutro,3017,Exposicao_Face
78867,50,1023,924,0.0,0,78867,20,Humano,Neutro,3067,Exposicao_Face
79249,383,933,466,0.0,3,79249,20,Humano,Neutro,3449,Exposicao_Face
79316,67,877,395,0.0,2,79316,20,Humano,Neutro,3516,Exposicao_Face
79382,67,1254,199,0.0,0,79382,20,Humano,Neutro,3582,Exposicao_Face
79432,50,227,468,-1.0,3,79432,20,Humano,Neutro,3632,Exposicao_Face
79832,399,1373,121,0.0,0,79832,21,Humano,Raiva,32,Janela_Baseline
79981,150,1730,671,0.0,0,79981,21,Humano,Raiva,181,Janela_Baseline
80064,83,469,288,0.0,1,80064,21,Humano,Raiva,264,Janela_Baseline
80381,316,827,423,0.0,3,80381,21,Humano,Raiva,581,Janela_Baseline
80564,183,934,1074,0.0,0,80564,21,Humano,Raiva,764,Janela_Baseline
80647,83,582,31,0.0,1,80647,21,Humano,Raiva,847,Janela_Baseline
80697,50,914,378,0.0,2,80697,21,Humano,Raiva,897,Janela_Baseline
80880,183,1891,171,0.0,0,80880,21,Humano,Raiva,1080,Janela_Baseline
80930,50,829,367,0.0,2,80930,21,Humano,Raiva,1130,Janela_Baseline
80946,17,431,179,0.0,1,80946,21,Humano,Raiva,1146,Janela_Baseline
81229,283,1043,886,0.0,0,81229,21,Humano,Raiva,1429,Exposicao_Face
81279,50,839,286,0.0,1,81279,21,Humano,Raiva,1479,Exposicao_Face
81329,50,1397,858,0.0,0,81329,21,Humano,Raiva,1529,Exposicao_Face
81395,67,1222,172,0.0,0,81395,21,Humano,Raiva,1595,Exposicao_Face
81429,33,1126,127,0.0,0,81429,21,Humano,Raiva,1629,Exposicao_Face
81445,17,1641,817,0.0,0,81445,21,Humano,Raiva,1645,Exposicao_Face
81462,17,1037,456,0.0,0,81462,21,Humano,Raiva,1662,Exposicao_Face
81678,216,983,893,0.0,0,81678,21,Humano,Raiva,1878,Exposicao_Face
81795,116,1046,923,0.0,0,81795,21,Humano,Raiva,1995,Exposicao_Face
81861,67,1680,800,0.0,0,81861,21,Humano,Raiva,2061,Exposicao_Face
81961,100,1100,931,0.0,0,81961,21,Humano,Raiva,2161,Exposicao_Face
82027,67,548,345,0.0,1,82027,21,Humano,Raiva,2227,Exposicao_Face
82144,116,476,910,0.0,0,82144,21,Humano,Raiva,2344,Exposicao_Face
82177,33,940,185,0.0,1,82177,21,Humano,Raiva,2377,Exposicao_Face
82194,17,827,260,0.0,1,82194,21,Humano,Raiva,2394,Exposicao_Face
82310,116,525,325,0.0,1,82310,21,Humano,Raiva,2510,Exposicao_Face
82643,333,1157,924,0.0,0,82643,21,Humano,Raiva,2843,Exposicao_Face
82660,17,1429,849,0.0,0,82660,21,Humano,Raiva,2860,Exposicao_Face
83009,349,1127,898,0.0,0,83009,21,Humano,Raiva,3209,Exposicao_Face
83159,150,1856,746,0.0,0,83159,21,Humano,Raiva,3359,Exposicao_Face
83192,33,1155,920,0.0,0,83192,21,Humano,Raiva,3392,Exposicao_Face
83209,17,1893,748,0.0,0,83209,21,Humano,Raiva,3409,Exposicao_Face
83225,17,1845,700,0.0,0,83225,21,Humano,Raiva,3425,Exposicao_Face
83242,17,29,195,-1.0,1,83242,21,Humano,Raiva,3442,Exposicao_Face
83408,166,858,342,0.0,1,83408,21,Humano,Raiva,3608,Exposicao_Face
83458,50,713,65,0.0,1,83458,21,Humano,Raiva,3658,Exposicao_Face
83525,67,1292,854,0.0,0,83525,21,Humano,Raiva,3725,Exposicao_Face
83541,17,1918,519,0.0,0,83541,21,Humano,Raiva,3741,Exposicao_Face
83674,133,1659,808,0.0,0,83674,21,Humano,Raiva,3874,Exposicao_Face
83874,200,1477,847,0.0,0,83874,22,Humano,Feliz,74,Janela_Baseline
83957,83,124,72,-1.0,1,83957,22,Humano,Feliz,157,Janela_Baseline
84074,116,1047,928,0.0,0,84074,22,Humano,Feliz,274,Janela_Baseline
84157,83,1767,743,0.0,0,84157,22,Humano,Feliz,357,Janela_Baseline
84207,50,959,654,0.0,3,84207,22,Humano,Feliz,407,Janela_Baseline
84323,116,1149,181,0.0,0,84323,22,Humano,Feliz,523,Janela_Baseline
84489,166,1899,787,0.0,0,84489,22,Humano,Feliz,689,Janela_Baseline
85005,516,645,211,0.0,1,85005,22,Humano,Feliz,1205,Janela_Baseline
85604,599,1660,745,0.0,0,85604,22,Humano,Feliz,1804,Exposicao_Face
85637,33,1733,717,0.0,0,85637,22,Humano,Feliz,1837,Exposicao_Face
85720,83,1798,633,0.0,0,85720,22,Humano,Feliz,1920,Exposicao_Face
85737,17,1726,810,0.0,0,85737,22,Humano,Feliz,1937,Exposicao_Face
85770,33,1890,557,0.0,0,85770,22,Humano,Feliz,1970,Exposicao_Face
85804,33,841,667,0.0,3,85804,22,Humano,Feliz,2004,Exposicao_Face
86020,216,1506,787,0.0,0,86020,22,Humano,Feliz,2220,Exposicao_Face
86070,50,1875,489,0.0,0,86070,22,Humano,Feliz,2270,Exposicao_Face
86103,33,1648,186,0.0,0,86103,22,Humano,Feliz,2303,Exposicao_Face
86153,50,1272,833,0.0,0,86153,22,Humano,Feliz,2353,Exposicao_Face
86170,17,1257,850,0.0,0,86170,22,Humano,Feliz,2370,Exposicao_Face
86303,133,1331,813,0.0,0,86303,22,Humano,Feliz,2503,Exposicao_Face
86319,17,1737,724,0.0,0,86319,22,Humano,Feliz,2519,Exposicao_Face
86436,116,1248,109,0.0,0,86436,22,Humano,Feliz,2636,Exposicao_Face
86536,100,437,14,0.0,1,86536,22,Humano,Feliz,2736,Exposicao_Face
86835,299,699,601,0.0,3,86835,22,Humano,Feliz,3035,Exposicao_Face
87068,233,804,95,1.06,1,87068,22,Humano,Feliz,3268,Exposicao_Face
87118,50,1804,437,0.0,0,87118,22,Humano,Feliz,3318,Exposicao_Face
87134,17,1610,713,0.0,0,87134,22,Humano,Feliz,3334,Exposicao_Face
87218,83,1095,359,0.0,0,87218,22,Humano,Feliz,3418,Exposicao_Face
87234,17,1914,692,0.0,0,87234,22,Humano,Feliz,3434,Exposicao_Face
87267,33,1537,369,0.0,0,87267,22,Humano,Feliz,3467,Exposicao_Face
87284,17,1362,694,0.0,0,87284,22,Humano,Feliz,3484,Exposicao_Face
87301,17,1424,840,0.0,0,87301,22,Humano,Feliz,3501,Exposicao_Face
87467,166,1685,17,0.0,0,87467,22,Humano,Feliz,3667,Exposicao_Face
87500,33,1115,948,0.0,0,87500,22,Humano,Feliz,3700,Exposicao_Face
87517,17,1146,556,0.0,0,87517,22,Humano,Feliz,3717,Exposicao_Face
87617,100,1241,10,0.0,0,87617,22,Humano,Feliz,3817,Exposicao_Face
87950,333,1867,587,0.0,0,87950,23,Humano,Neutro,150,Janela_Baseline
87966,17,1102,496,0.0,0,87966,23,Humano,Neutro,166,Janela_Baseline
87983,17,1822,526,0.0,0,87983,23,Humano,Neutro,183,Janela_Baseline
88132,150,1557,477,0.0,0,88132,23,Humano,Neutro,332,Janela_Baseline
88149,17,959,987,0.0,0,88149,23,Humano,Neutro,349,Janela_Baseline
88166,17,1860,456,0.0,0,88166,23,Humano,Neutro,366,Janela_Baseline
88232,67,1660,1,0.0,0,88232,23,Humano,Neutro,432,Janela_Baseline
88282,50,1444,589,0.0,0,88282,23,Humano,Neutro,482,Janela_Baseline
88299,17,1628,679,0.0,0,88299,23,Humano,Neutro,499,Janela_Baseline
88332,33,1287,42,0.0,0,88332,23,Humano,Neutro,532,Janela_Baseline
88349,17,1698,108,0.0,0,88349,23,Humano,Neutro,549,Janela_Baseline
88532,183,1817,661,0.0,0,88532,23,Humano,Neutro,732,Janela_Baseline
88715,183,1556,231,0.0,0,88715,23,Humano,Neutro,915,Janela_Baseline
88781,67,1606,744,0.0,0,88781,23,Humano,Neutro,981,Janela_Baseline
88864,83,82,61,-1.0,1,88864,23,Humano,Neutro,1064,Janela_Baseline
88881,17,864,641,0.0,3,88881,23,Humano,Neutro,1081,Janela_Baseline
89031,150,1169,419,0.0,0,89031,23,Humano,Neutro,1231,Janela_Baseline
89064,33,30,292,-1.0,1,89064,23,Humano,Neutro,1264,Janela_Baseline
89297,233,430,28,0.0,1,89297,23,Humano,Neutro,1497,Exposicao_Face
89530,233,155,418,-1.0,3,89530,23,Humano,Neutro,1730,Exposicao_Face
90079,549,479,88,0.0,1,90079,23,Humano,Neutro,2279,Exposicao_Face
90545,466,903,969,0.0,0,90545,23,Humano,Neutro,2745,Exposicao_Face
90844,299,1336,284,0.0,0,90844,23,Humano,Neutro,3044,Exposicao_Face
90960,116,1785,593,0.0,0,90960,23,Humano,Neutro,3160,Exposicao_Face
90994,33,1456,522,0.0,0,90994,23,Humano,Neutro,3194,Exposicao_Face
91227,233,1216,834,0.0,0,91227,23,Humano,Neutro,3427,Exposicao_Face
91243,17,1246,711,0.0,0,91243,23,Humano,Neutro,3443,Exposicao_Face
91293,50,1496,400,0.0,0,91293,23,Humano,Neutro,3493,Exposicao_Face
91360,67,1040,637,0.0,0,91360,23,Humano,Neutro,3560,Exposicao_Face
92058,699,765,678,0.0,3,92058,24,Humano,Raiva,258,Janela_Baseline
92075,17,713,643,0.0,3,92075,24,Humano,Raiva,275,Janela_Baseline
92341,266,722,988,0.0,0,92341,24,Humano,Raiva,541,Janela_Baseline
92557,216,1619,683,0.0,0,92557,24,Humano,Raiva,757,Janela_Baseline
92707,150,1890,756,0.0,0,92707,24,Humano,Raiva,907,Janela_Baseline
92740,33,1749,556,0.0,0,92740,24,Humano,Raiva,940,Janela_Baseline
92957,216,1000,498,0.0,3,92957,24,Humano,Raiva,1157,Janela_Baseline
92990,33,1675,793,0.0,0,92990,24,Humano,Raiva,1190,Janela_Baseline
93007,17,1679,791,0.0,0,93007,24,Humano,Raiva,1207,Janela_Baseline
93106,100,3,286,-1.0,1,93106,24,Humano,Raiva,1306,Exposicao_Face
93140,33,1579,778,0.0,0,93140,24,Humano,Raiva,1340,Exposicao_Face
93206,67,952,1057,0.0,0,93206,24,Humano,Raiva,1406,Exposicao_Face
93223,17,1364,665,0.0,0,93223,24,Humano,Raiva,1423,Exposicao_Face
93389,166,877,658,0.0,3,93389,24,Humano,Raiva,1589,Exposicao_Face
93489,100,1384,259,0.0,0,93489,24,Humano,Raiva,1689,Exposicao_Face
93556,67,1633,106,0.0,0,93556,24,Humano,Raiva,1756,Exposicao_Face
93589,33,1888,786,0.0,0,93589,24,Humano,Raiva,1789,Exposicao_Face
93605,17,1632,576,0.0,0,93605,24,Humano,Raiva,1805,Exposicao_Face
93622,17,1566,381,0.0,0,93622,24,Humano,Raiva,1822,Exposicao_Face
93639,17,1136,937,0.0,0,93639,24,Humano,Raiva,1839,Exposicao_Face
93655,17,1119,686,0.0,0,93655,24,Humano,Raiva,1855,Exposicao_Face
93705,50,1907,785,0.0,0,93705,24,Humano,Raiva,1905,Exposicao_Face
93788,83,1432,853,0.0,0,93788,24,Humano,Raiva,1988,Exposicao_Face
93805,17,1626,758,0.0,0,93805,24,Humano,Raiva,2005,Exposicao_Face
93855,50,1475,820,0.0,0,93855,24,Humano,Raiva,2055,Exposicao_Face
94021,166,947,32,0.0,1,94021,24,Humano,Raiva,2221,Exposicao_Face
94138,116,1499,823,0.0,0,94138,24,Humano,Raiva,2338,Exposicao_Face
94238,100,921,669,0.0,3,94238,24,Humano,Raiva,2438,Exposicao_Face
94321,83,1857,687,0.0,0,94321,24,Humano,Raiva,2521,Exposicao_Face
94387,67,1500,61,0.0,0,94387,24,Humano,Raiva,2587,Exposicao_Face
94470,83,1537,828,0.0,0,94470,24,Humano,Raiva,2670,Exposicao_Face
94487,17,1681,783,0.0,0,94487,24,Humano,Raiva,2687,Exposicao_Face
94787,299,523,65,0.0,1,94787,24,Humano,Raiva,2987,Exposicao_Face
95236,449,1426,70,0.0,0,95236,24,Humano,Raiva,3436,Exposicao_Face
95335,100,1493,814,0.0,0,95335,24,Humano,Raiva,3535,Exposicao_Face
95485,150,1475,817,0.0,0,95485,24,Humano,Raiva,3685,Exposicao_Face
95552,67,1121,947,0.0,0,95552,24,Humano,Raiva,3752,Exposicao_Face
95968,416,1596,734,0.0,0,95968,25,Humano,Feliz,168,Janela_Baseline
96067,100,773,679,0.0,3,96067,25,Humano,Feliz,267,Janela_Baseline
96117,50,1054,982,0.0,0,96117,25,Humano,Feliz,317,Janela_Baseline
96151,33,1885,731,0.0,0,96151,25,Humano,Feliz,351,Janela_Baseline
96217,67,1068,448,0.0,0,96217,25,Humano,Feliz,417,Janela_Baseline
96234,17,1534,820,0.0,0,96234,25,Humano,Feliz,434,Janela_Baseline
96250,17,1120,950,0.0,0,96250,25,Humano,Feliz,450,Janela_Baseline
96267,17,274,30,-1.0,1,96267,25,Humano,Feliz,467,Janela_Baseline
96716,449,1519,820,0.0,0,96716,25,Humano,Feliz,916,Janela_Baseline
96899,183,1911,793,0.0,0,96899,25,Humano,Feliz,1099,Janela_Baseline
97082,183,1429,834,0.0,0,97082,25,Humano,Feliz,1282,Janela_Baseline
97315,233,1510,790,0.0,0,97315,25,Humano,Feliz,1515,Exposicao_Face
97431,116,1895,515,0.0,0,97431,25,Humano,Feliz,1631,Exposicao_Face
97481,50,1293,885,0.0,0,97481,25,Humano,Feliz,1681,Exposicao_Face
97515,33,1167,929,0.0,0,97515,25,Humano,Feliz,1715,Exposicao_Face
97731,216,1810,21,0.0,0,97731,25,Humano,Feliz,1931,Exposicao_Face
97748,17,1132,944,0.0,0,97748,25,Humano,Feliz,1948,Exposicao_Face
97781,33,837,334,0.0,1,97781,25,Humano,Feliz,1981,Exposicao_Face
98014,233,880,19,0.0,1,98014,25,Humano,Feliz,2214,Exposicao_Face
98064,50,948,1056,0.0,0,98064,25,Humano,Feliz,2264,Exposicao_Face
98163,100,1689,805,0.0,0,98163,25,Humano,Feliz,2363,Exposicao_Face
98197,33,1045,551,0.0,0,98197,25,Humano,Feliz,2397,Exposicao_Face
98346,150,1642,779,0.0,0,98346,25,Humano,Feliz,2546,Exposicao_Face
98696,349,1223,156,0.0,0,98696,25,Humano,Feliz,2896,Exposicao_Face
98862,166,1781,281,0.0,0,98862,25,Humano,Feliz,3062,Exposicao_Face
98895,33,1402,846,0.0,0,98895,25,Humano,Feliz,3095,Exposicao_Face
98945,50,1919,750,0.0,0,98945,25,Humano,Feliz,3145,Exposicao_Face
99028,83,1010,996,0.0,0,99028,25,Humano,Feliz,3228,Exposicao_Face
99045,17,1500,267,0.0,0,99045,25,Humano,Feliz,3245,Exposicao_Face
99178,133,674,433,0.0,3,99178,25,Humano,Feliz,3378,Exposicao_Face
99261,83,690,751,0.0,3,99261,25,Humano,Feliz,3461,Exposicao_Face
99461,200,782,330,0.0,1,99461,25,Humano,Feliz,3661,Exposicao_Face
99960,499,373,566,-1.0,3,99960,26,Humano,Neutro,160,Janela_Baseline
100076,116,549,380,0.0,2,100076,26,Humano,Neutro,276,Janela_Baseline
100243,166,947,1024,0.0,0,100243,26,Humano,Neutro,443,Janela_Baseline
100426,183,1259,836,0.0,0,100426,26,Humano,Neutro,626,Janela_Baseline
100526,100,961,1008,0.0,0,100526,26,Humano,Neutro,726,Janela_Baseline
100542,17,1595,381,0.0,0,100542,26,Humano,Neutro,742,Janela_Baseline
100609,67,1094,367,0.0,0,100609,26,Humano,Neutro,809,Janela_Baseline
100709,100,1549,327,0.0,0,100709,26,Humano,Neutro,909,Janela_Baseline
100758,50,875,174,0.0,1,100758,26,Humano,Neutro,958,Janela_Baseline
100875,116,1556,414,0.0,0,100875,26,Humano,Neutro,1075,Janela_Baseline
100941,67,1578,372,0.0,0,100941,26,Humano,Neutro,1141,Janela_Baseline
100958,17,1407,622,0.0,0,100958,26,Humano,Neutro,1158,Janela_Baseline
101091,133,1755,690,0.0,0,101091,26,Humano,Neutro,1291,Janela_Baseline
101108,17,1080,910,0.0,0,101108,26,Humano,Neutro,1308,Exposicao_Face
101124,17,1790,664,0.0,0,101124,26,Humano,Neutro,1324,Exposicao_Face
101141,17,1803,525,0.0,0,101141,26,Humano,Neutro,1341,Exposicao_Face
101158,17,1862,609,0.0,0,101158,26,Humano,Neutro,1358,Exposicao_Face
101191,33,784,817,0.0,0,101191,26,Humano,Neutro,1391,Exposicao_Face
101208,17,893,513,0.0,3,101208,26,Humano,Neutro,1408,Exposicao_Face
101258,50,1321,741,0.0,0,101258,26,Humano,Neutro,1458,Exposicao_Face
101640,383,1279,771,0.0,0,101640,26,Humano,Neutro,1840,Exposicao_Face
101773,133,1199,81,0.0,0,101773,26,Humano,Neutro,1973,Exposicao_Face
102006,233,1489,615,0.0,0,102006,26,Humano,Neutro,2206,Exposicao_Face
102023,17,1552,421,0.0,0,102023,26,Humano,Neutro,2223,Exposicao_Face
102222,200,1000,997,0.0,0,102222,26,Humano,Neutro,2422,Exposicao_Face
102239,17,1910,230,0.0,0,102239,26,Humano,Neutro,2439,Exposicao_Face
102272,33,1732,568,0.0,0,102272,26,Humano,Neutro,2472,Exposicao_Face
102422,150,1521,94,0.0,0,102422,26,Humano,Neutro,2622,Exposicao_Face
102638,216,1316,49,0.0,0,102638,26,Humano,Neutro,2838,Exposicao_Face
102738,100,1536,733,0.0,0,102738,26,Humano,Neutro,2938,Exposicao_Face
102755,17,1457,800,0.0,0,102755,26,Humano,Neutro,2955,Exposicao_Face
102788,33,1531,308,0.0,0,102788,26,Humano,Neutro,2988,Exposicao_Face
102888,100,914,960,0.0,0,102888,26,Humano,Neutro,3088,Exposicao_Face
103087,200,1364,847,0.0,0,103087,26,Humano,Neutro,3287,Exposicao_Face
103104,17,533,487,0.0,3,103104,26,Humano,Neutro,3304,Exposicao_Face
103154,50,1585,383,0.0,0,103154,26,Humano,Neutro,3354,Exposicao_Face
103187,33,1576,298,0.0,0,103187,26,Humano,Neutro,3387,Exposicao_Face
103204,17,1275,842,0.0,0,103204,26,Humano,Neutro,3404,Exposicao_Face
103220,17,1543,459,0.0,0,103220,26,Humano,Neutro,3420,Exposicao_Face
103254,33,1494,396,0.0,0,103254,26,Humano,Neutro,3454,Exposicao_Face
103270,17,994,1020,0.0,0,103270,26,Humano,Neutro,3470,Exposicao_Face
103354,83,1512,602,0.0,0,103354,26,Humano,Neutro,3554,Exposicao_Face
103370,17,1029,948,0.0,0,103370,26,Humano,Neutro,3570,Exposicao_Face
103437,67,970,994,0.0,0,103437,26,Humano,Neutro,3637,Exposicao_Face
103670,233,1872,400,0.0,0,103670,26,Humano,Neutro,3870,Exposicao_Face
103803,133,1683,292,0.0,0,103803,27,Humano,Raiva,3,Janela_Baseline
104019,216,1733,294,0.0,0,104019,27,Humano,Raiva,219,Janela_Baseline
104102,83,1390,660,0.0,0,104102,27,Humano,Raiva,302,Janela_Baseline
104185,83,655,149,0.0,1,104185,27,Humano,Raiva,385,Janela_Baseline
104268,83,1510,527,0.0,0,104268,27,Humano,Raiva,468,Janela_Baseline
104285,17,1489,521,0.0,0,104285,27,Humano,Raiva,485,Janela_Baseline
104418,133,1736,770,0.0,0,104418,27,Humano,Raiva,618,Janela_Baseline
104634,216,1385,846,0.0,0,104634,27,Humano,Raiva,834,Janela_Baseline
104784,150,1479,732,0.0,0,104784,27,Humano,Raiva,984,Janela_Baseline
104817,33,1230,866,0.0,0,104817,27,Humano,Raiva,1017,Janela_Baseline
104834,17,1489,565,0.0,0,104834,27,Humano,Raiva,1034,Janela_Baseline
105034,200,1167,168,0.0,0,105034,27,Humano,Raiva,1234,Janela_Baseline
105067,33,1578,390,0.0,0,105067,27,Humano,Raiva,1267,Janela_Baseline
105233,166,1457,844,0.0,0,105233,27,Humano,Raiva,1433,Exposicao_Face
105300,67,1124,944,0.0,0,105300,27,Humano,Raiva,1500,Exposicao_Face
105416,116,1123,882,0.0,0,105416,27,Humano,Raiva,1616,Exposicao_Face
105516,100,1172,551,0.0,0,105516,27,Humano,Raiva,1716,Exposicao_Face
105566,50,1184,861,0.0,0,105566,27,Humano,Raiva,1766,Exposicao_Face
105616,50,1447,851,0.0,0,105616,27,Humano,Raiva,1816,Exposicao_Face
105682,67,1580,628,0.0,0,105682,27,Humano,Raiva,1882,Exposicao_Face
106265,582,1075,943,0.0,0,106265,27,Humano,Raiva,2465,Exposicao_Face
106365,100,517,1060,0.0,0,106365,27,Humano,Raiva,2565,Exposicao_Face
106398,33,879,1031,0.0,0,106398,27,Humano,Raiva,2598,Exposicao_Face
106681,283,1100,924,0.0,0,106681,27,Humano,Raiva,2881,Exposicao_Face
106714,33,1266,685,0.0,0,106714,27,Humano,Raiva,2914,Exposicao_Face
106764,50,931,1077,0.0,0,106764,27,Humano,Raiva,2964,Exposicao_Face
106780,17,1063,880,0.0,0,106780,27,Humano,Raiva,2980,Exposicao_Face
106897,116,1483,674,0.0,0,106897,27,Humano,Raiva,3097,Exposicao_Face
107396,499,1013,1010,0.0,0,107396,27,Humano,Raiva,3596,Exposicao_Face
107413,17,1207,708,0.0,0,107413,27,Humano,Raiva,3613,Exposicao_Face
107446,33,1096,958,0.0,0,107446,27,Humano,Raiva,3646,Exposicao_Face
107529,83,535,977,0.0,0,107529,27,Humano,Raiva,3729,Exposicao_Face
107579,50,1205,722,0.0,0,107579,27,Humano,Raiva,3779,Exposicao_Face
107595,17,1163,786,0.0,0,107595,27,Humano,Raiva,3795,Exposicao_Face
107695,100,1093,933,0.0,0,107695,27,Humano,Raiva,3895,Exposicao_Face
107745,50,1312,490,0.0,0,107745,27,Humano,Raiva,3945,Exposicao_Face
107795,50,1608,459,0.0,0,107795,27,Humano,Raiva,3995,Exposicao_Face
107845,50,1377,3,0.0,0,107845,28,Humano,Feliz,45,Janela_Baseline
107878,33,1153,936,0.0,0,107878,28,Humano,Feliz,78,Janela_Baseline
107895,17,1541,689,0.0,0,107895,28,Humano,Feliz,95,Janela_Baseline
107978,83,1276,143,0.0,0,107978,28,Humano,Feliz,178,Janela_Baseline
108011,33,1250,158,0.0,0,108011,28,Humano,Feliz,211,Janela_Baseline
108028,17,1167,799,0.0,0,108028,28,Humano,Feliz,228,Janela_Baseline
108061,33,1028,998,0.0,0,108061,28,Humano,Feliz,261,Janela_Baseline
108095,33,1511,434,0.0,0,108095,28,Humano,Feliz,295,Janela_Baseline
108178,83,1147,873,0.0,0,108178,28,Humano,Feliz,378,Janela_Baseline
108194,17,1043,971,0.0,0,108194,28,Humano,Feliz,394,Janela_Baseline
108228,33,1077,901,0.0,0,108228,28,Humano,Feliz,428,Janela_Baseline
108261,33,1583,524,0.0,0,108261,28,Humano,Feliz,461,Janela_Baseline
108294,33,846,1032,0.0,0,108294,28,Humano,Feliz,494,Janela_Baseline
108327,33,974,1038,0.0,0,108327,28,Humano,Feliz,527,Janela_Baseline
108344,17,1012,854,0.0,0,108344,28,Humano,Feliz,544,Janela_Baseline
108394,50,989,1026,0.0,0,108394,28,Humano,Feliz,594,Janela_Baseline
108427,33,1316,615,0.0,0,108427,28,Humano,Feliz,627,Janela_Baseline
108477,50,1454,560,0.0,0,108477,28,Humano,Feliz,677,Janela_Baseline
108510,33,998,966,0.0,0,108510,28,Humano,Feliz,710,Janela_Baseline
108527,17,524,786,0.0,0,108527,28,Humano,Feliz,727,Janela_Baseline
108660,133,1530,156,0.0,0,108660,28,Humano,Feliz,860,Janela_Baseline
108743,83,1178,838,0.0,0,108743,28,Humano,Feliz,943,Janela_Baseline
108793,50,988,1028,0.0,0,108793,28,Humano,Feliz,993,Janela_Baseline
108893,100,1338,838,0.0,0,108893,28,Humano,Feliz,1093,Janela_Baseline
108910,17,1111,908,0.0,0,108910,28,Humano,Feliz,1110,Janela_Baseline
108926,17,577,446,0.0,3,108926,28,Humano,Feliz,1126,Janela_Baseline
108960,33,1095,910,0.0,0,108960,28,Humano,Feliz,1160,Janela_Baseline
109043,83,1567,745,0.0,0,109043,28,Humano,Feliz,1243,Janela_Baseline
109109,67,1218,538,0.0,0,109109,28,Humano,Feliz,1309,Exposicao_Face
109143,33,1161,259,0.0,0,109143,28,Humano,Feliz,1343,Exposicao_Face
109176,33,1154,725,0.0,0,109176,28,Humano,Feliz,1376,Exposicao_Face
109475,299,1381,492,0.0,0,109475,28,Humano,Feliz,1675,Exposicao_Face
109525,50,1382,150,0.0,0,109525,28,Humano,Feliz,1725,Exposicao_Face
109542,17,1459,850,0.0,0,109542,28,Humano,Feliz,1742,Exposicao_Face
109558,17,1695,583,0.0,0,109558,28,Humano,Feliz,1758,Exposicao_Face
109642,83,1072,837,0.0,0,109642,28,Humano,Feliz,1842,Exposicao_Face
109675,33,1092,713,0.0,0,109675,28,Humano,Feliz,1875,Exposicao_Face
109858,183,1212,681,0.0,0,109858,28,Humano,Feliz,2058,Exposicao_Face
109891,33,1603,736,0.0,0,109891,28,Humano,Feliz,2091,Exposicao_Face
109941,50,1027,901,0.0,0,109941,28,Humano,Feliz,2141,Exposicao_Face
109974,33,1381,565,0.0,0,109974,28,Humano,Feliz,2174,Exposicao_Face
110041,67,1099,935,0.0,0,110041,28,Humano,Feliz,2241,Exposicao_Face
110091,50,1168,669,0.0,0,110091,28,Humano,Feliz,2291,Exposicao_Face
110124,33,554,818,0.0,0,110124,28,Humano,Feliz,2324,Exposicao_Face
110157,33,1539,142,0.0,0,110157,28,Humano,Feliz,2357,Exposicao_Face
110191,33,1151,874,0.0,0,110191,28,Humano,Feliz,2391,Exposicao_Face
110207,17,1406,298,0.0,0,110207,28,Humano,Feliz,2407,Exposicao_Face
110274,67,1339,541,0.0,0,110274,28,Humano,Feliz,2474,Exposicao_Face
110307,33,1768,798,0.0,0,110307,28,Humano,Feliz,2507,Exposicao_Face
110340,33,1003,1012,0.0,0,110340,28,Humano,Feliz,2540,Exposicao_Face
110357,17,1299,818,0.0,0,110357,28,Humano,Feliz,2557,Exposicao_Face
110423,67,1890,19,0.0,0,110423,28,Humano,Feliz,2623,Exposicao_Face
110473,50,637,1041,0.0,0,110473,28,Humano,Feliz,2673,Exposicao_Face
110507,33,1528,838,0.0,0,110507,28,Humano,Feliz,2707,Exposicao_Face
110523,17,1123,882,0.0,0,110523,28,Humano,Feliz,2723,Exposicao_Face
110540,17,1158,792,0.0,0,110540,28,Humano,Feliz,2740,Exposicao_Face
110590,50,1544,758,0.0,0,110590,28,Humano,Feliz,2790,Exposicao_Face
110606,17,1082,947,0.0,0,110606,28,Humano,Feliz,2806,Exposicao_Face
110690,83,1375,822,0.0,0,110690,28,Humano,Feliz,2890,Exposicao_Face
110740,50,912,1044,0.0,0,110740,28,Humano,Feliz,2940,Exposicao_Face
110806,67,1250,876,0.0,0,110806,28,Humano,Feliz,3006,Exposicao_Face
110856,50,1005,993,0.0,0,110856,28,Humano,Feliz,3056,Exposicao_Face
110889,33,1104,900,0.0,0,110889,28,Humano,Feliz,3089,Exposicao_Face
110906,17,1002,1004,0.0,0,110906,28,Humano,Feliz,3106,Exposicao_Face
110939,33,1339,5,0.0,0,110939,28,Humano,Feliz,3139,Exposicao_Face
111006,67,1530,698,0.0,0,111006,28,Humano,Feliz,3206,Exposicao_Face
111056,50,1242,623,0.0,0,111056,28,Humano,Feliz,3256,Exposicao_Face
111122,67,1611,713,0.0,0,111122,28,Humano,Feliz,3322,Exposicao_Face
111255,133,184,231,0.0,1,111255,28,Humano,Feliz,3455,Exposicao_Face
111288,33,1718,811,0.0,0,111288,28,Humano,Feliz,3488,Exposicao_Face
111322,33,1284,885,0.0,0,111322,28,Humano,Feliz,3522,Exposicao_Face
111438,116,1282,890,0.0,0,111438,28,Humano,Feliz,3638,Exposicao_Face
111455,17,1176,926,0.0,0,111455,28,Humano,Feliz,3655,Exposicao_Face
111471,17,1087,588,0.0,0,111471,28,Humano,Feliz,3671,Exposicao_Face
111505,33,1882,703,0.0,0,111505,28,Humano,Feliz,3705,Exposicao_Face
111521,17,998,1015,0.0,0,111521,28,Humano,Feliz,3721,Exposicao_Face
111588,67,1153,659,0.0,0,111588,28,Humano,Feliz,3788,Exposicao_Face
111638,50,1001,1002,0.0,0,111638,28,Humano,Feliz,3838,Exposicao_Face
111654,17,1263,819,0.0,0,111654,28,Humano,Feliz,3854,Exposicao_Face
111738,83,1154,814,0.0,0,111738,28,Humano,Feliz,3938,Exposicao_Face
111804,67,908,667,0.0,3,111804,29,Humano,Neutro,4,Janela_Baseline
111837,33,1599,523,0.0,0,111837,29,Humano,Neutro,37,Janela_Baseline
111854,17,1139,895,0.0,0,111854,29,Humano,Neutro,54,Janela_Baseline
111887,33,1802,710,0.0,0,111887,29,Humano,Neutro,87,Janela_Baseline
111921,33,1126,892,0.0,0,111921,29,Humano,Neutro,121,Janela_Baseline
111937,17,1397,694,0.0,0,111937,29,Humano,Neutro,137,Janela_Baseline
112020,83,1302,627,0.0,0,112020,29,Humano,Neutro,220,Janela_Baseline
112037,17,959,1032,0.0,0,112037,29,Humano,Neutro,237,Janela_Baseline
112087,50,1010,956,0.0,0,112087,29,Humano,Neutro,287,Janela_Baseline
112120,33,1248,531,0.0,0,112120,29,Humano,Neutro,320,Janela_Baseline
112154,33,1187,814,0.0,0,112154,29,Humano,Neutro,354,Janela_Baseline
112170,17,1218,758,0.0,0,112170,29,Humano,Neutro,370,Janela_Baseline
112237,67,1084,944,0.0,0,112237,29,Humano,Neutro,437,Janela_Baseline
112253,17,978,1035,0.0,0,112253,29,Humano,Neutro,453,Janela_Baseline
112320,67,1226,675,0.0,0,112320,29,Humano,Neutro,520,Janela_Baseline
112403,83,1506,495,0.0,0,112403,29,Humano,Neutro,603,Janela_Baseline
112420,17,1302,465,0.0,0,112420,29,Humano,Neutro,620,Janela_Baseline
112486,67,1379,115,0.0,0,112486,29,Humano,Neutro,686,Janela_Baseline
112536,50,1351,737,0.0,0,112536,29,Humano,Neutro,736,Janela_Baseline
112569,33,1420,7,0.0,0,112569,29,Humano,Neutro,769,Janela_Baseline
112603,33,1215,641,0.0,0,112603,29,Humano,Neutro,803,Janela_Baseline
112619,17,289,142,0.0,1,112619,29,Humano,Neutro,819,Janela_Baseline
112669,50,135,23,0.0,1,112669,29,Humano,Neutro,869,Janela_Baseline
112752,83,95,76,0.0,1,112752,29,Humano,Neutro,952,Janela_Baseline
112819,67,145,229,0.0,1,112819,29,Humano,Neutro,1019,Janela_Baseline
113002,183,1219,909,0.0,0,113002,29,Humano,Neutro,1202,Janela_Baseline
113019,17,1305,725,0.0,0,113019,29,Humano,Neutro,1219,Janela_Baseline
113035,17,1484,547,0.0,0,113035,29,Humano,Neutro,1235,Janela_Baseline
113068,33,1162,680,0.0,0,113068,29,Humano,Neutro,1268,Janela_Baseline
113085,17,1009,997,0.0,0,113085,29,Humano,Neutro,1285,Janela_Baseline
113118,33,1379,866,0.0,0,113118,29,Humano,Neutro,1318,Exposicao_Face
113202,83,1185,542,0.0,0,113202,29,Humano,Neutro,1402,Exposicao_Face
113268,67,1504,694,0.0,0,113268,29,Humano,Neutro,1468,Exposicao_Face
113285,17,1270,402,0.0,0,113285,29,Humano,Neutro,1485,Exposicao_Face
113351,67,1160,635,0.0,0,113351,29,Humano,Neutro,1551,Exposicao_Face
113401,50,1384,799,0.0,0,113401,29,Humano,Neutro,1601,Exposicao_Face
113468,67,1113,625,0.0,0,113468,29,Humano,Neutro,1668,Exposicao_Face
113518,50,396,867,0.0,0,113518,29,Humano,Neutro,1718,Exposicao_Face
113601,83,1294,353,0.0,0,113601,29,Humano,Neutro,1801,Exposicao_Face
113651,50,1440,696,0.0,0,113651,29,Humano,Neutro,1851,Exposicao_Face
113767,116,1401,855,0.0,0,113767,29,Humano,Neutro,1967,Exposicao_Face
113784,17,1113,778,0.0,0,113784,29,Humano,Neutro,1984,Exposicao_Face
113817,33,1184,786,0.0,0,113817,29,Humano,Neutro,2017,Exposicao_Face
113850,33,1124,894,0.0,0,113850,29,Humano,Neutro,2050,Exposicao_Face
113867,17,1461,846,0.0,0,113867,29,Humano,Neutro,2067,Exposicao_Face
113900,33,1288,347,0.0,0,113900,29,Humano,Neutro,2100,Exposicao_Face
113950,50,1564,237,0.0,0,113950,29,Humano,Neutro,2150,Exposicao_Face
113967,17,1163,760,0.0,0,113967,29,Humano,Neutro,2167,Exposicao_Face
114033,67,1098,932,0.0,0,114033,29,Humano,Neutro,2233,Exposicao_Face
114100,67,1201,620,0.0,0,114100,29,Humano,Neutro,2300,Exposicao_Face
114133,33,609,1012,0.0,0,114133,29,Humano,Neutro,2333,Exposicao_Face
114200,67,889,708,0.0,3,114200,29,Humano,Neutro,2400,Exposicao_Face
114216,17,1224,558,0.0,0,114216,29,Humano,Neutro,2416,Exposicao_Face
114250,33,1075,916,0.0,0,114250,29,Humano,Neutro,2450,Exposicao_Face
114266,17,1243,558,0.0,0,114266,29,Humano,Neutro,2466,Exposicao_Face
114299,33,1401,820,0.0,0,114299,29,Humano,Neutro,2499,Exposicao_Face
114383,83,1215,392,0.0,0,114383,29,Humano,Neutro,2583,Exposicao_Face
114399,17,643,1026,0.0,0,114399,29,Humano,Neutro,2599,Exposicao_Face
114433,33,1084,845,0.0,0,114433,29,Humano,Neutro,2633,Exposicao_Face
114482,50,1284,352,0.0,0,114482,29,Humano,Neutro,2682,Exposicao_Face
114516,33,1615,661,0.0,0,114516,29,Humano,Neutro,2716,Exposicao_Face
114549,33,1218,564,0.0,0,114549,29,Humano,Neutro,2749,Exposicao_Face
114566,17,1028,1000,0.0,0,114566,29,Humano,Neutro,2766,Exposicao_Face
114632,67,963,1047,0.0,0,114632,29,Humano,Neutro,2832,Exposicao_Face
114665,33,1249,287,0.0,0,114665,29,Humano,Neutro,2865,Exposicao_Face
114682,17,1129,664,0.0,0,114682,29,Humano,Neutro,2882,Exposicao_Face
114715,33,1109,472,0.0,0,114715,29,Humano,Neutro,2915,Exposicao_Face
114732,17,1764,678,0.0,0,114732,29,Humano,Neutro,2932,Exposicao_Face
114782,50,430,1080,0.0,0,114782,29,Humano,Neutro,2982,Exposicao_Face
114865,83,1043,958,0.0,0,114865,29,Humano,Neutro,3065,Exposicao_Face
114882,17,973,1013,0.0,0,114882,29,Humano,Neutro,3082,Exposicao_Face
114915,33,1064,864,0.0,0,114915,29,Humano,Neutro,3115,Exposicao_Face
114932,17,864,987,0.0,0,114932,29,Humano,Neutro,3132,Exposicao_Face
114948,17,943,1063,0.0,0,114948,29,Humano,Neutro,3148,Exposicao_Face
114981,33,1042,952,0.0,0,114981,29,Humano,Neutro,3181,Exposicao_Face
114998,17,1126,664,0.0,0,114998,29,Humano,Neutro,3198,Exposicao_Face
115015,17,1196,595,0.0,0,115015,29,Humano,Neutro,3215,Exposicao_Face
115065,50,1169,579,0.0,0,115065,29,Humano,Neutro,3265,Exposicao_Face
115098,33,1406,753,0.0,0,115098,29,Humano,Neutro,3298,Exposicao_Face
115148,50,1327,255,0.0,0,115148,29,Humano,Neutro,3348,Exposicao_Face
115164,17,1045,967,0.0,0,115164,29,Humano,Neutro,3364,Exposicao_Face
115198,33,1069,887,0.0,0,115198,29,Humano,Neutro,3398,Exposicao_Face
115214,17,879,982,0.0,0,115214,29,Humano,Neutro,3414,Exposicao_Face
115231,17,454,1070,0.0,0,115231,29,Humano,Neutro,3431,Exposicao_Face
115248,17,1055,925,0.0,0,115248,29,Humano,Neutro,3448,Exposicao_Face
115264,17,1331,288,0.0,0,115264,29,Humano,Neutro,3464,Exposicao_Face
115298,33,1016,982,0.0,0,115298,29,Humano,Neutro,3498,Exposicao_Face
115314,17,996,1023,0.0,0,115314,29,Humano,Neutro,3514,Exposicao_Face
115331,17,1311,424,0.0,0,115331,29,Humano,Neutro,3531,Exposicao_Face
115364,33,1422,693,0.0,0,115364,29,Humano,Neutro,3564,Exposicao_Face
115397,33,1045,990,0.0,0,115397,29,Humano,Neutro,3597,Exposicao_Face
115431,33,1189,912,0.0,0,115431,29,Humano,Neutro,3631,Exposicao_Face
115497,67,995,1010,0.0,0,115497,29,Humano,Neutro,3697,Exposicao_Face
115514,17,1243,777,0.0,0,115514,29,Humano,Neutro,3714,Exposicao_Face
115530,17,1075,878,0.0,0,115530,29,Humano,Neutro,3730,Exposicao_Face
115564,33,1207,420,0.0,0,115564,29,Humano,Neutro,3764,Exposicao_Face
115580,17,1240,141,0.0,0,115580,29,Humano,Neutro,3780,Exposicao_Face
115597,17,1415,716,0.0,0,115597,29,Humano,Neutro,3797,Exposicao_Face
115647,50,1092,782,0.0,0,115647,29,Humano,Neutro,3847,Exposicao_Face
115663,17,1138,626,0.0,0,115663,29,Humano,Neutro,3863,Exposicao_Face
115713,50,1187,471,0.0,0,115713,29,Humano,Neutro,3913,Exposicao_Face
115730,17,995,1021,0.0,0,115730,29,Humano,Neutro,3930,Exposicao_Face
115780,50,1566,828,0.0,0,115780,29,Humano,Neutro,3980,Exposicao_Face
115797,17,1189,456,0.0,0,115797,29,Humano,Neutro,3997,Exposicao_Face
115830,33,1308,847,0.0,0,115830,30,Humano,Raiva,30,Janela_Baseline
115846,17,1477,832,0.0,0,115846,30,Humano,Raiva,46,Janela_Baseline
115896,50,1072,901,0.0,0,115896,30,Humano,Raiva,96,Janela_Baseline
115913,17,1059,921,0.0,0,115913,30,Humano,Raiva,113,Janela_Baseline
115930,17,1073,916,0.0,0,115930,30,Humano,Raiva,130,Janela_Baseline
115963,33,1095,885,0.0,0,115963,30,Humano,Raiva,163,Janela_Baseline
115980,17,1892,648,0.0,0,115980,30,Humano,Raiva,180,Janela_Baseline
116013,33,1235,423,0.0,0,116013,30,Humano,Raiva,213,Janela_Baseline
116029,17,928,1023,0.0,0,116029,30,Humano,Raiva,229,Janela_Baseline
116046,17,1208,527,0.0,0,116046,30,Humano,Raiva,246,Janela_Baseline
116079,33,1278,294,0.0,0,116079,30,Humano,Raiva,279,Janela_Baseline
116096,17,1157,825,0.0,0,116096,30,Humano,Raiva,296,Janela_Baseline
116113,17,1507,238,0.0,0,116113,30,Humano,Raiva,313,Janela_Baseline
116129,17,978,1036,0.0,0,116129,30,Humano,Raiva,329,Janela_Baseline
116146,17,1229,344,0.0,0,116146,30,Humano,Raiva,346,Janela_Baseline
116179,33,973,1040,0.0,0,116179,30,Humano,Raiva,379,Janela_Baseline
116229,50,1030,974,0.0,0,116229,30,Humano,Raiva,429,Janela_Baseline
116329,100,1544,818,0.0,0,116329,30,Humano,Raiva,529,Janela_Baseline
116362,33,1234,405,0.0,0,116362,30,Humano,Raiva,562,Janela_Baseline
116379,17,1099,886,0.0,0,116379,30,Humano,Raiva,579,Janela_Baseline
116412,33,1144,843,0.0,0,116412,30,Humano,Raiva,612,Janela_Baseline
116445,33,1148,843,0.0,0,116445,30,Humano,Raiva,645,Janela_Baseline
116479,33,1104,830,0.0,0,116479,30,Humano,Raiva,679,Janela_Baseline
116529,50,1279,775,0.0,0,116529,30,Humano,Raiva,729,Janela_Baseline
116578,50,1133,897,0.0,0,116578,30,Humano,Raiva,778,Janela_Baseline
116595,17,1492,815,0.0,0,116595,30,Humano,Raiva,795,Janela_Baseline
116628,33,1071,929,0.0,0,116628,30,Humano,Raiva,828,Janela_Baseline
116678,50,1256,105,0.0,0,116678,30,Humano,Raiva,878,Janela_Baseline
116695,17,999,1018,0.0,0,116695,30,Humano,Raiva,895,Janela_Baseline
116728,33,1374,409,0.0,0,116728,30,Humano,Raiva,928,Janela_Baseline
116745,17,1143,895,0.0,0,116745,30,Humano,Raiva,945,Janela_Baseline
116795,50,1342,108,0.0,0,116795,30,Humano,Raiva,995,Janela_Baseline
116811,17,1248,782,0.0,0,116811,30,Humano,Raiva,1011,Janela_Baseline
116861,50,969,995,0.0,0,116861,30,Humano,Raiva,1061,Janela_Baseline
116878,17,1252,900,0.0,0,116878,30,Humano,Raiva,1078,Janela_Baseline
116911,33,1349,852,0.0,0,116911,30,Humano,Raiva,1111,Janela_Baseline
116928,17,1140,771,0.0,0,116928,30,Humano,Raiva,1128,Janela_Baseline
116961,33,1866,792,0.0,0,116961,30,Humano,Raiva,1161,Janela_Baseline
116994,33,1297,329,0.0,0,116994,30,Humano,Raiva,1194,Janela_Baseline
117028,33,1173,839,0.0,0,117028,30,Humano,Raiva,1228,Janela_Baseline
117044,17,1132,929,0.0,0,117044,30,Humano,Raiva,1244,Janela_Baseline
117077,33,1483,716,0.0,0,117077,30,Humano,Raiva,1277,Janela_Baseline
117127,50,1005,1003,0.0,0,117127,30,Humano,Raiva,1327,Exposicao_Face
117144,17,1023,997,0.0,0,117144,30,Humano,Raiva,1344,Exposicao_Face
117161,17,1410,860,0.0,0,117161,30,Humano,Raiva,1361,Exposicao_Face
117194,33,1087,950,0.0,0,117194,30,Humano,Raiva,1394,Exposicao_Face
117294,100,1073,885,0.0,0,117294,30,Humano,Raiva,1494,Exposicao_Face
117310,17,1642,765,0.0,0,117310,30,Humano,Raiva,1510,Exposicao_Face
117327,17,1834,621,0.0,0,117327,30,Humano,Raiva,1527,Exposicao_Face
117344,17,1138,651,0.0,0,117344,30,Humano,Raiva,1544,Exposicao_Face
117394,50,1367,187,0.0,0,117394,30,Humano,Raiva,1594,Exposicao_Face
117410,17,959,1048,0.0,0,117410,30,Humano,Raiva,1610,Exposicao_Face
117427,17,941,709,0.0,3,117427,30,Humano,Raiva,1627,Exposicao_Face
117493,67,989,1016,0.0,0,117493,30,Humano,Raiva,1693,Exposicao_Face
117510,17,1121,851,0.0,0,117510,30,Humano,Raiva,1710,Exposicao_Face
117543,33,1004,1007,0.0,0,117543,30,Humano,Raiva,1743,Exposicao_Face
117560,17,966,1044,0.0,0,117560,30,Humano,Raiva,1760,Exposicao_Face
117593,33,1155,851,0.0,0,117593,30,Humano,Raiva,1793,Exposicao_Face
117626,33,1042,927,0.0,0,117626,30,Humano,Raiva,1826,Exposicao_Face
117643,17,1006,986,0.0,0,117643,30,Humano,Raiva,1843,Exposicao_Face
117676,33,1155,562,0.0,0,117676,30,Humano,Raiva,1876,Exposicao_Face
117710,33,1088,954,0.0,0,117710,30,Humano,Raiva,1910,Exposicao_Face
117743,33,944,1060,0.0,0,117743,30,Humano,Raiva,1943,Exposicao_Face
117776,33,1206,451,0.0,0,117776,30,Humano,Raiva,1976,Exposicao_Face
117809,33,1006,988,0.0,0,117809,30,Humano,Raiva,2009,Exposicao_Face
117826,17,1397,726,0.0,0,117826,30,Humano,Raiva,2026,Exposicao_Face
117876,50,1045,937,0.0,0,117876,30,Humano,Raiva,2076,Exposicao_Face
117926,50,1024,995,0.0,0,117926,30,Humano,Raiva,2126,Exposicao_Face
117959,33,1111,781,0.0,0,117959,30,Humano,Raiva,2159,Exposicao_Face
117976,17,966,1046,0.0,0,117976,30,Humano,Raiva,2176,Exposicao_Face
117992,17,946,1057,0.0,0,117992,30,Humano,Raiva,2192,Exposicao_Face
118009,17,850,1043,0.0,0,118009,30,Humano,Raiva,2209,Exposicao_Face
118042,33,968,1041,0.0,0,118042,30,Humano,Raiva,2242,Exposicao_Face
118076,33,1023,991,0.0,0,118076,30,Humano,Raiva,2276,Exposicao_Face
118092,17,989,1018,0.0,0,118092,30,Humano,Raiva,2292,Exposicao_Face
118192,100,1123,916,0.0,0,118192,30,Humano,Raiva,2392,Exposicao_Face
118209,17,980,1023,0.0,0,118209,30,Humano,Raiva,2409,Exposicao_Face
118275,67,1272,521,0.0,0,118275,30,Humano,Raiva,2475,Exposicao_Face
118325,50,1047,987,0.0,0,118325,30,Humano,Raiva,2525,Exposicao_Face
118375,50,1110,921,0.0,0,118375,30,Humano,Raiva,2575,Exposicao_Face
118425,50,981,1033,0.0,0,118425,30,Humano,Raiva,2625,Exposicao_Face
118475,50,1011,950,0.0,0,118475,30,Humano,Raiva,2675,Exposicao_Face
118491,17,949,1052,0.0,0,118491,30,Humano,Raiva,2691,Exposicao_Face
118608,116,1114,866,0.0,0,118608,30,Humano,Raiva,2808,Exposicao_Face
119024,416,101,159,0.0,1,119024,30,Humano,Raiva,3224,Exposicao_Face
119340,316,276,343,0.0,1,119340,30,Humano,Raiva,3540,Exposicao_Face
119523,183,336,353,0.0,1,119523,30,Humano,Raiva,3723,Exposicao_Face
119589,67,569,306,-1.0,1,119589,30,Humano,Raiva,3789,Exposicao_Face
119606,17,542,255,-1.0,1,119606,30,Humano,Raiva,3806,Exposicao_Face
119639,33,554,361,4.24,1,119639,30,Humano,Raiva,3839,Exposicao_Face
119656,17,566,280,4.2,1,119656,30,Humano,Raiva,3856,Exposicao_Face
119673,17,560,283,4.38,1,119673,30,Humano,Raiva,3873,Exposicao_Face
119689,17,544,442,4.64,3,119689,30,Humano,Raiva,3889,Exposicao_Face
119706,17,554,295,4.06,1,119706,30,Humano,Raiva,3906,Exposicao_Face
119722,17,556,305,4.12,1,119722,30,Humano,Raiva,3922,Exposicao_Face
119739,17,556,315,4.11,1,119739,30,Humano,Raiva,3939,Exposicao_Face
119756,17,563,384,4.52,2,119756,30,Humano,Raiva,3956,Exposicao_Face
119772,17,556,328,4.17,1,119772,30,Humano,Raiva,3972,Exposicao_Face
119789,17,555,425,4.65,3,119789,30,Humano,Raiva,3989,Exposicao_Face
119806,17,555,326,4.11,1,119806,31,Desenho,Feliz,6,Janela_Baseline
119822,17,553,464,4.67,3,119822,31,Desenho,Feliz,22,Janela_Baseline
119839,17,521,355,4.03,1,119839,31,Desenho,Feliz,39,Janela_Baseline
119856,17,508,341,4.07,1,119856,31,Desenho,Feliz,56,Janela_Baseline
119872,17,516,370,4.03,2,119872,31,Desenho,Feliz,72,Janela_Baseline
119889,17,509,391,4.27,2,119889,31,Desenho,Feliz,89,Janela_Baseline
119905,17,512,398,4.27,2,119905,31,Desenho,Feliz,105,Janela_Baseline
119922,17,507,386,3.96,2,119922,31,Desenho,Feliz,122,Janela_Baseline
119939,17,514,392,3.96,2,119939,31,Desenho,Feliz,139,Janela_Baseline
119955,17,454,412,4.14,2,119955,31,Desenho,Feliz,155,Janela_Baseline
119972,17,506,406,3.83,2,119972,31,Desenho,Feliz,172,Janela_Baseline
119989,17,521,251,-1.0,1,119989,31,Desenho,Feliz,189,Janela_Baseline
120005,17,491,416,3.87,3,120005,31,Desenho,Feliz,205,Janela_Baseline
120022,17,518,399,3.75,2,120022,31,Desenho,Feliz,222,Janela_Baseline
120039,17,514,402,3.74,2,120039,31,Desenho,Feliz,239,Janela_Baseline
120055,17,508,420,3.67,3,120055,31,Desenho,Feliz,255,Janela_Baseline
120072,17,511,427,3.67,3,120072,31,Desenho,Feliz,272,Janela_Baseline
120088,17,515,313,3.63,1,120088,31,Desenho,Feliz,288,Janela_Baseline
120105,17,519,329,3.61,1,120105,31,Desenho,Feliz,305,Janela_Baseline
120122,17,520,337,3.58,1,120122,31,Desenho,Feliz,322,Janela_Baseline
120138,17,523,316,3.59,1,120138,31,Desenho,Feliz,338,Janela_Baseline
120155,17,522,338,3.64,1,120155,31,Desenho,Feliz,355,Janela_Baseline
120172,17,515,332,3.58,1,120172,31,Desenho,Feliz,372,Janela_Baseline
120188,17,518,333,3.53,1,120188,31,Desenho,Feliz,388,Janela_Baseline
120205,17,518,334,3.5,1,120205,31,Desenho,Feliz,405,Janela_Baseline
120221,17,524,320,3.55,1,120221,31,Desenho,Feliz,421,Janela_Baseline
120238,17,522,328,3.51,1,120238,31,Desenho,Feliz,438,Janela_Baseline
120255,17,523,335,3.53,1,120255,31,Desenho,Feliz,455,Janela_Baseline
120271,17,521,351,3.53,1,120271,31,Desenho,Feliz,471,Janela_Baseline
120288,17,520,336,3.48,1,120288,31,Desenho,Feliz,488,Janela_Baseline
120305,17,521,316,3.43,1,120305,31,Desenho,Feliz,505,Janela_Baseline
120321,17,538,376,3.46,2,120321,31,Desenho,Feliz,521,Janela_Baseline
120338,17,533,415,3.5,5,120338,31,Desenho,Feliz,538,Janela_Baseline
120355,17,495,510,3.64,3,120355,31,Desenho,Feliz,555,Janela_Baseline
120371,17,526,408,3.46,2,120371,31,Desenho,Feliz,571,Janela_Baseline
120388,17,534,420,3.46,3,120388,31,Desenho,Feliz,588,Janela_Baseline
120404,17,521,401,3.46,2,120404,31,Desenho,Feliz,604,Janela_Baseline
120421,17,522,411,3.45,2,120421,31,Desenho,Feliz,621,Janela_Baseline
120438,17,531,395,3.46,2,120438,31,Desenho,Feliz,638,Janela_Baseline
120454,17,530,405,3.46,2,120454,31,Desenho,Feliz,654,Janela_Baseline
120471,17,530,400,3.45,2,120471,31,Desenho,Feliz,671,Janela_Baseline
120488,17,537,404,3.48,2,120488,31,Desenho,Feliz,688,Janela_Baseline
120504,17,530,414,3.53,2,120504,31,Desenho,Feliz,704,Janela_Baseline
120521,17,526,397,3.43,2,120521,31,Desenho,Feliz,721,Janela_Baseline
120538,17,541,404,3.51,2,120538,31,Desenho,Feliz,738,Janela_Baseline
120554,17,520,387,3.5,2,120554,31,Desenho,Feliz,754,Janela_Baseline
120571,17,542,417,3.53,3,120571,31,Desenho,Feliz,771,Janela_Baseline
120587,17,534,400,3.51,2,120587,31,Desenho,Feliz,787,Janela_Baseline
120604,17,515,334,3.55,1,120604,31,Desenho,Feliz,804,Janela_Baseline
120621,17,508,348,3.53,1,120621,31,Desenho,Feliz,821,Janela_Baseline
120637,17,507,342,3.59,1,120637,31,Desenho,Feliz,837,Janela_Baseline
120654,17,508,414,3.61,2,120654,31,Desenho,Feliz,854,Janela_Baseline
120671,17,509,336,3.56,1,120671,31,Desenho,Feliz,871,Janela_Baseline
120687,17,513,313,3.56,1,120687,31,Desenho,Feliz,887,Janela_Baseline
120704,17,513,338,3.56,1,120704,31,Desenho,Feliz,904,Janela_Baseline
120721,17,506,416,3.58,3,120721,31,Desenho,Feliz,921,Janela_Baseline
120737,17,518,316,3.55,1,120737,31,Desenho,Feliz,937,Janela_Baseline
120754,17,528,317,3.61,1,120754,31,Desenho,Feliz,954,Janela_Baseline
120770,17,515,277,-1.0,1,120770,31,Desenho,Feliz,970,Janela_Baseline
120787,17,512,405,3.74,2,120787,31,Desenho,Feliz,987,Janela_Baseline
120804,17,508,395,4.04,2,120804,31,Desenho,Feliz,1004,Janela_Baseline
120820,17,494,408,3.8,2,120820,31,Desenho,Feliz,1020,Janela_Baseline
120837,17,393,476,4.27,3,120837,31,Desenho,Feliz,1037,Janela_Baseline
120854,17,491,386,3.75,2,120854,31,Desenho,Feliz,1054,Janela_Baseline
120870,17,497,397,3.74,2,120870,31,Desenho,Feliz,1070,Janela_Baseline
120887,17,493,333,3.72,1,120887,31,Desenho,Feliz,1087,Janela_Baseline
120904,17,526,387,3.8,2,120904,31,Desenho,Feliz,1104,Janela_Baseline
120920,17,492,397,3.87,2,120920,31,Desenho,Feliz,1120,Janela_Baseline
120937,17,485,384,3.9,2,120937,31,Desenho,Feliz,1137,Janela_Baseline
120953,17,494,396,3.85,2,120953,31,Desenho,Feliz,1153,Janela_Baseline
120970,17,396,487,4.46,3,120970,31,Desenho,Feliz,1170,Janela_Baseline
120987,17,506,342,3.82,1,120987,31,Desenho,Feliz,1187,Janela_Baseline
121003,17,505,317,3.77,1,121003,31,Desenho,Feliz,1203,Janela_Baseline
121020,17,544,361,3.9,1,121020,31,Desenho,Feliz,1220,Janela_Baseline
121037,17,594,306,3.88,1,121037,31,Desenho,Feliz,1237,Janela_Baseline
121053,17,577,335,3.95,1,121053,31,Desenho,Feliz,1253,Janela_Baseline
121070,17,580,341,3.9,1,121070,31,Desenho,Feliz,1270,Janela_Baseline
121087,17,572,405,4.24,2,121087,31,Desenho,Feliz,1287,Janela_Baseline
121103,17,586,396,4.27,2,121103,31,Desenho,Feliz,1303,Exposicao_Face
121120,17,580,384,4.14,2,121120,31,Desenho,Feliz,1320,Exposicao_Face
121136,17,570,415,4.25,5,121136,31,Desenho,Feliz,1336,Exposicao_Face
121153,17,567,432,4.2,3,121153,31,Desenho,Feliz,1353,Exposicao_Face
121170,17,565,388,4.2,2,121170,31,Desenho,Feliz,1370,Exposicao_Face
121186,17,573,424,4.32,3,121186,31,Desenho,Feliz,1386,Exposicao_Face
121203,17,513,459,4.43,3,121203,31,Desenho,Feliz,1403,Exposicao_Face
121220,17,562,407,4.25,2,121220,31,Desenho,Feliz,1420,Exposicao_Face
121236,17,538,450,4.22,3,121236,31,Desenho,Feliz,1436,Exposicao_Face
121253,17,547,437,4.27,3,121253,31,Desenho,Feliz,1453,Exposicao_Face
121270,17,533,446,4.22,3,121270,31,Desenho,Feliz,1470,Exposicao_Face
121536,266,272,288,0.0,1,121536,31,Desenho,Feliz,1736,Exposicao_Face
123266,1730,46,28,0.0,1,123266,31,Desenho,Feliz,3466,Exposicao_Face
123299,33,167,127,0.0,1,123299,31,Desenho,Feliz,3499,Exposicao_Face
123332,33,233,135,0.0,1,123332,31,Desenho,Feliz,3532,Exposicao_Face
123914,582,53,501,0.0,3,123914,32,Desenho,Neutro,114,Janela_Baseline
124181,266,29,57,0.0,1,124181,32,Desenho,Neutro,381,Janela_Baseline
125794,1614,209,292,0.0,1,125794,32,Desenho,Neutro,1994,Exposicao_Face
126426,632,158,86,0.0,1,126426,32,Desenho,Neutro,2626,Exposicao_Face
126925,499,88,263,0.0,1,126925,32,Desenho,Neutro,3125,Exposicao_Face
127308,383,1530,833,0.0,0,127308,32,Desenho,Neutro,3508,Exposicao_Face
127358,50,1289,794,0.0,0,127358,32,Desenho,Neutro,3558,Exposicao_Face
127375,17,1356,791,0.0,0,127375,32,Desenho,Neutro,3575,Exposicao_Face
127408,33,1456,761,0.0,0,127408,32,Desenho,Neutro,3608,Exposicao_Face
127424,17,1553,819,0.0,0,127424,32,Desenho,Neutro,3624,Exposicao_Face
127474,50,1248,587,0.0,0,127474,32,Desenho,Neutro,3674,Exposicao_Face
127541,67,1029,608,0.0,0,127541,32,Desenho,Neutro,3741,Exposicao_Face
127558,17,1204,914,0.0,0,127558,32,Desenho,Neutro,3758,Exposicao_Face
127607,50,1508,703,0.0,0,127607,32,Desenho,Neutro,3807,Exposicao_Face
127624,17,1011,571,0.0,3,127624,32,Desenho,Neutro,3824,Exposicao_Face
127790,166,141,44,0.0,1,127790,32,Desenho,Neutro,3990,Exposicao_Face
127890,100,107,225,0.0,1,127890,33,Desenho,Raiva,90,Janela_Baseline
127940,50,58,73,0.0,1,127940,33,Desenho,Raiva,140,Janela_Baseline
128789,848,1529,837,0.0,0,128789,33,Desenho,Raiva,989,Janela_Baseline
128805,17,1377,850,0.0,0,128805,33,Desenho,Raiva,1005,Janela_Baseline
128872,67,1790,722,0.0,0,128872,33,Desenho,Raiva,1072,Janela_Baseline
129221,349,1628,824,0.0,0,129221,33,Desenho,Raiva,1421,Exposicao_Face
129254,33,1836,696,0.0,0,129254,33,Desenho,Raiva,1454,Exposicao_Face
129288,33,1647,654,0.0,0,129288,33,Desenho,Raiva,1488,Exposicao_Face
129321,33,608,994,0.0,0,129321,33,Desenho,Raiva,1521,Exposicao_Face
129387,67,1335,435,0.0,0,129387,33,Desenho,Raiva,1587,Exposicao_Face
129471,83,1566,685,0.0,0,129471,33,Desenho,Raiva,1671,Exposicao_Face
129537,67,1322,867,0.0,0,129537,33,Desenho,Raiva,1737,Exposicao_Face
129587,50,1075,923,0.0,0,129587,33,Desenho,Raiva,1787,Exposicao_Face
129703,116,1332,687,0.0,0,129703,33,Desenho,Raiva,1903,Exposicao_Face
129720,17,1195,774,0.0,0,129720,33,Desenho,Raiva,1920,Exposicao_Face
129753,33,1340,849,0.0,0,129753,33,Desenho,Raiva,1953,Exposicao_Face
129803,50,1099,848,0.0,0,129803,33,Desenho,Raiva,2003,Exposicao_Face
129870,67,1478,741,0.0,0,129870,33,Desenho,Raiva,2070,Exposicao_Face
129903,33,1244,474,0.0,0,129903,33,Desenho,Raiva,2103,Exposicao_Face
130020,116,1087,894,0.0,0,130020,33,Desenho,Raiva,2220,Exposicao_Face
130036,17,1820,689,0.0,0,130036,33,Desenho,Raiva,2236,Exposicao_Face
130069,33,1124,838,0.0,0,130069,33,Desenho,Raiva,2269,Exposicao_Face
130086,17,868,1034,0.0,0,130086,33,Desenho,Raiva,2286,Exposicao_Face
130169,83,1356,94,0.0,0,130169,33,Desenho,Raiva,2369,Exposicao_Face
130203,33,982,1033,0.0,0,130203,33,Desenho,Raiva,2403,Exposicao_Face
130219,17,1228,560,0.0,0,130219,33,Desenho,Raiva,2419,Exposicao_Face
130252,33,1209,593,0.0,0,130252,33,Desenho,Raiva,2452,Exposicao_Face
130302,50,894,1040,0.0,0,130302,33,Desenho,Raiva,2502,Exposicao_Face
130336,33,1055,956,0.0,0,130336,33,Desenho,Raiva,2536,Exposicao_Face
130352,17,1384,864,0.0,0,130352,33,Desenho,Raiva,2552,Exposicao_Face
130369,17,1057,938,0.0,0,130369,33,Desenho,Raiva,2569,Exposicao_Face
130419,50,1176,702,0.0,0,130419,33,Desenho,Raiva,2619,Exposicao_Face
130435,17,993,1011,0.0,0,130435,33,Desenho,Raiva,2635,Exposicao_Face
130668,233,143,328,0.0,1,130668,33,Desenho,Raiva,2868,Exposicao_Face
130868,200,1525,713,0.0,0,130868,33,Desenho,Raiva,3068,Exposicao_Face
130934,67,133,116,0.0,1,130934,33,Desenho,Raiva,3134,Exposicao_Face
131201,266,41,9,0.0,1,131201,33,Desenho,Raiva,3401,Exposicao_Face
131284,83,906,13,-1.0,1,131284,33,Desenho,Raiva,3484,Exposicao_Face
131367,83,1216,831,0.0,0,131367,33,Desenho,Raiva,3567,Exposicao_Face
131400,33,1073,847,0.0,0,131400,33,Desenho,Raiva,3600,Exposicao_Face
131434,33,1126,936,0.0,0,131434,33,Desenho,Raiva,3634,Exposicao_Face
131467,33,1327,594,0.0,0,131467,33,Desenho,Raiva,3667,Exposicao_Face
131500,33,1123,906,0.0,0,131500,33,Desenho,Raiva,3700,Exposicao_Face
131567,67,964,1031,0.0,0,131567,33,Desenho,Raiva,3767,Exposicao_Face
131683,116,1195,804,0.0,0,131683,33,Desenho,Raiva,3883,Exposicao_Face
131700,17,1278,369,0.0,0,131700,33,Desenho,Raiva,3900,Exposicao_Face
131733,33,1383,151,0.0,0,131733,33,Desenho,Raiva,3933,Exposicao_Face
131866,133,1600,735,0.0,0,131866,34,Desenho,Feliz,66,Janela_Baseline
132066,200,1038,994,0.0,0,132066,34,Desenho,Feliz,266,Janela_Baseline
132099,33,1050,961,0.0,0,132099,34,Desenho,Feliz,299,Janela_Baseline
132132,33,1608,825,0.0,0,132132,34,Desenho,Feliz,332,Janela_Baseline
132199,67,1275,113,0.0,0,132199,34,Desenho,Feliz,399,Janela_Baseline
132249,50,1565,565,0.0,0,132249,34,Desenho,Feliz,449,Janela_Baseline
132299,50,1130,508,0.0,0,132299,34,Desenho,Feliz,499,Janela_Baseline
132465,166,62,258,0.0,1,132465,34,Desenho,Feliz,665,Janela_Baseline
132665,200,1114,788,0.0,0,132665,34,Desenho,Feliz,865,Janela_Baseline
132698,33,1272,837,0.0,0,132698,34,Desenho,Feliz,898,Janela_Baseline
132714,17,1426,698,0.0,0,132714,34,Desenho,Feliz,914,Janela_Baseline
132748,33,1491,614,0.0,0,132748,34,Desenho,Feliz,948,Janela_Baseline
132781,33,1501,781,0.0,0,132781,34,Desenho,Feliz,981,Janela_Baseline
132798,17,1361,779,0.0,0,132798,34,Desenho,Feliz,998,Janela_Baseline
132881,83,1431,764,0.0,0,132881,34,Desenho,Feliz,1081,Janela_Baseline
132897,17,1276,714,0.0,0,132897,34,Desenho,Feliz,1097,Janela_Baseline
132914,17,1637,713,0.0,0,132914,34,Desenho,Feliz,1114,Janela_Baseline
132947,33,1048,985,0.0,0,132947,34,Desenho,Feliz,1147,Janela_Baseline
133014,67,1170,919,0.0,0,133014,34,Desenho,Feliz,1214,Janela_Baseline
133047,33,1070,825,0.0,0,133047,34,Desenho,Feliz,1247,Janela_Baseline
133114,67,1058,813,0.0,0,133114,34,Desenho,Feliz,1314,Exposicao_Face
133147,33,1163,825,0.0,0,133147,34,Desenho,Feliz,1347,Exposicao_Face
133230,83,1140,666,0.0,0,133230,34,Desenho,Feliz,1430,Exposicao_Face
133247,17,1075,969,0.0,0,133247,34,Desenho,Feliz,1447,Exposicao_Face
133330,83,971,1033,0.0,0,133330,34,Desenho,Feliz,1530,Exposicao_Face
133546,216,1110,902,0.0,0,133546,34,Desenho,Feliz,1746,Exposicao_Face
134345,798,650,618,0.0,3,134345,34,Desenho,Feliz,2545,Exposicao_Face
134528,183,723,927,0.0,0,134528,34,Desenho,Feliz,2728,Exposicao_Face
134544,17,411,317,0.0,1,134544,34,Desenho,Feliz,2744,Exposicao_Face
134677,133,390,25,0.0,1,134677,34,Desenho,Feliz,2877,Exposicao_Face
135443,765,1521,676,0.0,0,135443,34,Desenho,Feliz,3643,Exposicao_Face
135492,50,384,847,0.0,0,135492,34,Desenho,Feliz,3692,Exposicao_Face
135542,50,1192,328,0.0,0,135542,34,Desenho,Feliz,3742,Exposicao_Face
135592,50,659,484,0.0,3,135592,34,Desenho,Feliz,3792,Exposicao_Face
135659,67,479,293,0.0,1,135659,34,Desenho,Feliz,3859,Exposicao_Face
135675,17,748,603,0.0,3,135675,34,Desenho,Feliz,3875,Exposicao_Face
135692,17,782,328,0.0,1,135692,34,Desenho,Feliz,3892,Exposicao_Face
135925,233,756,445,0.0,3,135925,35,Desenho,Neutro,125,Janela_Baseline
136041,116,1186,655,0.0,0,136041,35,Desenho,Neutro,241,Janela_Baseline
136108,67,1451,667,0.0,0,136108,35,Desenho,Neutro,308,Janela_Baseline
136125,17,1641,800,0.0,0,136125,35,Desenho,Neutro,325,Janela_Baseline
136191,67,179,146,-1.0,1,136191,35,Desenho,Neutro,391,Janela_Baseline
136241,50,229,447,1.2,3,136241,35,Desenho,Neutro,441,Janela_Baseline
136441,200,78,416,-1.0,3,136441,35,Desenho,Neutro,641,Janela_Baseline
136457,17,79,384,-1.0,2,136457,35,Desenho,Neutro,657,Janela_Baseline
136590,133,338,278,-1.0,1,136590,35,Desenho,Neutro,790,Janela_Baseline
136690,100,1567,765,0.0,0,136690,35,Desenho,Neutro,890,Janela_Baseline
137156,466,46,497,-1.0,3,137156,35,Desenho,Neutro,1356,Exposicao_Face
137173,17,286,176,-1.0,1,137173,35,Desenho,Neutro,1373,Exposicao_Face
137206,33,109,126,-1.0,1,137206,35,Desenho,Neutro,1406,Exposicao_Face
137522,316,1748,132,0.0,0,137522,35,Desenho,Neutro,1722,Exposicao_Face
137539,17,1098,240,0.0,0,137539,35,Desenho,Neutro,1739,Exposicao_Face
137572,33,1640,822,0.0,0,137572,35,Desenho,Neutro,1772,Exposicao_Face
137622,50,1842,786,0.0,0,137622,35,Desenho,Neutro,1822,Exposicao_Face
137638,17,169,348,-1.0,1,137638,35,Desenho,Neutro,1838,Exposicao_Face
137655,17,1781,682,0.0,0,137655,35,Desenho,Neutro,1855,Exposicao_Face
137738,83,1070,591,0.0,0,137738,35,Desenho,Neutro,1938,Exposicao_Face
137788,50,984,1018,0.0,0,137788,35,Desenho,Neutro,1988,Exposicao_Face
137838,50,1100,955,0.0,0,137838,35,Desenho,Neutro,2038,Exposicao_Face
137921,83,1366,826,0.0,0,137921,35,Desenho,Neutro,2121,Exposicao_Face
138088,166,1359,821,0.0,0,138088,35,Desenho,Neutro,2288,Exposicao_Face
138271,183,1772,735,0.0,0,138271,35,Desenho,Neutro,2471,Exposicao_Face
138287,17,1639,119,0.0,0,138287,35,Desenho,Neutro,2487,Exposicao_Face
138387,100,1692,421,0.0,0,138387,35,Desenho,Neutro,2587,Exposicao_Face
138487,100,1147,824,0.0,0,138487,35,Desenho,Neutro,2687,Exposicao_Face
138537,50,1487,717,0.0,0,138537,35,Desenho,Neutro,2737,Exposicao_Face
138753,216,1305,446,0.0,0,138753,35,Desenho,Neutro,2953,Exposicao_Face
138853,100,1541,310,0.0,0,138853,35,Desenho,Neutro,3053,Exposicao_Face
138869,17,653,503,0.0,3,138869,35,Desenho,Neutro,3069,Exposicao_Face
139019,150,1223,898,0.0,0,139019,35,Desenho,Neutro,3219,Exposicao_Face
139069,50,1179,925,0.0,0,139069,35,Desenho,Neutro,3269,Exposicao_Face
139102,33,1528,706,0.0,0,139102,35,Desenho,Neutro,3302,Exposicao_Face
139285,183,1555,359,0.0,0,139285,35,Desenho,Neutro,3485,Exposicao_Face
139402,116,357,515,0.0,3,139402,35,Desenho,Neutro,3602,Exposicao_Face
139784,383,593,56,0.0,1,139784,35,Desenho,Neutro,3984,Exposicao_Face
139917,133,244,679,1.35,3,139917,36,Desenho,Raiva,117,Janela_Baseline
140017,100,910,62,0.0,1,140017,36,Desenho,Raiva,217,Janela_Baseline
140067,50,1057,445,0.0,0,140067,36,Desenho,Raiva,267,Janela_Baseline
140084,17,934,1074,0.0,0,140084,36,Desenho,Raiva,284,Janela_Baseline
140100,17,241,358,0.0,1,140100,36,Desenho,Raiva,300,Janela_Baseline
140134,33,713,787,0.0,0,140134,36,Desenho,Raiva,334,Janela_Baseline
140233,100,998,1005,0.0,0,140233,36,Desenho,Raiva,433,Janela_Baseline
141448,1214,1328,844,0.0,0,141448,36,Desenho,Raiva,1648,Exposicao_Face
142013,566,923,987,0.0,0,142013,36,Desenho,Raiva,2213,Exposicao_Face
142030,17,1550,683,0.0,0,142030,36,Desenho,Raiva,2230,Exposicao_Face
142230,200,1156,321,0.0,0,142230,36,Desenho,Raiva,2430,Exposicao_Face
142246,17,981,980,0.0,0,142246,36,Desenho,Raiva,2446,Exposicao_Face
142280,33,558,373,0.0,2,142280,36,Desenho,Raiva,2480,Exposicao_Face
142313,33,75,228,-1.0,1,142313,36,Desenho,Raiva,2513,Exposicao_Face
142429,116,61,269,-1.0,1,142429,36,Desenho,Raiva,2629,Exposicao_Face
142479,50,1534,833,0.0,0,142479,36,Desenho,Raiva,2679,Exposicao_Face
142562,83,1020,875,0.0,0,142562,36,Desenho,Raiva,2762,Exposicao_Face
142612,50,232,576,-1.0,3,142612,36,Desenho,Raiva,2812,Exposicao_Face
142779,166,136,157,-1.0,1,142779,36,Desenho,Raiva,2979,Exposicao_Face
142795,17,1510,393,0.0,0,142795,36,Desenho,Raiva,2995,Exposicao_Face
142812,17,1279,141,0.0,0,142812,36,Desenho,Raiva,3012,Exposicao_Face
142829,17,939,1069,0.0,0,142829,36,Desenho,Raiva,3029,Exposicao_Face
143095,266,482,344,0.0,1,143095,36,Desenho,Raiva,3295,Exposicao_Face
143128,33,1835,487,0.0,0,143128,36,Desenho,Raiva,3328,Exposicao_Face
143261,133,135,648,-1.0,3,143261,36,Desenho,Raiva,3461,Exposicao_Face
143294,33,984,985,0.0,0,143294,36,Desenho,Raiva,3494,Exposicao_Face
143311,17,1868,134,0.0,0,143311,36,Desenho,Raiva,3511,Exposicao_Face
143328,17,910,595,0.0,3,143328,36,Desenho,Raiva,3528,Exposicao_Face
143394,67,14,295,-1.0,1,143394,36,Desenho,Raiva,3594,Exposicao_Face
143544,150,1071,330,0.0,0,143544,36,Desenho,Raiva,3744,Exposicao_Face
143594,50,1265,742,0.0,0,143594,36,Desenho,Raiva,3794,Exposicao_Face
143677,83,1294,877,0.0,0,143677,36,Desenho,Raiva,3877,Exposicao_Face
143760,83,1565,669,0.0,0,143760,36,Desenho,Raiva,3960,Exposicao_Face
143910,150,973,947,0.0,0,143910,37,Desenho,Feliz,110,Janela_Baseline
143993,83,183,494,-1.0,3,143993,37,Desenho,Feliz,193,Janela_Baseline
144043,50,95,369,-1.0,2,144043,37,Desenho,Feliz,243,Janela_Baseline
144093,50,1218,223,0.0,0,144093,37,Desenho,Feliz,293,Janela_Baseline
144109,17,1068,403,0.0,0,144109,37,Desenho,Feliz,309,Janela_Baseline
144126,17,264,378,-1.0,2,144126,37,Desenho,Feliz,326,Janela_Baseline
144159,33,58,421,-1.0,3,144159,37,Desenho,Feliz,359,Janela_Baseline
144226,67,224,518,0.0,3,144226,37,Desenho,Feliz,426,Janela_Baseline
144243,17,1147,932,0.0,0,144243,37,Desenho,Feliz,443,Janela_Baseline
144475,233,1093,219,0.0,0,144475,37,Desenho,Feliz,675,Janela_Baseline
144542,67,998,986,0.0,0,144542,37,Desenho,Feliz,742,Janela_Baseline
144559,17,912,641,0.0,3,144559,37,Desenho,Feliz,759,Janela_Baseline
144575,17,3,510,-1.0,3,144575,37,Desenho,Feliz,775,Janela_Baseline
144592,17,25,483,-1.0,3,144592,37,Desenho,Feliz,792,Janela_Baseline
144675,83,105,134,-1.0,1,144675,37,Desenho,Feliz,875,Janela_Baseline
144692,17,36,554,-1.0,3,144692,37,Desenho,Feliz,892,Janela_Baseline
144808,116,1277,648,0.0,0,144808,37,Desenho,Feliz,1008,Janela_Baseline
144875,67,728,595,0.0,3,144875,37,Desenho,Feliz,1075,Janela_Baseline
145041,166,1031,912,0.0,0,145041,37,Desenho,Feliz,1241,Janela_Baseline
145191,150,971,956,0.0,0,145191,37,Desenho,Feliz,1391,Exposicao_Face
145207,17,877,950,0.0,0,145207,37,Desenho,Feliz,1407,Exposicao_Face
145224,17,1130,946,0.0,0,145224,37,Desenho,Feliz,1424,Exposicao_Face
145274,50,1018,317,0.0,1,145274,37,Desenho,Feliz,1474,Exposicao_Face
145374,100,1117,946,0.0,0,145374,37,Desenho,Feliz,1574,Exposicao_Face
145490,116,210,105,3.32,1,145490,37,Desenho,Feliz,1690,Exposicao_Face
145640,150,362,654,0.0,3,145640,37,Desenho,Feliz,1840,Exposicao_Face
145773,133,810,627,0.0,3,145773,37,Desenho,Feliz,1973,Exposicao_Face
145806,33,559,290,0.0,1,145806,37,Desenho,Feliz,2006,Exposicao_Face
145823,17,478,78,0.0,1,145823,37,Desenho,Feliz,2023,Exposicao_Face
145973,150,82,653,-1.0,3,145973,37,Desenho,Feliz,2173,Exposicao_Face
146039,67,439,313,1.3,1,146039,37,Desenho,Feliz,2239,Exposicao_Face
146072,33,139,539,1.8,3,146072,37,Desenho,Feliz,2272,Exposicao_Face
146122,50,754,300,0.0,1,146122,37,Desenho,Feliz,2322,Exposicao_Face
146189,67,189,625,1.84,3,146189,37,Desenho,Feliz,2389,Exposicao_Face
146272,83,184,585,1.84,3,146272,37,Desenho,Feliz,2472,Exposicao_Face
146305,33,179,588,1.88,3,146305,37,Desenho,Feliz,2505,Exposicao_Face
146388,83,224,615,-1.0,3,146388,37,Desenho,Feliz,2588,Exposicao_Face
146405,17,224,616,-1.0,3,146405,37,Desenho,Feliz,2605,Exposicao_Face
146438,33,314,567,-1.0,3,146438,37,Desenho,Feliz,2638,Exposicao_Face
146488,50,288,617,3.34,3,146488,37,Desenho,Feliz,2688,Exposicao_Face
146505,17,305,577,-1.0,3,146505,37,Desenho,Feliz,2705,Exposicao_Face
146571,67,303,561,-1.0,3,146571,37,Desenho,Feliz,2771,Exposicao_Face
146588,17,334,570,-1.0,3,146588,37,Desenho,Feliz,2788,Exposicao_Face
146605,17,667,348,0.0,1,146605,37,Desenho,Feliz,2805,Exposicao_Face
146721,116,746,225,0.0,1,146721,37,Desenho,Feliz,2921,Exposicao_Face
146738,17,304,639,1.83,3,146738,37,Desenho,Feliz,2938,Exposicao_Face
146788,50,279,486,-1.0,3,146788,37,Desenho,Feliz,2988,Exposicao_Face
146854,67,266,527,1.84,3,146854,37,Desenho,Feliz,3054,Exposicao_Face
146921,67,154,610,1.8,3,146921,37,Desenho,Feliz,3121,Exposicao_Face
146954,33,297,589,-1.0,3,146954,37,Desenho,Feliz,3154,Exposicao_Face
147004,50,224,476,-1.0,3,147004,37,Desenho,Feliz,3204,Exposicao_Face
147021,17,173,689,-1.0,3,147021,37,Desenho,Feliz,3221,Exposicao_Face
147253,233,628,459,0.0,3,147253,37,Desenho,Feliz,3453,Exposicao_Face
147287,33,500,652,0.0,3,147287,37,Desenho,Feliz,3487,Exposicao_Face
147353,67,576,277,0.0,1,147353,37,Desenho,Feliz,3553,Exposicao_Face
147769,416,86,150,-1.0,1,147769,37,Desenho,Feliz,3969,Exposicao_Face
148035,266,200,464,-1.0,3,148035,38,Desenho,Neutro,235,Janela_Baseline
148118,83,168,135,-1.0,1,148118,38,Desenho,Neutro,318,Janela_Baseline
148301,183,218,320,-1.0,1,148301,38,Desenho,Neutro,501,Janela_Baseline
148401,100,20,399,-1.0,2,148401,38,Desenho,Neutro,601,Janela_Baseline
148435,33,24,372,-1.0,2,148435,38,Desenho,Neutro,635,Janela_Baseline
148451,17,922,817,0.0,0,148451,38,Desenho,Neutro,651,Janela_Baseline
148484,33,18,442,-1.0,3,148484,38,Desenho,Neutro,684,Janela_Baseline
148618,133,118,470,-1.0,3,148618,38,Desenho,Neutro,818,Janela_Baseline
148651,33,116,547,-1.0,3,148651,38,Desenho,Neutro,851,Janela_Baseline
148667,17,462,402,-1.0,2,148667,38,Desenho,Neutro,867,Janela_Baseline
148751,83,344,324,-1.0,1,148751,38,Desenho,Neutro,951,Janela_Baseline
148767,17,186,559,-1.0,3,148767,38,Desenho,Neutro,967,Janela_Baseline
148801,33,190,504,-1.0,3,148801,38,Desenho,Neutro,1001,Janela_Baseline
148834,33,72,485,-1.0,3,148834,38,Desenho,Neutro,1034,Janela_Baseline
148850,17,250,437,-1.0,3,148850,38,Desenho,Neutro,1050,Janela_Baseline
148950,100,2,514,-1.0,3,148950,38,Desenho,Neutro,1150,Janela_Baseline
149000,50,339,310,-1.0,1,149000,38,Desenho,Neutro,1200,Janela_Baseline
149133,133,484,260,0.0,1,149133,38,Desenho,Neutro,1333,Exposicao_Face
149582,449,200,596,-1.0,3,149582,38,Desenho,Neutro,1782,Exposicao_Face
149632,50,67,508,-1.0,3,149632,38,Desenho,Neutro,1832,Exposicao_Face
149649,17,900,662,0.0,3,149649,38,Desenho,Neutro,1849,Exposicao_Face
149715,67,1197,861,0.0,0,149715,38,Desenho,Neutro,1915,Exposicao_Face
149932,216,1030,970,0.0,0,149932,38,Desenho,Neutro,2132,Exposicao_Face
150032,100,1041,428,0.0,0,150032,38,Desenho,Neutro,2232,Exposicao_Face
150198,166,850,161,0.0,1,150198,38,Desenho,Neutro,2398,Exposicao_Face
150214,17,696,479,0.0,3,150214,38,Desenho,Neutro,2414,Exposicao_Face
150281,67,324,95,-1.0,1,150281,38,Desenho,Neutro,2481,Exposicao_Face
150331,50,917,987,0.0,0,150331,38,Desenho,Neutro,2531,Exposicao_Face
150464,133,232,46,-1.0,1,150464,38,Desenho,Neutro,2664,Exposicao_Face
150514,50,196,510,-1.0,3,150514,38,Desenho,Neutro,2714,Exposicao_Face
150531,17,1192,906,0.0,0,150531,38,Desenho,Neutro,2731,Exposicao_Face
150547,17,1821,109,0.0,0,150547,38,Desenho,Neutro,2747,Exposicao_Face
150714,166,1803,321,0.0,0,150714,38,Desenho,Neutro,2914,Exposicao_Face
150730,17,1540,676,0.0,0,150730,38,Desenho,Neutro,2930,Exposicao_Face
150747,17,906,992,0.0,0,150747,38,Desenho,Neutro,2947,Exposicao_Face
150780,33,1480,484,0.0,0,150780,38,Desenho,Neutro,2980,Exposicao_Face
150813,33,960,959,0.0,0,150813,38,Desenho,Neutro,3013,Exposicao_Face
150863,50,1221,874,0.0,0,150863,38,Desenho,Neutro,3063,Exposicao_Face
151030,166,976,500,0.0,3,151030,38,Desenho,Neutro,3230,Exposicao_Face
151063,33,854,786,0.0,0,151063,38,Desenho,Neutro,3263,Exposicao_Face
151113,50,904,786,0.0,0,151113,38,Desenho,Neutro,3313,Exposicao_Face
151213,100,1290,868,0.0,0,151213,38,Desenho,Neutro,3413,Exposicao_Face
151229,17,1589,620,0.0,0,151229,38,Desenho,Neutro,3429,Exposicao_Face
151296,67,1482,698,0.0,0,151296,38,Desenho,Neutro,3496,Exposicao_Face
151346,50,1352,678,0.0,0,151346,38,Desenho,Neutro,3546,Exposicao_Face
151362,17,53,305,-1.0,1,151362,38,Desenho,Neutro,3562,Exposicao_Face
151396,33,176,659,1.88,3,151396,38,Desenho,Neutro,3596,Exposicao_Face
151545,150,664,301,0.0,1,151545,38,Desenho,Neutro,3745,Exposicao_Face
151612,67,1540,835,0.0,0,151612,38,Desenho,Neutro,3812,Exposicao_Face
151662,50,594,589,0.0,3,151662,38,Desenho,Neutro,3862,Exposicao_Face
151695,33,932,106,0.0,1,151695,38,Desenho,Neutro,3895,Exposicao_Face
151811,116,536,453,0.0,3,151811,39,Desenho,Raiva,11,Janela_Baseline
152227,416,860,294,0.0,1,152227,39,Desenho,Raiva,427,Janela_Baseline
152377,150,228,662,-1.0,3,152377,39,Desenho,Raiva,577,Janela_Baseline
152543,166,1560,799,0.0,0,152543,39,Desenho,Raiva,743,Janela_Baseline
152593,50,845,863,0.0,0,152593,39,Desenho,Raiva,793,Janela_Baseline
152643,50,1412,822,0.0,0,152643,39,Desenho,Raiva,843,Janela_Baseline
152859,216,851,864,0.0,0,152859,39,Desenho,Raiva,1059,Janela_Baseline
152943,83,1359,865,0.0,0,152943,39,Desenho,Raiva,1143,Janela_Baseline
152959,17,1192,730,0.0,0,152959,39,Desenho,Raiva,1159,Janela_Baseline
152976,17,778,872,0.0,0,152976,39,Desenho,Raiva,1176,Janela_Baseline
153092,116,298,562,-1.0,3,153092,39,Desenho,Raiva,1292,Janela_Baseline
153209,116,1064,319,0.0,0,153209,39,Desenho,Raiva,1409,Exposicao_Face
153591,383,77,43,-1.0,1,153591,39,Desenho,Raiva,1791,Exposicao_Face
153675,83,1917,257,0.0,0,153675,39,Desenho,Raiva,1875,Exposicao_Face
153708,33,128,479,1.89,3,153708,39,Desenho,Raiva,1908,Exposicao_Face
153724,17,246,436,-1.0,3,153724,39,Desenho,Raiva,1924,Exposicao_Face
153841,116,456,9,0.0,1,153841,39,Desenho,Raiva,2041,Exposicao_Face
153874,33,123,460,1.84,3,153874,39,Desenho,Raiva,2074,Exposicao_Face
153891,17,731,333,0.0,1,153891,39,Desenho,Raiva,2091,Exposicao_Face
153974,83,253,466,-1.0,3,153974,39,Desenho,Raiva,2174,Exposicao_Face
153991,17,689,409,0.0,2,153991,39,Desenho,Raiva,2191,Exposicao_Face
154041,50,182,489,-1.0,3,154041,39,Desenho,Raiva,2241,Exposicao_Face
154140,100,145,478,-1.0,3,154140,39,Desenho,Raiva,2340,Exposicao_Face
154157,17,89,213,-1.0,1,154157,39,Desenho,Raiva,2357,Exposicao_Face
154174,17,284,616,-1.0,3,154174,39,Desenho,Raiva,2374,Exposicao_Face
154323,150,202,638,1.83,3,154323,39,Desenho,Raiva,2523,Exposicao_Face
154373,50,145,512,-1.0,3,154373,39,Desenho,Raiva,2573,Exposicao_Face
154390,17,185,620,1.96,3,154390,39,Desenho,Raiva,2590,Exposicao_Face
154407,17,274,599,-1.0,3,154407,39,Desenho,Raiva,2607,Exposicao_Face
154490,83,288,654,1.76,3,154490,39,Desenho,Raiva,2690,Exposicao_Face
154556,67,296,676,-1.0,3,154556,39,Desenho,Raiva,2756,Exposicao_Face
154573,17,259,534,3.27,3,154573,39,Desenho,Raiva,2773,Exposicao_Face
154606,33,283,609,1.92,3,154606,39,Desenho,Raiva,2806,Exposicao_Face
154623,17,297,622,-1.0,3,154623,39,Desenho,Raiva,2823,Exposicao_Face
154689,67,298,617,-1.0,3,154689,39,Desenho,Raiva,2889,Exposicao_Face
154723,33,119,418,1.84,3,154723,39,Desenho,Raiva,2923,Exposicao_Face
154939,216,245,692,-1.0,3,154939,39,Desenho,Raiva,3139,Exposicao_Face
154972,33,568,836,0.0,0,154972,39,Desenho,Raiva,3172,Exposicao_Face
155005,33,215,613,1.75,3,155005,39,Desenho,Raiva,3205,Exposicao_Face
155039,33,235,635,-1.0,3,155039,39,Desenho,Raiva,3239,Exposicao_Face
155072,33,157,745,-1.0,3,155072,39,Desenho,Raiva,3272,Exposicao_Face
155089,17,441,391,1.04,2,155089,39,Desenho,Raiva,3289,Exposicao_Face
155188,100,353,459,-1.0,3,155188,39,Desenho,Raiva,3388,Exposicao_Face
155205,17,314,409,-1.0,2,155205,39,Desenho,Raiva,3405,Exposicao_Face
155305,100,324,568,-1.0,3,155305,39,Desenho,Raiva,3505,Exposicao_Face
155338,33,721,628,0.0,3,155338,39,Desenho,Raiva,3538,Exposicao_Face
155355,17,214,645,1.52,3,155355,39,Desenho,Raiva,3555,Exposicao_Face
155371,17,301,681,3.43,3,155371,39,Desenho,Raiva,3571,Exposicao_Face
155388,17,295,462,1.86,3,155388,39,Desenho,Raiva,3588,Exposicao_Face
155405,17,283,601,3.34,3,155405,39,Desenho,Raiva,3605,Exposicao_Face
155438,33,1477,638,0.0,0,155438,39,Desenho,Raiva,3638,Exposicao_Face
155455,17,241,566,-1.0,3,155455,39,Desenho,Raiva,3655,Exposicao_Face
155471,17,437,559,-1.0,3,155471,39,Desenho,Raiva,3671,Exposicao_Face
155488,17,171,449,1.84,3,155488,39,Desenho,Raiva,3688,Exposicao_Face
155554,67,338,511,-1.0,3,155554,39,Desenho,Raiva,3754,Exposicao_Face
155621,67,1385,786,0.0,0,155621,39,Desenho,Raiva,3821,Exposicao_Face
155638,17,1704,305,0.0,0,155638,39,Desenho,Raiva,3838,Exposicao_Face
155737,100,234,506,-1.0,3,155737,39,Desenho,Raiva,3937,Exposicao_Face
155754,17,431,512,1.28,3,155754,39,Desenho,Raiva,3954,Exposicao_Face
155821,67,177,399,1.89,2,155821,40,Desenho,Feliz,21,Janela_Baseline
155954,133,967,762,0.0,3,155954,40,Desenho,Feliz,154,Janela_Baseline
156087,133,1123,922,0.0,0,156087,40,Desenho,Feliz,287,Janela_Baseline
156103,17,821,681,0.0,3,156103,40,Desenho,Feliz,303,Janela_Baseline
156137,33,977,965,0.0,0,156137,40,Desenho,Feliz,337,Janela_Baseline
156220,83,1007,326,0.0,1,156220,40,Desenho,Feliz,420,Janela_Baseline
156419,200,1087,896,0.0,0,156419,40,Desenho,Feliz,619,Janela_Baseline
156453,33,1027,352,0.0,0,156453,40,Desenho,Feliz,653,Janela_Baseline
156503,50,374,527,-1.0,3,156503,40,Desenho,Feliz,703,Janela_Baseline
156552,50,1080,297,0.0,0,156552,40,Desenho,Feliz,752,Janela_Baseline
156586,33,812,888,0.0,0,156586,40,Desenho,Feliz,786,Janela_Baseline
156702,116,571,818,0.0,0,156702,40,Desenho,Feliz,902,Janela_Baseline
156752,50,188,494,-1.0,3,156752,40,Desenho,Feliz,952,Janela_Baseline
156885,133,981,439,0.0,3,156885,40,Desenho,Feliz,1085,Janela_Baseline
156902,17,135,333,1.14,1,156902,40,Desenho,Feliz,1102,Janela_Baseline
156918,17,1266,392,0.0,0,156918,40,Desenho,Feliz,1118,Janela_Baseline
157068,150,1502,512,0.0,0,157068,40,Desenho,Feliz,1268,Janela_Baseline
157118,50,505,303,0.0,1,157118,40,Desenho,Feliz,1318,Exposicao_Face
157168,50,1353,104,0.0,0,157168,40,Desenho,Feliz,1368,Exposicao_Face
157268,100,1035,319,0.0,0,157268,40,Desenho,Feliz,1468,Exposicao_Face
157301,33,874,750,0.0,3,157301,40,Desenho,Feliz,1501,Exposicao_Face
157318,17,926,925,0.0,0,157318,40,Desenho,Feliz,1518,Exposicao_Face
157334,17,929,625,0.0,3,157334,40,Desenho,Feliz,1534,Exposicao_Face
157351,17,64,31,-1.0,1,157351,40,Desenho,Feliz,1551,Exposicao_Face
157517,166,550,387,0.0,2,157517,40,Desenho,Feliz,1717,Exposicao_Face
157850,333,747,197,0.0,1,157850,40,Desenho,Feliz,2050,Exposicao_Face
157867,17,572,827,0.0,0,157867,40,Desenho,Feliz,2067,Exposicao_Face
158000,133,1088,295,0.0,0,158000,40,Desenho,Feliz,2200,Exposicao_Face
158016,17,26,279,-1.0,1,158016,40,Desenho,Feliz,2216,Exposicao_Face
158216,200,786,1015,0.0,0,158216,40,Desenho,Feliz,2416,Exposicao_Face
158332,116,1434,767,0.0,0,158332,40,Desenho,Feliz,2532,Exposicao_Face
158366,33,1866,667,0.0,0,158366,40,Desenho,Feliz,2566,Exposicao_Face
158599,233,208,520,0.0,3,158599,40,Desenho,Feliz,2799,Exposicao_Face
158615,17,1049,331,0.0,0,158615,40,Desenho,Feliz,2815,Exposicao_Face
158698,83,950,572,0.0,3,158698,40,Desenho,Feliz,2898,Exposicao_Face
158998,299,254,605,0.0,3,158998,40,Desenho,Feliz,3198,Exposicao_Face
159048,50,241,517,0.0,3,159048,40,Desenho,Feliz,3248,Exposicao_Face
159497,449,959,1043,0.0,0,159497,40,Desenho,Feliz,3697,Exposicao_Face
159597,100,843,161,0.0,1,159597,40,Desenho,Feliz,3797,Exposicao_Face
159713,116,1210,699,0.0,0,159713,40,Desenho,Feliz,3913,Exposicao_Face
159763,50,1083,854,0.0,0,159763,40,Desenho,Feliz,3963,Exposicao_Face
159830,67,873,208,0.0,1,159830,41,Desenho,Neutro,30,Janela_Baseline
159879,50,932,525,0.0,3,159879,41,Desenho,Neutro,79,Janela_Baseline
159913,33,972,413,0.0,2,159913,41,Desenho,Neutro,113,Janela_Baseline
160112,200,926,484,0.0,3,160112,41,Desenho,Neutro,312,Janela_Baseline
160478,366,1567,70,0.0,0,160478,41,Desenho,Neutro,678,Janela_Baseline
160744,266,694,357,0.0,1,160744,41,Desenho,Neutro,944,Janela_Baseline
160894,150,175,576,1.44,3,160894,41,Desenho,Neutro,1094,Janela_Baseline
160927,33,172,203,0.0,1,160927,41,Desenho,Neutro,1127,Janela_Baseline
160961,33,152,588,1.52,3,160961,41,Desenho,Neutro,1161,Janela_Baseline
161011,50,135,547,1.59,3,161011,41,Desenho,Neutro,1211,Janela_Baseline
161027,17,153,521,1.48,3,161027,41,Desenho,Neutro,1227,Janela_Baseline
161044,17,162,463,1.59,3,161044,41,Desenho,Neutro,1244,Janela_Baseline
161110,67,665,605,0.0,3,161110,41,Desenho,Neutro,1310,Exposicao_Face
161310,200,658,451,0.0,3,161310,41,Desenho,Neutro,1510,Exposicao_Face
161327,17,650,538,0.0,3,161327,41,Desenho,Neutro,1527,Exposicao_Face
161360,33,184,125,0.0,1,161360,41,Desenho,Neutro,1560,Exposicao_Face
161377,17,174,188,0.0,1,161377,41,Desenho,Neutro,1577,Exposicao_Face
161393,17,160,202,0.0,1,161393,41,Desenho,Neutro,1593,Exposicao_Face
161460,67,141,80,0.0,1,161460,41,Desenho,Neutro,1660,Exposicao_Face
161476,17,235,177,0.0,1,161476,41,Desenho,Neutro,1676,Exposicao_Face
161493,17,254,558,-1.0,3,161493,41,Desenho,Neutro,1693,Exposicao_Face
161510,17,690,426,0.0,3,161510,41,Desenho,Neutro,1710,Exposicao_Face
161526,17,318,434,-1.0,3,161526,41,Desenho,Neutro,1726,Exposicao_Face
161576,50,610,1007,0.0,0,161576,41,Desenho,Neutro,1776,Exposicao_Face
161593,17,485,685,0.0,3,161593,41,Desenho,Neutro,1793,Exposicao_Face
161676,83,163,230,-1.0,1,161676,41,Desenho,Neutro,1876,Exposicao_Face
161709,33,630,720,0.0,3,161709,41,Desenho,Neutro,1909,Exposicao_Face
161826,116,18,403,3.11,2,161826,41,Desenho,Neutro,2026,Exposicao_Face
161842,17,172,526,-1.0,3,161842,41,Desenho,Neutro,2042,Exposicao_Face
161892,50,200,347,0.0,1,161892,41,Desenho,Neutro,2092,Exposicao_Face
161909,17,168,265,0.0,1,161909,41,Desenho,Neutro,2109,Exposicao_Face
161926,17,69,103,0.0,1,161926,41,Desenho,Neutro,2126,Exposicao_Face
162025,100,267,296,-1.0,1,162025,41,Desenho,Neutro,2225,Exposicao_Face
162208,183,601,951,0.0,0,162208,41,Desenho,Neutro,2408,Exposicao_Face
162258,50,677,314,0.0,1,162258,41,Desenho,Neutro,2458,Exposicao_Face
162275,17,710,348,0.0,1,162275,41,Desenho,Neutro,2475,Exposicao_Face
162308,33,181,109,0.0,1,162308,41,Desenho,Neutro,2508,Exposicao_Face
162358,50,280,423,0.0,3,162358,41,Desenho,Neutro,2558,Exposicao_Face
162508,150,55,10,0.0,1,162508,41,Desenho,Neutro,2708,Exposicao_Face
162624,116,616,408,0.0,2,162624,41,Desenho,Neutro,2824,Exposicao_Face
162641,17,1537,809,0.0,0,162641,41,Desenho,Neutro,2841,Exposicao_Face
162707,67,210,271,0.0,1,162707,41,Desenho,Neutro,2907,Exposicao_Face
162774,67,44,206,-1.0,1,162774,41,Desenho,Neutro,2974,Exposicao_Face
162840,67,163,129,0.0,1,162840,41,Desenho,Neutro,3040,Exposicao_Face
162924,83,1594,729,0.0,0,162924,41,Desenho,Neutro,3124,Exposicao_Face
163007,83,107,164,1.72,1,163007,41,Desenho,Neutro,3207,Exposicao_Face
163040,33,1869,668,0.0,0,163040,41,Desenho,Neutro,3240,Exposicao_Face
163057,17,229,276,0.0,1,163057,41,Desenho,Neutro,3257,Exposicao_Face
163190,133,27,338,-1.0,1,163190,41,Desenho,Neutro,3390,Exposicao_Face
163356,166,166,228,-1.0,1,163356,41,Desenho,Neutro,3556,Exposicao_Face
163373,17,136,257,1.65,1,163373,41,Desenho,Neutro,3573,Exposicao_Face
163423,50,550,747,0.0,3,163423,41,Desenho,Neutro,3623,Exposicao_Face
163456,33,459,575,0.0,3,163456,41,Desenho,Neutro,3656,Exposicao_Face
163523,67,518,801,0.0,0,163523,41,Desenho,Neutro,3723,Exposicao_Face
163539,17,226,297,0.337,1,163539,41,Desenho,Neutro,3739,Exposicao_Face
163556,17,219,335,-1.0,1,163556,41,Desenho,Neutro,3756,Exposicao_Face
163572,17,859,22,0.0,1,163572,41,Desenho,Neutro,3772,Exposicao_Face
163639,67,449,602,0.0,3,163639,41,Desenho,Neutro,3839,Exposicao_Face
163755,116,215,373,0.0,2,163755,41,Desenho,Neutro,3955,Exposicao_Face
163822,67,100,256,-1.0,1,163822,42,Desenho,Raiva,22,Janela_Baseline
163889,67,170,226,0.0,1,163889,42,Desenho,Raiva,89,Janela_Baseline
163905,17,357,576,0.0,3,163905,42,Desenho,Raiva,105,Janela_Baseline
163988,83,469,865,0.0,0,163988,42,Desenho,Raiva,188,Janela_Baseline
164105,116,315,614,0.0,3,164105,42,Desenho,Raiva,305,Janela_Baseline
164155,50,239,582,0.0,3,164155,42,Desenho,Raiva,355,Janela_Baseline
164254,100,191,563,1.75,3,164254,42,Desenho,Raiva,454,Janela_Baseline
164271,17,334,499,0.0,3,164271,42,Desenho,Raiva,471,Janela_Baseline
164288,17,208,554,-1.0,3,164288,42,Desenho,Raiva,488,Janela_Baseline
164587,299,794,327,0.0,1,164587,42,Desenho,Raiva,787,Janela_Baseline
164737,150,594,1003,0.0,0,164737,42,Desenho,Raiva,937,Janela_Baseline
164770,33,584,1012,0.0,0,164770,42,Desenho,Raiva,970,Janela_Baseline
164970,200,197,704,-1.0,3,164970,42,Desenho,Raiva,1170,Janela_Baseline
164986,17,204,197,0.0,1,164986,42,Desenho,Raiva,1186,Janela_Baseline
165020,33,299,640,3.24,3,165020,42,Desenho,Raiva,1220,Janela_Baseline
165070,50,450,440,0.0,3,165070,42,Desenho,Raiva,1270,Janela_Baseline
165086,17,441,562,0.0,3,165086,42,Desenho,Raiva,1286,Janela_Baseline
165103,17,247,414,0.0,0,165103,42,Desenho,Raiva,1303,Exposicao_Face
165153,50,337,213,-1.0,1,165153,42,Desenho,Raiva,1353,Exposicao_Face
165169,17,666,770,0.0,0,165169,42,Desenho,Raiva,1369,Exposicao_Face
165269,100,440,294,0.0,1,165269,42,Desenho,Raiva,1469,Exposicao_Face
165336,67,706,536,0.0,3,165336,42,Desenho,Raiva,1536,Exposicao_Face
165386,50,895,153,0.0,1,165386,42,Desenho,Raiva,1586,Exposicao_Face
165485,100,916,69,0.0,1,165485,42,Desenho,Raiva,1685,Exposicao_Face
165585,100,55,416,1.62,3,165585,42,Desenho,Raiva,1785,Exposicao_Face
165635,50,453,514,0.0,3,165635,42,Desenho,Raiva,1835,Exposicao_Face
165735,100,191,94,-1.0,1,165735,42,Desenho,Raiva,1935,Exposicao_Face
165901,166,223,734,-1.0,3,165901,42,Desenho,Raiva,2101,Exposicao_Face
165951,50,133,535,-1.0,3,165951,42,Desenho,Raiva,2151,Exposicao_Face
166051,100,47,502,-1.0,3,166051,42,Desenho,Raiva,2251,Exposicao_Face
166068,17,224,407,-1.0,2,166068,42,Desenho,Raiva,2268,Exposicao_Face
166267,200,752,344,0.0,1,166267,42,Desenho,Raiva,2467,Exposicao_Face
166517,250,711,323,0.0,1,166517,42,Desenho,Raiva,2717,Exposicao_Face
166533,17,651,378,0.0,2,166533,42,Desenho,Raiva,2733,Exposicao_Face
166617,83,709,232,0.0,1,166617,42,Desenho,Raiva,2817,Exposicao_Face
166683,67,316,317,0.0,1,166683,42,Desenho,Raiva,2883,Exposicao_Face
166783,100,606,1028,0.0,0,166783,42,Desenho,Raiva,2983,Exposicao_Face
166800,17,7,552,-1.0,3,166800,42,Desenho,Raiva,3000,Exposicao_Face
166866,67,63,544,-1.0,3,166866,42,Desenho,Raiva,3066,Exposicao_Face
167099,233,522,438,-1.0,3,167099,42,Desenho,Raiva,3299,Exposicao_Face
167132,33,738,710,0.0,3,167132,42,Desenho,Raiva,3332,Exposicao_Face
167216,83,595,1041,0.0,0,167216,42,Desenho,Raiva,3416,Exposicao_Face
167249,33,579,1027,0.0,0,167249,42,Desenho,Raiva,3449,Exposicao_Face
167299,50,466,616,-1.0,3,167299,42,Desenho,Raiva,3499,Exposicao_Face
167398,100,511,567,-1.0,3,167398,42,Desenho,Raiva,3598,Exposicao_Face
167532,133,675,733,0.0,3,167532,42,Desenho,Raiva,3732,Exposicao_Face
167548,17,506,542,-1.0,3,167548,42,Desenho,Raiva,3748,Exposicao_Face
167565,17,1266,116,0.0,0,167565,42,Desenho,Raiva,3765,Exposicao_Face
167598,33,594,768,0.0,3,167598,42,Desenho,Raiva,3798,Exposicao_Face
167648,50,886,633,0.0,3,167648,42,Desenho,Raiva,3848,Exposicao_Face
167681,33,325,582,0.0,3,167681,42,Desenho,Raiva,3881,Exposicao_Face
167898,216,495,620,-1.0,3,167898,43,Desenho,Feliz,98,Janela_Baseline
168014,116,834,256,0.0,1,168014,43,Desenho,Feliz,214,Janela_Baseline
168031,17,548,549,-1.0,3,168031,43,Desenho,Feliz,231,Janela_Baseline
168047,17,539,532,-1.0,3,168047,43,Desenho,Feliz,247,Janela_Baseline
168064,17,574,373,-1.0,2,168064,43,Desenho,Feliz,264,Janela_Baseline
168164,100,753,573,0.0,3,168164,43,Desenho,Feliz,364,Janela_Baseline
168180,17,525,548,-1.0,3,168180,43,Desenho,Feliz,380,Janela_Baseline
168197,17,900,525,0.0,3,168197,43,Desenho,Feliz,397,Janela_Baseline
168280,83,972,1038,0.0,0,168280,43,Desenho,Feliz,480,Janela_Baseline
168297,17,1113,470,0.0,0,168297,43,Desenho,Feliz,497,Janela_Baseline
168380,83,1126,778,0.0,0,168380,43,Desenho,Feliz,580,Janela_Baseline
168463,83,1402,782,0.0,0,168463,43,Desenho,Feliz,663,Janela_Baseline
168596,133,1099,927,0.0,0,168596,43,Desenho,Feliz,796,Janela_Baseline
168679,83,1009,926,0.0,0,168679,43,Desenho,Feliz,879,Janela_Baseline
168696,17,1533,826,0.0,0,168696,43,Desenho,Feliz,896,Janela_Baseline
168746,50,926,1078,0.0,0,168746,43,Desenho,Feliz,946,Janela_Baseline
168763,17,1044,921,0.0,0,168763,43,Desenho,Feliz,963,Janela_Baseline
168796,33,1278,859,0.0,0,168796,43,Desenho,Feliz,996,Janela_Baseline
168812,17,939,1056,0.0,0,168812,43,Desenho,Feliz,1012,Janela_Baseline
168846,33,1369,849,0.0,0,168846,43,Desenho,Feliz,1046,Janela_Baseline
168862,17,987,1030,0.0,0,168862,43,Desenho,Feliz,1062,Janela_Baseline
168879,17,1015,989,0.0,0,168879,43,Desenho,Feliz,1079,Janela_Baseline
168896,17,1503,827,0.0,0,168896,43,Desenho,Feliz,1096,Janela_Baseline
168912,17,1071,906,0.0,0,168912,43,Desenho,Feliz,1112,Janela_Baseline
168962,50,1130,937,0.0,0,168962,43,Desenho,Feliz,1162,Janela_Baseline
169012,50,1001,1004,0.0,0,169012,43,Desenho,Feliz,1212,Janela_Baseline
169029,17,980,1032,0.0,0,169029,43,Desenho,Feliz,1229,Janela_Baseline
169062,33,1033,997,0.0,0,169062,43,Desenho,Feliz,1262,Janela_Baseline
169079,17,1143,884,0.0,0,169079,43,Desenho,Feliz,1279,Janela_Baseline
169095,17,1559,660,0.0,0,169095,43,Desenho,Feliz,1295,Janela_Baseline
169145,50,1372,845,0.0,0,169145,43,Desenho,Feliz,1345,Exposicao_Face
169162,17,868,912,0.0,0,169162,43,Desenho,Feliz,1362,Exposicao_Face
169178,17,582,247,0.0,1,169178,43,Desenho,Feliz,1378,Exposicao_Face
169212,33,933,1069,0.0,0,169212,43,Desenho,Feliz,1412,Exposicao_Face
169245,33,381,662,0.0,3,169245,43,Desenho,Feliz,1445,Exposicao_Face
169295,50,514,598,0.0,3,169295,43,Desenho,Feliz,1495,Exposicao_Face
169411,116,192,127,-1.0,1,169411,43,Desenho,Feliz,1611,Exposicao_Face
169511,100,1004,1003,0.0,0,169511,43,Desenho,Feliz,1711,Exposicao_Face
169561,50,1061,955,0.0,0,169561,43,Desenho,Feliz,1761,Exposicao_Face
169611,50,1331,793,0.0,0,169611,43,Desenho,Feliz,1811,Exposicao_Face
169628,17,943,1028,0.0,0,169628,43,Desenho,Feliz,1828,Exposicao_Face
169644,17,1512,207,0.0,0,169644,43,Desenho,Feliz,1844,Exposicao_Face
169678,33,962,1047,0.0,0,169678,43,Desenho,Feliz,1878,Exposicao_Face
169711,33,1751,729,0.0,0,169711,43,Desenho,Feliz,1911,Exposicao_Face
169761,50,1076,941,0.0,0,169761,43,Desenho,Feliz,1961,Exposicao_Face
169877,116,954,1048,0.0,0,169877,43,Desenho,Feliz,2077,Exposicao_Face
169894,17,1197,819,0.0,0,169894,43,Desenho,Feliz,2094,Exposicao_Face
169910,17,1055,942,0.0,0,169910,43,Desenho,Feliz,2110,Exposicao_Face
169927,17,926,1071,0.0,0,169927,43,Desenho,Feliz,2127,Exposicao_Face
169944,17,1291,867,0.0,0,169944,43,Desenho,Feliz,2144,Exposicao_Face
169960,17,1173,742,0.0,0,169960,43,Desenho,Feliz,2160,Exposicao_Face
169977,17,1481,446,0.0,0,169977,43,Desenho,Feliz,2177,Exposicao_Face
170027,50,160,237,-1.0,1,170027,43,Desenho,Feliz,2227,Exposicao_Face
170127,100,1114,925,0.0,0,170127,43,Desenho,Feliz,2327,Exposicao_Face
170143,17,1055,939,0.0,0,170143,43,Desenho,Feliz,2343,Exposicao_Face
170243,100,962,1019,0.0,0,170243,43,Desenho,Feliz,2443,Exposicao_Face
170276,33,967,1044,0.0,0,170276,43,Desenho,Feliz,2476,Exposicao_Face
170642,366,1274,831,0.0,0,170642,43,Desenho,Feliz,2842,Exposicao_Face
170692,50,1067,957,0.0,0,170692,43,Desenho,Feliz,2892,Exposicao_Face
170726,33,1042,921,0.0,0,170726,43,Desenho,Feliz,2926,Exposicao_Face
170875,150,309,110,-1.0,1,170875,43,Desenho,Feliz,3075,Exposicao_Face
170892,17,1138,939,0.0,0,170892,43,Desenho,Feliz,3092,Exposicao_Face
171075,183,972,908,0.0,0,171075,43,Desenho,Feliz,3275,Exposicao_Face
171175,100,733,493,0.0,3,171175,43,Desenho,Feliz,3375,Exposicao_Face
171358,183,233,270,-1.0,1,171358,43,Desenho,Feliz,3558,Exposicao_Face
171457,100,1554,787,0.0,0,171457,43,Desenho,Feliz,3657,Exposicao_Face
171740,283,949,1029,0.0,0,171740,43,Desenho,Feliz,3940,Exposicao_Face
171990,250,1609,628,0.0,0,171990,44,Desenho,Neutro,190,Janela_Baseline
172189,200,345,333,-1.0,1,172189,44,Desenho,Neutro,389,Janela_Baseline
172572,383,851,109,0.0,1,172572,44,Desenho,Neutro,772,Janela_Baseline
172589,17,1187,920,0.0,0,172589,44,Desenho,Neutro,789,Janela_Baseline
172738,150,538,754,0.0,3,172738,44,Desenho,Neutro,938,Janela_Baseline
172755,17,635,520,0.0,3,172755,44,Desenho,Neutro,955,Janela_Baseline
172871,116,302,103,-1.0,1,172871,44,Desenho,Neutro,1071,Janela_Baseline
172905,33,502,400,0.0,2,172905,44,Desenho,Neutro,1105,Janela_Baseline
172971,67,629,638,0.0,3,172971,44,Desenho,Neutro,1171,Janela_Baseline
173104,133,199,249,-1.0,1,173104,44,Desenho,Neutro,1304,Exposicao_Face
173237,133,949,1060,0.0,0,173237,44,Desenho,Neutro,1437,Exposicao_Face
173304,67,132,413,1.68,0,173304,44,Desenho,Neutro,1504,Exposicao_Face
173570,266,115,232,-1.0,1,173570,44,Desenho,Neutro,1770,Exposicao_Face
173670,100,130,420,1.24,3,173670,44,Desenho,Neutro,1870,Exposicao_Face
173736,67,250,130,-1.0,1,173736,44,Desenho,Neutro,1936,Exposicao_Face
173786,50,481,864,0.0,0,173786,44,Desenho,Neutro,1986,Exposicao_Face
174053,266,42,221,-1.0,1,174053,44,Desenho,Neutro,2253,Exposicao_Face
174152,100,276,254,-1.0,1,174152,44,Desenho,Neutro,2352,Exposicao_Face
174418,266,517,582,0.0,3,174418,44,Desenho,Neutro,2618,Exposicao_Face
174635,216,634,732,0.0,3,174635,44,Desenho,Neutro,2835,Exposicao_Face
174668,33,1207,707,0.0,0,174668,44,Desenho,Neutro,2868,Exposicao_Face
174967,299,623,438,0.0,3,174967,44,Desenho,Neutro,3167,Exposicao_Face
175001,33,680,235,0.0,1,175001,44,Desenho,Neutro,3201,Exposicao_Face
175084,83,537,604,0.0,3,175084,44,Desenho,Neutro,3284,Exposicao_Face
175117,33,576,442,0.0,3,175117,44,Desenho,Neutro,3317,Exposicao_Face
175217,100,632,423,0.0,3,175217,44,Desenho,Neutro,3417,Exposicao_Face
175234,17,633,447,0.0,3,175234,44,Desenho,Neutro,3434,Exposicao_Face
175383,150,1201,876,0.0,0,175383,44,Desenho,Neutro,3583,Exposicao_Face
175400,17,621,482,0.0,3,175400,44,Desenho,Neutro,3600,Exposicao_Face
175699,299,1213,897,0.0,0,175699,44,Desenho,Neutro,3899,Exposicao_Face
175733,33,450,356,0.0,1,175733,44,Desenho,Neutro,3933,Exposicao_Face
175749,17,569,619,0.0,3,175749,44,Desenho,Neutro,3949,Exposicao_Face
175766,17,811,382,0.0,2,175766,44,Desenho,Neutro,3966,Exposicao_Face
175849,83,249,563,0.0,3,175849,45,Desenho,Raiva,49,Janela_Baseline
175949,100,391,430,0.0,3,175949,45,Desenho,Raiva,149,Janela_Baseline
176032,83,363,619,0.0,3,176032,45,Desenho,Raiva,232,Janela_Baseline
176049,17,1044,831,0.0,0,176049,45,Desenho,Raiva,249,Janela_Baseline
176082,33,540,517,0.0,3,176082,45,Desenho,Raiva,282,Janela_Baseline
176182,100,656,389,0.0,2,176182,45,Desenho,Raiva,382,Janela_Baseline
176248,67,697,597,0.0,3,176248,45,Desenho,Raiva,448,Janela_Baseline
176282,33,720,316,0.0,1,176282,45,Desenho,Raiva,482,Janela_Baseline
176298,17,736,617,0.0,3,176298,45,Desenho,Raiva,498,Janela_Baseline
176315,17,421,273,-1.0,1,176315,45,Desenho,Raiva,515,Janela_Baseline
176498,183,99,206,-1.0,1,176498,45,Desenho,Raiva,698,Janela_Baseline
176531,33,191,617,-1.0,3,176531,45,Desenho,Raiva,731,Janela_Baseline
176664,133,323,773,0.0,0,176664,45,Desenho,Raiva,864,Janela_Baseline
176697,33,1600,481,0.0,0,176697,45,Desenho,Raiva,897,Janela_Baseline
176731,33,611,537,0.0,3,176731,45,Desenho,Raiva,931,Janela_Baseline
176747,17,742,380,0.0,2,176747,45,Desenho,Raiva,947,Janela_Baseline
176831,83,819,492,0.0,3,176831,45,Desenho,Raiva,1031,Janela_Baseline
177047,216,697,286,0.0,1,177047,45,Desenho,Raiva,1247,Janela_Baseline
177213,166,709,387,0.0,2,177213,45,Desenho,Raiva,1413,Exposicao_Face
177280,67,985,948,0.0,0,177280,45,Desenho,Raiva,1480,Exposicao_Face
177313,33,1023,431,0.0,0,177313,45,Desenho,Raiva,1513,Exposicao_Face
177413,100,1234,876,0.0,0,177413,45,Desenho,Raiva,1613,Exposicao_Face
177429,17,1150,843,0.0,0,177429,45,Desenho,Raiva,1629,Exposicao_Face
177629,200,951,1055,0.0,0,177629,45,Desenho,Raiva,1829,Exposicao_Face
177679,50,1208,221,0.0,0,177679,45,Desenho,Raiva,1879,Exposicao_Face
177729,50,1257,528,0.0,0,177729,45,Desenho,Raiva,1929,Exposicao_Face
177879,150,1097,186,0.0,0,177879,45,Desenho,Raiva,2079,Exposicao_Face
177962,83,1340,867,0.0,0,177962,45,Desenho,Raiva,2162,Exposicao_Face
178111,150,1359,715,0.0,0,178111,45,Desenho,Raiva,2311,Exposicao_Face
178128,17,1163,213,0.0,0,178128,45,Desenho,Raiva,2328,Exposicao_Face
178294,166,801,415,0.0,3,178294,45,Desenho,Raiva,2494,Exposicao_Face
178311,17,325,72,-1.0,1,178311,45,Desenho,Raiva,2511,Exposicao_Face
178361,50,1253,538,0.0,0,178361,45,Desenho,Raiva,2561,Exposicao_Face
178444,83,495,490,-1.0,3,178444,45,Desenho,Raiva,2644,Exposicao_Face
178477,33,819,652,0.0,3,178477,45,Desenho,Raiva,2677,Exposicao_Face
178544,67,1141,630,0.0,0,178544,45,Desenho,Raiva,2744,Exposicao_Face
178561,17,675,776,0.0,0,178561,45,Desenho,Raiva,2761,Exposicao_Face
178611,50,566,818,0.0,0,178611,45,Desenho,Raiva,2811,Exposicao_Face
178710,100,350,208,-1.0,1,178710,45,Desenho,Raiva,2910,Exposicao_Face
178727,17,638,658,0.0,3,178727,45,Desenho,Raiva,2927,Exposicao_Face
179026,299,635,732,0.0,3,179026,45,Desenho,Raiva,3226,Exposicao_Face
179043,17,609,954,0.0,0,179043,45,Desenho,Raiva,3243,Exposicao_Face
179143,100,453,535,0.0,3,179143,45,Desenho,Raiva,3343,Exposicao_Face
179193,50,499,424,-1.0,3,179193,45,Desenho,Raiva,3393,Exposicao_Face
179209,17,440,179,0.0,1,179209,45,Desenho,Raiva,3409,Exposicao_Face
179226,17,460,460,0.0,3,179226,45,Desenho,Raiva,3426,Exposicao_Face
179243,17,272,545,0.0,3,179243,45,Desenho,Raiva,3443,Exposicao_Face
179259,17,1317,403,0.0,0,179259,45,Desenho,Raiva,3459,Exposicao_Face
179459,200,1150,682,0.0,0,179459,45,Desenho,Raiva,3659,Exposicao_Face
179492,33,657,810,0.0,0,179492,45,Desenho,Raiva,3692,Exposicao_Face
179509,17,293,122,-1.0,1,179509,45,Desenho,Raiva,3709,Exposicao_Face
179525,17,377,559,0.0,3,179525,45,Desenho,Raiva,3725,Exposicao_Face
179625,100,585,1046,0.0,0,179625,45,Desenho,Raiva,3825,Exposicao_Face
179642,17,825,343,0.0,1,179642,45,Desenho,Raiva,3842,Exposicao_Face
179808,166,694,534,0.0,3,179808,46,Desenho,Feliz,8,Janela_Baseline
179958,150,1857,775,0.0,0,179958,46,Desenho,Feliz,158,Janela_Baseline
180207,250,614,973,0.0,0,180207,46,Desenho,Feliz,407,Janela_Baseline
180257,50,648,407,0.0,2,180257,46,Desenho,Feliz,457,Janela_Baseline
180307,50,802,201,0.0,1,180307,46,Desenho,Feliz,507,Janela_Baseline
180374,67,594,1033,0.0,0,180374,46,Desenho,Feliz,574,Janela_Baseline
180773,399,623,997,0.0,0,180773,46,Desenho,Feliz,973,Janela_Baseline
181023,250,97,207,1.17,1,181023,46,Desenho,Feliz,1223,Janela_Baseline
181405,383,1381,367,0.0,0,181405,46,Desenho,Feliz,1605,Exposicao_Face
181438,33,365,625,0.0,3,181438,46,Desenho,Feliz,1638,Exposicao_Face
181588,150,679,452,0.0,3,181588,46,Desenho,Feliz,1788,Exposicao_Face
181904,316,704,545,0.0,3,181904,46,Desenho,Feliz,2104,Exposicao_Face
182037,133,215,217,0.0,1,182037,46,Desenho,Feliz,2237,Exposicao_Face
182054,17,716,258,0.0,1,182054,46,Desenho,Feliz,2254,Exposicao_Face
182137,83,656,403,0.0,2,182137,46,Desenho,Feliz,2337,Exposicao_Face
182453,316,605,1009,0.0,0,182453,46,Desenho,Feliz,2653,Exposicao_Face
182570,116,1816,789,0.0,0,182570,46,Desenho,Feliz,2770,Exposicao_Face
182836,266,589,1030,0.0,0,182836,46,Desenho,Feliz,3036,Exposicao_Face
182869,33,864,290,0.0,1,182869,46,Desenho,Feliz,3069,Exposicao_Face
182902,33,252,507,0.0,3,182902,46,Desenho,Feliz,3102,Exposicao_Face
182969,67,721,331,0.0,1,182969,46,Desenho,Feliz,3169,Exposicao_Face
182986,17,99,192,-1.0,1,182986,46,Desenho,Feliz,3186,Exposicao_Face
183252,266,81,311,-1.0,1,183252,46,Desenho,Feliz,3452,Exposicao_Face
183268,17,753,359,0.0,1,183268,46,Desenho,Feliz,3468,Exposicao_Face
183285,17,226,318,-1.0,1,183285,46,Desenho,Feliz,3485,Exposicao_Face
183302,17,192,461,1.54,3,183302,46,Desenho,Feliz,3502,Exposicao_Face
183352,50,218,574,1.67,3,183352,46,Desenho,Feliz,3552,Exposicao_Face
183451,100,20,92,-1.0,1,183451,46,Desenho,Feliz,3651,Exposicao_Face
183551,100,186,408,1.8,2,183551,46,Desenho,Feliz,3751,Exposicao_Face
183601,50,658,745,0.0,3,183601,46,Desenho,Feliz,3801,Exposicao_Face
183634,33,774,537,0.0,3,183634,46,Desenho,Feliz,3834,Exposicao_Face
183701,67,773,460,0.0,3,183701,46,Desenho,Feliz,3901,Exposicao_Face
183717,17,602,1032,0.0,0,183717,46,Desenho,Feliz,3917,Exposicao_Face
183734,17,21,135,1.65,1,183734,46,Desenho,Feliz,3934,Exposicao_Face
183767,33,745,377,0.0,2,183767,46,Desenho,Feliz,3967,Exposicao_Face
183801,33,564,495,0.0,3,183801,47,Desenho,Neutro,1,Janela_Baseline
183851,50,592,1069,0.0,0,183851,47,Desenho,Neutro,51,Janela_Baseline
183867,17,677,450,0.0,3,183867,47,Desenho,Neutro,67,Janela_Baseline
183884,17,518,705,0.0,3,183884,47,Desenho,Neutro,84,Janela_Baseline
183950,67,655,849,0.0,0,183950,47,Desenho,Neutro,150,Janela_Baseline
184000,50,306,434,-1.0,3,184000,47,Desenho,Neutro,200,Janela_Baseline
184067,67,133,487,1.57,3,184067,47,Desenho,Neutro,267,Janela_Baseline
184133,67,1032,816,0.0,0,184133,47,Desenho,Neutro,333,Janela_Baseline
184499,366,42,99,1.64,1,184499,47,Desenho,Neutro,699,Janela_Baseline
184649,150,16,338,-1.0,1,184649,47,Desenho,Neutro,849,Janela_Baseline
184682,33,1337,874,0.0,0,184682,47,Desenho,Neutro,882,Janela_Baseline
184716,33,640,784,0.0,0,184716,47,Desenho,Neutro,916,Janela_Baseline
184799,83,636,654,0.0,3,184799,47,Desenho,Neutro,999,Janela_Baseline
184915,116,1187,464,0.0,0,184915,47,Desenho,Neutro,1115,Janela_Baseline
184932,17,294,285,2.98,1,184932,47,Desenho,Neutro,1132,Janela_Baseline
184965,33,198,546,1.57,3,184965,47,Desenho,Neutro,1165,Janela_Baseline
185032,67,1827,521,0.0,0,185032,47,Desenho,Neutro,1232,Janela_Baseline
185098,67,199,342,-1.0,1,185098,47,Desenho,Neutro,1298,Janela_Baseline
185165,67,1157,780,0.0,0,185165,47,Desenho,Neutro,1365,Exposicao_Face
185514,349,770,290,0.0,1,185514,47,Desenho,Neutro,1714,Exposicao_Face
185581,67,908,1080,0.0,0,185581,47,Desenho,Neutro,1781,Exposicao_Face
185780,200,1915,68,0.0,0,185780,47,Desenho,Neutro,1980,Exposicao_Face
186246,466,1016,863,0.0,0,186246,47,Desenho,Neutro,2446,Exposicao_Face
187028,782,630,145,-1.0,1,187028,47,Desenho,Neutro,3228,Exposicao_Face
187361,333,395,519,0.0,3,187361,47,Desenho,Neutro,3561,Exposicao_Face
187394,33,388,246,-1.0,1,187394,47,Desenho,Neutro,3594,Exposicao_Face
187444,50,250,237,-1.0,1,187444,47,Desenho,Neutro,3644,Exposicao_Face
187477,33,78,518,-1.0,3,187477,47,Desenho,Neutro,3677,Exposicao_Face
187577,100,467,819,0.0,0,187577,47,Desenho,Neutro,3777,Exposicao_Face
187593,17,832,425,0.0,3,187593,47,Desenho,Neutro,3793,Exposicao_Face
187643,50,787,122,0.0,1,187643,47,Desenho,Neutro,3843,Exposicao_Face
187677,33,426,453,0.0,3,187677,47,Desenho,Neutro,3877,Exposicao_Face
187760,83,311,549,0.0,3,187760,47,Desenho,Neutro,3960,Exposicao_Face
187776,17,653,649,0.0,3,187776,47,Desenho,Neutro,3976,Exposicao_Face
187976,200,883,646,0.0,3,187976,48,Desenho,Raiva,176,Janela_Baseline
188076,100,156,542,-1.0,3,188076,48,Desenho,Raiva,276,Janela_Baseline
188209,133,74,444,-1.0,3,188209,48,Desenho,Raiva,409,Janela_Baseline
188359,150,647,788,0.0,0,188359,48,Desenho,Raiva,559,Janela_Baseline
188592,233,449,423,0.0,3,188592,48,Desenho,Raiva,792,Janela_Baseline
188641,50,569,865,0.0,0,188641,48,Desenho,Raiva,841,Janela_Baseline
188658,17,43,573,3.27,3,188658,48,Desenho,Raiva,858,Janela_Baseline
188725,67,275,275,-1.0,1,188725,48,Desenho,Raiva,925,Janela_Baseline
188775,50,773,830,0.0,0,188775,48,Desenho,Raiva,975,Janela_Baseline
188791,17,732,504,0.0,3,188791,48,Desenho,Raiva,991,Janela_Baseline
188824,33,681,775,0.0,0,188824,48,Desenho,Raiva,1024,Janela_Baseline
188858,33,573,1051,0.0,0,188858,48,Desenho,Raiva,1058,Janela_Baseline
188891,33,647,794,0.0,0,188891,48,Desenho,Raiva,1091,Janela_Baseline
188908,17,78,517,-1.0,3,188908,48,Desenho,Raiva,1108,Janela_Baseline
188974,67,413,687,0.0,3,188974,48,Desenho,Raiva,1174,Janela_Baseline
189091,116,312,297,-1.0,1,189091,48,Desenho,Raiva,1291,Janela_Baseline
189457,366,454,559,-1.0,3,189457,48,Desenho,Raiva,1657,Exposicao_Face
190105,649,562,1073,0.0,0,190105,48,Desenho,Raiva,2305,Exposicao_Face
190122,17,1000,782,0.0,0,190122,48,Desenho,Raiva,2322,Exposicao_Face
190205,83,1159,48,0.0,0,190205,48,Desenho,Raiva,2405,Exposicao_Face
190322,116,1209,753,0.0,0,190322,48,Desenho,Raiva,2522,Exposicao_Face
190505,183,521,703,0.0,3,190505,48,Desenho,Raiva,2705,Exposicao_Face
191054,549,541,402,-1.0,2,191054,48,Desenho,Raiva,3254,Exposicao_Face
191137,83,1643,235,0.0,0,191137,48,Desenho,Raiva,3337,Exposicao_Face
191270,133,878,224,0.0,1,191270,48,Desenho,Raiva,3470,Exposicao_Face
191303,33,655,815,0.0,0,191303,48,Desenho,Raiva,3503,Exposicao_Face
191519,216,700,385,0.0,2,191519,48,Desenho,Raiva,3719,Exposicao_Face
191619,100,1606,433,0.0,0,191619,48,Desenho,Raiva,3819,Exposicao_Face
191636,17,1147,930,0.0,0,191636,48,Desenho,Raiva,3836,Exposicao_Face
191652,17,980,979,0.0,0,191652,48,Desenho,Raiva,3852,Exposicao_Face
191719,67,951,1033,0.0,0,191719,48,Desenho,Raiva,3919,Exposicao_Face
191785,67,1098,894,0.0,0,191785,48,Desenho,Raiva,3985,Exposicao_Face
191819,33,1041,986,0.0,0,191819,49,Desenho,Feliz,19,Janela_Baseline
191835,17,1158,794,0.0,0,191835,49,Desenho,Feliz,35,Janela_Baseline
191852,17,1343,852,0.0,0,191852,49,Desenho,Feliz,52,Janela_Baseline
191902,50,1127,825,0.0,0,191902,49,Desenho,Feliz,102,Janela_Baseline
192035,133,1159,819,0.0,0,192035,49,Desenho,Feliz,235,Janela_Baseline
192052,17,975,1030,0.0,0,192052,49,Desenho,Feliz,252,Janela_Baseline
192068,17,972,1032,0.0,0,192068,49,Desenho,Feliz,268,Janela_Baseline
192085,17,1289,408,0.0,0,192085,49,Desenho,Feliz,285,Janela_Baseline
192118,33,1012,836,0.0,0,192118,49,Desenho,Feliz,318,Janela_Baseline
192135,17,1139,842,0.0,0,192135,49,Desenho,Feliz,335,Janela_Baseline
192151,17,1014,879,0.0,0,192151,49,Desenho,Feliz,351,Janela_Baseline
192185,33,963,1037,0.0,0,192185,49,Desenho,Feliz,385,Janela_Baseline
192201,17,1037,983,0.0,0,192201,49,Desenho,Feliz,401,Janela_Baseline
192218,17,1043,959,0.0,0,192218,49,Desenho,Feliz,418,Janela_Baseline
192318,100,1234,871,0.0,0,192318,49,Desenho,Feliz,518,Janela_Baseline
192384,67,1162,843,0.0,0,192384,49,Desenho,Feliz,584,Janela_Baseline
192517,133,1056,976,0.0,0,192517,49,Desenho,Feliz,717,Janela_Baseline
192767,250,892,1072,0.0,0,192767,49,Desenho,Feliz,967,Janela_Baseline
192817,50,578,433,0.0,3,192817,49,Desenho,Feliz,1017,Janela_Baseline
194613,1797,111,875,-1.0,0,194613,49,Desenho,Feliz,2813,Exposicao_Face
195013,399,662,616,0.0,3,195013,49,Desenho,Feliz,3213,Exposicao_Face
195046,33,906,316,0.0,1,195046,49,Desenho,Feliz,3246,Exposicao_Face
195063,17,727,441,0.0,3,195063,49,Desenho,Feliz,3263,Exposicao_Face
195079,17,697,607,0.0,3,195079,49,Desenho,Feliz,3279,Exposicao_Face
195112,33,888,393,0.0,2,195112,49,Desenho,Feliz,3312,Exposicao_Face
195196,83,1157,272,0.0,0,195196,49,Desenho,Feliz,3396,Exposicao_Face
195312,116,1254,891,0.0,0,195312,49,Desenho,Feliz,3512,Exposicao_Face
195395,83,984,1025,0.0,0,195395,49,Desenho,Feliz,3595,Exposicao_Face
195429,33,1241,893,0.0,0,195429,49,Desenho,Feliz,3629,Exposicao_Face
195578,150,1668,812,0.0,0,195578,49,Desenho,Feliz,3778,Exposicao_Face
195761,183,1119,942,0.0,0,195761,49,Desenho,Feliz,3961,Exposicao_Face
195795,33,926,1080,0.0,0,195795,49,Desenho,Feliz,3995,Exposicao_Face
195811,17,935,1072,0.0,0,195811,50,Desenho,Neutro,11,Janela_Baseline
196011,200,894,985,0.0,0,196011,50,Desenho,Neutro,211,Janela_Baseline
196094,83,1112,954,0.0,0,196094,50,Desenho,Neutro,294,Janela_Baseline
196111,17,1278,877,0.0,0,196111,50,Desenho,Neutro,311,Janela_Baseline
196177,67,949,1059,0.0,0,196177,50,Desenho,Neutro,377,Janela_Baseline
196543,366,987,1026,0.0,0,196543,50,Desenho,Neutro,743,Janela_Baseline
196560,17,1046,841,0.0,0,196560,50,Desenho,Neutro,760,Janela_Baseline
196643,83,509,467,3.9,3,196643,50,Desenho,Neutro,843,Janela_Baseline
196660,17,498,473,3.96,3,196660,50,Desenho,Neutro,860,Janela_Baseline
196676,17,518,294,-1.0,1,196676,50,Desenho,Neutro,876,Janela_Baseline
196693,17,499,471,3.95,3,196693,50,Desenho,Neutro,893,Janela_Baseline
196709,17,426,357,-1.0,1,196709,50,Desenho,Neutro,909,Janela_Baseline
196726,17,509,453,3.98,3,196726,50,Desenho,Neutro,926,Janela_Baseline
196743,17,512,450,3.99,3,196743,50,Desenho,Neutro,943,Janela_Baseline
196759,17,516,481,-1.0,3,196759,50,Desenho,Neutro,959,Janela_Baseline
196776,17,520,294,-1.0,1,196776,50,Desenho,Neutro,976,Janela_Baseline
196793,17,511,468,3.96,3,196793,50,Desenho,Neutro,993,Janela_Baseline
196809,17,510,484,3.96,3,196809,50,Desenho,Neutro,1009,Janela_Baseline
196826,17,524,440,-1.0,3,196826,50,Desenho,Neutro,1026,Janela_Baseline
196843,17,511,426,4.01,3,196843,50,Desenho,Neutro,1043,Janela_Baseline
196859,17,512,480,3.98,3,196859,50,Desenho,Neutro,1059,Janela_Baseline
196876,17,502,470,-1.0,3,196876,50,Desenho,Neutro,1076,Janela_Baseline
196892,17,509,496,3.95,3,196892,50,Desenho,Neutro,1092,Janela_Baseline
196909,17,501,430,3.98,3,196909,50,Desenho,Neutro,1109,Janela_Baseline
196926,17,509,515,3.96,3,196926,50,Desenho,Neutro,1126,Janela_Baseline
196942,17,479,507,3.96,3,196942,50,Desenho,Neutro,1142,Janela_Baseline
196959,17,471,410,-1.0,2,196959,50,Desenho,Neutro,1159,Janela_Baseline
196976,17,469,437,4.01,3,196976,50,Desenho,Neutro,1176,Janela_Baseline
196992,17,468,516,3.93,3,196992,50,Desenho,Neutro,1192,Janela_Baseline
197009,17,471,333,-1.0,1,197009,50,Desenho,Neutro,1209,Janela_Baseline
197026,17,465,510,3.96,3,197026,50,Desenho,Neutro,1226,Janela_Baseline
197042,17,462,524,3.95,3,197042,50,Desenho,Neutro,1242,Janela_Baseline
197059,17,472,383,3.93,2,197059,50,Desenho,Neutro,1259,Janela_Baseline
197075,17,476,380,3.93,2,197075,50,Desenho,Neutro,1275,Janela_Baseline
197092,17,465,385,3.9,2,197092,50,Desenho,Neutro,1292,Janela_Baseline
197109,17,452,374,3.87,2,197109,50,Desenho,Neutro,1309,Exposicao_Face
197125,17,375,409,3.82,2,197125,50,Desenho,Neutro,1325,Exposicao_Face
197142,17,293,398,3.72,2,197142,50,Desenho,Neutro,1342,Exposicao_Face
197159,17,294,413,3.79,0,197159,50,Desenho,Neutro,1359,Exposicao_Face
197175,17,288,409,3.74,2,197175,50,Desenho,Neutro,1375,Exposicao_Face
197192,17,277,421,3.77,3,197192,50,Desenho,Neutro,1392,Exposicao_Face
197209,17,294,397,3.75,2,197209,50,Desenho,Neutro,1409,Exposicao_Face
197225,17,279,405,3.75,2,197225,50,Desenho,Neutro,1425,Exposicao_Face
197242,17,290,422,3.77,3,197242,50,Desenho,Neutro,1442,Exposicao_Face
197258,17,283,417,3.71,3,197258,50,Desenho,Neutro,1458,Exposicao_Face
197275,17,286,428,3.72,3,197275,50,Desenho,Neutro,1475,Exposicao_Face
197292,17,282,411,3.75,2,197292,50,Desenho,Neutro,1492,Exposicao_Face
197308,17,283,401,3.74,2,197308,50,Desenho,Neutro,1508,Exposicao_Face
197325,17,283,431,3.77,3,197325,50,Desenho,Neutro,1525,Exposicao_Face
197342,17,279,410,3.67,2,197342,50,Desenho,Neutro,1542,Exposicao_Face
197358,17,286,392,3.74,2,197358,50,Desenho,Neutro,1558,Exposicao_Face
197375,17,294,403,3.69,2,197375,50,Desenho,Neutro,1575,Exposicao_Face
197391,17,274,405,3.71,2,197391,50,Desenho,Neutro,1591,Exposicao_Face
197408,17,276,395,3.69,2,197408,50,Desenho,Neutro,1608,Exposicao_Face
197425,17,275,388,3.67,2,197425,50,Desenho,Neutro,1625,Exposicao_Face
197441,17,278,389,3.64,2,197441,50,Desenho,Neutro,1641,Exposicao_Face
197458,17,332,450,3.77,3,197458,50,Desenho,Neutro,1658,Exposicao_Face
197475,17,337,594,3.71,3,197475,50,Desenho,Neutro,1675,Exposicao_Face
197491,17,337,572,3.82,3,197491,50,Desenho,Neutro,1691,Exposicao_Face
197508,17,339,576,3.69,3,197508,50,Desenho,Neutro,1708,Exposicao_Face
197525,17,342,533,3.75,3,197525,50,Desenho,Neutro,1725,Exposicao_Face
197541,17,347,536,3.71,3,197541,50,Desenho,Neutro,1741,Exposicao_Face
197558,17,350,532,3.72,3,197558,50,Desenho,Neutro,1758,Exposicao_Face
197574,17,345,530,3.8,3,197574,50,Desenho,Neutro,1774,Exposicao_Face
197591,17,343,550,3.8,3,197591,50,Desenho,Neutro,1791,Exposicao_Face
197608,17,335,526,3.8,3,197608,50,Desenho,Neutro,1808,Exposicao_Face
197624,17,334,533,3.8,3,197624,50,Desenho,Neutro,1824,Exposicao_Face
197641,17,337,554,3.85,3,197641,50,Desenho,Neutro,1841,Exposicao_Face
197658,17,327,504,3.83,3,197658,50,Desenho,Neutro,1858,Exposicao_Face
197674,17,340,521,3.83,3,197674,50,Desenho,Neutro,1874,Exposicao_Face
197691,17,339,523,3.88,3,197691,50,Desenho,Neutro,1891,Exposicao_Face
197708,17,329,591,3.88,3,197708,50,Desenho,Neutro,1908,Exposicao_Face
197724,17,336,534,3.88,3,197724,50,Desenho,Neutro,1924,Exposicao_Face
197741,17,338,616,3.87,3,197741,50,Desenho,Neutro,1941,Exposicao_Face
197757,17,352,545,3.93,3,197757,50,Desenho,Neutro,1957,Exposicao_Face
197774,17,342,505,3.87,3,197774,50,Desenho,Neutro,1974,Exposicao_Face
197791,17,342,541,3.91,3,197791,50,Desenho,Neutro,1991,Exposicao_Face
197807,17,335,617,3.91,3,197807,50,Desenho,Neutro,2007,Exposicao_Face
197824,17,346,593,3.88,3,197824,50,Desenho,Neutro,2024,Exposicao_Face
197841,17,344,631,3.91,3,197841,50,Desenho,Neutro,2041,Exposicao_Face
197857,17,340,523,3.87,3,197857,50,Desenho,Neutro,2057,Exposicao_Face
197874,17,334,537,3.88,3,197874,50,Desenho,Neutro,2074,Exposicao_Face
197891,17,342,575,3.93,3,197891,50,Desenho,Neutro,2091,Exposicao_Face
197907,17,337,511,3.87,3,197907,50,Desenho,Neutro,2107,Exposicao_Face
197924,17,365,587,3.87,3,197924,50,Desenho,Neutro,2124,Exposicao_Face
197940,17,410,556,3.9,3,197940,50,Desenho,Neutro,2140,Exposicao_Face
197957,17,438,376,3.9,2,197957,50,Desenho,Neutro,2157,Exposicao_Face
197974,17,439,389,3.91,2,197974,50,Desenho,Neutro,2174,Exposicao_Face
197990,17,437,377,3.85,2,197990,50,Desenho,Neutro,2190,Exposicao_Face
198007,17,426,369,3.85,2,198007,50,Desenho,Neutro,2207,Exposicao_Face
198024,17,435,370,3.87,2,198024,50,Desenho,Neutro,2224,Exposicao_Face
198040,17,437,383,3.88,2,198040,50,Desenho,Neutro,2240,Exposicao_Face
198057,17,440,381,3.87,2,198057,50,Desenho,Neutro,2257,Exposicao_Face
198074,17,438,390,3.9,2,198074,50,Desenho,Neutro,2274,Exposicao_Face
198090,17,422,380,3.85,2,198090,50,Desenho,Neutro,2290,Exposicao_Face
198107,17,431,386,3.88,2,198107,50,Desenho,Neutro,2307,Exposicao_Face
198123,17,426,386,3.85,2,198123,50,Desenho,Neutro,2323,Exposicao_Face
198140,17,440,373,3.87,2,198140,50,Desenho,Neutro,2340,Exposicao_Face
198157,17,424,375,3.82,2,198157,50,Desenho,Neutro,2357,Exposicao_Face
198173,17,469,353,3.83,1,198173,50,Desenho,Neutro,2373,Exposicao_Face
198190,17,468,337,3.8,1,198190,50,Desenho,Neutro,2390,Exposicao_Face
198207,17,459,361,3.83,1,198207,50,Desenho,Neutro,2407,Exposicao_Face
198223,17,453,355,3.85,1,198223,50,Desenho,Neutro,2423,Exposicao_Face
198240,17,451,405,3.82,2,198240,50,Desenho,Neutro,2440,Exposicao_Face
198257,17,453,334,3.8,1,198257,50,Desenho,Neutro,2457,Exposicao_Face
198273,17,442,464,3.8,3,198273,50,Desenho,Neutro,2473,Exposicao_Face
198290,17,443,341,3.85,1,198290,50,Desenho,Neutro,2490,Exposicao_Face
198306,17,451,385,3.83,2,198306,50,Desenho,Neutro,2506,Exposicao_Face
198323,17,459,381,3.82,2,198323,50,Desenho,Neutro,2523,Exposicao_Face
198340,17,455,339,3.83,1,198340,50,Desenho,Neutro,2540,Exposicao_Face
198356,17,453,347,3.83,1,198356,50,Desenho,Neutro,2556,Exposicao_Face
198373,17,475,345,3.85,1,198373,50,Desenho,Neutro,2573,Exposicao_Face
198390,17,443,373,3.77,2,198390,50,Desenho,Neutro,2590,Exposicao_Face
198406,17,471,348,3.82,1,198406,50,Desenho,Neutro,2606,Exposicao_Face
198423,17,455,398,3.8,2,198423,50,Desenho,Neutro,2623,Exposicao_Face
198440,17,468,342,3.83,1,198440,50,Desenho,Neutro,2640,Exposicao_Face
198456,17,467,408,3.83,2,198456,50,Desenho,Neutro,2656,Exposicao_Face
198473,17,465,407,3.79,2,198473,50,Desenho,Neutro,2673,Exposicao_Face
198489,17,454,415,3.75,3,198489,50,Desenho,Neutro,2689,Exposicao_Face
198506,17,464,371,3.77,2,198506,50,Desenho,Neutro,2706,Exposicao_Face
198523,17,468,402,3.77,2,198523,50,Desenho,Neutro,2723,Exposicao_Face
198539,17,461,407,3.82,2,198539,50,Desenho,Neutro,2739,Exposicao_Face
198556,17,467,407,3.82,2,198556,50,Desenho,Neutro,2756,Exposicao_Face
198573,17,467,413,3.75,5,198573,50,Desenho,Neutro,2773,Exposicao_Face
198589,17,457,421,3.72,3,198589,50,Desenho,Neutro,2789,Exposicao_Face
198606,17,479,404,3.74,2,198606,50,Desenho,Neutro,2806,Exposicao_Face
198622,17,471,409,3.79,2,198622,50,Desenho,Neutro,2822,Exposicao_Face
198639,17,371,491,3.72,3,198639,50,Desenho,Neutro,2839,Exposicao_Face
198656,17,332,522,3.64,3,198656,50,Desenho,Neutro,2856,Exposicao_Face
198672,17,327,515,3.66,3,198672,50,Desenho,Neutro,2872,Exposicao_Face
198689,17,317,613,4.36,3,198689,50,Desenho,Neutro,2889,Exposicao_Face
198706,17,321,534,3.71,3,198706,50,Desenho,Neutro,2906,Exposicao_Face
198722,17,321,498,-1.0,3,198722,50,Desenho,Neutro,2922,Exposicao_Face
198739,17,333,449,-1.0,3,198739,50,Desenho,Neutro,2939,Exposicao_Face
198756,17,180,662,4.6,3,198756,50,Desenho,Neutro,2956,Exposicao_Face
198772,17,319,492,-1.0,3,198772,50,Desenho,Neutro,2972,Exposicao_Face
198789,17,340,444,-1.0,3,198789,50,Desenho,Neutro,2989,Exposicao_Face
198805,17,319,531,3.72,3,198805,50,Desenho,Neutro,3005,Exposicao_Face
198822,17,349,451,-1.0,3,198822,50,Desenho,Neutro,3022,Exposicao_Face
198839,17,308,674,4.68,3,198839,50,Desenho,Neutro,3039,Exposicao_Face
198855,17,331,595,4.33,3,198855,50,Desenho,Neutro,3055,Exposicao_Face
198872,17,347,419,-1.0,3,198872,50,Desenho,Neutro,3072,Exposicao_Face
198889,17,318,481,-1.0,3,198889,50,Desenho,Neutro,3089,Exposicao_Face
198905,17,359,428,-1.0,3,198905,50,Desenho,Neutro,3105,Exposicao_Face
198922,17,350,617,-1.0,3,198922,50,Desenho,Neutro,3122,Exposicao_Face
198939,17,351,423,-1.0,3,198939,50,Desenho,Neutro,3139,Exposicao_Face
198955,17,334,579,3.96,3,198955,50,Desenho,Neutro,3155,Exposicao_Face
198972,17,338,570,3.71,3,198972,50,Desenho,Neutro,3172,Exposicao_Face
198988,17,407,620,-1.0,3,198988,50,Desenho,Neutro,3188,Exposicao_Face
199005,17,466,916,-1.0,0,199005,50,Desenho,Neutro,3205,Exposicao_Face
199022,17,487,785,-1.0,0,199022,50,Desenho,Neutro,3222,Exposicao_Face
199038,17,500,862,-1.0,0,199038,50,Desenho,Neutro,3238,Exposicao_Face
199055,17,401,927,4.17,0,199055,50,Desenho,Neutro,3255,Exposicao_Face
199072,17,459,728,-1.0,3,199072,50,Desenho,Neutro,3272,Exposicao_Face
199088,17,484,926,4.19,0,199088,50,Desenho,Neutro,3288,Exposicao_Face
199105,17,486,896,4.03,0,199105,50,Desenho,Neutro,3305,Exposicao_Face
199122,17,490,780,5.28,0,199122,50,Desenho,Neutro,3322,Exposicao_Face
199138,17,492,802,-1.0,0,199138,50,Desenho,Neutro,3338,Exposicao_Face
199155,17,427,828,-1.0,0,199155,50,Desenho,Neutro,3355,Exposicao_Face
199171,17,526,918,-1.0,0,199171,50,Desenho,Neutro,3371,Exposicao_Face
199188,17,471,485,3.71,3,199188,50,Desenho,Neutro,3388,Exposicao_Face
199205,17,438,390,3.75,2,199205,50,Desenho,Neutro,3405,Exposicao_Face
199238,33,457,346,3.75,1,199238,50,Desenho,Neutro,3438,Exposicao_Face
199255,17,457,407,3.69,2,199255,50,Desenho,Neutro,3455,Exposicao_Face
200086,832,1,356,0.0,0,200086,51,Desenho,Raiva,286,Janela_Baseline
201284,1198,324,470,-1.0,3,201284,51,Desenho,Raiva,1484,Exposicao_Face
201301,17,257,573,3.95,3,201301,51,Desenho,Raiva,1501,Exposicao_Face
201317,17,292,515,-1.0,3,201317,51,Desenho,Raiva,1517,Exposicao_Face
201334,17,287,602,-1.0,3,201334,51,Desenho,Raiva,1534,Exposicao_Face
201351,17,225,654,-1.0,3,201351,51,Desenho,Raiva,1551,Exposicao_Face
201367,17,300,434,-1.0,3,201367,51,Desenho,Raiva,1567,Exposicao_Face
201384,17,334,602,-1.0,3,201384,51,Desenho,Raiva,1584,Exposicao_Face
201401,17,297,552,3.88,3,201401,51,Desenho,Raiva,1601,Exposicao_Face
201417,17,239,586,4.06,3,201417,51,Desenho,Raiva,1617,Exposicao_Face
201434,17,286,556,3.96,3,201434,51,Desenho,Raiva,1634,Exposicao_Face
201450,17,308,410,-1.0,2,201450,51,Desenho,Raiva,1650,Exposicao_Face
201467,17,306,456,-1.0,3,201467,51,Desenho,Raiva,1667,Exposicao_Face
201500,33,315,425,-1.0,3,201500,51,Desenho,Raiva,1700,Exposicao_Face
201517,17,291,469,-1.0,3,201517,51,Desenho,Raiva,1717,Exposicao_Face
201534,17,270,616,4.49,3,201534,51,Desenho,Raiva,1734,Exposicao_Face
201550,17,297,419,-1.0,3,201550,51,Desenho,Raiva,1750,Exposicao_Face
201567,17,290,482,-1.0,3,201567,51,Desenho,Raiva,1767,Exposicao_Face
201584,17,339,372,-1.0,2,201584,51,Desenho,Raiva,1784,Exposicao_Face
201600,17,345,327,-1.0,1,201600,51,Desenho,Raiva,1800,Exposicao_Face
201617,17,315,514,3.98,3,201617,51,Desenho,Raiva,1817,Exposicao_Face
201633,17,285,482,-1.0,3,201633,51,Desenho,Raiva,1833,Exposicao_Face
201650,17,305,490,-1.0,3,201650,51,Desenho,Raiva,1850,Exposicao_Face
201667,17,317,505,-1.0,3,201667,51,Desenho,Raiva,1867,Exposicao_Face
201683,17,339,429,-1.0,3,201683,51,Desenho,Raiva,1883,Exposicao_Face
201700,17,333,427,-1.0,3,201700,51,Desenho,Raiva,1900,Exposicao_Face
201717,17,330,540,4.41,3,201717,51,Desenho,Raiva,1917,Exposicao_Face
201733,17,354,564,-1.0,3,201733,51,Desenho,Raiva,1933,Exposicao_Face
201750,17,337,362,-1.0,1,201750,51,Desenho,Raiva,1950,Exposicao_Face
201767,17,346,435,-1.0,3,201767,51,Desenho,Raiva,1967,Exposicao_Face
201783,17,349,490,3.98,3,201783,51,Desenho,Raiva,1983,Exposicao_Face
201800,17,281,508,-1.0,3,201800,51,Desenho,Raiva,2000,Exposicao_Face
201816,17,334,460,3.98,3,201816,51,Desenho,Raiva,2016,Exposicao_Face
201833,17,380,523,-1.0,3,201833,51,Desenho,Raiva,2033,Exposicao_Face
201850,17,383,290,-1.0,1,201850,51,Desenho,Raiva,2050,Exposicao_Face
201866,17,384,287,-1.0,1,201866,51,Desenho,Raiva,2066,Exposicao_Face
201883,17,386,324,-1.0,1,201883,51,Desenho,Raiva,2083,Exposicao_Face
201900,17,380,420,4.57,3,201900,51,Desenho,Raiva,2100,Exposicao_Face
201916,17,385,543,-1.0,3,201916,51,Desenho,Raiva,2116,Exposicao_Face
201933,17,371,515,5.31,3,201933,51,Desenho,Raiva,2133,Exposicao_Face
201949,17,379,394,4.15,2,201949,51,Desenho,Raiva,2149,Exposicao_Face
201966,17,389,279,-1.0,1,201966,51,Desenho,Raiva,2166,Exposicao_Face
201983,17,380,389,-1.0,2,201983,51,Desenho,Raiva,2183,Exposicao_Face
201999,17,367,453,4.7,3,201999,51,Desenho,Raiva,2199,Exposicao_Face
202016,17,393,254,-1.0,1,202016,51,Desenho,Raiva,2216,Exposicao_Face
202033,17,407,441,4.91,3,202033,51,Desenho,Raiva,2233,Exposicao_Face
202049,17,412,667,5.76,3,202049,51,Desenho,Raiva,2249,Exposicao_Face
202066,17,420,545,5.33,3,202066,51,Desenho,Raiva,2266,Exposicao_Face
202083,17,435,254,-1.0,1,202083,51,Desenho,Raiva,2283,Exposicao_Face
202099,17,444,297,-1.0,1,202099,51,Desenho,Raiva,2299,Exposicao_Face
202116,17,433,522,5.36,3,202116,51,Desenho,Raiva,2316,Exposicao_Face
202132,17,452,233,-1.0,1,202132,51,Desenho,Raiva,2332,Exposicao_Face
202149,17,321,499,5.07,3,202149,51,Desenho,Raiva,2349,Exposicao_Face
202166,17,436,434,4.81,3,202166,51,Desenho,Raiva,2366,Exposicao_Face
202182,17,451,250,-1.0,1,202182,51,Desenho,Raiva,2382,Exposicao_Face
202199,17,445,289,-1.0,1,202199,51,Desenho,Raiva,2399,Exposicao_Face
202216,17,441,331,4.35,1,202216,51,Desenho,Raiva,2416,Exposicao_Face
202232,17,436,288,-1.0,1,202232,51,Desenho,Raiva,2432,Exposicao_Face
202249,17,303,489,5.12,3,202249,51,Desenho,Raiva,2449,Exposicao_Face
202266,17,355,496,-1.0,3,202266,51,Desenho,Raiva,2466,Exposicao_Face
202282,17,420,287,-1.0,1,202282,51,Desenho,Raiva,2482,Exposicao_Face
202299,17,438,341,4.43,1,202299,51,Desenho,Raiva,2499,Exposicao_Face
202315,17,418,485,-1.0,3,202315,51,Desenho,Raiva,2515,Exposicao_Face
202332,17,445,242,-1.0,1,202332,51,Desenho,Raiva,2532,Exposicao_Face
202349,17,443,256,-1.0,1,202349,51,Desenho,Raiva,2549,Exposicao_Face
202365,17,448,255,-1.0,1,202365,51,Desenho,Raiva,2565,Exposicao_Face
202382,17,446,276,-1.0,1,202382,51,Desenho,Raiva,2582,Exposicao_Face
202399,17,477,468,-1.0,3,202399,51,Desenho,Raiva,2599,Exposicao_Face
202415,17,466,240,-1.0,1,202415,51,Desenho,Raiva,2615,Exposicao_Face
202432,17,442,576,5.1,3,202432,51,Desenho,Raiva,2632,Exposicao_Face
202449,17,465,283,-1.0,1,202449,51,Desenho,Raiva,2649,Exposicao_Face
202465,17,466,234,-1.0,1,202465,51,Desenho,Raiva,2665,Exposicao_Face
202482,17,465,250,-1.0,1,202482,51,Desenho,Raiva,2682,Exposicao_Face
202498,17,462,297,-1.0,1,202498,51,Desenho,Raiva,2698,Exposicao_Face
202515,17,396,453,-1.0,3,202515,51,Desenho,Raiva,2715,Exposicao_Face
202532,17,441,667,5.49,3,202532,51,Desenho,Raiva,2732,Exposicao_Face
202548,17,466,243,-1.0,1,202548,51,Desenho,Raiva,2748,Exposicao_Face
202565,17,462,250,-1.0,1,202565,51,Desenho,Raiva,2765,Exposicao_Face
202582,17,436,738,5.69,3,202582,51,Desenho,Raiva,2782,Exposicao_Face
202598,17,387,510,-1.0,3,202598,51,Desenho,Raiva,2798,Exposicao_Face
202648,50,458,436,4.4,3,202648,51,Desenho,Raiva,2848,Exposicao_Face
202648,0,458,436,4.4,3,202648,51,Desenho,Raiva,2848,Exposicao_Face
202665,17,456,389,4.04,2,202665,51,Desenho,Raiva,2865,Exposicao_Face
202681,17,459,341,4.03,1,202681,51,Desenho,Raiva,2881,Exposicao_Face
202698,17,445,642,5.12,3,202698,51,Desenho,Raiva,2898,Exposicao_Face
202715,17,470,320,-1.0,1,202715,51,Desenho,Raiva,2915,Exposicao_Face
202731,17,456,430,3.99,3,202731,51,Desenho,Raiva,2931,Exposicao_Face
202748,17,441,653,5.07,3,202748,51,Desenho,Raiva,2948,Exposicao_Face
202765,17,459,335,-1.0,1,202765,51,Desenho,Raiva,2965,Exposicao_Face
202781,17,450,441,3.95,3,202781,51,Desenho,Raiva,2981,Exposicao_Face
202798,17,443,696,5.21,3,202798,51,Desenho,Raiva,2998,Exposicao_Face
202815,17,464,348,-1.0,1,202815,51,Desenho,Raiva,3015,Exposicao_Face
202831,17,438,692,5.2,3,202831,51,Desenho,Raiva,3031,Exposicao_Face
202848,17,450,644,4.92,3,202848,51,Desenho,Raiva,3048,Exposicao_Face
202864,17,468,363,-1.0,2,202864,51,Desenho,Raiva,3064,Exposicao_Face
202881,17,321,610,4.8,3,202881,51,Desenho,Raiva,3081,Exposicao_Face
202898,17,468,345,-1.0,1,202898,51,Desenho,Raiva,3098,Exposicao_Face
202914,17,449,671,5.17,3,202914,51,Desenho,Raiva,3114,Exposicao_Face
202931,17,467,336,-1.0,1,202931,51,Desenho,Raiva,3131,Exposicao_Face
202948,17,473,337,-1.0,1,202948,51,Desenho,Raiva,3148,Exposicao_Face
202964,17,290,617,5.01,3,202964,51,Desenho,Raiva,3164,Exposicao_Face
202981,17,473,301,-1.0,1,202981,51,Desenho,Raiva,3181,Exposicao_Face
202998,17,420,484,-1.0,3,202998,51,Desenho,Raiva,3198,Exposicao_Face
203014,17,272,649,4.7,3,203014,51,Desenho,Raiva,3214,Exposicao_Face
203031,17,291,559,-1.0,3,203031,51,Desenho,Raiva,3231,Exposicao_Face
203047,17,295,368,-1.0,2,203047,51,Desenho,Raiva,3247,Exposicao_Face
203064,17,221,459,-1.0,3,203064,51,Desenho,Raiva,3264,Exposicao_Face
203081,17,210,526,3.67,3,203081,51,Desenho,Raiva,3281,Exposicao_Face
203097,17,263,535,-1.0,3,203097,51,Desenho,Raiva,3297,Exposicao_Face
203164,67,163,577,3.95,3,203164,51,Desenho,Raiva,3364,Exposicao_Face
203214,50,13,665,5.01,3,203214,51,Desenho,Raiva,3414,Exposicao_Face
203230,17,216,541,3.8,3,203230,51,Desenho,Raiva,3430,Exposicao_Face
203247,17,230,482,-1.0,3,203247,51,Desenho,Raiva,3447,Exposicao_Face
203264,17,141,622,4.11,3,203264,51,Desenho,Raiva,3464,Exposicao_Face
203280,17,203,490,3.87,3,203280,51,Desenho,Raiva,3480,Exposicao_Face
203314,33,181,682,-1.0,3,203314,51,Desenho,Raiva,3514,Exposicao_Face
203330,17,213,551,0.0,3,203330,51,Desenho,Raiva,3530,Exposicao_Face
203347,17,261,470,0.0,3,203347,51,Desenho,Raiva,3547,Exposicao_Face
203363,17,336,459,0.0,3,203363,51,Desenho,Raiva,3563,Exposicao_Face
203380,17,375,359,0.0,1,203380,51,Desenho,Raiva,3580,Exposicao_Face
203397,17,383,424,0.0,3,203397,51,Desenho,Raiva,3597,Exposicao_Face
203413,17,381,417,0.0,3,203413,51,Desenho,Raiva,3613,Exposicao_Face
203430,17,383,410,0.0,2,203430,51,Desenho,Raiva,3630,Exposicao_Face
203447,17,388,391,0.0,2,203447,51,Desenho,Raiva,3647,Exposicao_Face
203463,17,403,399,0.0,2,203463,51,Desenho,Raiva,3663,Exposicao_Face
203480,17,389,417,0.0,3,203480,51,Desenho,Raiva,3680,Exposicao_Face
203497,17,392,417,0.0,3,203497,51,Desenho,Raiva,3697,Exposicao_Face
203513,17,391,426,0.0,3,203513,51,Desenho,Raiva,3713,Exposicao_Face
203530,17,401,434,0.0,3,203530,51,Desenho,Raiva,3730,Exposicao_Face
203546,17,396,399,0.0,2,203546,51,Desenho,Raiva,3746,Exposicao_Face
203563,17,425,424,0.0,3,203563,51,Desenho,Raiva,3763,Exposicao_Face
203580,17,466,372,0.0,2,203580,51,Desenho,Raiva,3780,Exposicao_Face
203596,17,473,398,0.0,2,203596,51,Desenho,Raiva,3796,Exposicao_Face
203613,17,462,559,0.0,3,203613,51,Desenho,Raiva,3813,Exposicao_Face
203630,17,473,390,0.0,2,203630,51,Desenho,Raiva,3830,Exposicao_Face
203646,17,475,399,0.0,2,203646,51,Desenho,Raiva,3846,Exposicao_Face
203663,17,478,411,0.0,2,203663,51,Desenho,Raiva,3863,Exposicao_Face
203680,17,500,336,3.91,1,203680,51,Desenho,Raiva,3880,Exposicao_Face
203696,17,489,575,5.05,3,203696,51,Desenho,Raiva,3896,Exposicao_Face
203713,17,489,638,5.36,3,203713,51,Desenho,Raiva,3913,Exposicao_Face
203729,17,512,282,-1.0,1,203729,51,Desenho,Raiva,3929,Exposicao_Face
203746,17,509,297,-1.0,1,203746,51,Desenho,Raiva,3946,Exposicao_Face
203763,17,505,266,-1.0,1,203763,51,Desenho,Raiva,3963,Exposicao_Face
203779,17,500,321,-1.0,1,203779,51,Desenho,Raiva,3979,Exposicao_Face
203796,17,448,496,-1.0,3,203796,51,Desenho,Raiva,3996,Exposicao_Face
203813,17,491,647,5.53,3,203813,51,Desenho,Raiva,13,Descarte
203829,17,498,412,4.04,5,203829,51,Desenho,Raiva,29,Descarte
203846,17,501,376,4.01,0,203846,51,Desenho,Raiva,46,Descarte
