Time (ms),Timegap (ms),Gaze X,Gaze Y,Pupil_Size,AOI,Time_Normalized (ms),Face_ID,Tipo_Estimulo,Emocao,Tempo_Interno_Bloco,Fase_Estimulo
0,0,228,673,4.2,0,0,1,Humano,Feliz,0,Janela_Baseline
17,17,235,671,4.22,0,17,1,Humano,Feliz,17,Janela_Baseline
33,17,239,669,4.22,0,33,1,Humano,Feliz,33,Janela_Baseline
50,17,247,659,4.12,0,50,1,Humano,Feliz,50,Janela_Baseline
67,17,240,670,4.3,0,67,1,Humano,Feliz,67,Janela_Baseline
83,17,243,668,4.24,0,83,1,Humano,Feliz,83,Janela_Baseline
100,17,242,669,4.28,0,100,1,Humano,Feliz,100,Janela_Baseline
116,17,246,673,4.25,0,116,1,Humano,Feliz,116,Janela_Baseline
133,17,226,669,4.25,0,133,1,Humano,Feliz,133,Janela_Baseline
150,17,225,666,4.32,0,150,1,Humano,Feliz,150,Janela_Baseline
166,17,249,676,4.32,0,166,1,Humano,Feliz,166,Janela_Baseline
216,50,203,671,4.22,0,216,1,Humano,Feliz,216,Janela_Baseline
216,0,203,671,4.22,0,216,1,Humano,Feliz,216,Janela_Baseline
250,33,207,662,4.4,0,250,1,Humano,Feliz,250,Janela_Baseline
283,33,211,669,4.38,0,283,1,Humano,Feliz,283,Janela_Baseline
299,17,209,668,4.41,0,299,1,Humano,Feliz,299,Janela_Baseline
316,17,199,667,4.35,0,316,1,Humano,Feliz,316,Janela_Baseline
349,33,205,656,4.43,0,349,1,Humano,Feliz,349,Janela_Baseline
366,17,205,661,4.44,0,366,1,Humano,Feliz,366,Janela_Baseline
399,33,189,668,4.46,0,399,1,Humano,Feliz,399,Janela_Baseline
416,17,205,662,4.64,0,416,1,Humano,Feliz,416,Janela_Baseline
433,17,203,658,4.56,0,433,1,Humano,Feliz,433,Janela_Baseline
449,17,189,666,4.48,0,449,1,Humano,Feliz,449,Janela_Baseline
466,17,197,663,4.62,0,466,1,Humano,Feliz,466,Janela_Baseline
482,17,196,663,4.48,0,482,1,Humano,Feliz,482,Janela_Baseline
499,17,194,663,4.52,0,499,1,Humano,Feliz,499,Janela_Baseline
516,17,187,666,4.67,0,516,1,Humano,Feliz,516,Janela_Baseline
532,17,202,669,4.54,0,532,1,Humano,Feliz,532,Janela_Baseline
549,17,198,655,4.6,0,549,1,Humano,Feliz,549,Janela_Baseline
566,17,207,672,4.48,0,566,1,Humano,Feliz,566,Janela_Baseline
582,17,195,655,4.64,0,582,1,Humano,Feliz,582,Janela_Baseline
599,17,202,667,4.62,0,599,1,Humano,Feliz,599,Janela_Baseline
615,17,119,655,4.56,0,615,1,Humano,Feliz,615,Janela_Baseline
632,17,195,663,4.57,0,632,1,Humano,Feliz,632,Janela_Baseline
649,17,196,665,4.6,0,649,1,Humano,Feliz,649,Janela_Baseline
665,17,188,669,4.65,0,665,1,Humano,Feliz,665,Janela_Baseline
682,17,197,666,4.68,0,682,1,Humano,Feliz,682,Janela_Baseline
699,17,187,668,4.57,0,699,1,Humano,Feliz,699,Janela_Baseline
715,17,197,672,4.6,0,715,1,Humano,Feliz,715,Janela_Baseline
732,17,209,666,4.72,0,732,1,Humano,Feliz,732,Janela_Baseline
749,17,197,658,4.62,0,749,1,Humano,Feliz,749,Janela_Baseline
765,17,183,663,4.7,0,765,1,Humano,Feliz,765,Janela_Baseline
782,17,198,655,4.65,0,782,1,Humano,Feliz,782,Janela_Baseline
798,17,184,666,4.59,0,798,1,Humano,Feliz,798,Janela_Baseline
815,17,195,661,4.62,0,815,1,Humano,Feliz,815,Janela_Baseline
832,17,108,704,4.67,0,832,1,Humano,Feliz,832,Janela_Baseline
848,17,190,666,4.7,0,848,1,Humano,Feliz,848,Janela_Baseline
865,17,180,664,4.62,0,865,1,Humano,Feliz,865,Janela_Baseline
882,17,180,665,4.7,0,882,1,Humano,Feliz,882,Janela_Baseline
898,17,188,667,4.65,0,898,1,Humano,Feliz,898,Janela_Baseline
915,17,201,655,4.68,0,915,1,Humano,Feliz,915,Janela_Baseline
932,17,191,656,4.64,0,932,1,Humano,Feliz,932,Janela_Baseline
948,17,183,667,4.73,0,948,1,Humano,Feliz,948,Janela_Baseline
965,17,171,662,4.7,0,965,1,Humano,Feliz,965,Janela_Baseline
981,17,193,664,4.68,0,981,1,Humano,Feliz,981,Janela_Baseline
998,17,176,662,4.67,0,998,1,Humano,Feliz,998,Janela_Baseline
1015,17,189,655,4.75,0,1015,1,Humano,Feliz,1015,Janela_Baseline
1031,17,182,661,4.67,0,1031,1,Humano,Feliz,1031,Janela_Baseline
1048,17,175,662,4.72,0,1048,1,Humano,Feliz,1048,Janela_Baseline
1065,17,197,666,4.7,0,1065,1,Humano,Feliz,1065,Janela_Baseline
1081,17,184,665,4.6,0,1081,1,Humano,Feliz,1081,Janela_Baseline
1098,17,179,662,4.54,0,1098,1,Humano,Feliz,1098,Janela_Baseline
1115,17,192,650,4.51,0,1115,1,Humano,Feliz,1115,Exposicao_Face
1131,17,176,666,4.56,0,1131,1,Humano,Feliz,1131,Exposicao_Face
1148,17,187,665,4.56,0,1148,1,Humano,Feliz,1148,Exposicao_Face
1164,17,192,659,4.46,0,1164,1,Humano,Feliz,1164,Exposicao_Face
1181,17,187,661,4.44,0,1181,1,Humano,Feliz,1181,Exposicao_Face
1198,17,189,667,4.32,0,1198,1,Humano,Feliz,1198,Exposicao_Face
1214,17,180,658,4.41,0,1214,1,Humano,Feliz,1214,Exposicao_Face
1231,17,193,666,4.33,0,1231,1,Humano,Feliz,1231,Exposicao_Face
1248,17,189,666,4.41,0,1248,1,Humano,Feliz,1248,Exposicao_Face
1264,17,191,660,4.3,0,1264,1,Humano,Feliz,1264,Exposicao_Face
1281,17,199,667,4.38,0,1281,1,Humano,Feliz,1281,Exposicao_Face
1298,17,281,569,4.33,0,1298,1,Humano,Feliz,1298,Exposicao_Face
1314,17,361,509,4.25,0,1314,1,Humano,Feliz,1314,Exposicao_Face
1331,17,414,444,4.27,0,1331,1,Humano,Feliz,1331,Exposicao_Face
1347,17,434,417,4.32,0,1347,1,Humano,Feliz,1347,Exposicao_Face
1364,17,448,394,4.15,0,1364,1,Humano,Feliz,1364,Exposicao_Face
1381,17,436,413,4.27,0,1381,1,Humano,Feliz,1381,Exposicao_Face
1397,17,442,413,4.17,0,1397,1,Humano,Feliz,1397,Exposicao_Face
1414,17,440,407,4.19,0,1414,1,Humano,Feliz,1414,Exposicao_Face
1431,17,434,420,4.06,0,1431,1,Humano,Feliz,1431,Exposicao_Face
1447,17,434,411,4.04,0,1447,1,Humano,Feliz,1447,Exposicao_Face
1464,17,447,413,3.99,0,1464,1,Humano,Feliz,1464,Exposicao_Face
1481,17,450,410,3.82,0,1481,1,Humano,Feliz,1481,Exposicao_Face
1497,17,445,416,3.8,0,1497,1,Humano,Feliz,1497,Exposicao_Face
1514,17,463,409,3.64,0,1514,1,Humano,Feliz,1514,Exposicao_Face
1530,17,454,415,3.61,0,1530,1,Humano,Feliz,1530,Exposicao_Face
1547,17,430,417,3.5,0,1547,1,Humano,Feliz,1547,Exposicao_Face
1564,17,459,413,3.48,0,1564,1,Humano,Feliz,1564,Exposicao_Face
1580,17,499,365,3.45,0,1580,1,Humano,Feliz,1580,Exposicao_Face
1597,17,514,354,3.32,0,1597,1,Humano,Feliz,1597,Exposicao_Face
1614,17,511,361,3.43,0,1614,1,Humano,Feliz,1614,Exposicao_Face
1630,17,512,351,3.11,0,1630,1,Humano,Feliz,1630,Exposicao_Face
1647,17,506,369,3.27,0,1647,1,Humano,Feliz,1647,Exposicao_Face
1664,17,511,354,3.1,0,1664,1,Humano,Feliz,1664,Exposicao_Face
1680,17,522,348,3.11,0,1680,1,Humano,Feliz,1680,Exposicao_Face
1697,17,504,375,3.19,0,1697,1,Humano,Feliz,1697,Exposicao_Face
1713,17,517,341,3.06,0,1713,1,Humano,Feliz,1713,Exposicao_Face
1730,17,521,345,3.03,0,1730,1,Humano,Feliz,1730,Exposicao_Face
1747,17,500,353,2.98,0,1747,1,Humano,Feliz,1747,Exposicao_Face
1763,17,511,343,2.98,0,1763,1,Humano,Feliz,1763,Exposicao_Face
1780,17,499,351,2.92,0,1780,1,Humano,Feliz,1780,Exposicao_Face
1797,17,428,322,2.94,0,1797,1,Humano,Feliz,1797,Exposicao_Face
1813,17,381,316,2.87,0,1813,1,Humano,Feliz,1813,Exposicao_Face
1830,17,364,323,2.84,0,1830,1,Humano,Feliz,1830,Exposicao_Face
1846,17,373,316,2.84,0,1846,1,Humano,Feliz,1846,Exposicao_Face
1863,17,370,314,2.87,0,1863,1,Humano,Feliz,1863,Exposicao_Face
1880,17,372,321,2.82,0,1880,1,Humano,Feliz,1880,Exposicao_Face
1896,17,373,317,2.82,0,1896,1,Humano,Feliz,1896,Exposicao_Face
1913,17,363,321,2.81,0,1913,1,Humano,Feliz,1913,Exposicao_Face
1930,17,362,330,2.81,0,1930,1,Humano,Feliz,1930,Exposicao_Face
1946,17,362,331,2.82,0,1946,1,Humano,Feliz,1946,Exposicao_Face
1963,17,371,319,2.79,0,1963,1,Humano,Feliz,1963,Exposicao_Face
1980,17,365,323,2.71,0,1980,1,Humano,Feliz,1980,Exposicao_Face
1996,17,370,311,2.79,0,1996,1,Humano,Feliz,1996,Exposicao_Face
2013,17,370,323,2.73,0,2013,1,Humano,Feliz,2013,Exposicao_Face
2029,17,365,328,2.78,0,2029,1,Humano,Feliz,2029,Exposicao_Face
2046,17,370,320,2.66,0,2046,1,Humano,Feliz,2046,Exposicao_Face
2063,17,365,335,2.74,0,2063,1,Humano,Feliz,2063,Exposicao_Face
2079,17,364,324,2.69,0,2079,1,Humano,Feliz,2079,Exposicao_Face
2096,17,371,319,2.73,0,2096,1,Humano,Feliz,2096,Exposicao_Face
2113,17,380,323,2.68,0,2113,1,Humano,Feliz,2113,Exposicao_Face
2129,17,375,318,2.74,0,2129,1,Humano,Feliz,2129,Exposicao_Face
2146,17,379,324,2.78,0,2146,1,Humano,Feliz,2146,Exposicao_Face
2163,17,376,321,2.79,0,2163,1,Humano,Feliz,2163,Exposicao_Face
2179,17,361,325,2.81,0,2179,1,Humano,Feliz,2179,Exposicao_Face
2196,17,384,308,2.71,0,2196,1,Humano,Feliz,2196,Exposicao_Face
2212,17,368,330,2.76,0,2212,1,Humano,Feliz,2212,Exposicao_Face
2229,17,372,324,2.71,0,2229,1,Humano,Feliz,2229,Exposicao_Face
2246,17,375,322,2.66,0,2246,1,Humano,Feliz,2246,Exposicao_Face
2262,17,376,323,2.74,0,2262,1,Humano,Feliz,2262,Exposicao_Face
2279,17,369,327,2.66,0,2279,1,Humano,Feliz,2279,Exposicao_Face
2296,17,376,329,2.71,0,2296,1,Humano,Feliz,2296,Exposicao_Face
2312,17,372,328,2.74,0,2312,1,Humano,Feliz,2312,Exposicao_Face
2329,17,367,336,2.74,0,2329,1,Humano,Feliz,2329,Exposicao_Face
2346,17,379,318,2.66,0,2346,1,Humano,Feliz,2346,Exposicao_Face
2362,17,372,330,2.66,0,2362,1,Humano,Feliz,2362,Exposicao_Face
2379,17,355,331,2.79,0,2379,1,Humano,Feliz,2379,Exposicao_Face
2395,17,379,323,2.68,0,2395,1,Humano,Feliz,2395,Exposicao_Face
2412,17,368,328,2.78,0,2412,1,Humano,Feliz,2412,Exposicao_Face
2429,17,380,320,2.69,0,2429,1,Humano,Feliz,2429,Exposicao_Face
2445,17,372,331,2.65,0,2445,1,Humano,Feliz,2445,Exposicao_Face
2462,17,385,311,2.61,0,2462,1,Humano,Feliz,2462,Exposicao_Face
2479,17,376,326,2.73,0,2479,1,Humano,Feliz,2479,Exposicao_Face
2495,17,371,329,2.69,0,2495,1,Humano,Feliz,2495,Exposicao_Face
2512,17,474,348,2.73,0,2512,1,Humano,Feliz,2512,Exposicao_Face
2529,17,496,344,2.81,0,2529,1,Humano,Feliz,2529,Exposicao_Face
2545,17,507,345,2.84,0,2545,1,Humano,Feliz,2545,Exposicao_Face
2562,17,512,338,2.79,0,2562,1,Humano,Feliz,2562,Exposicao_Face
2578,17,510,341,2.78,0,2578,1,Humano,Feliz,2578,Exposicao_Face
2595,17,494,351,2.82,0,2595,1,Humano,Feliz,2595,Exposicao_Face
2612,17,499,347,2.86,0,2612,1,Humano,Feliz,2612,Exposicao_Face
2628,17,496,346,2.92,0,2628,1,Humano,Feliz,2628,Exposicao_Face
2645,17,503,348,2.92,0,2645,1,Humano,Feliz,2645,Exposicao_Face
2662,17,505,339,2.92,0,2662,1,Humano,Feliz,2662,Exposicao_Face
2678,17,506,347,2.98,0,2678,1,Humano,Feliz,2678,Exposicao_Face
2695,17,509,340,3.02,0,2695,1,Humano,Feliz,2695,Exposicao_Face
2712,17,509,353,3.05,0,2712,1,Humano,Feliz,2712,Exposicao_Face
2728,17,503,356,3.08,0,2728,1,Humano,Feliz,2728,Exposicao_Face
2745,17,489,358,3.19,0,2745,1,Humano,Feliz,2745,Exposicao_Face
2761,17,500,349,3.13,0,2761,1,Humano,Feliz,2761,Exposicao_Face
2778,17,501,342,3.13,0,2778,1,Humano,Feliz,2778,Exposicao_Face
2795,17,509,340,3.19,0,2795,1,Humano,Feliz,2795,Exposicao_Face
2811,17,489,351,3.18,0,2811,1,Humano,Feliz,2811,Exposicao_Face
2828,17,504,355,3.26,0,2828,1,Humano,Feliz,2828,Exposicao_Face
2845,17,502,349,3.14,0,2845,1,Humano,Feliz,2845,Exposicao_Face
2861,17,497,346,3.24,0,2861,1,Humano,Feliz,2861,Exposicao_Face
2878,17,503,353,3.26,0,2878,1,Humano,Feliz,2878,Exposicao_Face
2894,17,505,345,3.19,0,2894,1,Humano,Feliz,2894,Exposicao_Face
2911,17,506,340,3.22,0,2911,1,Humano,Feliz,2911,Exposicao_Face
2928,17,503,352,3.26,0,2928,1,Humano,Feliz,2928,Exposicao_Face
2944,17,499,343,3.22,0,2944,1,Humano,Feliz,2944,Exposicao_Face
2961,17,502,349,3.26,0,2961,1,Humano,Feliz,2961,Exposicao_Face
2978,17,494,348,3.27,0,2978,1,Humano,Feliz,2978,Exposicao_Face
2994,17,471,350,3.19,0,2994,1,Humano,Feliz,2994,Exposicao_Face
3011,17,463,322,3.26,1,3011,1,Humano,Feliz,3011,Exposicao_Face
3028,17,312,493,0.0,3,3028,1,Humano,Feliz,3028,Exposicao_Face
3111,83,383,461,0.0,3,3111,1,Humano,Feliz,3111,Exposicao_Face
3127,17,479,345,3.26,1,3127,1,Humano,Feliz,3127,Exposicao_Face
3144,17,479,329,3.27,1,3144,1,Humano,Feliz,3144,Exposicao_Face
3161,17,469,344,3.27,1,3161,1,Humano,Feliz,3161,Exposicao_Face
3177,17,472,349,3.3,1,3177,1,Humano,Feliz,3177,Exposicao_Face
3194,17,479,346,3.38,1,3194,1,Humano,Feliz,3194,Exposicao_Face
3211,17,476,347,3.4,1,3211,1,Humano,Feliz,3211,Exposicao_Face
3227,17,486,340,3.32,1,3227,1,Humano,Feliz,3227,Exposicao_Face
3244,17,486,335,3.4,1,3244,1,Humano,Feliz,3244,Exposicao_Face
3260,17,484,332,3.42,1,3260,1,Humano,Feliz,3260,Exposicao_Face
3277,17,477,335,3.4,1,3277,1,Humano,Feliz,3277,Exposicao_Face
3294,17,476,347,3.35,1,3294,1,Humano,Feliz,3294,Exposicao_Face
3310,17,471,347,3.4,1,3310,1,Humano,Feliz,3310,Exposicao_Face
3327,17,468,327,3.35,1,3327,1,Humano,Feliz,3327,Exposicao_Face
3344,17,450,307,3.45,1,3344,1,Humano,Feliz,3344,Exposicao_Face
3360,17,444,324,3.45,1,3360,1,Humano,Feliz,3360,Exposicao_Face
3377,17,449,312,3.38,1,3377,1,Humano,Feliz,3377,Exposicao_Face
3394,17,446,322,3.5,1,3394,1,Humano,Feliz,3394,Exposicao_Face
3410,17,444,320,3.37,1,3410,1,Humano,Feliz,3410,Exposicao_Face
3427,17,437,324,3.56,1,3427,1,Humano,Feliz,3427,Exposicao_Face
3443,17,451,314,3.51,1,3443,1,Humano,Feliz,3443,Exposicao_Face
3460,17,444,317,3.53,1,3460,1,Humano,Feliz,3460,Exposicao_Face
3477,17,456,316,3.55,1,3477,1,Humano,Feliz,3477,Exposicao_Face
3493,17,453,313,3.55,1,3493,1,Humano,Feliz,3493,Exposicao_Face
3510,17,444,314,3.63,1,3510,1,Humano,Feliz,3510,Exposicao_Face
3527,17,447,326,3.64,1,3527,1,Humano,Feliz,3527,Exposicao_Face
3543,17,444,332,3.51,1,3543,1,Humano,Feliz,3543,Exposicao_Face
3560,17,450,316,3.61,1,3560,1,Humano,Feliz,3560,Exposicao_Face
3577,17,449,314,3.56,1,3577,1,Humano,Feliz,3577,Exposicao_Face
3593,17,445,317,3.61,1,3593,1,Humano,Feliz,3593,Exposicao_Face
3610,17,449,314,3.63,1,3610,1,Humano,Feliz,3610,Exposicao_Face
3626,17,476,316,3.56,1,3626,1,Humano,Feliz,3626,Exposicao_Face
3643,17,525,334,3.77,1,3643,1,Humano,Feliz,3643,Exposicao_Face
3660,17,533,335,3.61,1,3660,1,Humano,Feliz,3660,Exposicao_Face
3676,17,539,332,3.71,1,3676,1,Humano,Feliz,3676,Exposicao_Face
3710,33,557,329,3.63,1,3710,1,Humano,Feliz,3710,Exposicao_Face
3710,0,557,329,3.63,1,3710,1,Humano,Feliz,3710,Exposicao_Face
3726,17,543,327,3.58,1,3726,1,Humano,Feliz,3726,Exposicao_Face
3776,50,557,323,3.71,1,3776,1,Humano,Feliz,3776,Exposicao_Face
3793,17,545,332,3.79,1,3793,1,Humano,Feliz,3793,Exposicao_Face
3809,17,543,329,3.77,1,3809,2,Humano,Neutro,9,Janela_Baseline
3826,17,542,324,3.66,1,3826,2,Humano,Neutro,26,Janela_Baseline
3843,17,549,327,3.77,1,3843,2,Humano,Neutro,43,Janela_Baseline
3859,17,549,334,3.75,1,3859,2,Humano,Neutro,59,Janela_Baseline
3876,17,545,330,3.71,1,3876,2,Humano,Neutro,76,Janela_Baseline
3893,17,550,323,3.69,1,3893,2,Humano,Neutro,93,Janela_Baseline
3909,17,562,321,3.8,1,3909,2,Humano,Neutro,109,Janela_Baseline
3926,17,532,339,3.79,1,3926,2,Humano,Neutro,126,Janela_Baseline
3943,17,547,328,3.87,1,3943,2,Humano,Neutro,143,Janela_Baseline
3959,17,550,313,3.69,1,3959,2,Humano,Neutro,159,Janela_Baseline
3976,17,558,318,3.8,1,3976,2,Humano,Neutro,176,Janela_Baseline
3992,17,546,342,3.83,1,3992,2,Humano,Neutro,192,Janela_Baseline
4009,17,546,335,3.71,1,4009,2,Humano,Neutro,209,Janela_Baseline
4026,17,563,333,3.77,1,4026,2,Humano,Neutro,226,Janela_Baseline
4042,17,558,328,3.72,1,4042,2,Humano,Neutro,242,Janela_Baseline
4059,17,552,318,3.79,1,4059,2,Humano,Neutro,259,Janela_Baseline
4076,17,544,331,3.88,1,4076,2,Humano,Neutro,276,Janela_Baseline
4092,17,563,335,3.79,1,4092,2,Humano,Neutro,292,Janela_Baseline
4109,17,547,344,3.82,1,4109,2,Humano,Neutro,309,Janela_Baseline
4125,17,545,351,3.82,1,4125,2,Humano,Neutro,325,Janela_Baseline
4142,17,546,339,3.75,1,4142,2,Humano,Neutro,342,Janela_Baseline
4159,17,553,333,3.85,1,4159,2,Humano,Neutro,359,Janela_Baseline
4175,17,557,329,3.85,1,4175,2,Humano,Neutro,375,Janela_Baseline
4192,17,553,320,3.79,1,4192,2,Humano,Neutro,392,Janela_Baseline
4209,17,552,325,3.8,1,4209,2,Humano,Neutro,409,Janela_Baseline
4225,17,550,329,3.85,1,4225,2,Humano,Neutro,425,Janela_Baseline
4242,17,532,352,3.82,1,4242,2,Humano,Neutro,442,Janela_Baseline
4259,17,541,341,3.87,1,4259,2,Humano,Neutro,459,Janela_Baseline
4275,17,550,327,3.75,1,4275,2,Humano,Neutro,475,Janela_Baseline
4292,17,535,339,3.82,1,4292,2,Humano,Neutro,492,Janela_Baseline
4308,17,546,327,3.85,1,4308,2,Humano,Neutro,508,Janela_Baseline
4325,17,542,339,3.88,1,4325,2,Humano,Neutro,525,Janela_Baseline
4342,17,529,348,3.99,1,4342,2,Humano,Neutro,542,Janela_Baseline
4358,17,465,373,3.95,2,4358,2,Humano,Neutro,558,Janela_Baseline
4375,17,456,371,3.95,2,4375,2,Humano,Neutro,575,Janela_Baseline
4392,17,451,377,3.93,2,4392,2,Humano,Neutro,592,Janela_Baseline
4674,283,358,531,3.95,3,4674,2,Humano,Neutro,874,Janela_Baseline
4691,17,424,399,4.11,2,4691,2,Humano,Neutro,891,Janela_Baseline
4708,17,455,324,3.95,1,4708,2,Humano,Neutro,908,Janela_Baseline
4724,17,448,350,4.06,1,4724,2,Humano,Neutro,924,Janela_Baseline
4741,17,453,346,4.09,1,4741,2,Humano,Neutro,941,Janela_Baseline
4758,17,463,333,3.96,1,4758,2,Humano,Neutro,958,Janela_Baseline
4774,17,456,334,4.07,1,4774,2,Humano,Neutro,974,Janela_Baseline
4791,17,456,342,4.06,1,4791,2,Humano,Neutro,991,Janela_Baseline
4808,17,449,352,4.01,1,4808,2,Humano,Neutro,1008,Janela_Baseline
4824,17,457,342,4.09,1,4824,2,Humano,Neutro,1024,Janela_Baseline
4841,17,459,332,4.04,1,4841,2,Humano,Neutro,1041,Janela_Baseline
4857,17,461,323,4.01,1,4857,2,Humano,Neutro,1057,Janela_Baseline
4874,17,447,356,4.14,1,4874,2,Humano,Neutro,1074,Janela_Baseline
4891,17,460,322,4.07,1,4891,2,Humano,Neutro,1091,Janela_Baseline
4907,17,467,303,4.03,1,4907,2,Humano,Neutro,1107,Janela_Baseline
4924,17,450,335,4.14,1,4924,2,Humano,Neutro,1124,Janela_Baseline
4941,17,462,329,4.07,1,4941,2,Humano,Neutro,1141,Janela_Baseline
4957,17,468,319,4.11,1,4957,2,Humano,Neutro,1157,Janela_Baseline
4974,17,455,326,4.11,1,4974,2,Humano,Neutro,1174,Janela_Baseline
4991,17,456,326,4.07,1,4991,2,Humano,Neutro,1191,Janela_Baseline
5007,17,444,327,3.96,1,5007,2,Humano,Neutro,1207,Janela_Baseline
5024,17,451,335,4.01,1,5024,2,Humano,Neutro,1224,Janela_Baseline
5040,17,449,332,4.03,1,5040,2,Humano,Neutro,1240,Janela_Baseline
5057,17,447,330,3.93,1,5057,2,Humano,Neutro,1257,Janela_Baseline
5074,17,458,322,3.99,1,5074,2,Humano,Neutro,1274,Janela_Baseline
5090,17,442,338,3.8,1,5090,2,Humano,Neutro,1290,Janela_Baseline
5107,17,439,345,3.91,1,5107,2,Humano,Neutro,1307,Exposicao_Face
5124,17,462,338,3.9,1,5124,2,Humano,Neutro,1324,Exposicao_Face
5140,17,463,331,3.85,1,5140,2,Humano,Neutro,1340,Exposicao_Face
5157,17,460,322,3.72,1,5157,2,Humano,Neutro,1357,Exposicao_Face
5174,17,455,319,3.75,1,5174,2,Humano,Neutro,1374,Exposicao_Face
5190,17,448,333,3.82,1,5190,2,Humano,Neutro,1390,Exposicao_Face
5207,17,457,328,3.71,1,5207,2,Humano,Neutro,1407,Exposicao_Face
5223,17,449,340,3.75,1,5223,2,Humano,Neutro,1423,Exposicao_Face
5240,17,444,333,3.69,1,5240,2,Humano,Neutro,1440,Exposicao_Face
5257,17,450,328,3.75,1,5257,2,Humano,Neutro,1457,Exposicao_Face
5273,17,454,325,3.74,1,5273,2,Humano,Neutro,1473,Exposicao_Face
5290,17,454,334,3.75,1,5290,2,Humano,Neutro,1490,Exposicao_Face
5307,17,459,331,3.72,1,5307,2,Humano,Neutro,1507,Exposicao_Face
5323,17,453,328,3.75,1,5323,2,Humano,Neutro,1523,Exposicao_Face
5423,100,465,327,3.8,1,5423,2,Humano,Neutro,1623,Exposicao_Face
5423,0,465,327,3.8,1,5423,2,Humano,Neutro,1623,Exposicao_Face
5440,17,451,336,3.83,1,5440,2,Humano,Neutro,1640,Exposicao_Face
5456,17,455,336,3.91,1,5456,2,Humano,Neutro,1656,Exposicao_Face
5473,17,450,335,3.77,1,5473,2,Humano,Neutro,1673,Exposicao_Face
5490,17,453,326,3.74,1,5490,2,Humano,Neutro,1690,Exposicao_Face
5506,17,443,330,3.99,1,5506,2,Humano,Neutro,1706,Exposicao_Face
5523,17,530,339,4.03,1,5523,2,Humano,Neutro,1723,Exposicao_Face
5539,17,555,327,3.93,1,5539,2,Humano,Neutro,1739,Exposicao_Face
5556,17,580,317,3.88,1,5556,2,Humano,Neutro,1756,Exposicao_Face
5573,17,591,321,3.91,1,5573,2,Humano,Neutro,1773,Exposicao_Face
5589,17,584,318,3.9,1,5589,2,Humano,Neutro,1789,Exposicao_Face
5606,17,565,329,3.93,1,5606,2,Humano,Neutro,1806,Exposicao_Face
5623,17,590,301,3.95,1,5623,2,Humano,Neutro,1823,Exposicao_Face
5639,17,585,312,3.91,1,5639,2,Humano,Neutro,1839,Exposicao_Face
5656,17,592,303,3.88,1,5656,2,Humano,Neutro,1856,Exposicao_Face
5673,17,581,323,3.93,1,5673,2,Humano,Neutro,1873,Exposicao_Face
5689,17,588,316,4.01,1,5689,2,Humano,Neutro,1889,Exposicao_Face
5706,17,589,303,3.96,1,5706,2,Humano,Neutro,1906,Exposicao_Face
5722,17,584,310,3.98,1,5722,2,Humano,Neutro,1922,Exposicao_Face
5739,17,585,323,4.04,1,5739,2,Humano,Neutro,1939,Exposicao_Face
5756,17,574,334,4.06,1,5756,2,Humano,Neutro,1956,Exposicao_Face
5772,17,545,336,4.01,1,5772,2,Humano,Neutro,1972,Exposicao_Face
5789,17,563,321,4.03,1,5789,2,Humano,Neutro,1989,Exposicao_Face
5806,17,560,322,4.17,1,5806,2,Humano,Neutro,2006,Exposicao_Face
5839,33,554,334,4.11,1,5839,2,Humano,Neutro,2039,Exposicao_Face
5856,17,548,345,4.12,1,5856,2,Humano,Neutro,2056,Exposicao_Face
5872,17,558,332,4.11,1,5872,2,Humano,Neutro,2072,Exposicao_Face
5889,17,550,338,4.17,1,5889,2,Humano,Neutro,2089,Exposicao_Face
5905,17,537,340,4.15,1,5905,2,Humano,Neutro,2105,Exposicao_Face
5922,17,556,331,4.2,1,5922,2,Humano,Neutro,2122,Exposicao_Face
5939,17,551,338,4.2,1,5939,2,Humano,Neutro,2139,Exposicao_Face
5955,17,549,328,4.09,1,5955,2,Humano,Neutro,2155,Exposicao_Face
5972,17,555,338,4.17,1,5972,2,Humano,Neutro,2172,Exposicao_Face
5989,17,559,322,4.15,1,5989,2,Humano,Neutro,2189,Exposicao_Face
6005,17,558,327,4.24,1,6005,2,Humano,Neutro,2205,Exposicao_Face
6022,17,545,349,4.17,1,6022,2,Humano,Neutro,2222,Exposicao_Face
6039,17,546,341,4.3,1,6039,2,Humano,Neutro,2239,Exposicao_Face
6055,17,549,335,4.25,1,6055,2,Humano,Neutro,2255,Exposicao_Face
6072,17,557,316,4.15,1,6072,2,Humano,Neutro,2272,Exposicao_Face
6088,17,560,315,4.25,1,6088,2,Humano,Neutro,2288,Exposicao_Face
6105,17,558,327,4.32,1,6105,2,Humano,Neutro,2305,Exposicao_Face
6122,17,557,327,4.33,1,6122,2,Humano,Neutro,2322,Exposicao_Face
6138,17,551,331,4.36,1,6138,2,Humano,Neutro,2338,Exposicao_Face
6155,17,557,326,4.32,1,6155,2,Humano,Neutro,2355,Exposicao_Face
6172,17,552,331,4.33,1,6172,2,Humano,Neutro,2372,Exposicao_Face
6188,17,546,325,4.33,1,6188,2,Humano,Neutro,2388,Exposicao_Face
6205,17,556,323,4.27,1,6205,2,Humano,Neutro,2405,Exposicao_Face
6222,17,553,324,4.27,1,6222,2,Humano,Neutro,2422,Exposicao_Face
6238,17,536,340,4.25,1,6238,2,Humano,Neutro,2438,Exposicao_Face
6255,17,487,353,4.15,1,6255,2,Humano,Neutro,2455,Exposicao_Face
6271,17,490,352,4.2,1,6271,2,Humano,Neutro,2471,Exposicao_Face
6288,17,465,358,4.27,1,6288,2,Humano,Neutro,2488,Exposicao_Face
6305,17,487,350,4.32,1,6305,2,Humano,Neutro,2505,Exposicao_Face
6321,17,492,350,4.35,1,6321,2,Humano,Neutro,2521,Exposicao_Face
6338,17,485,353,4.25,1,6338,2,Humano,Neutro,2538,Exposicao_Face
6355,17,473,361,4.36,1,6355,2,Humano,Neutro,2555,Exposicao_Face
6371,17,482,353,4.32,1,6371,2,Humano,Neutro,2571,Exposicao_Face
6388,17,476,352,4.38,1,6388,2,Humano,Neutro,2588,Exposicao_Face
6404,17,479,359,4.33,1,6404,2,Humano,Neutro,2604,Exposicao_Face
6421,17,485,346,4.24,1,6421,2,Humano,Neutro,2621,Exposicao_Face
6454,33,470,362,4.38,1,6454,2,Humano,Neutro,2654,Exposicao_Face
6454,0,470,362,4.38,1,6454,2,Humano,Neutro,2654,Exposicao_Face
6471,17,482,351,4.19,1,6471,2,Humano,Neutro,2671,Exposicao_Face
6488,17,482,358,4.3,1,6488,2,Humano,Neutro,2688,Exposicao_Face
6504,17,459,365,4.15,2,6504,2,Humano,Neutro,2704,Exposicao_Face
6521,17,479,361,4.27,1,6521,2,Humano,Neutro,2721,Exposicao_Face
6538,17,489,351,4.27,1,6538,2,Humano,Neutro,2738,Exposicao_Face
6554,17,478,361,4.19,1,6554,2,Humano,Neutro,2754,Exposicao_Face
6571,17,490,348,4.12,1,6571,2,Humano,Neutro,2771,Exposicao_Face
6587,17,485,358,4.14,1,6587,2,Humano,Neutro,2787,Exposicao_Face
6604,17,479,349,4.09,1,6604,2,Humano,Neutro,2804,Exposicao_Face
6621,17,470,344,4.15,1,6621,2,Humano,Neutro,2821,Exposicao_Face
6637,17,476,346,4.14,1,6637,2,Humano,Neutro,2837,Exposicao_Face
6654,17,465,362,4.17,1,6654,2,Humano,Neutro,2854,Exposicao_Face
6671,17,473,357,4.07,1,6671,2,Humano,Neutro,2871,Exposicao_Face
6687,17,465,365,4.06,2,6687,2,Humano,Neutro,2887,Exposicao_Face
6704,17,475,349,4.06,1,6704,2,Humano,Neutro,2904,Exposicao_Face
6721,17,463,365,4.06,2,6721,2,Humano,Neutro,2921,Exposicao_Face
6737,17,472,358,4.09,1,6737,2,Humano,Neutro,2937,Exposicao_Face
6754,17,490,356,4.06,1,6754,2,Humano,Neutro,2954,Exposicao_Face
6770,17,479,350,3.98,1,6770,2,Humano,Neutro,2970,Exposicao_Face
6787,17,465,359,3.98,1,6787,2,Humano,Neutro,2987,Exposicao_Face
6804,17,487,350,4.06,1,6804,2,Humano,Neutro,3004,Exposicao_Face
6820,17,473,352,4.03,1,6820,2,Humano,Neutro,3020,Exposicao_Face
6837,17,479,342,3.95,1,6837,2,Humano,Neutro,3037,Exposicao_Face
6854,17,481,356,3.99,1,6854,2,Humano,Neutro,3054,Exposicao_Face
6870,17,462,369,4.09,2,6870,2,Humano,Neutro,3070,Exposicao_Face
6887,17,493,357,3.99,1,6887,2,Humano,Neutro,3087,Exposicao_Face
6904,17,494,352,4.07,1,6904,2,Humano,Neutro,3104,Exposicao_Face
6920,17,477,345,3.96,1,6920,2,Humano,Neutro,3120,Exposicao_Face
6937,17,455,378,4.04,2,6937,2,Humano,Neutro,3137,Exposicao_Face
7120,183,393,495,4.14,3,7120,2,Humano,Neutro,3320,Exposicao_Face
7136,17,454,364,4.11,0,7136,2,Humano,Neutro,3336,Exposicao_Face
7153,17,453,374,4.22,2,7153,2,Humano,Neutro,3353,Exposicao_Face
7170,17,447,356,4.17,1,7170,2,Humano,Neutro,3370,Exposicao_Face
7186,17,446,359,4.28,1,7186,2,Humano,Neutro,3386,Exposicao_Face
7203,17,450,358,4.24,1,7203,2,Humano,Neutro,3403,Exposicao_Face
7220,17,447,363,4.22,0,7220,2,Humano,Neutro,3420,Exposicao_Face
7236,17,447,368,4.22,2,7236,2,Humano,Neutro,3436,Exposicao_Face
7253,17,474,342,4.25,1,7253,2,Humano,Neutro,3453,Exposicao_Face
7270,17,461,356,4.3,1,7270,2,Humano,Neutro,3470,Exposicao_Face
7286,17,441,372,4.2,2,7286,2,Humano,Neutro,3486,Exposicao_Face
7303,17,468,369,4.25,2,7303,2,Humano,Neutro,3503,Exposicao_Face
7319,17,459,361,4.25,1,7319,2,Humano,Neutro,3519,Exposicao_Face
7336,17,472,324,4.15,1,7336,2,Humano,Neutro,3536,Exposicao_Face
7353,17,484,321,4.22,1,7353,2,Humano,Neutro,3553,Exposicao_Face
7369,17,489,321,4.3,1,7369,2,Humano,Neutro,3569,Exposicao_Face
7386,17,487,328,4.2,1,7386,2,Humano,Neutro,3586,Exposicao_Face
7403,17,489,316,4.15,1,7403,2,Humano,Neutro,3603,Exposicao_Face
7419,17,485,321,4.17,1,7419,2,Humano,Neutro,3619,Exposicao_Face
7436,17,488,316,4.19,1,7436,2,Humano,Neutro,3636,Exposicao_Face
7453,17,488,328,4.27,1,7453,2,Humano,Neutro,3653,Exposicao_Face
7469,17,489,321,4.17,1,7469,2,Humano,Neutro,3669,Exposicao_Face
7486,17,479,323,4.27,1,7486,2,Humano,Neutro,3686,Exposicao_Face
7502,17,491,320,4.14,1,7502,2,Humano,Neutro,3702,Exposicao_Face
7519,17,480,325,4.2,1,7519,2,Humano,Neutro,3719,Exposicao_Face
7536,17,462,305,4.17,1,7536,2,Humano,Neutro,3736,Exposicao_Face
7552,17,444,310,4.07,1,7552,2,Humano,Neutro,3752,Exposicao_Face
7569,17,440,307,4.12,1,7569,2,Humano,Neutro,3769,Exposicao_Face
7586,17,456,306,4.07,1,7586,2,Humano,Neutro,3786,Exposicao_Face
7602,17,451,313,4.19,1,7602,2,Humano,Neutro,3802,Exposicao_Face
7619,17,443,308,4.17,1,7619,2,Humano,Neutro,3819,Exposicao_Face
7635,17,445,309,4.06,1,7635,2,Humano,Neutro,3835,Exposicao_Face
7652,17,445,304,4.15,1,7652,2,Humano,Neutro,3852,Exposicao_Face
7669,17,434,320,4.2,1,7669,2,Humano,Neutro,3869,Exposicao_Face
7685,17,445,303,4.12,1,7685,2,Humano,Neutro,3885,Exposicao_Face
7702,17,437,309,4.22,1,7702,2,Humano,Neutro,3902,Exposicao_Face
7719,17,436,320,4.22,1,7719,2,Humano,Neutro,3919,Exposicao_Face
7735,17,447,318,4.11,1,7735,2,Humano,Neutro,3935,Exposicao_Face
7752,17,445,313,4.24,1,7752,2,Humano,Neutro,3952,Exposicao_Face
7769,17,441,311,4.19,1,7769,2,Humano,Neutro,3969,Exposicao_Face
7785,17,502,323,4.22,1,7785,2,Humano,Neutro,3985,Exposicao_Face
7802,17,558,317,4.15,1,7802,3,Humano,Raiva,2,Janela_Baseline
7818,17,565,326,4.2,1,7818,3,Humano,Raiva,18,Janela_Baseline
7835,17,580,313,4.06,1,7835,3,Humano,Raiva,35,Janela_Baseline
7852,17,577,325,4.19,1,7852,3,Humano,Raiva,52,Janela_Baseline
7868,17,570,332,4.14,1,7868,3,Humano,Raiva,68,Janela_Baseline
7885,17,585,309,4.15,1,7885,3,Humano,Raiva,85,Janela_Baseline
7902,17,581,322,4.15,1,7902,3,Humano,Raiva,102,Janela_Baseline
7918,17,569,330,4.15,1,7918,3,Humano,Raiva,118,Janela_Baseline
7935,17,578,324,4.15,1,7935,3,Humano,Raiva,135,Janela_Baseline
7952,17,583,318,4.15,1,7952,3,Humano,Raiva,152,Janela_Baseline
7968,17,582,313,4.11,1,7968,3,Humano,Raiva,168,Janela_Baseline
7985,17,574,328,4.04,1,7985,3,Humano,Raiva,185,Janela_Baseline
8001,17,580,320,4.2,1,8001,3,Humano,Raiva,201,Janela_Baseline
8018,17,585,311,4.17,1,8018,3,Humano,Raiva,218,Janela_Baseline
8035,17,587,304,4.19,1,8035,3,Humano,Raiva,235,Janela_Baseline
8051,17,575,326,4.15,1,8051,3,Humano,Raiva,251,Janela_Baseline
8068,17,584,326,4.17,1,8068,3,Humano,Raiva,268,Janela_Baseline
8085,17,579,319,4.11,1,8085,3,Humano,Raiva,285,Janela_Baseline
8101,17,581,320,4.17,1,8101,3,Humano,Raiva,301,Janela_Baseline
8118,17,584,313,4.15,1,8118,3,Humano,Raiva,318,Janela_Baseline
8135,17,569,325,4.19,1,8135,3,Humano,Raiva,335,Janela_Baseline
8151,17,574,321,4.17,1,8151,3,Humano,Raiva,351,Janela_Baseline
8168,17,580,316,4.11,1,8168,3,Humano,Raiva,368,Janela_Baseline
8184,17,578,321,4.17,1,8184,3,Humano,Raiva,384,Janela_Baseline
8201,17,519,337,4.24,1,8201,3,Humano,Raiva,401,Janela_Baseline
8251,50,441,315,4.19,1,8251,3,Humano,Raiva,451,Janela_Baseline
8251,0,441,315,4.19,1,8251,3,Humano,Raiva,451,Janela_Baseline
8268,17,428,321,4.28,1,8268,3,Humano,Raiva,468,Janela_Baseline
8284,17,436,311,4.27,1,8284,3,Humano,Raiva,484,Janela_Baseline
8301,17,451,317,4.24,1,8301,3,Humano,Raiva,501,Janela_Baseline
8318,17,439,312,4.2,1,8318,3,Humano,Raiva,518,Janela_Baseline
8334,17,433,311,4.22,1,8334,3,Humano,Raiva,534,Janela_Baseline
8351,17,437,314,4.28,1,8351,3,Humano,Raiva,551,Janela_Baseline
8367,17,434,322,4.24,1,8367,3,Humano,Raiva,567,Janela_Baseline
8384,17,425,325,4.32,1,8384,3,Humano,Raiva,584,Janela_Baseline
8401,17,437,323,4.32,1,8401,3,Humano,Raiva,601,Janela_Baseline
8417,17,431,313,4.3,1,8417,3,Humano,Raiva,617,Janela_Baseline
8434,17,467,317,4.36,1,8434,3,Humano,Raiva,634,Janela_Baseline
8451,17,534,320,4.32,1,8451,3,Humano,Raiva,651,Janela_Baseline
8467,17,548,320,4.28,1,8467,3,Humano,Raiva,667,Janela_Baseline
8484,17,550,311,4.38,1,8484,3,Humano,Raiva,684,Janela_Baseline
8501,17,558,311,4.51,1,8501,3,Humano,Raiva,701,Janela_Baseline
8517,17,544,321,4.44,1,8517,3,Humano,Raiva,717,Janela_Baseline
8534,17,549,320,4.48,1,8534,3,Humano,Raiva,734,Janela_Baseline
8550,17,550,317,4.41,1,8550,3,Humano,Raiva,750,Janela_Baseline
8567,17,551,322,4.4,1,8567,3,Humano,Raiva,767,Janela_Baseline
8584,17,539,337,4.51,1,8584,3,Humano,Raiva,784,Janela_Baseline
8600,17,565,318,4.44,1,8600,3,Humano,Raiva,800,Janela_Baseline
8617,17,549,316,4.43,1,8617,3,Humano,Raiva,817,Janela_Baseline
8634,17,541,325,4.44,1,8634,3,Humano,Raiva,834,Janela_Baseline
8667,33,541,322,4.52,1,8667,3,Humano,Raiva,867,Janela_Baseline
8683,17,538,328,4.57,1,8683,3,Humano,Raiva,883,Janela_Baseline
8700,17,546,320,4.49,1,8700,3,Humano,Raiva,900,Janela_Baseline
8717,17,542,325,4.51,1,8717,3,Humano,Raiva,917,Janela_Baseline
8733,17,533,340,4.64,1,8733,3,Humano,Raiva,933,Janela_Baseline
8750,17,537,329,4.57,1,8750,3,Humano,Raiva,950,Janela_Baseline
8767,17,549,321,4.33,1,8767,3,Humano,Raiva,967,Janela_Baseline
8783,17,538,332,4.51,1,8783,3,Humano,Raiva,983,Janela_Baseline
8800,17,541,332,4.48,1,8800,3,Humano,Raiva,1000,Janela_Baseline
8817,17,537,329,4.46,1,8817,3,Humano,Raiva,1017,Janela_Baseline
8833,17,536,330,4.49,1,8833,3,Humano,Raiva,1033,Janela_Baseline
8850,17,456,395,4.51,2,8850,3,Humano,Raiva,1050,Janela_Baseline
8866,17,448,403,4.48,2,8866,3,Humano,Raiva,1066,Janela_Baseline
8883,17,430,412,4.51,2,8883,3,Humano,Raiva,1083,Janela_Baseline
8900,17,430,410,4.51,2,8900,3,Humano,Raiva,1100,Janela_Baseline
8916,17,436,405,4.4,2,8916,3,Humano,Raiva,1116,Janela_Baseline
8933,17,431,418,4.6,0,8933,3,Humano,Raiva,1133,Janela_Baseline
8950,17,429,417,4.57,2,8950,3,Humano,Raiva,1150,Janela_Baseline
8966,17,436,411,4.62,2,8966,3,Humano,Raiva,1166,Janela_Baseline
8983,17,435,423,4.68,3,8983,3,Humano,Raiva,1183,Janela_Baseline
9000,17,426,417,4.7,2,9000,3,Humano,Raiva,1200,Janela_Baseline
9016,17,437,416,4.72,2,9016,3,Humano,Raiva,1216,Janela_Baseline
9033,17,438,401,4.64,2,9033,3,Humano,Raiva,1233,Janela_Baseline
9049,17,425,419,4.65,3,9049,3,Humano,Raiva,1249,Janela_Baseline
9066,17,429,411,4.62,2,9066,3,Humano,Raiva,1266,Janela_Baseline
9083,17,491,321,4.62,1,9083,3,Humano,Raiva,1283,Janela_Baseline
9099,17,489,358,4.68,1,9099,3,Humano,Raiva,1299,Janela_Baseline
9116,17,504,335,4.52,1,9116,3,Humano,Raiva,1316,Exposicao_Face
9133,17,478,350,4.7,1,9133,3,Humano,Raiva,1333,Exposicao_Face
9149,17,495,350,4.67,1,9149,3,Humano,Raiva,1349,Exposicao_Face
9166,17,500,332,4.54,1,9166,3,Humano,Raiva,1366,Exposicao_Face
9183,17,491,337,4.73,1,9183,3,Humano,Raiva,1383,Exposicao_Face
9199,17,499,337,4.59,1,9199,3,Humano,Raiva,1399,Exposicao_Face
9216,17,492,353,4.68,1,9216,3,Humano,Raiva,1416,Exposicao_Face
9232,17,490,355,4.68,1,9232,3,Humano,Raiva,1432,Exposicao_Face
9249,17,496,352,4.62,1,9249,3,Humano,Raiva,1449,Exposicao_Face
9266,17,484,343,4.56,1,9266,3,Humano,Raiva,1466,Exposicao_Face
9282,17,501,339,4.59,1,9282,3,Humano,Raiva,1482,Exposicao_Face
9299,17,492,350,4.64,1,9299,3,Humano,Raiva,1499,Exposicao_Face
9316,17,498,345,4.67,1,9316,3,Humano,Raiva,1516,Exposicao_Face
9332,17,486,342,4.62,1,9332,3,Humano,Raiva,1532,Exposicao_Face
9349,17,567,346,4.67,1,9349,3,Humano,Raiva,1549,Exposicao_Face
9366,17,535,341,4.67,1,9366,3,Humano,Raiva,1566,Exposicao_Face
9382,17,532,339,4.64,1,9382,3,Humano,Raiva,1582,Exposicao_Face
9399,17,528,342,4.65,1,9399,3,Humano,Raiva,1599,Exposicao_Face
9415,17,513,345,4.59,1,9415,3,Humano,Raiva,1615,Exposicao_Face
9432,17,524,352,4.67,1,9432,3,Humano,Raiva,1632,Exposicao_Face
9449,17,527,350,4.65,1,9449,3,Humano,Raiva,1649,Exposicao_Face
9465,17,527,340,4.65,1,9465,3,Humano,Raiva,1665,Exposicao_Face
9482,17,515,353,4.68,1,9482,3,Humano,Raiva,1682,Exposicao_Face
9499,17,528,346,4.59,1,9499,3,Humano,Raiva,1699,Exposicao_Face
9515,17,520,351,4.68,1,9515,3,Humano,Raiva,1715,Exposicao_Face
9532,17,527,351,4.68,1,9532,3,Humano,Raiva,1732,Exposicao_Face
9549,17,524,342,4.6,1,9549,3,Humano,Raiva,1749,Exposicao_Face
9565,17,537,330,4.65,1,9565,3,Humano,Raiva,1765,Exposicao_Face
9582,17,530,340,4.62,1,9582,3,Humano,Raiva,1782,Exposicao_Face
9598,17,533,344,4.6,1,9598,3,Humano,Raiva,1798,Exposicao_Face
9615,17,515,354,4.68,1,9615,3,Humano,Raiva,1815,Exposicao_Face
9632,17,519,350,4.7,1,9632,3,Humano,Raiva,1832,Exposicao_Face
9648,17,534,338,4.7,1,9648,3,Humano,Raiva,1848,Exposicao_Face
9665,17,530,348,4.62,1,9665,3,Humano,Raiva,1865,Exposicao_Face
9682,17,535,337,4.72,1,9682,3,Humano,Raiva,1882,Exposicao_Face
9698,17,526,359,4.64,1,9698,3,Humano,Raiva,1898,Exposicao_Face
9715,17,520,361,4.75,1,9715,3,Humano,Raiva,1915,Exposicao_Face
9732,17,520,350,4.76,1,9732,3,Humano,Raiva,1932,Exposicao_Face
9748,17,529,346,4.7,1,9748,3,Humano,Raiva,1948,Exposicao_Face
9765,17,509,351,4.7,1,9765,3,Humano,Raiva,1965,Exposicao_Face
9781,17,461,333,4.73,1,9781,3,Humano,Raiva,1981,Exposicao_Face
9798,17,442,334,4.68,1,9798,3,Humano,Raiva,1998,Exposicao_Face
9815,17,451,320,4.7,1,9815,3,Humano,Raiva,2015,Exposicao_Face
9831,17,436,337,4.78,1,9831,3,Humano,Raiva,2031,Exposicao_Face
9848,17,443,324,4.68,1,9848,3,Humano,Raiva,2048,Exposicao_Face
9865,17,441,333,4.65,1,9865,3,Humano,Raiva,2065,Exposicao_Face
9881,17,449,334,4.75,1,9881,3,Humano,Raiva,2081,Exposicao_Face
9898,17,430,347,4.86,1,9898,3,Humano,Raiva,2098,Exposicao_Face
9914,17,434,338,4.76,1,9914,3,Humano,Raiva,2114,Exposicao_Face
9931,17,435,338,4.72,1,9931,3,Humano,Raiva,2131,Exposicao_Face
9948,17,448,322,4.76,1,9948,3,Humano,Raiva,2148,Exposicao_Face
9964,17,446,327,4.76,1,9964,3,Humano,Raiva,2164,Exposicao_Face
9981,17,453,322,4.7,1,9981,3,Humano,Raiva,2181,Exposicao_Face
9998,17,443,332,4.76,1,9998,3,Humano,Raiva,2198,Exposicao_Face
10014,17,520,327,4.81,1,10014,3,Humano,Raiva,2214,Exposicao_Face
10031,17,496,356,4.86,1,10031,3,Humano,Raiva,2231,Exposicao_Face
10048,17,510,352,4.81,1,10048,3,Humano,Raiva,2248,Exposicao_Face
10064,17,511,351,4.84,1,10064,3,Humano,Raiva,2264,Exposicao_Face
10081,17,515,333,4.7,1,10081,3,Humano,Raiva,2281,Exposicao_Face
10097,17,516,350,4.8,1,10097,3,Humano,Raiva,2297,Exposicao_Face
10114,17,518,342,4.86,1,10114,3,Humano,Raiva,2314,Exposicao_Face
10131,17,510,347,4.76,1,10131,3,Humano,Raiva,2331,Exposicao_Face
10147,17,517,342,4.83,1,10147,3,Humano,Raiva,2347,Exposicao_Face
10164,17,510,346,4.78,1,10164,3,Humano,Raiva,2364,Exposicao_Face
10181,17,501,354,4.91,1,10181,3,Humano,Raiva,2381,Exposicao_Face
10197,17,506,351,4.86,1,10197,3,Humano,Raiva,2397,Exposicao_Face
10214,17,506,347,4.88,1,10214,3,Humano,Raiva,2414,Exposicao_Face
10231,17,515,352,4.94,1,10231,3,Humano,Raiva,2431,Exposicao_Face
10247,17,515,340,4.8,1,10247,3,Humano,Raiva,2447,Exposicao_Face
10264,17,508,350,4.92,1,10264,3,Humano,Raiva,2464,Exposicao_Face
10280,17,505,346,4.89,1,10280,3,Humano,Raiva,2480,Exposicao_Face
10297,17,516,347,4.99,1,10297,3,Humano,Raiva,2497,Exposicao_Face
10314,17,455,358,4.96,1,10314,3,Humano,Raiva,2514,Exposicao_Face
10330,17,482,352,5.05,1,10330,3,Humano,Raiva,2530,Exposicao_Face
10347,17,468,356,4.91,1,10347,3,Humano,Raiva,2547,Exposicao_Face
10364,17,470,353,4.88,1,10364,3,Humano,Raiva,2564,Exposicao_Face
10380,17,477,340,4.83,1,10380,3,Humano,Raiva,2580,Exposicao_Face
10397,17,467,355,4.97,1,10397,3,Humano,Raiva,2597,Exposicao_Face
10430,33,461,350,4.91,1,10430,3,Humano,Raiva,2630,Exposicao_Face
10430,0,461,350,4.91,1,10430,3,Humano,Raiva,2630,Exposicao_Face
10447,17,460,355,4.96,1,10447,3,Humano,Raiva,2647,Exposicao_Face
10480,33,463,349,4.94,1,10480,3,Humano,Raiva,2680,Exposicao_Face
10513,33,461,360,4.84,1,10513,3,Humano,Raiva,2713,Exposicao_Face
10530,17,462,350,4.88,1,10530,3,Humano,Raiva,2730,Exposicao_Face
10547,17,462,352,4.91,1,10547,3,Humano,Raiva,2747,Exposicao_Face
10563,17,456,353,4.89,1,10563,3,Humano,Raiva,2763,Exposicao_Face
10580,17,458,358,4.73,1,10580,3,Humano,Raiva,2780,Exposicao_Face
10597,17,405,467,4.81,3,10597,3,Humano,Raiva,2797,Exposicao_Face
10746,150,304,550,4.59,3,10746,3,Humano,Raiva,2946,Exposicao_Face
10763,17,384,410,4.54,2,10763,3,Humano,Raiva,2963,Exposicao_Face
10780,17,430,335,4.48,1,10780,3,Humano,Raiva,2980,Exposicao_Face
10796,17,443,300,4.54,1,10796,3,Humano,Raiva,2996,Exposicao_Face
10813,17,435,318,4.46,1,10813,3,Humano,Raiva,3013,Exposicao_Face
10829,17,447,318,4.56,1,10829,3,Humano,Raiva,3029,Exposicao_Face
10846,17,433,322,4.59,1,10846,3,Humano,Raiva,3046,Exposicao_Face
10863,17,448,308,4.49,1,10863,3,Humano,Raiva,3063,Exposicao_Face
10879,17,440,321,4.49,1,10879,3,Humano,Raiva,3079,Exposicao_Face
10896,17,432,334,4.56,1,10896,3,Humano,Raiva,3096,Exposicao_Face
10913,17,442,327,4.46,1,10913,3,Humano,Raiva,3113,Exposicao_Face
10929,17,439,321,4.41,1,10929,3,Humano,Raiva,3129,Exposicao_Face
10946,17,437,326,4.57,1,10946,3,Humano,Raiva,3146,Exposicao_Face
10962,17,431,315,4.43,1,10962,3,Humano,Raiva,3162,Exposicao_Face
10979,17,449,314,4.4,1,10979,3,Humano,Raiva,3179,Exposicao_Face
10996,17,458,333,4.43,1,10996,3,Humano,Raiva,3196,Exposicao_Face
11012,17,451,351,4.51,1,11012,3,Humano,Raiva,3212,Exposicao_Face
11029,17,456,339,4.43,1,11029,3,Humano,Raiva,3229,Exposicao_Face
11046,17,446,344,4.52,1,11046,3,Humano,Raiva,3246,Exposicao_Face
11062,17,441,354,4.49,1,11062,3,Humano,Raiva,3262,Exposicao_Face
11079,17,443,347,4.49,1,11079,3,Humano,Raiva,3279,Exposicao_Face
11096,17,444,348,4.52,1,11096,3,Humano,Raiva,3296,Exposicao_Face
11112,17,448,346,4.4,1,11112,3,Humano,Raiva,3312,Exposicao_Face
11129,17,462,352,4.44,1,11129,3,Humano,Raiva,3329,Exposicao_Face
11145,17,471,345,4.56,1,11145,3,Humano,Raiva,3345,Exposicao_Face
11162,17,447,355,4.56,1,11162,3,Humano,Raiva,3362,Exposicao_Face
11179,17,467,346,4.41,1,11179,3,Humano,Raiva,3379,Exposicao_Face
11195,17,457,357,4.48,1,11195,3,Humano,Raiva,3395,Exposicao_Face
11212,17,456,350,4.36,1,11212,3,Humano,Raiva,3412,Exposicao_Face
11229,17,462,338,4.35,1,11229,3,Humano,Raiva,3429,Exposicao_Face
11245,17,461,346,4.4,1,11245,3,Humano,Raiva,3445,Exposicao_Face
11262,17,456,337,4.35,1,11262,3,Humano,Raiva,3462,Exposicao_Face
11279,17,454,345,4.49,1,11279,3,Humano,Raiva,3479,Exposicao_Face
11295,17,454,346,4.51,1,11295,3,Humano,Raiva,3495,Exposicao_Face
11312,17,461,339,4.46,1,11312,3,Humano,Raiva,3512,Exposicao_Face
11328,17,468,348,4.51,1,11328,3,Humano,Raiva,3528,Exposicao_Face
11345,17,463,339,4.38,1,11345,3,Humano,Raiva,3545,Exposicao_Face
11362,17,456,347,4.4,1,11362,3,Humano,Raiva,3562,Exposicao_Face
11378,17,450,356,4.38,1,11378,3,Humano,Raiva,3578,Exposicao_Face
11395,17,478,335,4.33,1,11395,3,Humano,Raiva,3595,Exposicao_Face
11412,17,505,332,4.4,1,11412,3,Humano,Raiva,3612,Exposicao_Face
11428,17,520,322,4.35,1,11428,3,Humano,Raiva,3628,Exposicao_Face
11445,17,520,329,4.33,1,11445,3,Humano,Raiva,3645,Exposicao_Face
11462,17,506,343,4.4,1,11462,3,Humano,Raiva,3662,Exposicao_Face
11478,17,510,333,4.4,1,11478,3,Humano,Raiva,3678,Exposicao_Face
11495,17,516,326,4.28,1,11495,3,Humano,Raiva,3695,Exposicao_Face
11511,17,522,318,4.27,1,11511,3,Humano,Raiva,3711,Exposicao_Face
11528,17,506,323,4.19,1,11528,3,Humano,Raiva,3728,Exposicao_Face
11545,17,520,324,4.25,1,11545,3,Humano,Raiva,3745,Exposicao_Face
11561,17,522,331,4.24,1,11561,3,Humano,Raiva,3761,Exposicao_Face
11578,17,565,308,4.14,1,11578,3,Humano,Raiva,3778,Exposicao_Face
11595,17,548,325,4.2,1,11595,3,Humano,Raiva,3795,Exposicao_Face
11611,17,558,308,4.09,1,11611,3,Humano,Raiva,3811,Exposicao_Face
11628,17,552,327,4.17,1,11628,3,Humano,Raiva,3828,Exposicao_Face
11645,17,553,315,4.09,1,11645,3,Humano,Raiva,3845,Exposicao_Face
11661,17,566,305,4.2,1,11661,3,Humano,Raiva,3861,Exposicao_Face
11678,17,556,315,4.07,1,11678,3,Humano,Raiva,3878,Exposicao_Face
11694,17,563,306,4.14,1,11694,3,Humano,Raiva,3894,Exposicao_Face
11711,17,561,291,4.06,1,11711,3,Humano,Raiva,3911,Exposicao_Face
11728,17,568,297,4.06,1,11728,3,Humano,Raiva,3928,Exposicao_Face
11744,17,567,303,4.01,1,11744,3,Humano,Raiva,3944,Exposicao_Face
11761,17,557,305,4.06,1,11761,3,Humano,Raiva,3961,Exposicao_Face
11778,17,551,322,4.06,1,11778,3,Humano,Raiva,3978,Exposicao_Face
11794,17,563,304,4.04,1,11794,3,Humano,Raiva,3994,Exposicao_Face
11811,17,553,338,4.01,1,11811,4,Humano,Feliz,11,Janela_Baseline
11828,17,474,348,4.04,1,11828,4,Humano,Feliz,28,Janela_Baseline
11844,17,461,370,3.88,2,11844,4,Humano,Feliz,44,Janela_Baseline
11861,17,475,359,3.93,1,11861,4,Humano,Feliz,61,Janela_Baseline
11877,17,467,367,3.96,2,11877,4,Humano,Feliz,77,Janela_Baseline
11894,17,472,375,4.03,2,11894,4,Humano,Feliz,94,Janela_Baseline
11911,17,466,362,3.96,1,11911,4,Humano,Feliz,111,Janela_Baseline
11927,17,468,377,4.03,2,11927,4,Humano,Feliz,127,Janela_Baseline
11944,17,472,357,3.98,1,11944,4,Humano,Feliz,144,Janela_Baseline
11961,17,470,361,3.95,1,11961,4,Humano,Feliz,161,Janela_Baseline
11977,17,455,366,3.91,2,11977,4,Humano,Feliz,177,Janela_Baseline
11994,17,460,379,3.95,2,11994,4,Humano,Feliz,194,Janela_Baseline
12011,17,461,367,3.91,2,12011,4,Humano,Feliz,211,Janela_Baseline
12027,17,456,379,3.98,2,12027,4,Humano,Feliz,227,Janela_Baseline
12044,17,470,357,3.93,1,12044,4,Humano,Feliz,244,Janela_Baseline
12060,17,456,384,4.03,2,12060,4,Humano,Feliz,260,Janela_Baseline
12077,17,452,372,3.83,2,12077,4,Humano,Feliz,277,Janela_Baseline
12094,17,457,375,4.04,2,12094,4,Humano,Feliz,294,Janela_Baseline
12110,17,456,366,3.99,2,12110,4,Humano,Feliz,310,Janela_Baseline
12127,17,467,366,3.99,2,12127,4,Humano,Feliz,327,Janela_Baseline
12144,17,463,366,3.95,2,12144,4,Humano,Feliz,344,Janela_Baseline
12160,17,471,345,4.04,1,12160,4,Humano,Feliz,360,Janela_Baseline
12177,17,502,338,4.06,1,12177,4,Humano,Feliz,377,Janela_Baseline
12193,17,516,324,3.99,1,12193,4,Humano,Feliz,393,Janela_Baseline
12210,17,522,311,3.99,1,12210,4,Humano,Feliz,410,Janela_Baseline
12227,17,521,302,4.04,1,12227,4,Humano,Feliz,427,Janela_Baseline
12243,17,512,322,4.03,1,12243,4,Humano,Feliz,443,Janela_Baseline
12260,17,514,324,4.11,1,12260,4,Humano,Feliz,460,Janela_Baseline
12277,17,527,319,3.98,1,12277,4,Humano,Feliz,477,Janela_Baseline
12293,17,534,325,4.09,1,12293,4,Humano,Feliz,493,Janela_Baseline
12310,17,523,315,3.93,1,12310,4,Humano,Feliz,510,Janela_Baseline
12327,17,529,306,3.98,1,12327,4,Humano,Feliz,527,Janela_Baseline
12343,17,520,326,4.03,1,12343,4,Humano,Feliz,543,Janela_Baseline
12360,17,517,323,3.96,1,12360,4,Humano,Feliz,560,Janela_Baseline
12376,17,508,338,4.07,1,12376,4,Humano,Feliz,576,Janela_Baseline
12393,17,522,306,4.01,1,12393,4,Humano,Feliz,593,Janela_Baseline
12410,17,520,330,4.01,1,12410,4,Humano,Feliz,610,Janela_Baseline
12426,17,513,331,4.07,1,12426,4,Humano,Feliz,626,Janela_Baseline
12443,17,500,330,4.06,1,12443,4,Humano,Feliz,643,Janela_Baseline
12460,17,521,309,3.9,1,12460,4,Humano,Feliz,660,Janela_Baseline
12476,17,516,328,4.03,1,12476,4,Humano,Feliz,676,Janela_Baseline
12493,17,511,322,4.12,1,12493,4,Humano,Feliz,693,Janela_Baseline
12510,17,510,338,4.06,1,12510,4,Humano,Feliz,710,Janela_Baseline
12526,17,513,324,4.06,1,12526,4,Humano,Feliz,726,Janela_Baseline
12543,17,494,331,4.07,1,12543,4,Humano,Feliz,743,Janela_Baseline
12559,17,506,318,4.01,1,12559,4,Humano,Feliz,759,Janela_Baseline
12576,17,504,336,4.15,1,12576,4,Humano,Feliz,776,Janela_Baseline
12593,17,544,322,4.06,1,12593,4,Humano,Feliz,793,Janela_Baseline
12609,17,563,324,4.12,1,12609,4,Humano,Feliz,809,Janela_Baseline
12626,17,563,328,4.04,1,12626,4,Humano,Feliz,826,Janela_Baseline
12643,17,558,330,3.93,1,12643,4,Humano,Feliz,843,Janela_Baseline
12659,17,571,334,4.09,1,12659,4,Humano,Feliz,859,Janela_Baseline
12676,17,555,339,4.03,1,12676,4,Humano,Feliz,876,Janela_Baseline
12693,17,566,314,4.07,1,12693,4,Humano,Feliz,893,Janela_Baseline
12709,17,560,338,4.14,1,12709,4,Humano,Feliz,909,Janela_Baseline
12726,17,567,331,4.14,1,12726,4,Humano,Feliz,926,Janela_Baseline
12742,17,561,337,4.03,1,12742,4,Humano,Feliz,942,Janela_Baseline
12759,17,563,326,4.11,1,12759,4,Humano,Feliz,959,Janela_Baseline
12776,17,555,329,4.06,1,12776,4,Humano,Feliz,976,Janela_Baseline
12792,17,570,326,4.14,1,12792,4,Humano,Feliz,992,Janela_Baseline
12809,17,569,320,4.06,1,12809,4,Humano,Feliz,1009,Janela_Baseline
12826,17,560,338,3.99,1,12826,4,Humano,Feliz,1026,Janela_Baseline
12842,17,557,330,4.03,1,12842,4,Humano,Feliz,1042,Janela_Baseline
12859,17,560,329,3.96,1,12859,4,Humano,Feliz,1059,Janela_Baseline
12876,17,564,332,4.01,1,12876,4,Humano,Feliz,1076,Janela_Baseline
12892,17,567,318,4.01,1,12892,4,Humano,Feliz,1092,Janela_Baseline
12909,17,561,331,4.01,1,12909,4,Humano,Feliz,1109,Janela_Baseline
12925,17,568,331,4.06,1,12925,4,Humano,Feliz,1125,Janela_Baseline
12942,17,573,314,3.91,1,12942,4,Humano,Feliz,1142,Janela_Baseline
12959,17,565,320,4.03,1,12959,4,Humano,Feliz,1159,Janela_Baseline
12975,17,565,320,3.98,1,12975,4,Humano,Feliz,1175,Janela_Baseline
12992,17,576,320,4.12,1,12992,4,Humano,Feliz,1192,Janela_Baseline
13009,17,570,322,4.06,1,13009,4,Humano,Feliz,1209,Janela_Baseline
13025,17,563,311,4.09,1,13025,4,Humano,Feliz,1225,Janela_Baseline
13042,17,563,315,4.14,1,13042,4,Humano,Feliz,1242,Janela_Baseline
13059,17,562,326,4.04,1,13059,4,Humano,Feliz,1259,Janela_Baseline
13075,17,569,316,3.98,1,13075,4,Humano,Feliz,1275,Janela_Baseline
13092,17,563,324,3.98,1,13092,4,Humano,Feliz,1292,Janela_Baseline
13108,17,567,321,4.03,1,13108,4,Humano,Feliz,1308,Exposicao_Face
13125,17,573,319,4.14,1,13125,4,Humano,Feliz,1325,Exposicao_Face
13142,17,573,321,4.07,1,13142,4,Humano,Feliz,1342,Exposicao_Face
13158,17,570,313,4.11,1,13158,4,Humano,Feliz,1358,Exposicao_Face
13175,17,566,313,4.15,1,13175,4,Humano,Feliz,1375,Exposicao_Face
13192,17,567,322,4.03,1,13192,4,Humano,Feliz,1392,Exposicao_Face
13208,17,574,309,4.09,1,13208,4,Humano,Feliz,1408,Exposicao_Face
13225,17,565,330,4.03,1,13225,4,Humano,Feliz,1425,Exposicao_Face
13241,17,564,324,4.07,1,13241,4,Humano,Feliz,1441,Exposicao_Face
13258,17,569,311,4.06,1,13258,4,Humano,Feliz,1458,Exposicao_Face
13275,17,566,331,4.12,1,13275,4,Humano,Feliz,1475,Exposicao_Face
13291,17,571,317,4.11,1,13291,4,Humano,Feliz,1491,Exposicao_Face
13308,17,553,335,4.15,1,13308,4,Humano,Feliz,1508,Exposicao_Face
13325,17,563,323,4.04,1,13325,4,Humano,Feliz,1525,Exposicao_Face
13341,17,558,329,4.09,1,13341,4,Humano,Feliz,1541,Exposicao_Face
13358,17,558,334,4.07,1,13358,4,Humano,Feliz,1558,Exposicao_Face
13375,17,564,324,4.07,1,13375,4,Humano,Feliz,1575,Exposicao_Face
13391,17,570,308,4.11,1,13391,4,Humano,Feliz,1591,Exposicao_Face
13408,17,568,319,4.03,1,13408,4,Humano,Feliz,1608,Exposicao_Face
13424,17,557,331,4.04,1,13424,4,Humano,Feliz,1624,Exposicao_Face
13558,133,395,469,0.0,3,13558,4,Humano,Feliz,1758,Exposicao_Face
13574,17,448,367,4.04,2,13574,4,Humano,Feliz,1774,Exposicao_Face
13591,17,460,336,4.17,1,13591,4,Humano,Feliz,1791,Exposicao_Face
13607,17,452,342,4.09,1,13607,4,Humano,Feliz,1807,Exposicao_Face
13657,50,463,342,4.2,1,13657,4,Humano,Feliz,1857,Exposicao_Face
13657,0,463,342,4.2,1,13657,4,Humano,Feliz,1857,Exposicao_Face
13674,17,445,343,4.19,1,13674,4,Humano,Feliz,1874,Exposicao_Face
13691,17,446,330,4.11,1,13691,4,Humano,Feliz,1891,Exposicao_Face
13724,33,456,330,4.12,1,13724,4,Humano,Feliz,1924,Exposicao_Face
13757,33,454,339,4.15,1,13757,4,Humano,Feliz,1957,Exposicao_Face
13774,17,462,339,4.14,1,13774,4,Humano,Feliz,1974,Exposicao_Face
13790,17,464,330,4.15,1,13790,4,Humano,Feliz,1990,Exposicao_Face
13807,17,465,332,4.17,1,13807,4,Humano,Feliz,2007,Exposicao_Face
13824,17,465,325,4.15,1,13824,4,Humano,Feliz,2024,Exposicao_Face
13840,17,536,324,4.27,1,13840,4,Humano,Feliz,2040,Exposicao_Face
13857,17,551,336,4.2,1,13857,4,Humano,Feliz,2057,Exposicao_Face
13874,17,558,330,4.15,1,13874,4,Humano,Feliz,2074,Exposicao_Face
13890,17,562,320,4.2,1,13890,4,Humano,Feliz,2090,Exposicao_Face
13907,17,568,317,4.15,1,13907,4,Humano,Feliz,2107,Exposicao_Face
13924,17,556,335,4.22,1,13924,4,Humano,Feliz,2124,Exposicao_Face
13940,17,571,314,4.17,1,13940,4,Humano,Feliz,2140,Exposicao_Face
13957,17,560,330,4.07,1,13957,4,Humano,Feliz,2157,Exposicao_Face
13973,17,558,328,4.14,1,13973,4,Humano,Feliz,2173,Exposicao_Face
13990,17,568,321,4.14,1,13990,4,Humano,Feliz,2190,Exposicao_Face
14007,17,563,333,4.11,1,14007,4,Humano,Feliz,2207,Exposicao_Face
14023,17,563,335,4.11,1,14023,4,Humano,Feliz,2223,Exposicao_Face
14040,17,561,328,4.11,1,14040,4,Humano,Feliz,2240,Exposicao_Face
14057,17,565,325,3.99,1,14057,4,Humano,Feliz,2257,Exposicao_Face
14073,17,563,326,4.11,1,14073,4,Humano,Feliz,2273,Exposicao_Face
14090,17,559,326,4.07,1,14090,4,Humano,Feliz,2290,Exposicao_Face
14107,17,558,332,4.07,1,14107,4,Humano,Feliz,2307,Exposicao_Face
14123,17,562,325,3.98,1,14123,4,Humano,Feliz,2323,Exposicao_Face
14140,17,567,325,4.03,1,14140,4,Humano,Feliz,2340,Exposicao_Face
14156,17,572,311,4.03,1,14156,4,Humano,Feliz,2356,Exposicao_Face
14173,17,565,320,4.06,1,14173,4,Humano,Feliz,2373,Exposicao_Face
14190,17,561,325,3.98,1,14190,4,Humano,Feliz,2390,Exposicao_Face
14206,17,570,321,3.98,1,14206,4,Humano,Feliz,2406,Exposicao_Face
14223,17,560,332,3.96,1,14223,4,Humano,Feliz,2423,Exposicao_Face
14240,17,569,319,4.03,1,14240,4,Humano,Feliz,2440,Exposicao_Face
14256,17,559,321,4.09,1,14256,4,Humano,Feliz,2456,Exposicao_Face
14273,17,559,328,4.09,1,14273,4,Humano,Feliz,2473,Exposicao_Face
14290,17,570,317,4.09,1,14290,4,Humano,Feliz,2490,Exposicao_Face
14306,17,564,332,4.03,1,14306,4,Humano,Feliz,2506,Exposicao_Face
14323,17,572,323,4.15,1,14323,4,Humano,Feliz,2523,Exposicao_Face
14339,17,484,364,4.12,0,14339,4,Humano,Feliz,2539,Exposicao_Face
14356,17,491,343,4.04,1,14356,4,Humano,Feliz,2556,Exposicao_Face
14373,17,473,347,4.06,1,14373,4,Humano,Feliz,2573,Exposicao_Face
14389,17,491,346,4.11,1,14389,4,Humano,Feliz,2589,Exposicao_Face
14406,17,494,357,4.09,1,14406,4,Humano,Feliz,2606,Exposicao_Face
14423,17,484,360,4.14,1,14423,4,Humano,Feliz,2623,Exposicao_Face
14439,17,487,355,4.03,1,14439,4,Humano,Feliz,2639,Exposicao_Face
14456,17,476,369,4.09,2,14456,4,Humano,Feliz,2656,Exposicao_Face
14472,17,485,350,4.12,1,14472,4,Humano,Feliz,2672,Exposicao_Face
14489,17,498,349,4.14,1,14489,4,Humano,Feliz,2689,Exposicao_Face
14506,17,473,358,4.06,1,14506,4,Humano,Feliz,2706,Exposicao_Face
14522,17,485,350,4.12,1,14522,4,Humano,Feliz,2722,Exposicao_Face
14539,17,496,369,4.17,2,14539,4,Humano,Feliz,2739,Exposicao_Face
14556,17,480,359,4.2,1,14556,4,Humano,Feliz,2756,Exposicao_Face
14572,17,483,353,4.04,1,14572,4,Humano,Feliz,2772,Exposicao_Face
14589,17,473,360,4.15,1,14589,4,Humano,Feliz,2789,Exposicao_Face
14606,17,470,360,4.07,1,14606,4,Humano,Feliz,2806,Exposicao_Face
14622,17,489,352,4.22,1,14622,4,Humano,Feliz,2822,Exposicao_Face
14639,17,491,349,4.07,1,14639,4,Humano,Feliz,2839,Exposicao_Face
14655,17,480,349,4.12,1,14655,4,Humano,Feliz,2855,Exposicao_Face
14672,17,485,366,4.07,2,14672,4,Humano,Feliz,2872,Exposicao_Face
14689,17,500,348,4.11,1,14689,4,Humano,Feliz,2889,Exposicao_Face
14705,17,498,362,4.14,1,14705,4,Humano,Feliz,2905,Exposicao_Face
14722,17,505,350,4.19,1,14722,4,Humano,Feliz,2922,Exposicao_Face
14739,17,472,360,4.11,1,14739,4,Humano,Feliz,2939,Exposicao_Face
14755,17,482,358,4.14,1,14755,4,Humano,Feliz,2955,Exposicao_Face
14772,17,451,423,4.11,3,14772,4,Humano,Feliz,2972,Exposicao_Face
14888,116,344,620,0.0,3,14888,4,Humano,Feliz,3088,Exposicao_Face
14905,17,384,451,0.0,3,14905,4,Humano,Feliz,3105,Exposicao_Face
14922,17,442,374,4.17,2,14922,4,Humano,Feliz,3122,Exposicao_Face
14938,17,473,339,4.24,1,14938,4,Humano,Feliz,3138,Exposicao_Face
14955,17,462,359,4.28,1,14955,4,Humano,Feliz,3155,Exposicao_Face
14972,17,459,354,4.32,1,14972,4,Humano,Feliz,3172,Exposicao_Face
14988,17,465,353,4.28,1,14988,4,Humano,Feliz,3188,Exposicao_Face
15005,17,461,348,4.25,1,15005,4,Humano,Feliz,3205,Exposicao_Face
15021,17,460,353,4.28,1,15021,4,Humano,Feliz,3221,Exposicao_Face
15038,17,456,344,4.24,1,15038,4,Humano,Feliz,3238,Exposicao_Face
15055,17,444,363,4.36,0,15055,4,Humano,Feliz,3255,Exposicao_Face
15071,17,451,349,4.22,1,15071,4,Humano,Feliz,3271,Exposicao_Face
15088,17,441,373,4.32,2,15088,4,Humano,Feliz,3288,Exposicao_Face
15105,17,456,353,4.32,1,15105,4,Humano,Feliz,3305,Exposicao_Face
15121,17,453,347,4.4,1,15121,4,Humano,Feliz,3321,Exposicao_Face
15138,17,465,341,4.2,1,15138,4,Humano,Feliz,3338,Exposicao_Face
15155,17,463,338,4.24,1,15155,4,Humano,Feliz,3355,Exposicao_Face
15171,17,471,346,4.36,1,15171,4,Humano,Feliz,3371,Exposicao_Face
15188,17,458,350,4.32,1,15188,4,Humano,Feliz,3388,Exposicao_Face
15204,17,470,340,4.3,1,15204,4,Humano,Feliz,3404,Exposicao_Face
15221,17,475,332,4.35,1,15221,4,Humano,Feliz,3421,Exposicao_Face
15238,17,461,341,4.3,1,15238,4,Humano,Feliz,3438,Exposicao_Face
15254,17,470,353,4.28,1,15254,4,Humano,Feliz,3454,Exposicao_Face
15271,17,457,346,4.17,1,15271,4,Humano,Feliz,3471,Exposicao_Face
15288,17,473,340,4.24,1,15288,4,Humano,Feliz,3488,Exposicao_Face
15304,17,460,349,4.24,1,15304,4,Humano,Feliz,3504,Exposicao_Face
15321,17,468,349,4.25,1,15321,4,Humano,Feliz,3521,Exposicao_Face
15338,17,484,337,4.22,1,15338,4,Humano,Feliz,3538,Exposicao_Face
15354,17,458,345,4.2,1,15354,4,Humano,Feliz,3554,Exposicao_Face
15371,17,458,349,4.28,1,15371,4,Humano,Feliz,3571,Exposicao_Face
15387,17,472,354,4.19,1,15387,4,Humano,Feliz,3587,Exposicao_Face
15404,17,459,352,4.09,1,15404,4,Humano,Feliz,3604,Exposicao_Face
15421,17,501,342,4.28,1,15421,4,Humano,Feliz,3621,Exposicao_Face
15437,17,537,335,4.17,1,15437,4,Humano,Feliz,3637,Exposicao_Face
15454,17,560,326,4.11,1,15454,4,Humano,Feliz,3654,Exposicao_Face
15471,17,552,336,4.17,1,15471,4,Humano,Feliz,3671,Exposicao_Face
15487,17,547,330,4.11,1,15487,4,Humano,Feliz,3687,Exposicao_Face
15504,17,548,328,4.15,1,15504,4,Humano,Feliz,3704,Exposicao_Face
15521,17,548,330,4.12,1,15521,4,Humano,Feliz,3721,Exposicao_Face
15537,17,547,345,4.2,1,15537,4,Humano,Feliz,3737,Exposicao_Face
15554,17,552,340,4.19,1,15554,4,Humano,Feliz,3754,Exposicao_Face
15570,17,552,330,4.17,1,15570,4,Humano,Feliz,3770,Exposicao_Face
15587,17,553,330,4.11,1,15587,4,Humano,Feliz,3787,Exposicao_Face
15604,17,551,329,4.09,1,15604,4,Humano,Feliz,3804,Exposicao_Face
15620,17,559,334,4.19,1,15620,4,Humano,Feliz,3820,Exposicao_Face
15637,17,556,330,4.15,1,15637,4,Humano,Feliz,3837,Exposicao_Face
15654,17,553,325,4.12,1,15654,4,Humano,Feliz,3854,Exposicao_Face
15670,17,553,325,4.15,1,15670,4,Humano,Feliz,3870,Exposicao_Face
15687,17,550,320,4.14,1,15687,4,Humano,Feliz,3887,Exposicao_Face
15703,17,537,339,4.06,1,15703,4,Humano,Feliz,3903,Exposicao_Face
15720,17,488,390,4.12,2,15720,4,Humano,Feliz,3920,Exposicao_Face
15737,17,486,385,4.15,2,15737,4,Humano,Feliz,3937,Exposicao_Face
15753,17,466,410,4.24,2,15753,4,Humano,Feliz,3953,Exposicao_Face
15770,17,485,393,4.12,2,15770,4,Humano,Feliz,3970,Exposicao_Face
15787,17,480,395,4.12,2,15787,4,Humano,Feliz,3987,Exposicao_Face
15803,17,474,404,4.22,2,15803,5,Humano,Neutro,3,Janela_Baseline
15820,17,482,386,4.07,2,15820,5,Humano,Neutro,20,Janela_Baseline
15837,17,481,396,4.28,2,15837,5,Humano,Neutro,37,Janela_Baseline
15853,17,482,394,4.2,2,15853,5,Humano,Neutro,53,Janela_Baseline
15870,17,467,387,4.12,2,15870,5,Humano,Neutro,70,Janela_Baseline
15886,17,470,397,4.12,2,15886,5,Humano,Neutro,86,Janela_Baseline
15903,17,456,404,4.19,2,15903,5,Humano,Neutro,103,Janela_Baseline
15920,17,458,401,4.27,2,15920,5,Humano,Neutro,120,Janela_Baseline
15936,17,472,399,4.15,2,15936,5,Humano,Neutro,136,Janela_Baseline
15953,17,468,384,4.15,2,15953,5,Humano,Neutro,153,Janela_Baseline
15970,17,468,398,4.2,2,15970,5,Humano,Neutro,170,Janela_Baseline
15986,17,459,395,4.17,2,15986,5,Humano,Neutro,186,Janela_Baseline
16003,17,468,399,4.2,2,16003,5,Humano,Neutro,203,Janela_Baseline
16020,17,472,396,4.25,2,16020,5,Humano,Neutro,220,Janela_Baseline
16036,17,475,400,4.19,2,16036,5,Humano,Neutro,236,Janela_Baseline
16053,17,473,408,4.19,2,16053,5,Humano,Neutro,253,Janela_Baseline
16069,17,466,396,4.22,2,16069,5,Humano,Neutro,269,Janela_Baseline
16086,17,470,399,4.14,2,16086,5,Humano,Neutro,286,Janela_Baseline
16103,17,469,392,4.12,2,16103,5,Humano,Neutro,303,Janela_Baseline
16119,17,461,396,4.17,2,16119,5,Humano,Neutro,319,Janela_Baseline
16136,17,473,380,4.09,2,16136,5,Humano,Neutro,336,Janela_Baseline
16153,17,467,399,4.17,2,16153,5,Humano,Neutro,353,Janela_Baseline
16169,17,464,399,4.12,2,16169,5,Humano,Neutro,369,Janela_Baseline
16186,17,453,412,4.2,2,16186,5,Humano,Neutro,386,Janela_Baseline
16203,17,473,405,4.19,2,16203,5,Humano,Neutro,403,Janela_Baseline
16219,17,465,407,4.3,2,16219,5,Humano,Neutro,419,Janela_Baseline
16236,17,461,403,4.14,2,16236,5,Humano,Neutro,436,Janela_Baseline
16252,17,461,389,4.14,2,16252,5,Humano,Neutro,452,Janela_Baseline
16269,17,461,404,4.17,2,16269,5,Humano,Neutro,469,Janela_Baseline
16286,17,461,399,4.22,2,16286,5,Humano,Neutro,486,Janela_Baseline
16302,17,463,400,4.12,2,16302,5,Humano,Neutro,502,Janela_Baseline
16319,17,496,391,4.22,2,16319,5,Humano,Neutro,519,Janela_Baseline
16336,17,535,357,4.32,1,16336,5,Humano,Neutro,536,Janela_Baseline
16352,17,552,337,4.25,1,16352,5,Humano,Neutro,552,Janela_Baseline
16369,17,547,342,4.27,1,16369,5,Humano,Neutro,569,Janela_Baseline
16386,17,551,332,4.3,1,16386,5,Humano,Neutro,586,Janela_Baseline
16402,17,561,327,4.27,1,16402,5,Humano,Neutro,602,Janela_Baseline
16419,17,549,346,4.24,1,16419,5,Humano,Neutro,619,Janela_Baseline
16435,17,561,315,4.17,1,16435,5,Humano,Neutro,635,Janela_Baseline
16452,17,555,339,4.27,1,16452,5,Humano,Neutro,652,Janela_Baseline
16469,17,552,342,4.25,1,16469,5,Humano,Neutro,669,Janela_Baseline
16485,17,554,329,4.24,1,16485,5,Humano,Neutro,685,Janela_Baseline
16502,17,553,335,4.25,1,16502,5,Humano,Neutro,702,Janela_Baseline
16519,17,552,341,4.32,1,16519,5,Humano,Neutro,719,Janela_Baseline
16535,17,550,334,4.25,1,16535,5,Humano,Neutro,735,Janela_Baseline
16552,17,551,339,4.36,1,16552,5,Humano,Neutro,752,Janela_Baseline
16585,33,555,338,4.27,1,16585,5,Humano,Neutro,785,Janela_Baseline
16585,0,555,338,4.27,1,16585,5,Humano,Neutro,785,Janela_Baseline
16602,17,552,336,4.27,1,16602,5,Humano,Neutro,802,Janela_Baseline
16618,17,552,338,4.3,1,16618,5,Humano,Neutro,818,Janela_Baseline
16635,17,549,350,4.32,1,16635,5,Humano,Neutro,835,Janela_Baseline
16652,17,556,336,4.2,1,16652,5,Humano,Neutro,852,Janela_Baseline
16668,17,556,328,4.32,1,16668,5,Humano,Neutro,868,Janela_Baseline
16685,17,562,323,4.32,1,16685,5,Humano,Neutro,885,Janela_Baseline
16702,17,561,319,4.33,1,16702,5,Humano,Neutro,902,Janela_Baseline
16718,17,558,327,4.32,1,16718,5,Humano,Neutro,918,Janela_Baseline
16735,17,474,330,4.35,1,16735,5,Humano,Neutro,935,Janela_Baseline
16751,17,435,320,4.35,1,16751,5,Humano,Neutro,951,Janela_Baseline
16768,17,431,319,4.41,1,16768,5,Humano,Neutro,968,Janela_Baseline
16785,17,426,315,4.35,1,16785,5,Humano,Neutro,985,Janela_Baseline
16801,17,436,318,4.32,1,16801,5,Humano,Neutro,1001,Janela_Baseline
16818,17,430,330,4.36,1,16818,5,Humano,Neutro,1018,Janela_Baseline
16835,17,429,318,4.36,1,16835,5,Humano,Neutro,1035,Janela_Baseline
16851,17,439,326,4.44,1,16851,5,Humano,Neutro,1051,Janela_Baseline
16868,17,442,317,4.35,1,16868,5,Humano,Neutro,1068,Janela_Baseline
16885,17,423,328,4.41,1,16885,5,Humano,Neutro,1085,Janela_Baseline
16901,17,431,317,4.35,1,16901,5,Humano,Neutro,1101,Janela_Baseline
16918,17,440,311,4.32,1,16918,5,Humano,Neutro,1118,Janela_Baseline
16934,17,437,317,4.41,1,16934,5,Humano,Neutro,1134,Janela_Baseline
16951,17,434,327,4.35,1,16951,5,Humano,Neutro,1151,Janela_Baseline
16968,17,449,315,4.36,1,16968,5,Humano,Neutro,1168,Janela_Baseline
16984,17,444,316,4.3,1,16984,5,Humano,Neutro,1184,Janela_Baseline
17001,17,438,304,4.38,1,17001,5,Humano,Neutro,1201,Janela_Baseline
17018,17,450,309,4.35,1,17018,5,Humano,Neutro,1218,Janela_Baseline
17034,17,443,312,4.36,1,17034,5,Humano,Neutro,1234,Janela_Baseline
17051,17,434,316,4.33,1,17051,5,Humano,Neutro,1251,Janela_Baseline
17068,17,431,318,4.27,1,17068,5,Humano,Neutro,1268,Janela_Baseline
17084,17,427,318,4.38,1,17084,5,Humano,Neutro,1284,Janela_Baseline
17101,17,445,298,4.41,1,17101,5,Humano,Neutro,1301,Exposicao_Face
17117,17,437,318,4.38,1,17117,5,Humano,Neutro,1317,Exposicao_Face
17134,17,437,319,4.36,1,17134,5,Humano,Neutro,1334,Exposicao_Face
17151,17,445,320,4.35,1,17151,5,Humano,Neutro,1351,Exposicao_Face
17167,17,429,325,4.48,1,17167,5,Humano,Neutro,1367,Exposicao_Face
17184,17,444,314,4.52,1,17184,5,Humano,Neutro,1384,Exposicao_Face
17201,17,439,352,4.36,1,17201,5,Humano,Neutro,1401,Exposicao_Face
17217,17,427,413,4.38,2,17217,5,Humano,Neutro,1417,Exposicao_Face
17234,17,440,398,4.4,2,17234,5,Humano,Neutro,1434,Exposicao_Face
17251,17,440,408,4.4,2,17251,5,Humano,Neutro,1451,Exposicao_Face
17267,17,437,405,4.43,2,17267,5,Humano,Neutro,1467,Exposicao_Face
17284,17,422,421,4.52,3,17284,5,Humano,Neutro,1484,Exposicao_Face
17300,17,434,407,4.4,2,17300,5,Humano,Neutro,1500,Exposicao_Face
17317,17,435,397,4.44,2,17317,5,Humano,Neutro,1517,Exposicao_Face
17334,17,450,409,4.51,2,17334,5,Humano,Neutro,1534,Exposicao_Face
17350,17,440,402,4.44,2,17350,5,Humano,Neutro,1550,Exposicao_Face
17367,17,438,407,4.4,2,17367,5,Humano,Neutro,1567,Exposicao_Face
17384,17,434,410,4.36,2,17384,5,Humano,Neutro,1584,Exposicao_Face
17400,17,438,412,4.46,2,17400,5,Humano,Neutro,1600,Exposicao_Face
17417,17,443,381,4.54,2,17417,5,Humano,Neutro,1617,Exposicao_Face
17434,17,439,394,4.46,2,17434,5,Humano,Neutro,1634,Exposicao_Face
17450,17,458,375,4.44,2,17450,5,Humano,Neutro,1650,Exposicao_Face
17467,17,437,397,4.51,2,17467,5,Humano,Neutro,1667,Exposicao_Face
17483,17,430,397,4.51,2,17483,5,Humano,Neutro,1683,Exposicao_Face
17500,17,434,397,4.46,2,17500,5,Humano,Neutro,1700,Exposicao_Face
17517,17,443,392,4.52,2,17517,5,Humano,Neutro,1717,Exposicao_Face
17550,33,436,396,4.52,2,17550,5,Humano,Neutro,1750,Exposicao_Face
17567,17,434,396,4.51,2,17567,5,Humano,Neutro,1767,Exposicao_Face
17583,17,440,395,4.54,2,17583,5,Humano,Neutro,1783,Exposicao_Face
17600,17,443,387,4.56,2,17600,5,Humano,Neutro,1800,Exposicao_Face
17617,17,454,387,4.52,2,17617,5,Humano,Neutro,1817,Exposicao_Face
17633,17,455,389,4.62,2,17633,5,Humano,Neutro,1833,Exposicao_Face
17650,17,447,380,4.57,2,17650,5,Humano,Neutro,1850,Exposicao_Face
17666,17,435,393,4.56,2,17666,5,Humano,Neutro,1866,Exposicao_Face
17683,17,442,386,4.51,2,17683,5,Humano,Neutro,1883,Exposicao_Face
17700,17,446,395,4.56,2,17700,5,Humano,Neutro,1900,Exposicao_Face
17716,17,441,388,4.54,2,17716,5,Humano,Neutro,1916,Exposicao_Face
17733,17,451,387,4.56,2,17733,5,Humano,Neutro,1933,Exposicao_Face
17750,17,447,390,4.59,2,17750,5,Humano,Neutro,1950,Exposicao_Face
17766,17,452,376,4.52,2,17766,5,Humano,Neutro,1966,Exposicao_Face
17783,17,441,397,4.59,2,17783,5,Humano,Neutro,1983,Exposicao_Face
17800,17,437,399,4.68,2,17800,5,Humano,Neutro,2000,Exposicao_Face
17816,17,438,395,4.52,2,17816,5,Humano,Neutro,2016,Exposicao_Face
17833,17,432,396,4.62,2,17833,5,Humano,Neutro,2033,Exposicao_Face
17849,17,440,387,4.64,2,17849,5,Humano,Neutro,2049,Exposicao_Face
17866,17,438,390,4.64,2,17866,5,Humano,Neutro,2066,Exposicao_Face
17883,17,432,400,4.62,2,17883,5,Humano,Neutro,2083,Exposicao_Face
17899,17,438,401,4.73,2,17899,5,Humano,Neutro,2099,Exposicao_Face
17916,17,445,389,4.6,2,17916,5,Humano,Neutro,2116,Exposicao_Face
17933,17,438,404,4.64,2,17933,5,Humano,Neutro,2133,Exposicao_Face
17949,17,484,342,4.65,1,17949,5,Humano,Neutro,2149,Exposicao_Face
17966,17,485,350,4.67,1,17966,5,Humano,Neutro,2166,Exposicao_Face
17982,17,487,344,4.78,1,17982,5,Humano,Neutro,2182,Exposicao_Face
17999,17,488,337,4.7,1,17999,5,Humano,Neutro,2199,Exposicao_Face
18016,17,481,328,4.67,1,18016,5,Humano,Neutro,2216,Exposicao_Face
18032,17,494,342,4.65,1,18032,5,Humano,Neutro,2232,Exposicao_Face
18049,17,490,352,4.65,1,18049,5,Humano,Neutro,2249,Exposicao_Face
18066,17,483,339,4.64,1,18066,5,Humano,Neutro,2266,Exposicao_Face
18082,17,481,348,4.7,1,18082,5,Humano,Neutro,2282,Exposicao_Face
18099,17,486,341,4.64,1,18099,5,Humano,Neutro,2299,Exposicao_Face
18116,17,489,337,4.67,1,18116,5,Humano,Neutro,2316,Exposicao_Face
18132,17,479,338,4.68,1,18132,5,Humano,Neutro,2332,Exposicao_Face
18149,17,506,339,4.62,1,18149,5,Humano,Neutro,2349,Exposicao_Face
18165,17,482,341,4.73,1,18165,5,Humano,Neutro,2365,Exposicao_Face
18182,17,493,325,4.68,1,18182,5,Humano,Neutro,2382,Exposicao_Face
18199,17,541,321,4.65,1,18199,5,Humano,Neutro,2399,Exposicao_Face
18215,17,562,330,4.67,1,18215,5,Humano,Neutro,2415,Exposicao_Face
18232,17,540,327,4.7,1,18232,5,Humano,Neutro,2432,Exposicao_Face
18249,17,562,315,4.64,1,18249,5,Humano,Neutro,2449,Exposicao_Face
18265,17,555,318,4.68,1,18265,5,Humano,Neutro,2465,Exposicao_Face
18282,17,554,334,4.75,1,18282,5,Humano,Neutro,2482,Exposicao_Face
18299,17,559,324,4.62,1,18299,5,Humano,Neutro,2499,Exposicao_Face
18315,17,564,321,4.64,1,18315,5,Humano,Neutro,2515,Exposicao_Face
18332,17,559,321,4.65,1,18332,5,Humano,Neutro,2532,Exposicao_Face
18348,17,560,330,4.64,1,18348,5,Humano,Neutro,2548,Exposicao_Face
18365,17,555,329,4.67,1,18365,5,Humano,Neutro,2565,Exposicao_Face
18382,17,543,334,4.65,1,18382,5,Humano,Neutro,2582,Exposicao_Face
18398,17,560,316,4.54,1,18398,5,Humano,Neutro,2598,Exposicao_Face
18415,17,546,331,4.54,1,18415,5,Humano,Neutro,2615,Exposicao_Face
18432,17,484,345,4.62,1,18432,5,Humano,Neutro,2632,Exposicao_Face
18448,17,480,347,4.59,1,18448,5,Humano,Neutro,2648,Exposicao_Face
18465,17,476,346,4.56,1,18465,5,Humano,Neutro,2665,Exposicao_Face
18482,17,466,349,4.54,1,18482,5,Humano,Neutro,2682,Exposicao_Face
18498,17,468,342,4.56,1,18498,5,Humano,Neutro,2698,Exposicao_Face
18515,17,471,343,4.57,1,18515,5,Humano,Neutro,2715,Exposicao_Face
18531,17,467,346,4.62,1,18531,5,Humano,Neutro,2731,Exposicao_Face
18548,17,456,356,4.6,1,18548,5,Humano,Neutro,2748,Exposicao_Face
18565,17,458,365,4.7,2,18565,5,Humano,Neutro,2765,Exposicao_Face
18581,17,454,363,4.6,0,18581,5,Humano,Neutro,2781,Exposicao_Face
18598,17,461,348,4.57,1,18598,5,Humano,Neutro,2798,Exposicao_Face
18615,17,462,356,4.6,1,18615,5,Humano,Neutro,2815,Exposicao_Face
18631,17,458,350,4.73,1,18631,5,Humano,Neutro,2831,Exposicao_Face
18648,17,462,344,4.57,1,18648,5,Humano,Neutro,2848,Exposicao_Face
18665,17,461,351,4.67,1,18665,5,Humano,Neutro,2865,Exposicao_Face
18681,17,458,356,4.64,1,18681,5,Humano,Neutro,2881,Exposicao_Face
18698,17,457,353,4.59,1,18698,5,Humano,Neutro,2898,Exposicao_Face
18714,17,462,350,4.59,1,18714,5,Humano,Neutro,2914,Exposicao_Face
18731,17,456,365,4.7,2,18731,5,Humano,Neutro,2931,Exposicao_Face
18764,33,456,366,4.65,2,18764,5,Humano,Neutro,2964,Exposicao_Face
18781,17,391,476,4.52,3,18781,5,Humano,Neutro,2981,Exposicao_Face
18997,216,404,439,4.52,3,18997,5,Humano,Neutro,3197,Exposicao_Face
19014,17,478,322,4.49,1,19014,5,Humano,Neutro,3214,Exposicao_Face
19030,17,465,327,4.43,1,19030,5,Humano,Neutro,3230,Exposicao_Face
19047,17,473,329,4.6,1,19047,5,Humano,Neutro,3247,Exposicao_Face
19064,17,473,322,4.54,1,19064,5,Humano,Neutro,3264,Exposicao_Face
19080,17,474,319,4.46,1,19080,5,Humano,Neutro,3280,Exposicao_Face
19097,17,487,328,4.56,1,19097,5,Humano,Neutro,3297,Exposicao_Face
19114,17,498,308,4.44,1,19114,5,Humano,Neutro,3314,Exposicao_Face
19130,17,479,324,4.64,1,19130,5,Humano,Neutro,3330,Exposicao_Face
19147,17,488,321,4.56,1,19147,5,Humano,Neutro,3347,Exposicao_Face
19164,17,480,320,4.59,1,19164,5,Humano,Neutro,3364,Exposicao_Face
19180,17,489,321,4.52,1,19180,5,Humano,Neutro,3380,Exposicao_Face
19197,17,491,319,4.48,1,19197,5,Humano,Neutro,3397,Exposicao_Face
19230,33,475,332,4.52,1,19230,5,Humano,Neutro,3430,Exposicao_Face
19247,17,486,321,4.52,1,19247,5,Humano,Neutro,3447,Exposicao_Face
19263,17,474,333,4.48,1,19263,5,Humano,Neutro,3463,Exposicao_Face
19280,17,492,326,4.6,1,19280,5,Humano,Neutro,3480,Exposicao_Face
19297,17,487,319,4.64,1,19297,5,Humano,Neutro,3497,Exposicao_Face
19313,17,485,316,4.57,1,19313,5,Humano,Neutro,3513,Exposicao_Face
19330,17,492,317,4.59,1,19330,5,Humano,Neutro,3530,Exposicao_Face
19347,17,480,331,4.52,1,19347,5,Humano,Neutro,3547,Exposicao_Face
19363,17,485,329,4.41,1,19363,5,Humano,Neutro,3563,Exposicao_Face
19380,17,494,322,4.41,1,19380,5,Humano,Neutro,3580,Exposicao_Face
19396,17,493,319,4.32,1,19396,5,Humano,Neutro,3596,Exposicao_Face
19413,17,484,338,4.38,1,19413,5,Humano,Neutro,3613,Exposicao_Face
19430,17,489,324,4.33,1,19430,5,Humano,Neutro,3630,Exposicao_Face
19446,17,488,330,4.38,1,19446,5,Humano,Neutro,3646,Exposicao_Face
19463,17,482,339,4.36,1,19463,5,Humano,Neutro,3663,Exposicao_Face
19480,17,476,337,4.43,1,19480,5,Humano,Neutro,3680,Exposicao_Face
19496,17,484,331,4.36,1,19496,5,Humano,Neutro,3696,Exposicao_Face
19513,17,488,330,4.27,1,19513,5,Humano,Neutro,3713,Exposicao_Face
19530,17,477,334,4.32,1,19530,5,Humano,Neutro,3730,Exposicao_Face
19546,17,476,341,4.25,1,19546,5,Humano,Neutro,3746,Exposicao_Face
19563,17,484,329,4.2,1,19563,5,Humano,Neutro,3763,Exposicao_Face
19579,17,503,337,4.25,1,19579,5,Humano,Neutro,3779,Exposicao_Face
19596,17,524,339,4.33,1,19596,5,Humano,Neutro,3796,Exposicao_Face
19613,17,535,334,4.27,1,19613,5,Humano,Neutro,3813,Exposicao_Face
19629,17,541,329,4.27,1,19629,5,Humano,Neutro,3829,Exposicao_Face
19679,50,536,331,4.24,1,19679,5,Humano,Neutro,3879,Exposicao_Face
19762,83,533,342,4.24,1,19762,5,Humano,Neutro,3962,Exposicao_Face
19779,17,543,320,4.15,1,19779,5,Humano,Neutro,3979,Exposicao_Face
19796,17,546,316,4.17,1,19796,5,Humano,Neutro,3996,Exposicao_Face
19812,17,527,326,4.15,1,19812,6,Humano,Raiva,12,Janela_Baseline
19829,17,539,330,4.19,1,19829,6,Humano,Raiva,29,Janela_Baseline
19846,17,539,324,4.09,1,19846,6,Humano,Raiva,46,Janela_Baseline
19862,17,485,324,4.12,1,19862,6,Humano,Raiva,62,Janela_Baseline
19879,17,425,308,4.12,1,19879,6,Humano,Raiva,79,Janela_Baseline
19896,17,418,304,4.12,1,19896,6,Humano,Raiva,96,Janela_Baseline
19912,17,405,296,4.15,1,19912,6,Humano,Raiva,112,Janela_Baseline
19929,17,406,305,4.12,1,19929,6,Humano,Raiva,129,Janela_Baseline
19945,17,414,297,4.14,1,19945,6,Humano,Raiva,145,Janela_Baseline
19962,17,403,309,4.07,1,19962,6,Humano,Raiva,162,Janela_Baseline
19979,17,406,306,4.11,1,19979,6,Humano,Raiva,179,Janela_Baseline
19995,17,408,313,4.14,1,19995,6,Humano,Raiva,195,Janela_Baseline
20012,17,406,303,3.99,1,20012,6,Humano,Raiva,212,Janela_Baseline
20029,17,404,306,4.11,1,20029,6,Humano,Raiva,229,Janela_Baseline
20045,17,412,305,4.14,1,20045,6,Humano,Raiva,245,Janela_Baseline
20062,17,405,311,4.14,1,20062,6,Humano,Raiva,262,Janela_Baseline
20079,17,405,308,4.14,1,20079,6,Humano,Raiva,279,Janela_Baseline
20095,17,408,308,4.04,1,20095,6,Humano,Raiva,295,Janela_Baseline
20112,17,406,315,4.14,1,20112,6,Humano,Raiva,312,Janela_Baseline
20128,17,408,313,4.12,1,20128,6,Humano,Raiva,328,Janela_Baseline
20145,17,435,306,4.14,1,20145,6,Humano,Raiva,345,Janela_Baseline
20162,17,528,319,4.17,1,20162,6,Humano,Raiva,362,Janela_Baseline
20178,17,548,317,4.11,1,20178,6,Humano,Raiva,378,Janela_Baseline
20195,17,550,318,4.14,1,20195,6,Humano,Raiva,395,Janela_Baseline
20212,17,564,305,4.12,1,20212,6,Humano,Raiva,412,Janela_Baseline
20228,17,547,331,4.14,1,20228,6,Humano,Raiva,428,Janela_Baseline
20245,17,547,319,4.15,1,20245,6,Humano,Raiva,445,Janela_Baseline
20261,17,550,317,4.15,1,20261,6,Humano,Raiva,461,Janela_Baseline
20278,17,549,324,4.17,1,20278,6,Humano,Raiva,478,Janela_Baseline
20295,17,550,320,4.14,1,20295,6,Humano,Raiva,495,Janela_Baseline
20311,17,546,326,4.15,1,20311,6,Humano,Raiva,511,Janela_Baseline
20328,17,555,312,4.19,1,20328,6,Humano,Raiva,528,Janela_Baseline
20345,17,546,324,4.15,1,20345,6,Humano,Raiva,545,Janela_Baseline
20361,17,557,315,4.27,1,20361,6,Humano,Raiva,561,Janela_Baseline
20378,17,553,317,4.19,1,20378,6,Humano,Raiva,578,Janela_Baseline
20395,17,556,311,4.25,1,20395,6,Humano,Raiva,595,Janela_Baseline
20411,17,553,321,4.32,1,20411,6,Humano,Raiva,611,Janela_Baseline
20428,17,557,322,4.25,1,20428,6,Humano,Raiva,628,Janela_Baseline
20444,17,553,324,4.27,1,20444,6,Humano,Raiva,644,Janela_Baseline
20461,17,561,307,4.28,1,20461,6,Humano,Raiva,661,Janela_Baseline
20478,17,544,334,4.28,1,20478,6,Humano,Raiva,678,Janela_Baseline
20494,17,557,308,4.27,1,20494,6,Humano,Raiva,694,Janela_Baseline
20511,17,547,333,4.27,1,20511,6,Humano,Raiva,711,Janela_Baseline
20528,17,552,314,4.32,1,20528,6,Humano,Raiva,728,Janela_Baseline
20544,17,551,323,4.28,1,20544,6,Humano,Raiva,744,Janela_Baseline
20561,17,549,318,4.32,1,20561,6,Humano,Raiva,761,Janela_Baseline
20578,17,552,326,4.35,1,20578,6,Humano,Raiva,778,Janela_Baseline
20594,17,555,320,4.33,1,20594,6,Humano,Raiva,794,Janela_Baseline
20611,17,561,325,4.43,1,20611,6,Humano,Raiva,811,Janela_Baseline
20627,17,556,304,4.4,1,20627,6,Humano,Raiva,827,Janela_Baseline
20644,17,542,346,4.38,1,20644,6,Humano,Raiva,844,Janela_Baseline
20661,17,553,331,4.46,1,20661,6,Humano,Raiva,861,Janela_Baseline
20677,17,552,324,4.41,1,20677,6,Humano,Raiva,877,Janela_Baseline
20694,17,555,322,4.38,1,20694,6,Humano,Raiva,894,Janela_Baseline
20711,17,545,329,4.38,1,20711,6,Humano,Raiva,911,Janela_Baseline
20727,17,552,314,4.36,1,20727,6,Humano,Raiva,927,Janela_Baseline
20744,17,547,335,4.46,1,20744,6,Humano,Raiva,944,Janela_Baseline
20761,17,563,302,4.41,1,20761,6,Humano,Raiva,961,Janela_Baseline
20777,17,547,313,4.54,1,20777,6,Humano,Raiva,977,Janela_Baseline
20794,17,549,322,4.49,1,20794,6,Humano,Raiva,994,Janela_Baseline
20810,17,549,339,4.52,1,20810,6,Humano,Raiva,1010,Janela_Baseline
20827,17,548,332,4.54,1,20827,6,Humano,Raiva,1027,Janela_Baseline
20844,17,489,334,4.59,1,20844,6,Humano,Raiva,1044,Janela_Baseline
20860,17,446,329,4.6,1,20860,6,Humano,Raiva,1060,Janela_Baseline
20877,17,436,322,4.56,1,20877,6,Humano,Raiva,1077,Janela_Baseline
20894,17,442,319,4.59,1,20894,6,Humano,Raiva,1094,Janela_Baseline
20910,17,445,320,4.48,1,20910,6,Humano,Raiva,1110,Janela_Baseline
20927,17,442,327,4.6,1,20927,6,Humano,Raiva,1127,Janela_Baseline
20944,17,440,325,4.56,1,20944,6,Humano,Raiva,1144,Janela_Baseline
20960,17,441,316,4.64,1,20960,6,Humano,Raiva,1160,Janela_Baseline
20977,17,449,312,4.56,1,20977,6,Humano,Raiva,1177,Janela_Baseline
20993,17,446,319,4.65,1,20993,6,Humano,Raiva,1193,Janela_Baseline
21010,17,447,317,4.59,1,21010,6,Humano,Raiva,1210,Janela_Baseline
21027,17,445,317,4.59,1,21027,6,Humano,Raiva,1227,Janela_Baseline
21043,17,454,311,4.65,1,21043,6,Humano,Raiva,1243,Janela_Baseline
21060,17,450,316,4.64,1,21060,6,Humano,Raiva,1260,Janela_Baseline
21077,17,440,324,4.72,1,21077,6,Humano,Raiva,1277,Janela_Baseline
21093,17,440,315,4.64,1,21093,6,Humano,Raiva,1293,Janela_Baseline
21110,17,428,320,4.7,1,21110,6,Humano,Raiva,1310,Exposicao_Face
21127,17,411,312,4.6,1,21127,6,Humano,Raiva,1327,Exposicao_Face
21143,17,383,327,4.57,1,21143,6,Humano,Raiva,1343,Exposicao_Face
21160,17,396,321,4.54,1,21160,6,Humano,Raiva,1360,Exposicao_Face
21176,17,405,303,4.52,1,21176,6,Humano,Raiva,1376,Exposicao_Face
21193,17,392,331,4.57,1,21193,6,Humano,Raiva,1393,Exposicao_Face
21210,17,397,322,4.56,1,21210,6,Humano,Raiva,1410,Exposicao_Face
21226,17,402,315,4.6,1,21226,6,Humano,Raiva,1426,Exposicao_Face
21243,17,395,318,4.62,1,21243,6,Humano,Raiva,1443,Exposicao_Face
21343,100,408,320,4.54,1,21343,6,Humano,Raiva,1543,Exposicao_Face
21343,0,408,320,4.54,1,21343,6,Humano,Raiva,1543,Exposicao_Face
21359,17,401,320,4.49,1,21359,6,Humano,Raiva,1559,Exposicao_Face
21376,17,399,313,4.57,1,21376,6,Humano,Raiva,1576,Exposicao_Face
21393,17,406,317,4.49,1,21393,6,Humano,Raiva,1593,Exposicao_Face
21409,17,412,311,4.49,1,21409,6,Humano,Raiva,1609,Exposicao_Face
21426,17,416,307,4.44,1,21426,6,Humano,Raiva,1626,Exposicao_Face
21443,17,408,313,4.48,1,21443,6,Humano,Raiva,1643,Exposicao_Face
21459,17,412,321,4.52,1,21459,6,Humano,Raiva,1659,Exposicao_Face
21476,17,399,327,4.48,1,21476,6,Humano,Raiva,1676,Exposicao_Face
21492,17,405,315,4.49,1,21492,6,Humano,Raiva,1692,Exposicao_Face
21509,17,398,327,4.44,1,21509,6,Humano,Raiva,1709,Exposicao_Face
21526,17,402,329,4.49,1,21526,6,Humano,Raiva,1726,Exposicao_Face
21542,17,407,313,4.49,1,21542,6,Humano,Raiva,1742,Exposicao_Face
21559,17,411,312,4.54,1,21559,6,Humano,Raiva,1759,Exposicao_Face
21576,17,415,307,4.38,1,21576,6,Humano,Raiva,1776,Exposicao_Face
21592,17,406,316,4.38,1,21592,6,Humano,Raiva,1792,Exposicao_Face
21609,17,410,308,4.44,1,21609,6,Humano,Raiva,1809,Exposicao_Face
21626,17,410,314,4.44,1,21626,6,Humano,Raiva,1826,Exposicao_Face
21642,17,408,321,4.49,1,21642,6,Humano,Raiva,1842,Exposicao_Face
21659,17,413,318,4.51,1,21659,6,Humano,Raiva,1859,Exposicao_Face
21675,17,407,317,4.46,1,21675,6,Humano,Raiva,1875,Exposicao_Face
21692,17,407,328,4.54,1,21692,6,Humano,Raiva,1892,Exposicao_Face
21742,50,412,315,4.48,1,21742,6,Humano,Raiva,1942,Exposicao_Face
21742,0,412,315,4.48,1,21742,6,Humano,Raiva,1942,Exposicao_Face
21759,17,406,326,4.54,1,21759,6,Humano,Raiva,1959,Exposicao_Face
21775,17,406,322,4.59,1,21775,6,Humano,Raiva,1975,Exposicao_Face
21792,17,429,315,4.51,1,21792,6,Humano,Raiva,1992,Exposicao_Face
21809,17,412,327,4.52,1,21809,6,Humano,Raiva,2009,Exposicao_Face
21825,17,402,334,4.46,1,21825,6,Humano,Raiva,2025,Exposicao_Face
21858,33,413,318,4.51,1,21858,6,Humano,Raiva,2058,Exposicao_Face
21875,17,409,319,4.56,1,21875,6,Humano,Raiva,2075,Exposicao_Face
21892,17,413,319,4.56,1,21892,6,Humano,Raiva,2092,Exposicao_Face
21908,17,404,323,4.54,1,21908,6,Humano,Raiva,2108,Exposicao_Face
21925,17,413,310,4.48,1,21925,6,Humano,Raiva,2125,Exposicao_Face
21942,17,420,312,4.49,1,21942,6,Humano,Raiva,2142,Exposicao_Face
21958,17,408,316,4.52,1,21958,6,Humano,Raiva,2158,Exposicao_Face
21975,17,411,319,4.52,1,21975,6,Humano,Raiva,2175,Exposicao_Face
21992,17,411,315,4.48,1,21992,6,Humano,Raiva,2192,Exposicao_Face
22008,17,412,317,4.57,1,22008,6,Humano,Raiva,2208,Exposicao_Face
22025,17,411,324,4.57,1,22025,6,Humano,Raiva,2225,Exposicao_Face
22041,17,412,314,4.54,1,22041,6,Humano,Raiva,2241,Exposicao_Face
22058,17,418,302,4.56,1,22058,6,Humano,Raiva,2258,Exposicao_Face
22075,17,408,323,4.51,1,22075,6,Humano,Raiva,2275,Exposicao_Face
22091,17,405,322,4.57,1,22091,6,Humano,Raiva,2291,Exposicao_Face
22108,17,407,325,4.64,1,22108,6,Humano,Raiva,2308,Exposicao_Face
22125,17,413,319,4.56,1,22125,6,Humano,Raiva,2325,Exposicao_Face
22141,17,404,330,4.68,1,22141,6,Humano,Raiva,2341,Exposicao_Face
22158,17,395,330,4.67,1,22158,6,Humano,Raiva,2358,Exposicao_Face
22175,17,408,319,4.57,1,22175,6,Humano,Raiva,2375,Exposicao_Face
22191,17,406,327,4.65,1,22191,6,Humano,Raiva,2391,Exposicao_Face
22208,17,413,330,4.64,1,22208,6,Humano,Raiva,2408,Exposicao_Face
22224,17,464,333,4.59,1,22224,6,Humano,Raiva,2424,Exposicao_Face
22241,17,527,315,4.54,1,22241,6,Humano,Raiva,2441,Exposicao_Face
22258,17,534,329,4.57,1,22258,6,Humano,Raiva,2458,Exposicao_Face
22274,17,528,345,4.62,1,22274,6,Humano,Raiva,2474,Exposicao_Face
22291,17,533,336,4.68,1,22291,6,Humano,Raiva,2491,Exposicao_Face
22308,17,542,336,4.65,1,22308,6,Humano,Raiva,2508,Exposicao_Face
22324,17,541,344,4.62,1,22324,6,Humano,Raiva,2524,Exposicao_Face
22341,17,527,346,4.59,1,22341,6,Humano,Raiva,2541,Exposicao_Face
22358,17,535,344,4.64,1,22358,6,Humano,Raiva,2558,Exposicao_Face
22374,17,538,330,4.6,1,22374,6,Humano,Raiva,2574,Exposicao_Face
22391,17,534,339,4.62,1,22391,6,Humano,Raiva,2591,Exposicao_Face
22407,17,526,343,4.72,1,22407,6,Humano,Raiva,2607,Exposicao_Face
22424,17,533,347,4.59,1,22424,6,Humano,Raiva,2624,Exposicao_Face
22441,17,536,336,4.7,1,22441,6,Humano,Raiva,2641,Exposicao_Face
22457,17,541,335,4.54,1,22457,6,Humano,Raiva,2657,Exposicao_Face
22474,17,539,342,4.6,1,22474,6,Humano,Raiva,2674,Exposicao_Face
22491,17,547,335,4.59,1,22491,6,Humano,Raiva,2691,Exposicao_Face
22507,17,542,329,4.62,1,22507,6,Humano,Raiva,2707,Exposicao_Face
22524,17,543,342,4.59,1,22524,6,Humano,Raiva,2724,Exposicao_Face
22540,17,546,341,4.6,1,22540,6,Humano,Raiva,2740,Exposicao_Face
22557,17,544,339,4.52,1,22557,6,Humano,Raiva,2757,Exposicao_Face
22574,17,540,338,4.57,1,22574,6,Humano,Raiva,2774,Exposicao_Face
22590,17,535,357,4.56,1,22590,6,Humano,Raiva,2790,Exposicao_Face
22607,17,536,337,4.59,1,22607,6,Humano,Raiva,2807,Exposicao_Face
22624,17,550,329,4.51,1,22624,6,Humano,Raiva,2824,Exposicao_Face
22640,17,551,326,4.52,1,22640,6,Humano,Raiva,2840,Exposicao_Face
22657,17,553,334,4.49,1,22657,6,Humano,Raiva,2857,Exposicao_Face
22674,17,548,331,4.44,1,22674,6,Humano,Raiva,2874,Exposicao_Face
22690,17,550,337,4.52,1,22690,6,Humano,Raiva,2890,Exposicao_Face
22707,17,542,342,4.46,1,22707,6,Humano,Raiva,2907,Exposicao_Face
22723,17,552,335,4.54,1,22723,6,Humano,Raiva,2923,Exposicao_Face
22740,17,550,339,4.51,1,22740,6,Humano,Raiva,2940,Exposicao_Face
22757,17,530,347,4.57,1,22757,6,Humano,Raiva,2957,Exposicao_Face
22773,17,538,356,4.49,1,22773,6,Humano,Raiva,2973,Exposicao_Face
22890,116,752,469,0.0,3,22890,6,Humano,Raiva,3090,Exposicao_Face
22906,17,555,479,4.33,3,22906,6,Humano,Raiva,3106,Exposicao_Face
22923,17,612,315,4.33,1,22923,6,Humano,Raiva,3123,Exposicao_Face
22940,17,611,302,4.33,1,22940,6,Humano,Raiva,3140,Exposicao_Face
22956,17,605,295,4.4,1,22956,6,Humano,Raiva,3156,Exposicao_Face
22973,17,612,300,4.33,1,22973,6,Humano,Raiva,3173,Exposicao_Face
22990,17,601,311,4.3,1,22990,6,Humano,Raiva,3190,Exposicao_Face
23006,17,613,313,4.44,1,23006,6,Humano,Raiva,3206,Exposicao_Face
23023,17,609,320,4.44,1,23023,6,Humano,Raiva,3223,Exposicao_Face
23040,17,635,282,4.36,1,23040,6,Humano,Raiva,3240,Exposicao_Face
23056,17,620,278,4.28,1,23056,6,Humano,Raiva,3256,Exposicao_Face
23073,17,625,272,4.36,1,23073,6,Humano,Raiva,3273,Exposicao_Face
23089,17,616,316,4.33,1,23089,6,Humano,Raiva,3289,Exposicao_Face
23106,17,616,293,4.4,1,23106,6,Humano,Raiva,3306,Exposicao_Face
23123,17,612,303,4.35,1,23123,6,Humano,Raiva,3323,Exposicao_Face
23139,17,611,283,4.36,1,23139,6,Humano,Raiva,3339,Exposicao_Face
23156,17,606,297,4.32,1,23156,6,Humano,Raiva,3356,Exposicao_Face
23173,17,620,279,4.33,1,23173,6,Humano,Raiva,3373,Exposicao_Face
23189,17,605,312,4.33,1,23189,6,Humano,Raiva,3389,Exposicao_Face
23206,17,602,304,4.4,1,23206,6,Humano,Raiva,3406,Exposicao_Face
23223,17,622,293,4.24,1,23223,6,Humano,Raiva,3423,Exposicao_Face
23239,17,490,357,4.38,1,23239,6,Humano,Raiva,3439,Exposicao_Face
23256,17,488,352,4.3,1,23256,6,Humano,Raiva,3456,Exposicao_Face
23272,17,452,374,4.28,2,23272,6,Humano,Raiva,3472,Exposicao_Face
23289,17,460,363,4.27,0,23289,6,Humano,Raiva,3489,Exposicao_Face
23306,17,472,362,4.33,1,23306,6,Humano,Raiva,3506,Exposicao_Face
23322,17,462,364,4.27,0,23322,6,Humano,Raiva,3522,Exposicao_Face
23339,17,468,359,4.15,1,23339,6,Humano,Raiva,3539,Exposicao_Face
23356,17,479,365,4.19,2,23356,6,Humano,Raiva,3556,Exposicao_Face
23372,17,466,362,4.19,1,23372,6,Humano,Raiva,3572,Exposicao_Face
23389,17,481,355,4.14,1,23389,6,Humano,Raiva,3589,Exposicao_Face
23406,17,466,370,4.14,2,23406,6,Humano,Raiva,3606,Exposicao_Face
23422,17,482,369,4.12,2,23422,6,Humano,Raiva,3622,Exposicao_Face
23439,17,468,360,4.09,1,23439,6,Humano,Raiva,3639,Exposicao_Face
23455,17,461,362,4.09,1,23455,6,Humano,Raiva,3655,Exposicao_Face
23472,17,464,368,4.07,2,23472,6,Humano,Raiva,3672,Exposicao_Face
23489,17,475,360,4.06,1,23489,6,Humano,Raiva,3689,Exposicao_Face
23505,17,455,381,4.19,2,23505,6,Humano,Raiva,3705,Exposicao_Face
23522,17,466,364,4.11,0,23522,6,Humano,Raiva,3722,Exposicao_Face
23539,17,463,364,4.01,0,23539,6,Humano,Raiva,3739,Exposicao_Face
23555,17,470,357,3.99,1,23555,6,Humano,Raiva,3755,Exposicao_Face
23572,17,473,359,3.98,1,23572,6,Humano,Raiva,3772,Exposicao_Face
23588,17,499,357,3.95,1,23588,6,Humano,Raiva,3788,Exposicao_Face
23605,17,478,356,3.96,1,23605,6,Humano,Raiva,3805,Exposicao_Face
23622,17,482,334,4.03,1,23622,6,Humano,Raiva,3822,Exposicao_Face
23638,17,479,340,3.91,1,23638,6,Humano,Raiva,3838,Exposicao_Face
23655,17,490,334,3.98,1,23655,6,Humano,Raiva,3855,Exposicao_Face
23672,17,489,337,3.95,1,23672,6,Humano,Raiva,3872,Exposicao_Face
23688,17,503,330,3.91,1,23688,6,Humano,Raiva,3888,Exposicao_Face
23705,17,480,340,3.93,1,23705,6,Humano,Raiva,3905,Exposicao_Face
23722,17,479,341,3.91,1,23722,6,Humano,Raiva,3922,Exposicao_Face
23738,17,488,342,3.98,1,23738,6,Humano,Raiva,3938,Exposicao_Face
23755,17,492,338,3.91,1,23755,6,Humano,Raiva,3955,Exposicao_Face
23771,17,477,342,3.99,1,23771,6,Humano,Raiva,3971,Exposicao_Face
23788,17,487,337,4.01,1,23788,6,Humano,Raiva,3988,Exposicao_Face
23805,17,479,344,3.9,1,23805,7,Humano,Feliz,5,Janela_Baseline
23821,17,482,336,3.91,1,23821,7,Humano,Feliz,21,Janela_Baseline
23838,17,487,337,3.98,1,23838,7,Humano,Feliz,38,Janela_Baseline
23855,17,532,332,4.04,1,23855,7,Humano,Feliz,55,Janela_Baseline
23871,17,545,325,3.99,1,23871,7,Humano,Feliz,71,Janela_Baseline
23888,17,563,322,3.98,1,23888,7,Humano,Feliz,88,Janela_Baseline
23905,17,564,316,3.95,1,23905,7,Humano,Feliz,105,Janela_Baseline
23921,17,568,329,3.96,1,23921,7,Humano,Feliz,121,Janela_Baseline
23938,17,570,316,4.01,1,23938,7,Humano,Feliz,138,Janela_Baseline
23954,17,560,316,4.01,1,23954,7,Humano,Feliz,154,Janela_Baseline
23971,17,558,327,4.01,1,23971,7,Humano,Feliz,171,Janela_Baseline
23988,17,564,314,4.03,1,23988,7,Humano,Feliz,188,Janela_Baseline
24004,17,566,308,4.07,1,24004,7,Humano,Feliz,204,Janela_Baseline
24021,17,565,318,4.07,1,24021,7,Humano,Feliz,221,Janela_Baseline
24038,17,560,323,4.01,1,24038,7,Humano,Feliz,238,Janela_Baseline
24054,17,553,328,4.06,1,24054,7,Humano,Feliz,254,Janela_Baseline
24071,17,563,317,4.07,1,24071,7,Humano,Feliz,271,Janela_Baseline
24088,17,553,331,4.14,1,24088,7,Humano,Feliz,288,Janela_Baseline
24104,17,558,317,4.06,1,24104,7,Humano,Feliz,304,Janela_Baseline
24121,17,565,315,4.12,1,24121,7,Humano,Feliz,321,Janela_Baseline
24137,17,557,326,4.09,1,24137,7,Humano,Feliz,337,Janela_Baseline
24154,17,516,373,4.15,2,24154,7,Humano,Feliz,354,Janela_Baseline
24171,17,486,388,4.2,2,24171,7,Humano,Feliz,371,Janela_Baseline
24187,17,476,407,4.33,2,24187,7,Humano,Feliz,387,Janela_Baseline
24204,17,485,393,4.14,2,24204,7,Humano,Feliz,404,Janela_Baseline
24221,17,481,386,4.2,2,24221,7,Humano,Feliz,421,Janela_Baseline
24237,17,485,376,4.2,2,24237,7,Humano,Feliz,437,Janela_Baseline
24254,17,492,383,4.24,2,24254,7,Humano,Feliz,454,Janela_Baseline
24271,17,482,388,4.15,2,24271,7,Humano,Feliz,471,Janela_Baseline
24287,17,481,394,4.2,2,24287,7,Humano,Feliz,487,Janela_Baseline
24304,17,494,390,4.24,2,24304,7,Humano,Feliz,504,Janela_Baseline
24320,17,488,407,4.3,2,24320,7,Humano,Feliz,520,Janela_Baseline
24337,17,493,376,4.32,2,24337,7,Humano,Feliz,537,Janela_Baseline
24354,17,486,390,4.3,2,24354,7,Humano,Feliz,554,Janela_Baseline
24370,17,481,393,4.35,2,24370,7,Humano,Feliz,570,Janela_Baseline
24387,17,493,390,4.35,2,24387,7,Humano,Feliz,587,Janela_Baseline
24404,17,474,392,4.32,2,24404,7,Humano,Feliz,604,Janela_Baseline
24420,17,489,387,4.35,2,24420,7,Humano,Feliz,620,Janela_Baseline
24437,17,502,392,4.38,2,24437,7,Humano,Feliz,637,Janela_Baseline
24454,17,476,391,4.35,2,24454,7,Humano,Feliz,654,Janela_Baseline
24470,17,478,399,4.4,2,24470,7,Humano,Feliz,670,Janela_Baseline
24487,17,492,391,4.41,2,24487,7,Humano,Feliz,687,Janela_Baseline
24503,17,467,392,4.35,2,24503,7,Humano,Feliz,703,Janela_Baseline
24520,17,479,393,4.46,2,24520,7,Humano,Feliz,720,Janela_Baseline
24537,17,468,401,4.52,2,24537,7,Humano,Feliz,737,Janela_Baseline
24553,17,476,396,4.49,2,24553,7,Humano,Feliz,753,Janela_Baseline
24570,17,439,380,4.43,2,24570,7,Humano,Feliz,770,Janela_Baseline
24587,17,441,393,4.51,2,24587,7,Humano,Feliz,787,Janela_Baseline
24620,33,440,383,4.44,2,24620,7,Humano,Feliz,820,Janela_Baseline
24637,17,435,388,4.6,2,24637,7,Humano,Feliz,837,Janela_Baseline
24653,17,435,385,4.46,2,24653,7,Humano,Feliz,853,Janela_Baseline
24670,17,434,387,4.48,2,24670,7,Humano,Feliz,870,Janela_Baseline
24686,17,439,380,4.43,2,24686,7,Humano,Feliz,886,Janela_Baseline
24703,17,433,393,4.48,2,24703,7,Humano,Feliz,903,Janela_Baseline
24736,33,431,391,4.57,2,24736,7,Humano,Feliz,936,Janela_Baseline
24753,17,428,396,4.57,2,24753,7,Humano,Feliz,953,Janela_Baseline
24770,17,429,391,4.54,2,24770,7,Humano,Feliz,970,Janela_Baseline
24786,17,431,390,4.57,2,24786,7,Humano,Feliz,986,Janela_Baseline
24803,17,429,397,4.64,2,24803,7,Humano,Feliz,1003,Janela_Baseline
24819,17,443,377,4.54,2,24819,7,Humano,Feliz,1019,Janela_Baseline
24836,17,439,382,4.57,2,24836,7,Humano,Feliz,1036,Janela_Baseline
24853,17,430,389,4.64,2,24853,7,Humano,Feliz,1053,Janela_Baseline
24869,17,437,395,4.67,2,24869,7,Humano,Feliz,1069,Janela_Baseline
24886,17,461,344,4.65,1,24886,7,Humano,Feliz,1086,Janela_Baseline
24903,17,481,334,4.6,1,24903,7,Humano,Feliz,1103,Janela_Baseline
24919,17,482,322,4.56,1,24919,7,Humano,Feliz,1119,Janela_Baseline
24936,17,495,323,4.62,1,24936,7,Humano,Feliz,1136,Janela_Baseline
24953,17,479,319,4.64,1,24953,7,Humano,Feliz,1153,Janela_Baseline
24969,17,486,332,4.59,1,24969,7,Humano,Feliz,1169,Janela_Baseline
24986,17,472,335,4.64,1,24986,7,Humano,Feliz,1186,Janela_Baseline
25002,17,487,319,4.54,1,25002,7,Humano,Feliz,1202,Janela_Baseline
25019,17,478,325,4.65,1,25019,7,Humano,Feliz,1219,Janela_Baseline
25036,17,485,326,4.68,1,25036,7,Humano,Feliz,1236,Janela_Baseline
25052,17,482,328,4.72,1,25052,7,Humano,Feliz,1252,Janela_Baseline
25069,17,488,319,4.62,1,25069,7,Humano,Feliz,1269,Janela_Baseline
25086,17,489,332,4.65,1,25086,7,Humano,Feliz,1286,Janela_Baseline
25119,33,551,327,4.64,1,25119,7,Humano,Feliz,1319,Exposicao_Face
25136,17,554,322,4.68,1,25136,7,Humano,Feliz,1336,Exposicao_Face
25152,17,568,315,4.6,1,25152,7,Humano,Feliz,1352,Exposicao_Face
25169,17,562,322,4.67,1,25169,7,Humano,Feliz,1369,Exposicao_Face
25185,17,555,325,4.6,1,25185,7,Humano,Feliz,1385,Exposicao_Face
25202,17,552,326,4.65,1,25202,7,Humano,Feliz,1402,Exposicao_Face
25219,17,550,343,4.65,1,25219,7,Humano,Feliz,1419,Exposicao_Face
25235,17,564,328,4.64,1,25235,7,Humano,Feliz,1435,Exposicao_Face
25252,17,565,334,4.62,1,25252,7,Humano,Feliz,1452,Exposicao_Face
25269,17,553,328,4.64,1,25269,7,Humano,Feliz,1469,Exposicao_Face
25285,17,558,335,4.65,1,25285,7,Humano,Feliz,1485,Exposicao_Face
25302,17,558,320,4.67,1,25302,7,Humano,Feliz,1502,Exposicao_Face
25319,17,557,326,4.67,1,25319,7,Humano,Feliz,1519,Exposicao_Face
25335,17,560,329,4.68,1,25335,7,Humano,Feliz,1535,Exposicao_Face
25352,17,568,314,4.6,1,25352,7,Humano,Feliz,1552,Exposicao_Face
25368,17,554,317,4.64,1,25368,7,Humano,Feliz,1568,Exposicao_Face
25385,17,566,332,4.64,1,25385,7,Humano,Feliz,1585,Exposicao_Face
25402,17,571,340,4.67,1,25402,7,Humano,Feliz,1602,Exposicao_Face
25418,17,551,339,4.76,1,25418,7,Humano,Feliz,1618,Exposicao_Face
25435,17,547,332,4.73,1,25435,7,Humano,Feliz,1635,Exposicao_Face
25452,17,549,335,4.76,1,25452,7,Humano,Feliz,1652,Exposicao_Face
25468,17,552,331,4.7,1,25468,7,Humano,Feliz,1668,Exposicao_Face
25485,17,472,346,4.81,1,25485,7,Humano,Feliz,1685,Exposicao_Face
25502,17,438,333,4.65,1,25502,7,Humano,Feliz,1702,Exposicao_Face
25518,17,440,326,4.64,1,25518,7,Humano,Feliz,1718,Exposicao_Face
25535,17,438,325,4.64,1,25535,7,Humano,Feliz,1735,Exposicao_Face
25551,17,431,331,4.67,1,25551,7,Humano,Feliz,1751,Exposicao_Face
25568,17,436,326,4.65,1,25568,7,Humano,Feliz,1768,Exposicao_Face
25585,17,435,324,4.64,1,25585,7,Humano,Feliz,1785,Exposicao_Face
25601,17,440,320,4.64,1,25601,7,Humano,Feliz,1801,Exposicao_Face
25618,17,430,329,4.68,1,25618,7,Humano,Feliz,1818,Exposicao_Face
25635,17,440,340,4.72,1,25635,7,Humano,Feliz,1835,Exposicao_Face
25651,17,440,324,4.64,1,25651,7,Humano,Feliz,1851,Exposicao_Face
25668,17,427,343,4.72,1,25668,7,Humano,Feliz,1868,Exposicao_Face
25685,17,435,325,4.75,1,25685,7,Humano,Feliz,1885,Exposicao_Face
25701,17,408,328,4.68,1,25701,7,Humano,Feliz,1901,Exposicao_Face
25718,17,416,321,4.62,1,25718,7,Humano,Feliz,1918,Exposicao_Face
25734,17,413,317,4.67,1,25734,7,Humano,Feliz,1934,Exposicao_Face
25751,17,420,310,4.67,1,25751,7,Humano,Feliz,1951,Exposicao_Face
25768,17,418,324,4.73,1,25768,7,Humano,Feliz,1968,Exposicao_Face
25784,17,420,313,4.67,1,25784,7,Humano,Feliz,1984,Exposicao_Face
25801,17,409,322,4.68,1,25801,7,Humano,Feliz,2001,Exposicao_Face
25818,17,417,316,4.73,1,25818,7,Humano,Feliz,2018,Exposicao_Face
25834,17,418,312,4.76,1,25834,7,Humano,Feliz,2034,Exposicao_Face
25851,17,417,315,4.75,1,25851,7,Humano,Feliz,2051,Exposicao_Face
25868,17,413,311,4.64,1,25868,7,Humano,Feliz,2068,Exposicao_Face
25884,17,411,318,4.68,1,25884,7,Humano,Feliz,2084,Exposicao_Face
25901,17,495,327,4.59,1,25901,7,Humano,Feliz,2101,Exposicao_Face
25917,17,546,313,4.68,1,25917,7,Humano,Feliz,2117,Exposicao_Face
25934,17,539,325,4.72,1,25934,7,Humano,Feliz,2134,Exposicao_Face
25951,17,560,317,4.73,1,25951,7,Humano,Feliz,2151,Exposicao_Face
25967,17,549,332,4.7,1,25967,7,Humano,Feliz,2167,Exposicao_Face
25984,17,554,310,4.75,1,25984,7,Humano,Feliz,2184,Exposicao_Face
26001,17,536,331,4.64,1,26001,7,Humano,Feliz,2201,Exposicao_Face
26017,17,542,329,4.67,1,26017,7,Humano,Feliz,2217,Exposicao_Face
26034,17,542,326,4.65,1,26034,7,Humano,Feliz,2234,Exposicao_Face
26050,17,535,330,4.73,1,26050,7,Humano,Feliz,2250,Exposicao_Face
26067,17,561,322,4.7,1,26067,7,Humano,Feliz,2267,Exposicao_Face
26084,17,544,342,4.81,1,26084,7,Humano,Feliz,2284,Exposicao_Face
26100,17,553,324,4.6,1,26100,7,Humano,Feliz,2300,Exposicao_Face
26117,17,547,324,4.68,1,26117,7,Humano,Feliz,2317,Exposicao_Face
26134,17,554,319,4.6,1,26134,7,Humano,Feliz,2334,Exposicao_Face
26150,17,553,317,4.64,1,26150,7,Humano,Feliz,2350,Exposicao_Face
26167,17,531,332,4.7,1,26167,7,Humano,Feliz,2367,Exposicao_Face
26184,17,549,319,4.72,1,26184,7,Humano,Feliz,2384,Exposicao_Face
26200,17,546,324,4.67,1,26200,7,Humano,Feliz,2400,Exposicao_Face
26217,17,559,311,4.65,1,26217,7,Humano,Feliz,2417,Exposicao_Face
26233,17,541,322,4.7,1,26233,7,Humano,Feliz,2433,Exposicao_Face
26250,17,539,320,4.68,1,26250,7,Humano,Feliz,2450,Exposicao_Face
26267,17,574,316,4.65,1,26267,7,Humano,Feliz,2467,Exposicao_Face
26283,17,558,311,4.62,1,26283,7,Humano,Feliz,2483,Exposicao_Face
26300,17,543,326,4.68,1,26300,7,Humano,Feliz,2500,Exposicao_Face
26317,17,550,317,4.59,1,26317,7,Humano,Feliz,2517,Exposicao_Face
26333,17,550,323,4.67,1,26333,7,Humano,Feliz,2533,Exposicao_Face
26350,17,551,321,4.67,1,26350,7,Humano,Feliz,2550,Exposicao_Face
26367,17,556,312,4.67,1,26367,7,Humano,Feliz,2567,Exposicao_Face
26383,17,554,323,4.7,1,26383,7,Humano,Feliz,2583,Exposicao_Face
26400,17,539,323,4.75,1,26400,7,Humano,Feliz,2600,Exposicao_Face
26416,17,547,325,4.78,1,26416,7,Humano,Feliz,2616,Exposicao_Face
26433,17,549,328,4.67,1,26433,7,Humano,Feliz,2633,Exposicao_Face
26450,17,564,325,4.73,1,26450,7,Humano,Feliz,2650,Exposicao_Face
26466,17,573,321,4.68,1,26466,7,Humano,Feliz,2666,Exposicao_Face
26483,17,547,331,4.83,1,26483,7,Humano,Feliz,2683,Exposicao_Face
26500,17,561,315,4.75,1,26500,7,Humano,Feliz,2700,Exposicao_Face
26516,17,481,363,4.68,0,26516,7,Humano,Feliz,2716,Exposicao_Face
26533,17,496,338,4.81,1,26533,7,Humano,Feliz,2733,Exposicao_Face
26550,17,477,347,4.75,1,26550,7,Humano,Feliz,2750,Exposicao_Face
26566,17,468,355,4.78,1,26566,7,Humano,Feliz,2766,Exposicao_Face
26583,17,471,355,4.84,1,26583,7,Humano,Feliz,2783,Exposicao_Face
26599,17,474,351,4.78,1,26599,7,Humano,Feliz,2799,Exposicao_Face
26616,17,482,336,4.7,1,26616,7,Humano,Feliz,2816,Exposicao_Face
26633,17,479,338,4.83,1,26633,7,Humano,Feliz,2833,Exposicao_Face
26649,17,468,338,4.83,1,26649,7,Humano,Feliz,2849,Exposicao_Face
26666,17,469,354,4.81,1,26666,7,Humano,Feliz,2866,Exposicao_Face
26683,17,476,350,4.72,1,26683,7,Humano,Feliz,2883,Exposicao_Face
26699,17,474,343,4.65,1,26699,7,Humano,Feliz,2899,Exposicao_Face
26716,17,470,337,4.65,1,26716,7,Humano,Feliz,2916,Exposicao_Face
26733,17,465,347,4.67,1,26733,7,Humano,Feliz,2933,Exposicao_Face
26749,17,462,351,4.68,1,26749,7,Humano,Feliz,2949,Exposicao_Face
26766,17,470,351,4.68,1,26766,7,Humano,Feliz,2966,Exposicao_Face
26782,17,476,343,4.62,1,26782,7,Humano,Feliz,2982,Exposicao_Face
26799,17,474,341,4.67,1,26799,7,Humano,Feliz,2999,Exposicao_Face
26816,17,467,344,4.6,1,26816,7,Humano,Feliz,3016,Exposicao_Face
26832,17,471,352,4.6,1,26832,7,Humano,Feliz,3032,Exposicao_Face
26849,17,482,342,4.62,1,26849,7,Humano,Feliz,3049,Exposicao_Face
26866,17,471,345,4.7,1,26866,7,Humano,Feliz,3066,Exposicao_Face
26882,17,470,353,4.64,1,26882,7,Humano,Feliz,3082,Exposicao_Face
26899,17,460,360,4.59,1,26899,7,Humano,Feliz,3099,Exposicao_Face
26916,17,441,410,4.51,2,26916,7,Humano,Feliz,3116,Exposicao_Face
27082,166,263,600,4.4,3,27082,7,Humano,Feliz,3282,Exposicao_Face
27098,17,359,454,4.64,3,27098,7,Humano,Feliz,3298,Exposicao_Face
27115,17,418,351,4.46,1,27115,7,Humano,Feliz,3315,Exposicao_Face
27132,17,414,355,4.49,1,27132,7,Humano,Feliz,3332,Exposicao_Face
27148,17,423,344,4.52,1,27148,7,Humano,Feliz,3348,Exposicao_Face
27165,17,409,365,4.62,2,27165,7,Humano,Feliz,3365,Exposicao_Face
27182,17,416,355,4.54,1,27182,7,Humano,Feliz,3382,Exposicao_Face
27198,17,410,369,4.65,2,27198,7,Humano,Feliz,3398,Exposicao_Face
27215,17,419,365,4.62,2,27215,7,Humano,Feliz,3415,Exposicao_Face
27232,17,423,361,4.57,1,27232,7,Humano,Feliz,3432,Exposicao_Face
27248,17,416,366,4.6,2,27248,7,Humano,Feliz,3448,Exposicao_Face
27265,17,421,364,4.6,2,27265,7,Humano,Feliz,3465,Exposicao_Face
27281,17,422,362,4.6,1,27281,7,Humano,Feliz,3481,Exposicao_Face
27298,17,417,364,4.62,2,27298,7,Humano,Feliz,3498,Exposicao_Face
27315,17,424,358,4.54,1,27315,7,Humano,Feliz,3515,Exposicao_Face
27331,17,424,350,4.49,1,27331,7,Humano,Feliz,3531,Exposicao_Face
27348,17,412,362,4.57,1,27348,7,Humano,Feliz,3548,Exposicao_Face
27365,17,419,359,4.59,1,27365,7,Humano,Feliz,3565,Exposicao_Face
27381,17,409,371,4.62,2,27381,7,Humano,Feliz,3581,Exposicao_Face
27398,17,411,368,4.57,2,27398,7,Humano,Feliz,3598,Exposicao_Face
27415,17,426,368,4.62,2,27415,7,Humano,Feliz,3615,Exposicao_Face
27431,17,412,375,4.62,2,27431,7,Humano,Feliz,3631,Exposicao_Face
27448,17,425,371,4.57,2,27448,7,Humano,Feliz,3648,Exposicao_Face
27464,17,424,363,4.56,2,27464,7,Humano,Feliz,3664,Exposicao_Face
27481,17,415,375,4.54,2,27481,7,Humano,Feliz,3681,Exposicao_Face
27498,17,416,361,4.49,1,27498,7,Humano,Feliz,3698,Exposicao_Face
27514,17,419,369,4.46,2,27514,7,Humano,Feliz,3714,Exposicao_Face
27531,17,443,363,4.48,0,27531,7,Humano,Feliz,3731,Exposicao_Face
27548,17,511,339,4.44,1,27548,7,Humano,Feliz,3748,Exposicao_Face
27564,17,507,360,4.49,1,27564,7,Humano,Feliz,3764,Exposicao_Face
27581,17,525,334,4.36,1,27581,7,Humano,Feliz,3781,Exposicao_Face
27598,17,523,334,4.48,1,27598,7,Humano,Feliz,3798,Exposicao_Face
27614,17,517,340,4.33,1,27614,7,Humano,Feliz,3814,Exposicao_Face
27631,17,524,344,4.44,1,27631,7,Humano,Feliz,3831,Exposicao_Face
27647,17,525,335,4.44,1,27647,7,Humano,Feliz,3847,Exposicao_Face
27664,17,520,346,4.49,1,27664,7,Humano,Feliz,3864,Exposicao_Face
27681,17,523,341,4.46,1,27681,7,Humano,Feliz,3881,Exposicao_Face
27697,17,522,341,4.38,1,27697,7,Humano,Feliz,3897,Exposicao_Face
27714,17,513,351,4.36,1,27714,7,Humano,Feliz,3914,Exposicao_Face
27731,17,530,336,4.33,1,27731,7,Humano,Feliz,3931,Exposicao_Face
27747,17,525,333,4.32,1,27747,7,Humano,Feliz,3947,Exposicao_Face
27764,17,556,327,4.28,1,27764,7,Humano,Feliz,3964,Exposicao_Face
27781,17,545,341,4.35,1,27781,7,Humano,Feliz,3981,Exposicao_Face
27797,17,550,336,4.27,1,27797,7,Humano,Feliz,3997,Exposicao_Face
27814,17,551,341,4.36,1,27814,8,Humano,Neutro,14,Janela_Baseline
27830,17,554,330,4.3,1,27830,8,Humano,Neutro,30,Janela_Baseline
27847,17,561,327,4.3,1,27847,8,Humano,Neutro,47,Janela_Baseline
27864,17,545,342,4.19,1,27864,8,Humano,Neutro,64,Janela_Baseline
27880,17,548,337,4.33,1,27880,8,Humano,Neutro,80,Janela_Baseline
27897,17,544,333,4.32,1,27897,8,Humano,Neutro,97,Janela_Baseline
27914,17,555,331,4.17,1,27914,8,Humano,Neutro,114,Janela_Baseline
27930,17,553,341,4.27,1,27930,8,Humano,Neutro,130,Janela_Baseline
27947,17,546,336,4.2,1,27947,8,Humano,Neutro,147,Janela_Baseline
27964,17,543,340,4.25,1,27964,8,Humano,Neutro,164,Janela_Baseline
27980,17,557,325,4.22,1,27980,8,Humano,Neutro,180,Janela_Baseline
27997,17,548,332,4.27,1,27997,8,Humano,Neutro,197,Janela_Baseline
28013,17,556,327,4.19,1,28013,8,Humano,Neutro,213,Janela_Baseline
28030,17,543,333,4.15,1,28030,8,Humano,Neutro,230,Janela_Baseline
28047,17,548,331,4.27,1,28047,8,Humano,Neutro,247,Janela_Baseline
28063,17,547,335,4.12,1,28063,8,Humano,Neutro,263,Janela_Baseline
28080,17,551,340,4.3,1,28080,8,Humano,Neutro,280,Janela_Baseline
28097,17,510,354,4.15,1,28097,8,Humano,Neutro,297,Janela_Baseline
28113,17,460,389,4.09,2,28113,8,Humano,Neutro,313,Janela_Baseline
28130,17,431,396,4.14,2,28130,8,Humano,Neutro,330,Janela_Baseline
28147,17,449,387,4.22,2,28147,8,Humano,Neutro,347,Janela_Baseline
28163,17,470,382,4.17,2,28163,8,Humano,Neutro,363,Janela_Baseline
28180,17,441,394,4.27,2,28180,8,Humano,Neutro,380,Janela_Baseline
28196,17,434,402,4.28,2,28196,8,Humano,Neutro,396,Janela_Baseline
28213,17,436,402,4.24,2,28213,8,Humano,Neutro,413,Janela_Baseline
28230,17,444,389,4.27,2,28230,8,Humano,Neutro,430,Janela_Baseline
28246,17,439,391,4.3,2,28246,8,Humano,Neutro,446,Janela_Baseline
28263,17,438,399,4.24,2,28263,8,Humano,Neutro,463,Janela_Baseline
28280,17,439,403,4.28,2,28280,8,Humano,Neutro,480,Janela_Baseline
28296,17,453,407,4.32,2,28296,8,Humano,Neutro,496,Janela_Baseline
28313,17,446,392,4.09,2,28313,8,Humano,Neutro,513,Janela_Baseline
28329,17,438,397,4.25,2,28329,8,Humano,Neutro,529,Janela_Baseline
28346,17,436,392,4.3,2,28346,8,Humano,Neutro,546,Janela_Baseline
28363,17,434,405,4.32,2,28363,8,Humano,Neutro,563,Janela_Baseline
28379,17,438,395,4.17,2,28379,8,Humano,Neutro,579,Janela_Baseline
28396,17,442,392,4.27,2,28396,8,Humano,Neutro,596,Janela_Baseline
28413,17,444,389,4.25,2,28413,8,Humano,Neutro,613,Janela_Baseline
28429,17,447,395,4.3,2,28429,8,Humano,Neutro,629,Janela_Baseline
28446,17,445,399,4.25,2,28446,8,Humano,Neutro,646,Janela_Baseline
28463,17,450,389,4.25,2,28463,8,Humano,Neutro,663,Janela_Baseline
28479,17,455,395,4.33,2,28479,8,Humano,Neutro,679,Janela_Baseline
28496,17,450,396,4.35,2,28496,8,Humano,Neutro,696,Janela_Baseline
28512,17,450,383,4.35,2,28512,8,Humano,Neutro,712,Janela_Baseline
28529,17,456,398,4.35,2,28529,8,Humano,Neutro,729,Janela_Baseline
28546,17,450,389,4.38,2,28546,8,Humano,Neutro,746,Janela_Baseline
28562,17,439,407,4.35,2,28562,8,Humano,Neutro,762,Janela_Baseline
28579,17,469,411,4.48,2,28579,8,Humano,Neutro,779,Janela_Baseline
28596,17,438,397,4.41,2,28596,8,Humano,Neutro,796,Janela_Baseline
28612,17,442,396,4.4,2,28612,8,Humano,Neutro,812,Janela_Baseline
28629,17,443,393,4.4,2,28629,8,Humano,Neutro,829,Janela_Baseline
28646,17,442,400,4.43,2,28646,8,Humano,Neutro,846,Janela_Baseline
28662,17,443,406,4.57,2,28662,8,Humano,Neutro,862,Janela_Baseline
28679,17,447,393,4.48,2,28679,8,Humano,Neutro,879,Janela_Baseline
28695,17,449,391,4.52,2,28695,8,Humano,Neutro,895,Janela_Baseline
28712,17,447,396,4.49,2,28712,8,Humano,Neutro,912,Janela_Baseline
28729,17,451,391,4.43,2,28729,8,Humano,Neutro,929,Janela_Baseline
28745,17,440,401,4.46,2,28745,8,Humano,Neutro,945,Janela_Baseline
28762,17,446,402,4.52,2,28762,8,Humano,Neutro,962,Janela_Baseline
28779,17,444,387,4.51,2,28779,8,Humano,Neutro,979,Janela_Baseline
28795,17,447,402,4.52,2,28795,8,Humano,Neutro,995,Janela_Baseline
28812,17,445,398,4.49,2,28812,8,Humano,Neutro,1012,Janela_Baseline
28829,17,456,383,4.48,2,28829,8,Humano,Neutro,1029,Janela_Baseline
28845,17,446,394,4.51,2,28845,8,Humano,Neutro,1045,Janela_Baseline
28862,17,449,391,4.46,2,28862,8,Humano,Neutro,1062,Janela_Baseline
28878,17,443,390,4.4,2,28878,8,Humano,Neutro,1078,Janela_Baseline
28895,17,446,386,4.46,2,28895,8,Humano,Neutro,1095,Janela_Baseline
28912,17,440,407,4.54,2,28912,8,Humano,Neutro,1112,Janela_Baseline
28928,17,449,395,4.43,2,28928,8,Humano,Neutro,1128,Janela_Baseline
28945,17,459,389,4.44,2,28945,8,Humano,Neutro,1145,Janela_Baseline
28962,17,443,396,4.48,2,28962,8,Humano,Neutro,1162,Janela_Baseline
28978,17,445,394,4.54,2,28978,8,Humano,Neutro,1178,Janela_Baseline
28995,17,462,362,4.49,1,28995,8,Humano,Neutro,1195,Janela_Baseline
29012,17,490,358,4.51,1,29012,8,Humano,Neutro,1212,Janela_Baseline
29028,17,500,354,4.48,1,29028,8,Humano,Neutro,1228,Janela_Baseline
29045,17,494,361,4.52,1,29045,8,Humano,Neutro,1245,Janela_Baseline
29061,17,508,352,4.48,1,29061,8,Humano,Neutro,1261,Janela_Baseline
29078,17,516,366,4.54,2,29078,8,Humano,Neutro,1278,Janela_Baseline
29095,17,506,360,4.56,1,29095,8,Humano,Neutro,1295,Janela_Baseline
29111,17,507,357,4.56,1,29111,8,Humano,Neutro,1311,Exposicao_Face
29128,17,510,347,4.44,1,29128,8,Humano,Neutro,1328,Exposicao_Face
29145,17,500,362,4.65,1,29145,8,Humano,Neutro,1345,Exposicao_Face
29161,17,514,352,4.49,1,29161,8,Humano,Neutro,1361,Exposicao_Face
29178,17,506,361,4.48,1,29178,8,Humano,Neutro,1378,Exposicao_Face
29195,17,511,350,4.54,1,29195,8,Humano,Neutro,1395,Exposicao_Face
29211,17,535,346,4.57,1,29211,8,Humano,Neutro,1411,Exposicao_Face
29228,17,541,331,4.46,1,29228,8,Humano,Neutro,1428,Exposicao_Face
29244,17,531,362,4.59,1,29244,8,Humano,Neutro,1444,Exposicao_Face
29261,17,544,332,4.57,1,29261,8,Humano,Neutro,1461,Exposicao_Face
29278,17,540,333,4.54,1,29278,8,Humano,Neutro,1478,Exposicao_Face
29294,17,537,354,4.51,1,29294,8,Humano,Neutro,1494,Exposicao_Face
29311,17,544,341,4.6,1,29311,8,Humano,Neutro,1511,Exposicao_Face
29328,17,543,335,4.49,1,29328,8,Humano,Neutro,1528,Exposicao_Face
29344,17,536,349,4.59,1,29344,8,Humano,Neutro,1544,Exposicao_Face
29361,17,542,339,4.57,1,29361,8,Humano,Neutro,1561,Exposicao_Face
29377,17,541,347,4.51,1,29377,8,Humano,Neutro,1577,Exposicao_Face
29394,17,538,354,4.68,1,29394,8,Humano,Neutro,1594,Exposicao_Face
29411,17,535,354,4.54,1,29411,8,Humano,Neutro,1611,Exposicao_Face
29427,17,537,357,4.65,1,29427,8,Humano,Neutro,1627,Exposicao_Face
29444,17,533,348,4.64,1,29444,8,Humano,Neutro,1644,Exposicao_Face
29461,17,514,359,4.59,1,29461,8,Humano,Neutro,1661,Exposicao_Face
29477,17,440,393,4.6,2,29477,8,Humano,Neutro,1677,Exposicao_Face
29494,17,432,382,4.56,2,29494,8,Humano,Neutro,1694,Exposicao_Face
29511,17,430,387,4.59,2,29511,8,Humano,Neutro,1711,Exposicao_Face
29527,17,425,387,4.56,2,29527,8,Humano,Neutro,1727,Exposicao_Face
29544,17,421,391,4.6,2,29544,8,Humano,Neutro,1744,Exposicao_Face
29560,17,433,386,4.57,2,29560,8,Humano,Neutro,1760,Exposicao_Face
29577,17,438,383,4.67,2,29577,8,Humano,Neutro,1777,Exposicao_Face
29594,17,439,379,4.57,2,29594,8,Humano,Neutro,1794,Exposicao_Face
29610,17,434,382,4.64,2,29610,8,Humano,Neutro,1810,Exposicao_Face
29627,17,437,378,4.62,2,29627,8,Humano,Neutro,1827,Exposicao_Face
29644,17,430,388,4.56,2,29644,8,Humano,Neutro,1844,Exposicao_Face
29660,17,433,394,4.62,2,29660,8,Humano,Neutro,1860,Exposicao_Face
29677,17,440,375,4.62,2,29677,8,Humano,Neutro,1877,Exposicao_Face
29694,17,438,375,4.65,2,29694,8,Humano,Neutro,1894,Exposicao_Face
29710,17,439,382,4.6,2,29710,8,Humano,Neutro,1910,Exposicao_Face
29727,17,435,384,4.59,2,29727,8,Humano,Neutro,1927,Exposicao_Face
29743,17,437,387,4.62,2,29743,8,Humano,Neutro,1943,Exposicao_Face
29760,17,429,393,4.65,2,29760,8,Humano,Neutro,1960,Exposicao_Face
29777,17,439,384,4.64,2,29777,8,Humano,Neutro,1977,Exposicao_Face
29793,17,438,387,4.54,2,29793,8,Humano,Neutro,1993,Exposicao_Face
29810,17,437,394,4.65,2,29810,8,Humano,Neutro,2010,Exposicao_Face
29827,17,477,367,4.6,2,29827,8,Humano,Neutro,2027,Exposicao_Face
29843,17,512,345,4.57,1,29843,8,Humano,Neutro,2043,Exposicao_Face
29860,17,532,342,4.62,1,29860,8,Humano,Neutro,2060,Exposicao_Face
29877,17,535,344,4.57,1,29877,8,Humano,Neutro,2077,Exposicao_Face
29893,17,537,337,4.56,1,29893,8,Humano,Neutro,2093,Exposicao_Face
29910,17,534,329,4.52,1,29910,8,Humano,Neutro,2110,Exposicao_Face
29926,17,532,347,4.57,1,29926,8,Humano,Neutro,2126,Exposicao_Face
29943,17,523,349,4.68,1,29943,8,Humano,Neutro,2143,Exposicao_Face
29960,17,544,340,4.62,1,29960,8,Humano,Neutro,2160,Exposicao_Face
29976,17,533,345,4.62,1,29976,8,Humano,Neutro,2176,Exposicao_Face
29993,17,543,330,4.54,1,29993,8,Humano,Neutro,2193,Exposicao_Face
30010,17,537,342,4.59,1,30010,8,Humano,Neutro,2210,Exposicao_Face
30026,17,539,336,4.57,1,30026,8,Humano,Neutro,2226,Exposicao_Face
30043,17,531,348,4.54,1,30043,8,Humano,Neutro,2243,Exposicao_Face
30060,17,536,345,4.6,1,30060,8,Humano,Neutro,2260,Exposicao_Face
30076,17,531,334,4.59,1,30076,8,Humano,Neutro,2276,Exposicao_Face
30093,17,538,341,4.6,1,30093,8,Humano,Neutro,2293,Exposicao_Face
30109,17,533,329,4.49,1,30109,8,Humano,Neutro,2309,Exposicao_Face
30126,17,531,346,4.51,1,30126,8,Humano,Neutro,2326,Exposicao_Face
30143,17,561,330,4.57,1,30143,8,Humano,Neutro,2343,Exposicao_Face
30159,17,561,326,4.46,1,30159,8,Humano,Neutro,2359,Exposicao_Face
30176,17,562,331,4.51,1,30176,8,Humano,Neutro,2376,Exposicao_Face
30193,17,555,333,4.52,1,30193,8,Humano,Neutro,2393,Exposicao_Face
30209,17,566,324,4.35,1,30209,8,Humano,Neutro,2409,Exposicao_Face
30226,17,556,342,4.43,1,30226,8,Humano,Neutro,2426,Exposicao_Face
30243,17,563,336,4.43,1,30243,8,Humano,Neutro,2443,Exposicao_Face
30259,17,561,327,4.38,1,30259,8,Humano,Neutro,2459,Exposicao_Face
30276,17,561,323,4.32,1,30276,8,Humano,Neutro,2476,Exposicao_Face
30292,17,563,342,4.33,1,30292,8,Humano,Neutro,2492,Exposicao_Face
30309,17,553,334,4.41,1,30309,8,Humano,Neutro,2509,Exposicao_Face
30326,17,567,329,4.32,1,30326,8,Humano,Neutro,2526,Exposicao_Face
30342,17,568,313,4.32,1,30342,8,Humano,Neutro,2542,Exposicao_Face
30376,33,561,330,4.38,1,30376,8,Humano,Neutro,2576,Exposicao_Face
30376,0,561,330,4.38,1,30376,8,Humano,Neutro,2576,Exposicao_Face
30392,17,546,334,4.4,1,30392,8,Humano,Neutro,2592,Exposicao_Face
30475,83,505,337,4.3,1,30475,8,Humano,Neutro,2675,Exposicao_Face
30475,0,505,337,4.3,1,30475,8,Humano,Neutro,2675,Exposicao_Face
30492,17,498,350,4.35,1,30492,8,Humano,Neutro,2692,Exposicao_Face
30509,17,491,358,4.32,1,30509,8,Humano,Neutro,2709,Exposicao_Face
30525,17,510,360,4.43,1,30525,8,Humano,Neutro,2725,Exposicao_Face
30542,17,489,352,4.4,1,30542,8,Humano,Neutro,2742,Exposicao_Face
30559,17,491,357,4.35,1,30559,8,Humano,Neutro,2759,Exposicao_Face
30575,17,489,349,4.27,1,30575,8,Humano,Neutro,2775,Exposicao_Face
30592,17,503,343,4.25,1,30592,8,Humano,Neutro,2792,Exposicao_Face
30608,17,484,371,4.27,2,30608,8,Humano,Neutro,2808,Exposicao_Face
30625,17,378,558,4.35,3,30625,8,Humano,Neutro,2825,Exposicao_Face
30758,133,429,476,0.0,3,30758,8,Humano,Neutro,2958,Exposicao_Face
30775,17,373,506,0.0,3,30775,8,Humano,Neutro,2975,Exposicao_Face
30791,17,420,427,4.24,3,30791,8,Humano,Neutro,2991,Exposicao_Face
30808,17,449,369,4.33,2,30808,8,Humano,Neutro,3008,Exposicao_Face
30825,17,450,358,4.17,1,30825,8,Humano,Neutro,3025,Exposicao_Face
30841,17,443,371,4.38,2,30841,8,Humano,Neutro,3041,Exposicao_Face
30858,17,450,359,4.2,1,30858,8,Humano,Neutro,3058,Exposicao_Face
30875,17,437,372,4.27,2,30875,8,Humano,Neutro,3075,Exposicao_Face
30891,17,456,369,4.32,2,30891,8,Humano,Neutro,3091,Exposicao_Face
30908,17,458,363,4.33,0,30908,8,Humano,Neutro,3108,Exposicao_Face
30925,17,469,365,4.27,2,30925,8,Humano,Neutro,3125,Exposicao_Face
30941,17,454,362,4.28,1,30941,8,Humano,Neutro,3141,Exposicao_Face
30958,17,446,373,4.17,2,30958,8,Humano,Neutro,3158,Exposicao_Face
30974,17,467,367,4.22,2,30974,8,Humano,Neutro,3174,Exposicao_Face
30991,17,451,366,4.15,2,30991,8,Humano,Neutro,3191,Exposicao_Face
31008,17,458,380,4.27,2,31008,8,Humano,Neutro,3208,Exposicao_Face
31024,17,446,381,4.41,2,31024,8,Humano,Neutro,3224,Exposicao_Face
31041,17,448,371,4.25,2,31041,8,Humano,Neutro,3241,Exposicao_Face
31058,17,442,372,4.32,2,31058,8,Humano,Neutro,3258,Exposicao_Face
31074,17,443,376,4.43,2,31074,8,Humano,Neutro,3274,Exposicao_Face
31091,17,449,382,4.44,2,31091,8,Humano,Neutro,3291,Exposicao_Face
31108,17,462,370,4.32,2,31108,8,Humano,Neutro,3308,Exposicao_Face
31124,17,451,371,4.36,2,31124,8,Humano,Neutro,3324,Exposicao_Face
31141,17,443,372,4.32,2,31141,8,Humano,Neutro,3341,Exposicao_Face
31157,17,449,370,4.3,2,31157,8,Humano,Neutro,3357,Exposicao_Face
31174,17,437,382,4.36,2,31174,8,Humano,Neutro,3374,Exposicao_Face
31191,17,467,379,4.28,2,31191,8,Humano,Neutro,3391,Exposicao_Face
31207,17,463,376,4.25,2,31207,8,Humano,Neutro,3407,Exposicao_Face
31224,17,473,366,4.27,2,31224,8,Humano,Neutro,3424,Exposicao_Face
31241,17,450,365,4.2,2,31241,8,Humano,Neutro,3441,Exposicao_Face
31257,17,452,374,4.2,2,31257,8,Humano,Neutro,3457,Exposicao_Face
31274,17,471,367,4.27,2,31274,8,Humano,Neutro,3474,Exposicao_Face
31291,17,459,381,4.24,2,31291,8,Humano,Neutro,3491,Exposicao_Face
31307,17,463,373,4.19,2,31307,8,Humano,Neutro,3507,Exposicao_Face
31324,17,456,365,4.14,2,31324,8,Humano,Neutro,3524,Exposicao_Face
31340,17,450,372,4.14,2,31340,8,Humano,Neutro,3540,Exposicao_Face
31357,17,454,376,4.09,2,31357,8,Humano,Neutro,3557,Exposicao_Face
31374,17,443,379,4.14,2,31374,8,Humano,Neutro,3574,Exposicao_Face
31390,17,483,344,4.09,1,31390,8,Humano,Neutro,3590,Exposicao_Face
31407,17,493,329,4.12,1,31407,8,Humano,Neutro,3607,Exposicao_Face
31424,17,492,349,4.14,1,31424,8,Humano,Neutro,3624,Exposicao_Face
31440,17,495,333,4.04,1,31440,8,Humano,Neutro,3640,Exposicao_Face
31457,17,495,345,4.14,1,31457,8,Humano,Neutro,3657,Exposicao_Face
31474,17,498,337,4.09,1,31474,8,Humano,Neutro,3674,Exposicao_Face
31490,17,485,346,4.04,1,31490,8,Humano,Neutro,3690,Exposicao_Face
31507,17,504,332,4.06,1,31507,8,Humano,Neutro,3707,Exposicao_Face
31523,17,495,346,4.12,1,31523,8,Humano,Neutro,3723,Exposicao_Face
31540,17,490,331,4.03,1,31540,8,Humano,Neutro,3740,Exposicao_Face
31557,17,488,330,3.99,1,31557,8,Humano,Neutro,3757,Exposicao_Face
31573,17,497,326,3.9,1,31573,8,Humano,Neutro,3773,Exposicao_Face
31590,17,494,342,4.04,1,31590,8,Humano,Neutro,3790,Exposicao_Face
31607,17,495,348,4.06,1,31607,8,Humano,Neutro,3807,Exposicao_Face
31623,17,558,317,3.98,1,31623,8,Humano,Neutro,3823,Exposicao_Face
31640,17,572,322,4.04,1,31640,8,Humano,Neutro,3840,Exposicao_Face
31656,17,564,336,4.07,1,31656,8,Humano,Neutro,3856,Exposicao_Face
31673,17,562,328,4.07,1,31673,8,Humano,Neutro,3873,Exposicao_Face
31690,17,575,320,4.03,1,31690,8,Humano,Neutro,3890,Exposicao_Face
31706,17,563,324,4.06,1,31706,8,Humano,Neutro,3906,Exposicao_Face
31723,17,567,330,4.07,1,31723,8,Humano,Neutro,3923,Exposicao_Face
31740,17,564,335,4.09,1,31740,8,Humano,Neutro,3940,Exposicao_Face
31756,17,562,324,4.07,1,31756,8,Humano,Neutro,3956,Exposicao_Face
31773,17,571,316,3.98,1,31773,8,Humano,Neutro,3973,Exposicao_Face
31790,17,578,316,4.04,1,31790,8,Humano,Neutro,3990,Exposicao_Face
31806,17,563,334,4.06,1,31806,9,Humano,Raiva,6,Janela_Baseline
31823,17,572,312,4.06,1,31823,9,Humano,Raiva,23,Janela_Baseline
31839,17,573,314,4.06,1,31839,9,Humano,Raiva,39,Janela_Baseline
31856,17,571,321,4.09,1,31856,9,Humano,Raiva,56,Janela_Baseline
31873,17,570,331,4.19,1,31873,9,Humano,Raiva,73,Janela_Baseline
31889,17,567,324,4.09,1,31889,9,Humano,Raiva,89,Janela_Baseline
31906,17,564,318,4.14,1,31906,9,Humano,Raiva,106,Janela_Baseline
31923,17,562,335,4.17,1,31923,9,Humano,Raiva,123,Janela_Baseline
31939,17,571,316,4.14,1,31939,9,Humano,Raiva,139,Janela_Baseline
31956,17,573,328,4.11,1,31956,9,Humano,Raiva,156,Janela_Baseline
31973,17,573,322,4.09,1,31973,9,Humano,Raiva,173,Janela_Baseline
31989,17,561,326,4.07,1,31989,9,Humano,Raiva,189,Janela_Baseline
32006,17,580,305,4.04,1,32006,9,Humano,Raiva,206,Janela_Baseline
32022,17,573,309,4.07,1,32022,9,Humano,Raiva,222,Janela_Baseline
32039,17,571,322,4.17,1,32039,9,Humano,Raiva,239,Janela_Baseline
32056,17,565,334,4.25,1,32056,9,Humano,Raiva,256,Janela_Baseline
32072,17,572,320,4.17,1,32072,9,Humano,Raiva,272,Janela_Baseline
32089,17,566,333,4.15,1,32089,9,Humano,Raiva,289,Janela_Baseline
32106,17,574,324,4.14,1,32106,9,Humano,Raiva,306,Janela_Baseline
32122,17,561,331,4.22,1,32122,9,Humano,Raiva,322,Janela_Baseline
32139,17,558,343,4.15,1,32139,9,Humano,Raiva,339,Janela_Baseline
32156,17,484,401,4.24,2,32156,9,Humano,Raiva,356,Janela_Baseline
32172,17,505,404,4.2,2,32172,9,Humano,Raiva,372,Janela_Baseline
32189,17,469,419,4.3,3,32189,9,Humano,Raiva,389,Janela_Baseline
32205,17,480,417,4.22,5,32205,9,Humano,Raiva,405,Janela_Baseline
32222,17,476,412,4.15,2,32222,9,Humano,Raiva,422,Janela_Baseline
32239,17,485,394,4.15,2,32239,9,Humano,Raiva,439,Janela_Baseline
32255,17,469,418,4.17,3,32255,9,Humano,Raiva,455,Janela_Baseline
32272,17,469,419,4.2,3,32272,9,Humano,Raiva,472,Janela_Baseline
32289,17,477,412,4.09,2,32289,9,Humano,Raiva,489,Janela_Baseline
32305,17,471,416,4.25,2,32305,9,Humano,Raiva,505,Janela_Baseline
32322,17,480,409,4.17,2,32322,9,Humano,Raiva,522,Janela_Baseline
32339,17,479,406,4.22,2,32339,9,Humano,Raiva,539,Janela_Baseline
32355,17,477,397,4.07,2,32355,9,Humano,Raiva,555,Janela_Baseline
32372,17,477,413,4.17,2,32372,9,Humano,Raiva,572,Janela_Baseline
32388,17,478,416,4.17,2,32388,9,Humano,Raiva,588,Janela_Baseline
32405,17,471,411,4.14,2,32405,9,Humano,Raiva,605,Janela_Baseline
32422,17,471,411,4.15,2,32422,9,Humano,Raiva,622,Janela_Baseline
32438,17,471,416,4.12,2,32438,9,Humano,Raiva,638,Janela_Baseline
32455,17,481,409,4.07,2,32455,9,Humano,Raiva,655,Janela_Baseline
32472,17,485,415,4.19,2,32472,9,Humano,Raiva,672,Janela_Baseline
32488,17,478,398,4.12,2,32488,9,Humano,Raiva,688,Janela_Baseline
32505,17,495,340,4.17,1,32505,9,Humano,Raiva,705,Janela_Baseline
32522,17,500,326,4.17,1,32522,9,Humano,Raiva,722,Janela_Baseline
32538,17,496,322,4.14,1,32538,9,Humano,Raiva,738,Janela_Baseline
32555,17,494,333,4.15,1,32555,9,Humano,Raiva,755,Janela_Baseline
32571,17,492,324,4.2,1,32571,9,Humano,Raiva,771,Janela_Baseline
32588,17,492,330,4.14,1,32588,9,Humano,Raiva,788,Janela_Baseline
32605,17,493,329,4.2,1,32605,9,Humano,Raiva,805,Janela_Baseline
32621,17,495,324,4.24,1,32621,9,Humano,Raiva,821,Janela_Baseline
32638,17,497,333,4.32,1,32638,9,Humano,Raiva,838,Janela_Baseline
32655,17,498,324,4.11,1,32655,9,Humano,Raiva,855,Janela_Baseline
32671,17,506,311,4.15,1,32671,9,Humano,Raiva,871,Janela_Baseline
32688,17,548,316,4.17,1,32688,9,Humano,Raiva,888,Janela_Baseline
32705,17,587,320,4.27,1,32705,9,Humano,Raiva,905,Janela_Baseline
32721,17,587,319,4.14,1,32721,9,Humano,Raiva,921,Janela_Baseline
32738,17,588,337,4.17,1,32738,9,Humano,Raiva,938,Janela_Baseline
32754,17,587,323,4.22,1,32754,9,Humano,Raiva,954,Janela_Baseline
32771,17,591,324,4.27,1,32771,9,Humano,Raiva,971,Janela_Baseline
32788,17,582,338,4.17,1,32788,9,Humano,Raiva,988,Janela_Baseline
32804,17,583,340,4.2,1,32804,9,Humano,Raiva,1004,Janela_Baseline
32821,17,583,337,4.14,1,32821,9,Humano,Raiva,1021,Janela_Baseline
32838,17,584,328,4.24,1,32838,9,Humano,Raiva,1038,Janela_Baseline
32887,50,588,336,4.19,1,32887,9,Humano,Raiva,1087,Janela_Baseline
32904,17,585,340,4.19,1,32904,9,Humano,Raiva,1104,Janela_Baseline
32921,17,592,316,4.2,1,32921,9,Humano,Raiva,1121,Janela_Baseline
32937,17,589,319,4.12,1,32937,9,Humano,Raiva,1137,Janela_Baseline
32971,33,586,320,4.15,1,32971,9,Humano,Raiva,1171,Janela_Baseline
32987,17,586,327,4.14,1,32987,9,Humano,Raiva,1187,Janela_Baseline
33004,17,588,325,4.14,1,33004,9,Humano,Raiva,1204,Janela_Baseline
33021,17,586,325,4.22,1,33021,9,Humano,Raiva,1221,Janela_Baseline
33037,17,591,317,4.12,1,33037,9,Humano,Raiva,1237,Janela_Baseline
33054,17,586,327,4.17,1,33054,9,Humano,Raiva,1254,Janela_Baseline
33070,17,596,319,4.19,1,33070,9,Humano,Raiva,1270,Janela_Baseline
33087,17,580,339,4.09,1,33087,9,Humano,Raiva,1287,Janela_Baseline
33104,17,592,313,4.14,1,33104,9,Humano,Raiva,1304,Exposicao_Face
33120,17,589,330,4.19,1,33120,9,Humano,Raiva,1320,Exposicao_Face
33137,17,589,319,4.14,1,33137,9,Humano,Raiva,1337,Exposicao_Face
33154,17,586,330,4.11,1,33154,9,Humano,Raiva,1354,Exposicao_Face
33170,17,591,322,4.06,1,33170,9,Humano,Raiva,1370,Exposicao_Face
33187,17,581,335,4.19,1,33187,9,Humano,Raiva,1387,Exposicao_Face
33204,17,581,334,3.99,1,33204,9,Humano,Raiva,1404,Exposicao_Face
33220,17,582,338,4.19,1,33220,9,Humano,Raiva,1420,Exposicao_Face
33237,17,588,328,4.11,1,33237,9,Humano,Raiva,1437,Exposicao_Face
33253,17,595,314,4.04,1,33253,9,Humano,Raiva,1453,Exposicao_Face
33270,17,578,330,4.11,1,33270,9,Humano,Raiva,1470,Exposicao_Face
33287,17,586,321,4.06,1,33287,9,Humano,Raiva,1487,Exposicao_Face
33303,17,586,330,4.15,1,33303,9,Humano,Raiva,1503,Exposicao_Face
33320,17,581,331,4.07,1,33320,9,Humano,Raiva,1520,Exposicao_Face
33337,17,586,324,4.09,1,33337,9,Humano,Raiva,1537,Exposicao_Face
33353,17,589,325,4.11,1,33353,9,Humano,Raiva,1553,Exposicao_Face
33370,17,583,329,4.07,1,33370,9,Humano,Raiva,1570,Exposicao_Face
33387,17,581,337,4.07,1,33387,9,Humano,Raiva,1587,Exposicao_Face
33403,17,583,334,4.04,1,33403,9,Humano,Raiva,1603,Exposicao_Face
33420,17,588,327,4.03,1,33420,9,Humano,Raiva,1620,Exposicao_Face
33436,17,586,321,4.01,1,33436,9,Humano,Raiva,1636,Exposicao_Face
33453,17,578,340,4.01,1,33453,9,Humano,Raiva,1653,Exposicao_Face
33470,17,573,331,4.03,1,33470,9,Humano,Raiva,1670,Exposicao_Face
33486,17,585,329,4.06,1,33486,9,Humano,Raiva,1686,Exposicao_Face
33503,17,592,321,3.98,1,33503,9,Humano,Raiva,1703,Exposicao_Face
33520,17,578,329,4.07,1,33520,9,Humano,Raiva,1720,Exposicao_Face
33536,17,596,309,4.06,1,33536,9,Humano,Raiva,1736,Exposicao_Face
33553,17,593,324,3.98,1,33553,9,Humano,Raiva,1753,Exposicao_Face
33570,17,577,335,4.15,1,33570,9,Humano,Raiva,1770,Exposicao_Face
33586,17,582,322,4.11,1,33586,9,Humano,Raiva,1786,Exposicao_Face
33603,17,591,312,4.09,1,33603,9,Humano,Raiva,1803,Exposicao_Face
33619,17,582,316,4.04,1,33619,9,Humano,Raiva,1819,Exposicao_Face
33636,17,582,335,4.11,1,33636,9,Humano,Raiva,1836,Exposicao_Face
33653,17,572,340,4.11,1,33653,9,Humano,Raiva,1853,Exposicao_Face
33669,17,580,332,4.09,1,33669,9,Humano,Raiva,1869,Exposicao_Face
33686,17,580,333,4.14,1,33686,9,Humano,Raiva,1886,Exposicao_Face
33703,17,575,342,4.15,1,33703,9,Humano,Raiva,1903,Exposicao_Face
33719,17,587,321,4.15,1,33719,9,Humano,Raiva,1919,Exposicao_Face
33736,17,580,339,4.15,1,33736,9,Humano,Raiva,1936,Exposicao_Face
33753,17,578,324,4.04,1,33753,9,Humano,Raiva,1953,Exposicao_Face
33769,17,573,326,4.19,1,33769,9,Humano,Raiva,1969,Exposicao_Face
33786,17,578,336,4.11,1,33786,9,Humano,Raiva,1986,Exposicao_Face
33802,17,581,324,4.17,1,33802,9,Humano,Raiva,2002,Exposicao_Face
33819,17,578,332,4.17,1,33819,9,Humano,Raiva,2019,Exposicao_Face
33836,17,579,325,4.19,1,33836,9,Humano,Raiva,2036,Exposicao_Face
33852,17,587,314,4.22,1,33852,9,Humano,Raiva,2052,Exposicao_Face
33869,17,582,326,4.15,1,33869,9,Humano,Raiva,2069,Exposicao_Face
33886,17,580,327,4.17,1,33886,9,Humano,Raiva,2086,Exposicao_Face
33902,17,569,345,4.3,1,33902,9,Humano,Raiva,2102,Exposicao_Face
33919,17,581,322,4.22,1,33919,9,Humano,Raiva,2119,Exposicao_Face
33936,17,583,317,4.06,1,33936,9,Humano,Raiva,2136,Exposicao_Face
33952,17,573,339,4.24,1,33952,9,Humano,Raiva,2152,Exposicao_Face
33969,17,578,336,4.27,1,33969,9,Humano,Raiva,2169,Exposicao_Face
33985,17,577,330,4.28,1,33985,9,Humano,Raiva,2185,Exposicao_Face
34002,17,581,324,4.12,1,34002,9,Humano,Raiva,2202,Exposicao_Face
34019,17,581,335,4.2,1,34019,9,Humano,Raiva,2219,Exposicao_Face
34035,17,584,320,4.2,1,34035,9,Humano,Raiva,2235,Exposicao_Face
34052,17,578,327,4.19,1,34052,9,Humano,Raiva,2252,Exposicao_Face
34069,17,582,332,4.24,1,34069,9,Humano,Raiva,2269,Exposicao_Face
34085,17,574,330,4.22,1,34085,9,Humano,Raiva,2285,Exposicao_Face
34102,17,582,324,4.2,1,34102,9,Humano,Raiva,2302,Exposicao_Face
34118,17,577,330,4.27,1,34118,9,Humano,Raiva,2318,Exposicao_Face
34135,17,577,327,4.27,1,34135,9,Humano,Raiva,2335,Exposicao_Face
34152,17,573,339,4.25,1,34152,9,Humano,Raiva,2352,Exposicao_Face
34168,17,566,342,4.28,1,34168,9,Humano,Raiva,2368,Exposicao_Face
34185,17,572,333,4.2,1,34185,9,Humano,Raiva,2385,Exposicao_Face
34202,17,583,325,4.27,1,34202,9,Humano,Raiva,2402,Exposicao_Face
34218,17,576,331,4.33,1,34218,9,Humano,Raiva,2418,Exposicao_Face
34235,17,577,327,4.36,1,34235,9,Humano,Raiva,2435,Exposicao_Face
34252,17,581,326,4.3,1,34252,9,Humano,Raiva,2452,Exposicao_Face
34268,17,574,341,4.33,1,34268,9,Humano,Raiva,2468,Exposicao_Face
34285,17,573,334,4.33,1,34285,9,Humano,Raiva,2485,Exposicao_Face
34301,17,569,348,4.4,1,34301,9,Humano,Raiva,2501,Exposicao_Face
34318,17,577,322,4.4,1,34318,9,Humano,Raiva,2518,Exposicao_Face
34335,17,582,326,4.35,1,34335,9,Humano,Raiva,2535,Exposicao_Face
34351,17,575,333,4.35,1,34351,9,Humano,Raiva,2551,Exposicao_Face
34368,17,567,350,4.46,1,34368,9,Humano,Raiva,2568,Exposicao_Face
34385,17,569,345,4.36,1,34385,9,Humano,Raiva,2585,Exposicao_Face
34401,17,579,331,4.4,1,34401,9,Humano,Raiva,2601,Exposicao_Face
34418,17,563,343,4.43,1,34418,9,Humano,Raiva,2618,Exposicao_Face
34435,17,571,339,4.44,1,34435,9,Humano,Raiva,2635,Exposicao_Face
34451,17,566,352,4.48,1,34451,9,Humano,Raiva,2651,Exposicao_Face
34468,17,572,340,4.41,1,34468,9,Humano,Raiva,2668,Exposicao_Face
34484,17,575,326,4.46,1,34484,9,Humano,Raiva,2684,Exposicao_Face
34518,33,577,331,4.38,1,34518,9,Humano,Raiva,2718,Exposicao_Face
34518,0,577,331,4.38,1,34518,9,Humano,Raiva,2718,Exposicao_Face
34534,17,580,324,4.48,1,34534,9,Humano,Raiva,2734,Exposicao_Face
34551,17,478,361,4.43,1,34551,9,Humano,Raiva,2751,Exposicao_Face
34568,17,487,356,4.48,1,34568,9,Humano,Raiva,2768,Exposicao_Face
34584,17,468,360,4.57,1,34584,9,Humano,Raiva,2784,Exposicao_Face
34601,17,482,362,4.52,1,34601,9,Humano,Raiva,2801,Exposicao_Face
34618,17,477,361,4.56,1,34618,9,Humano,Raiva,2818,Exposicao_Face
34634,17,485,351,4.57,1,34634,9,Humano,Raiva,2834,Exposicao_Face
34651,17,478,361,4.51,1,34651,9,Humano,Raiva,2851,Exposicao_Face
34667,17,482,371,4.56,2,34667,9,Humano,Raiva,2867,Exposicao_Face
34684,17,470,353,4.48,1,34684,9,Humano,Raiva,2884,Exposicao_Face
34701,17,481,352,4.43,1,34701,9,Humano,Raiva,2901,Exposicao_Face
34717,17,481,364,4.48,0,34717,9,Humano,Raiva,2917,Exposicao_Face
34734,17,482,356,4.52,1,34734,9,Humano,Raiva,2934,Exposicao_Face
34751,17,465,365,4.57,2,34751,9,Humano,Raiva,2951,Exposicao_Face
34767,17,480,363,4.56,0,34767,9,Humano,Raiva,2967,Exposicao_Face
34784,17,478,353,4.38,1,34784,9,Humano,Raiva,2984,Exposicao_Face
34801,17,467,376,4.52,2,34801,9,Humano,Raiva,3001,Exposicao_Face
34817,17,482,354,4.38,1,34817,9,Humano,Raiva,3017,Exposicao_Face
34834,17,475,369,4.48,2,34834,9,Humano,Raiva,3034,Exposicao_Face
34850,17,470,355,4.54,1,34850,9,Humano,Raiva,3050,Exposicao_Face
34867,17,486,364,4.43,0,34867,9,Humano,Raiva,3067,Exposicao_Face
34884,17,477,367,4.46,2,34884,9,Humano,Raiva,3084,Exposicao_Face
34900,17,485,364,4.48,0,34900,9,Humano,Raiva,3100,Exposicao_Face
34917,17,490,363,4.41,0,34917,9,Humano,Raiva,3117,Exposicao_Face
34934,17,477,350,4.36,1,34934,9,Humano,Raiva,3134,Exposicao_Face
34950,17,484,357,4.36,1,34950,9,Humano,Raiva,3150,Exposicao_Face
34967,17,484,346,4.41,1,34967,9,Humano,Raiva,3167,Exposicao_Face
34984,17,485,358,4.43,1,34984,9,Humano,Raiva,3184,Exposicao_Face
35000,17,486,364,4.32,0,35000,9,Humano,Raiva,3200,Exposicao_Face
35017,17,494,352,4.38,1,35017,9,Humano,Raiva,3217,Exposicao_Face
35033,17,498,348,4.41,1,35033,9,Humano,Raiva,3233,Exposicao_Face
35050,17,491,353,4.4,1,35050,9,Humano,Raiva,3250,Exposicao_Face
35067,17,489,352,4.4,1,35067,9,Humano,Raiva,3267,Exposicao_Face
35083,17,489,356,4.52,1,35083,9,Humano,Raiva,3283,Exposicao_Face
35100,17,483,358,4.49,1,35100,9,Humano,Raiva,3300,Exposicao_Face
35117,17,489,364,4.43,0,35117,9,Humano,Raiva,3317,Exposicao_Face
35133,17,481,369,4.54,2,35133,9,Humano,Raiva,3333,Exposicao_Face
35150,17,483,365,4.51,2,35150,9,Humano,Raiva,3350,Exposicao_Face
35166,17,494,358,4.4,1,35166,9,Humano,Raiva,3366,Exposicao_Face
35183,17,482,364,4.4,0,35183,9,Humano,Raiva,3383,Exposicao_Face
35200,17,496,357,4.44,1,35200,9,Humano,Raiva,3400,Exposicao_Face
35216,17,495,353,4.43,1,35216,9,Humano,Raiva,3416,Exposicao_Face
35233,17,480,367,4.43,2,35233,9,Humano,Raiva,3433,Exposicao_Face
35250,17,490,364,4.48,0,35250,9,Humano,Raiva,3450,Exposicao_Face
35266,17,484,355,4.49,1,35266,9,Humano,Raiva,3466,Exposicao_Face
35283,17,484,367,4.6,2,35283,9,Humano,Raiva,3483,Exposicao_Face
35300,17,479,371,4.59,2,35300,9,Humano,Raiva,3500,Exposicao_Face
35316,17,489,365,4.41,2,35316,9,Humano,Raiva,3516,Exposicao_Face
35333,17,489,346,4.54,1,35333,9,Humano,Raiva,3533,Exposicao_Face
35349,17,493,367,4.48,2,35349,9,Humano,Raiva,3549,Exposicao_Face
35383,33,488,364,4.49,0,35383,9,Humano,Raiva,3583,Exposicao_Face
35383,0,488,364,4.49,0,35383,9,Humano,Raiva,3583,Exposicao_Face
35399,17,487,369,4.64,2,35399,9,Humano,Raiva,3599,Exposicao_Face
35416,17,492,364,4.57,0,35416,9,Humano,Raiva,3616,Exposicao_Face
35433,17,490,367,4.54,2,35433,9,Humano,Raiva,3633,Exposicao_Face
35483,50,498,359,4.52,1,35483,9,Humano,Raiva,3683,Exposicao_Face
35499,17,480,367,4.57,2,35499,9,Humano,Raiva,3699,Exposicao_Face
35516,17,489,361,4.57,1,35516,9,Humano,Raiva,3716,Exposicao_Face
35532,17,491,357,4.54,1,35532,9,Humano,Raiva,3732,Exposicao_Face
35549,17,501,357,4.52,1,35549,9,Humano,Raiva,3749,Exposicao_Face
35566,17,485,361,4.59,1,35566,9,Humano,Raiva,3766,Exposicao_Face
35582,17,501,339,4.67,1,35582,9,Humano,Raiva,3782,Exposicao_Face
35599,17,491,357,4.64,1,35599,9,Humano,Raiva,3799,Exposicao_Face
35616,17,503,328,4.6,1,35616,9,Humano,Raiva,3816,Exposicao_Face
35632,17,499,344,4.67,1,35632,9,Humano,Raiva,3832,Exposicao_Face
35649,17,507,343,4.67,1,35649,9,Humano,Raiva,3849,Exposicao_Face
35666,17,493,350,4.73,1,35666,9,Humano,Raiva,3866,Exposicao_Face
35682,17,493,347,4.57,1,35682,9,Humano,Raiva,3882,Exposicao_Face
35699,17,497,342,4.59,1,35699,9,Humano,Raiva,3899,Exposicao_Face
35715,17,498,353,4.62,1,35715,9,Humano,Raiva,3915,Exposicao_Face
35732,17,486,341,4.67,1,35732,9,Humano,Raiva,3932,Exposicao_Face
35749,17,494,341,4.62,1,35749,9,Humano,Raiva,3949,Exposicao_Face
35765,17,490,351,4.64,1,35765,9,Humano,Raiva,3965,Exposicao_Face
35782,17,493,341,4.67,1,35782,9,Humano,Raiva,3982,Exposicao_Face
35799,17,511,335,4.62,1,35799,9,Humano,Raiva,3999,Exposicao_Face
35815,17,520,324,4.62,1,35815,10,Humano,Feliz,15,Janela_Baseline
35832,17,530,324,4.8,1,35832,10,Humano,Feliz,32,Janela_Baseline
35849,17,528,331,4.68,1,35849,10,Humano,Feliz,49,Janela_Baseline
35865,17,521,334,4.73,1,35865,10,Humano,Feliz,65,Janela_Baseline
35882,17,527,333,4.67,1,35882,10,Humano,Feliz,82,Janela_Baseline
35898,17,519,335,4.7,1,35898,10,Humano,Feliz,98,Janela_Baseline
35915,17,529,332,4.76,1,35915,10,Humano,Feliz,115,Janela_Baseline
35932,17,528,331,4.65,1,35932,10,Humano,Feliz,132,Janela_Baseline
35948,17,527,337,4.64,1,35948,10,Humano,Feliz,148,Janela_Baseline
35965,17,528,327,4.72,1,35965,10,Humano,Feliz,165,Janela_Baseline
35982,17,535,325,4.78,1,35982,10,Humano,Feliz,182,Janela_Baseline
35998,17,551,318,4.68,1,35998,10,Humano,Feliz,198,Janela_Baseline
36015,17,521,342,4.76,1,36015,10,Humano,Feliz,215,Janela_Baseline
36032,17,492,349,4.78,1,36032,10,Humano,Feliz,232,Janela_Baseline
36048,17,466,368,4.7,2,36048,10,Humano,Feliz,248,Janela_Baseline
36065,17,457,384,4.72,2,36065,10,Humano,Feliz,265,Janela_Baseline
36081,17,456,390,4.75,2,36081,10,Humano,Feliz,281,Janela_Baseline
36098,17,462,375,4.78,2,36098,10,Humano,Feliz,298,Janela_Baseline
36115,17,457,378,4.73,2,36115,10,Humano,Feliz,315,Janela_Baseline
36131,17,453,385,4.75,2,36131,10,Humano,Feliz,331,Janela_Baseline
36148,17,447,401,4.78,2,36148,10,Humano,Feliz,348,Janela_Baseline
36165,17,444,387,4.73,2,36165,10,Humano,Feliz,365,Janela_Baseline
36181,17,455,390,4.84,2,36181,10,Humano,Feliz,381,Janela_Baseline
36198,17,459,383,4.83,2,36198,10,Humano,Feliz,398,Janela_Baseline
36215,17,470,384,4.65,2,36215,10,Humano,Feliz,415,Janela_Baseline
36231,17,442,379,4.73,2,36231,10,Humano,Feliz,431,Janela_Baseline
36248,17,445,383,4.73,2,36248,10,Humano,Feliz,448,Janela_Baseline
36264,17,436,384,4.72,2,36264,10,Humano,Feliz,464,Janela_Baseline
36281,17,439,391,4.72,2,36281,10,Humano,Feliz,481,Janela_Baseline
36298,17,448,368,4.67,2,36298,10,Humano,Feliz,498,Janela_Baseline
36314,17,438,382,4.81,2,36314,10,Humano,Feliz,514,Janela_Baseline
36331,17,457,375,4.65,2,36331,10,Humano,Feliz,531,Janela_Baseline
36348,17,439,396,4.84,2,36348,10,Humano,Feliz,548,Janela_Baseline
36364,17,452,380,4.81,2,36364,10,Humano,Feliz,564,Janela_Baseline
36381,17,440,390,4.78,2,36381,10,Humano,Feliz,581,Janela_Baseline
36397,17,444,389,4.72,2,36397,10,Humano,Feliz,597,Janela_Baseline
36414,17,440,394,4.78,2,36414,10,Humano,Feliz,614,Janela_Baseline
36431,17,438,386,4.83,2,36431,10,Humano,Feliz,631,Janela_Baseline
36447,17,437,391,4.84,2,36447,10,Humano,Feliz,647,Janela_Baseline
36464,17,447,380,4.73,2,36464,10,Humano,Feliz,664,Janela_Baseline
36481,17,442,384,4.75,2,36481,10,Humano,Feliz,681,Janela_Baseline
36497,17,446,385,4.72,2,36497,10,Humano,Feliz,697,Janela_Baseline
36514,17,439,374,4.75,2,36514,10,Humano,Feliz,714,Janela_Baseline
36531,17,441,385,4.76,2,36531,10,Humano,Feliz,731,Janela_Baseline
36547,17,453,378,4.81,2,36547,10,Humano,Feliz,747,Janela_Baseline
36564,17,451,392,4.78,2,36564,10,Humano,Feliz,764,Janela_Baseline
36580,17,448,376,4.67,2,36580,10,Humano,Feliz,780,Janela_Baseline
36597,17,446,377,4.7,2,36597,10,Humano,Feliz,797,Janela_Baseline
36614,17,438,389,4.72,2,36614,10,Humano,Feliz,814,Janela_Baseline
36630,17,431,397,4.83,2,36630,10,Humano,Feliz,830,Janela_Baseline
36647,17,438,396,4.78,2,36647,10,Humano,Feliz,847,Janela_Baseline
36664,17,443,379,4.72,2,36664,10,Humano,Feliz,864,Janela_Baseline
36680,17,432,386,4.76,2,36680,10,Humano,Feliz,880,Janela_Baseline
36697,17,434,399,4.76,2,36697,10,Humano,Feliz,897,Janela_Baseline
36714,17,415,419,4.65,3,36714,10,Humano,Feliz,914,Janela_Baseline
36730,17,306,632,4.65,3,36730,10,Humano,Feliz,930,Janela_Baseline
36763,33,280,632,4.62,3,36763,10,Humano,Feliz,963,Janela_Baseline
36780,17,366,484,4.7,3,36780,10,Humano,Feliz,980,Janela_Baseline
36797,17,418,382,4.64,2,36797,10,Humano,Feliz,997,Janela_Baseline
36813,17,420,374,4.59,2,36813,10,Humano,Feliz,1013,Janela_Baseline
36830,17,422,387,4.62,2,36830,10,Humano,Feliz,1030,Janela_Baseline
36847,17,429,366,4.51,2,36847,10,Humano,Feliz,1047,Janela_Baseline
36863,17,419,384,4.62,2,36863,10,Humano,Feliz,1063,Janela_Baseline
36880,17,422,382,4.56,2,36880,10,Humano,Feliz,1080,Janela_Baseline
36897,17,424,371,4.52,2,36897,10,Humano,Feliz,1097,Janela_Baseline
36913,17,423,372,4.52,2,36913,10,Humano,Feliz,1113,Janela_Baseline
36930,17,424,377,4.54,2,36930,10,Humano,Feliz,1130,Janela_Baseline
36946,17,418,384,4.49,2,36946,10,Humano,Feliz,1146,Janela_Baseline
36963,17,419,377,4.48,2,36963,10,Humano,Feliz,1163,Janela_Baseline
36980,17,415,391,4.64,2,36980,10,Humano,Feliz,1180,Janela_Baseline
36996,17,412,398,4.6,2,36996,10,Humano,Feliz,1196,Janela_Baseline
37013,17,433,366,4.48,2,37013,10,Humano,Feliz,1213,Janela_Baseline
37030,17,423,376,4.46,2,37030,10,Humano,Feliz,1230,Janela_Baseline
37046,17,441,359,4.44,1,37046,10,Humano,Feliz,1246,Janela_Baseline
37080,33,499,322,4.57,1,37080,10,Humano,Feliz,1280,Janela_Baseline
37096,17,490,324,4.54,1,37096,10,Humano,Feliz,1296,Janela_Baseline
37129,33,497,325,4.6,1,37129,10,Humano,Feliz,1329,Exposicao_Face
37146,17,494,306,4.46,1,37146,10,Humano,Feliz,1346,Exposicao_Face
37163,17,507,318,4.54,1,37163,10,Humano,Feliz,1363,Exposicao_Face
37179,17,502,324,4.54,1,37179,10,Humano,Feliz,1379,Exposicao_Face
37196,17,503,329,4.67,1,37196,10,Humano,Feliz,1396,Exposicao_Face
37213,17,501,330,4.59,1,37213,10,Humano,Feliz,1413,Exposicao_Face
37229,17,510,310,4.62,1,37229,10,Humano,Feliz,1429,Exposicao_Face
37246,17,503,322,4.6,1,37246,10,Humano,Feliz,1446,Exposicao_Face
37263,17,498,316,4.6,1,37263,10,Humano,Feliz,1463,Exposicao_Face
37279,17,510,313,4.54,1,37279,10,Humano,Feliz,1479,Exposicao_Face
37296,17,506,324,4.65,1,37296,10,Humano,Feliz,1496,Exposicao_Face
37312,17,560,318,4.65,1,37312,10,Humano,Feliz,1512,Exposicao_Face
37329,17,548,316,4.62,1,37329,10,Humano,Feliz,1529,Exposicao_Face
37346,17,545,318,4.59,1,37346,10,Humano,Feliz,1546,Exposicao_Face
37362,17,541,316,4.59,1,37362,10,Humano,Feliz,1562,Exposicao_Face
37379,17,556,312,4.59,1,37379,10,Humano,Feliz,1579,Exposicao_Face
37396,17,538,328,4.7,1,37396,10,Humano,Feliz,1596,Exposicao_Face
37412,17,543,319,4.64,1,37412,10,Humano,Feliz,1612,Exposicao_Face
37429,17,533,345,4.62,1,37429,10,Humano,Feliz,1629,Exposicao_Face
37445,17,540,314,4.62,1,37445,10,Humano,Feliz,1645,Exposicao_Face
37462,17,555,308,4.64,1,37462,10,Humano,Feliz,1662,Exposicao_Face
37479,17,541,316,4.57,1,37479,10,Humano,Feliz,1679,Exposicao_Face
37495,17,539,314,4.72,1,37495,10,Humano,Feliz,1695,Exposicao_Face
37512,17,558,302,4.56,1,37512,10,Humano,Feliz,1712,Exposicao_Face
37529,17,535,328,4.6,1,37529,10,Humano,Feliz,1729,Exposicao_Face
37545,17,557,305,4.59,1,37545,10,Humano,Feliz,1745,Exposicao_Face
37562,17,549,319,4.56,1,37562,10,Humano,Feliz,1762,Exposicao_Face
37579,17,530,330,4.59,1,37579,10,Humano,Feliz,1779,Exposicao_Face
37595,17,553,324,4.57,1,37595,10,Humano,Feliz,1795,Exposicao_Face
37612,17,544,326,4.64,1,37612,10,Humano,Feliz,1812,Exposicao_Face
37628,17,539,316,4.57,1,37628,10,Humano,Feliz,1828,Exposicao_Face
37645,17,554,319,4.54,1,37645,10,Humano,Feliz,1845,Exposicao_Face
37662,17,551,319,4.57,1,37662,10,Humano,Feliz,1862,Exposicao_Face
37678,17,537,322,4.59,1,37678,10,Humano,Feliz,1878,Exposicao_Face
37695,17,549,320,4.65,1,37695,10,Humano,Feliz,1895,Exposicao_Face
37712,17,558,308,4.41,1,37712,10,Humano,Feliz,1912,Exposicao_Face
37728,17,553,330,4.57,1,37728,10,Humano,Feliz,1928,Exposicao_Face
37745,17,553,319,4.46,1,37745,10,Humano,Feliz,1945,Exposicao_Face
37762,17,563,322,4.54,1,37762,10,Humano,Feliz,1962,Exposicao_Face
37778,17,546,321,4.57,1,37778,10,Humano,Feliz,1978,Exposicao_Face
37795,17,541,319,4.52,1,37795,10,Humano,Feliz,1995,Exposicao_Face
37811,17,537,333,4.59,1,37811,10,Humano,Feliz,2011,Exposicao_Face
37828,17,551,320,4.52,1,37828,10,Humano,Feliz,2028,Exposicao_Face
37845,17,551,319,4.49,1,37845,10,Humano,Feliz,2045,Exposicao_Face
37861,17,556,328,4.56,1,37861,10,Humano,Feliz,2061,Exposicao_Face
37878,17,541,340,4.57,1,37878,10,Humano,Feliz,2078,Exposicao_Face
37895,17,545,329,4.6,1,37895,10,Humano,Feliz,2095,Exposicao_Face
37911,17,552,323,4.57,1,37911,10,Humano,Feliz,2111,Exposicao_Face
37928,17,541,320,4.57,1,37928,10,Humano,Feliz,2128,Exposicao_Face
37945,17,544,322,4.59,1,37945,10,Humano,Feliz,2145,Exposicao_Face
37961,17,546,325,4.62,1,37961,10,Humano,Feliz,2161,Exposicao_Face
37978,17,537,334,4.57,1,37978,10,Humano,Feliz,2178,Exposicao_Face
37994,17,546,323,4.57,1,37994,10,Humano,Feliz,2194,Exposicao_Face
38011,17,553,319,4.62,1,38011,10,Humano,Feliz,2211,Exposicao_Face
38028,17,559,324,4.59,1,38028,10,Humano,Feliz,2228,Exposicao_Face
38078,50,541,326,4.62,1,38078,10,Humano,Feliz,2278,Exposicao_Face
38094,17,578,319,4.6,1,38094,10,Humano,Feliz,2294,Exposicao_Face
38111,17,547,333,4.56,1,38111,10,Humano,Feliz,2311,Exposicao_Face
38128,17,550,337,4.64,1,38128,10,Humano,Feliz,2328,Exposicao_Face
38144,17,537,330,4.67,1,38144,10,Humano,Feliz,2344,Exposicao_Face
38161,17,547,334,4.68,1,38161,10,Humano,Feliz,2361,Exposicao_Face
38177,17,555,324,4.67,1,38177,10,Humano,Feliz,2377,Exposicao_Face
38194,17,558,329,4.7,1,38194,10,Humano,Feliz,2394,Exposicao_Face
38211,17,536,339,4.67,1,38211,10,Humano,Feliz,2411,Exposicao_Face
38227,17,543,333,4.7,1,38227,10,Humano,Feliz,2427,Exposicao_Face
38244,17,557,328,4.73,1,38244,10,Humano,Feliz,2444,Exposicao_Face
38261,17,562,332,4.72,1,38261,10,Humano,Feliz,2461,Exposicao_Face
38277,17,562,318,4.67,1,38277,10,Humano,Feliz,2477,Exposicao_Face
38294,17,569,316,4.78,1,38294,10,Humano,Feliz,2494,Exposicao_Face
38311,17,547,327,4.67,1,38311,10,Humano,Feliz,2511,Exposicao_Face
38327,17,542,327,4.68,1,38327,10,Humano,Feliz,2527,Exposicao_Face
38344,17,553,318,4.7,1,38344,10,Humano,Feliz,2544,Exposicao_Face
38394,50,545,325,4.75,1,38394,10,Humano,Feliz,2594,Exposicao_Face
38410,17,561,327,4.86,1,38410,10,Humano,Feliz,2610,Exposicao_Face
38427,17,550,316,4.76,1,38427,10,Humano,Feliz,2627,Exposicao_Face
38444,17,540,326,4.81,1,38444,10,Humano,Feliz,2644,Exposicao_Face
38460,17,542,334,4.86,1,38460,10,Humano,Feliz,2660,Exposicao_Face
38477,17,530,333,4.83,1,38477,10,Humano,Feliz,2677,Exposicao_Face
38494,17,542,329,4.81,1,38494,10,Humano,Feliz,2694,Exposicao_Face
38510,17,557,323,4.83,1,38510,10,Humano,Feliz,2710,Exposicao_Face
38527,17,554,316,4.84,1,38527,10,Humano,Feliz,2727,Exposicao_Face
38543,17,552,326,4.91,1,38543,10,Humano,Feliz,2743,Exposicao_Face
38560,17,548,337,4.91,1,38560,10,Humano,Feliz,2760,Exposicao_Face
38577,17,554,331,4.8,1,38577,10,Humano,Feliz,2777,Exposicao_Face
38593,17,541,328,4.89,1,38593,10,Humano,Feliz,2793,Exposicao_Face
38610,17,532,327,4.83,1,38610,10,Humano,Feliz,2810,Exposicao_Face
38627,17,479,347,4.91,1,38627,10,Humano,Feliz,2827,Exposicao_Face
38643,17,480,347,4.89,1,38643,10,Humano,Feliz,2843,Exposicao_Face
38660,17,469,347,4.89,1,38660,10,Humano,Feliz,2860,Exposicao_Face
38676,17,472,347,5.01,1,38676,10,Humano,Feliz,2876,Exposicao_Face
38693,17,470,351,4.88,1,38693,10,Humano,Feliz,2893,Exposicao_Face
38710,17,474,342,4.84,1,38710,10,Humano,Feliz,2910,Exposicao_Face
38726,17,476,347,4.92,1,38726,10,Humano,Feliz,2926,Exposicao_Face
38743,17,465,356,4.92,1,38743,10,Humano,Feliz,2943,Exposicao_Face
38760,17,473,338,4.86,1,38760,10,Humano,Feliz,2960,Exposicao_Face
38776,17,469,345,4.88,1,38776,10,Humano,Feliz,2976,Exposicao_Face
38793,17,467,343,4.86,1,38793,10,Humano,Feliz,2993,Exposicao_Face
38810,17,470,339,4.92,1,38810,10,Humano,Feliz,3010,Exposicao_Face
38826,17,463,350,4.91,1,38826,10,Humano,Feliz,3026,Exposicao_Face
38843,17,470,348,4.91,1,38843,10,Humano,Feliz,3043,Exposicao_Face
38859,17,457,357,4.91,1,38859,10,Humano,Feliz,3059,Exposicao_Face
38876,17,468,351,4.83,1,38876,10,Humano,Feliz,3076,Exposicao_Face
38893,17,442,347,4.89,1,38893,10,Humano,Feliz,3093,Exposicao_Face
38909,17,471,339,4.92,1,38909,10,Humano,Feliz,3109,Exposicao_Face
38926,17,468,356,4.89,1,38926,10,Humano,Feliz,3126,Exposicao_Face
38943,17,463,353,4.81,1,38943,10,Humano,Feliz,3143,Exposicao_Face
38959,17,468,341,4.83,1,38959,10,Humano,Feliz,3159,Exposicao_Face
38976,17,465,356,4.84,1,38976,10,Humano,Feliz,3176,Exposicao_Face
38993,17,461,355,4.91,1,38993,10,Humano,Feliz,3193,Exposicao_Face
39009,17,448,350,4.8,1,39009,10,Humano,Feliz,3209,Exposicao_Face
39026,17,463,352,4.8,1,39026,10,Humano,Feliz,3226,Exposicao_Face
39042,17,457,360,4.88,1,39042,10,Humano,Feliz,3242,Exposicao_Face
39059,17,464,352,4.86,1,39059,10,Humano,Feliz,3259,Exposicao_Face
39076,17,456,354,4.83,1,39076,10,Humano,Feliz,3276,Exposicao_Face
39092,17,467,358,4.86,1,39092,10,Humano,Feliz,3292,Exposicao_Face
39109,17,450,364,4.78,2,39109,10,Humano,Feliz,3309,Exposicao_Face
39126,17,451,361,4.78,1,39126,10,Humano,Feliz,3326,Exposicao_Face
39142,17,460,346,4.75,1,39142,10,Humano,Feliz,3342,Exposicao_Face
39159,17,457,359,4.89,1,39159,10,Humano,Feliz,3359,Exposicao_Face
39176,17,455,357,4.86,1,39176,10,Humano,Feliz,3376,Exposicao_Face
39192,17,459,363,4.84,0,39192,10,Humano,Feliz,3392,Exposicao_Face
39209,17,456,348,4.81,1,39209,10,Humano,Feliz,3409,Exposicao_Face
39259,50,452,354,4.86,1,39259,10,Humano,Feliz,3459,Exposicao_Face
39275,17,458,361,4.72,1,39275,10,Humano,Feliz,3475,Exposicao_Face
39292,17,452,356,4.76,1,39292,10,Humano,Feliz,3492,Exposicao_Face
39309,17,455,357,4.91,1,39309,10,Humano,Feliz,3509,Exposicao_Face
39342,33,454,358,4.89,1,39342,10,Humano,Feliz,3542,Exposicao_Face
39359,17,445,371,4.96,2,39359,10,Humano,Feliz,3559,Exposicao_Face
39375,17,445,362,4.88,1,39375,10,Humano,Feliz,3575,Exposicao_Face
39392,17,467,356,4.83,1,39392,10,Humano,Feliz,3592,Exposicao_Face
39408,17,447,360,4.99,1,39408,10,Humano,Feliz,3608,Exposicao_Face
39425,17,450,358,4.84,1,39425,10,Humano,Feliz,3625,Exposicao_Face
39442,17,449,366,4.92,2,39442,10,Humano,Feliz,3642,Exposicao_Face
39458,17,447,359,4.91,1,39458,10,Humano,Feliz,3658,Exposicao_Face
39475,17,451,363,4.94,0,39475,10,Humano,Feliz,3675,Exposicao_Face
39492,17,456,357,4.99,1,39492,10,Humano,Feliz,3692,Exposicao_Face
39508,17,448,364,5.01,2,39508,10,Humano,Feliz,3708,Exposicao_Face
39525,17,451,372,4.97,2,39525,10,Humano,Feliz,3725,Exposicao_Face
39542,17,457,350,4.96,1,39542,10,Humano,Feliz,3742,Exposicao_Face
39558,17,450,352,4.91,1,39558,10,Humano,Feliz,3758,Exposicao_Face
39575,17,447,359,4.97,1,39575,10,Humano,Feliz,3775,Exposicao_Face
39591,17,447,366,4.99,2,39591,10,Humano,Feliz,3791,Exposicao_Face
39608,17,497,336,5.07,1,39608,10,Humano,Feliz,3808,Exposicao_Face
39625,17,528,343,4.99,1,39625,10,Humano,Feliz,3825,Exposicao_Face
39641,17,515,344,5.01,1,39641,10,Humano,Feliz,3841,Exposicao_Face
39658,17,519,344,5.01,1,39658,10,Humano,Feliz,3858,Exposicao_Face
39675,17,514,340,5.02,1,39675,10,Humano,Feliz,3875,Exposicao_Face
39691,17,505,349,5.04,1,39691,10,Humano,Feliz,3891,Exposicao_Face
39708,17,533,339,5.02,1,39708,10,Humano,Feliz,3908,Exposicao_Face
39724,17,515,334,5.01,1,39724,10,Humano,Feliz,3924,Exposicao_Face
39741,17,527,330,5.07,1,39741,10,Humano,Feliz,3941,Exposicao_Face
39758,17,521,344,5.04,1,39758,10,Humano,Feliz,3958,Exposicao_Face
39774,17,526,342,4.96,1,39774,10,Humano,Feliz,3974,Exposicao_Face
39791,17,526,336,5.04,1,39791,10,Humano,Feliz,3991,Exposicao_Face
39808,17,524,337,4.92,1,39808,11,Humano,Neutro,8,Janela_Baseline
39824,17,528,347,5.01,1,39824,11,Humano,Neutro,24,Janela_Baseline
39841,17,517,334,4.96,1,39841,11,Humano,Neutro,41,Janela_Baseline
39858,17,535,338,4.92,1,39858,11,Humano,Neutro,58,Janela_Baseline
39874,17,517,332,4.86,1,39874,11,Humano,Neutro,74,Janela_Baseline
39891,17,503,350,4.97,1,39891,11,Humano,Neutro,91,Janela_Baseline
39907,17,531,317,4.96,1,39907,11,Humano,Neutro,107,Janela_Baseline
39924,17,532,342,4.84,1,39924,11,Humano,Neutro,124,Janela_Baseline
39941,17,512,341,4.91,1,39941,11,Humano,Neutro,141,Janela_Baseline
39957,17,530,346,4.86,1,39957,11,Humano,Neutro,157,Janela_Baseline
39974,17,513,333,4.86,1,39974,11,Humano,Neutro,174,Janela_Baseline
39991,17,521,334,4.91,1,39991,11,Humano,Neutro,191,Janela_Baseline
40007,17,529,342,4.91,1,40007,11,Humano,Neutro,207,Janela_Baseline
40024,17,518,341,4.83,1,40024,11,Humano,Neutro,224,Janela_Baseline
40041,17,533,339,4.89,1,40041,11,Humano,Neutro,241,Janela_Baseline
40057,17,511,347,4.8,1,40057,11,Humano,Neutro,257,Janela_Baseline
40074,17,525,346,4.91,1,40074,11,Humano,Neutro,274,Janela_Baseline
40090,17,508,349,4.88,1,40090,11,Humano,Neutro,290,Janela_Baseline
40107,17,521,337,4.94,1,40107,11,Humano,Neutro,307,Janela_Baseline
40124,17,538,331,4.8,1,40124,11,Humano,Neutro,324,Janela_Baseline
40140,17,529,334,5.01,1,40140,11,Humano,Neutro,340,Janela_Baseline
40157,17,528,327,4.92,1,40157,11,Humano,Neutro,357,Janela_Baseline
40174,17,527,334,4.83,1,40174,11,Humano,Neutro,374,Janela_Baseline
40190,17,538,330,4.86,1,40190,11,Humano,Neutro,390,Janela_Baseline
40207,17,528,338,4.91,1,40207,11,Humano,Neutro,407,Janela_Baseline
40224,17,534,341,4.89,1,40224,11,Humano,Neutro,424,Janela_Baseline
40240,17,539,333,4.8,1,40240,11,Humano,Neutro,440,Janela_Baseline
40257,17,529,331,4.86,1,40257,11,Humano,Neutro,457,Janela_Baseline
40273,17,539,331,4.84,1,40273,11,Humano,Neutro,473,Janela_Baseline
40290,17,521,346,4.86,1,40290,11,Humano,Neutro,490,Janela_Baseline
40307,17,532,328,4.84,1,40307,11,Humano,Neutro,507,Janela_Baseline
40323,17,533,331,4.92,1,40323,11,Humano,Neutro,523,Janela_Baseline
40340,17,534,335,4.76,1,40340,11,Humano,Neutro,540,Janela_Baseline
40357,17,539,338,4.81,1,40357,11,Humano,Neutro,557,Janela_Baseline
40373,17,543,333,4.8,1,40373,11,Humano,Neutro,573,Janela_Baseline
40390,17,537,334,4.86,1,40390,11,Humano,Neutro,590,Janela_Baseline
40407,17,519,357,4.92,1,40407,11,Humano,Neutro,607,Janela_Baseline
40423,17,536,334,4.8,1,40423,11,Humano,Neutro,623,Janela_Baseline
40440,17,535,330,4.91,1,40440,11,Humano,Neutro,640,Janela_Baseline
40456,17,551,332,4.75,1,40456,11,Humano,Neutro,656,Janela_Baseline
40473,17,523,349,4.83,1,40473,11,Humano,Neutro,673,Janela_Baseline
40490,17,471,378,4.8,2,40490,11,Humano,Neutro,690,Janela_Baseline
40506,17,468,381,4.81,2,40506,11,Humano,Neutro,706,Janela_Baseline
40523,17,455,389,4.81,2,40523,11,Humano,Neutro,723,Janela_Baseline
40540,17,467,382,4.78,2,40540,11,Humano,Neutro,740,Janela_Baseline
40556,17,468,382,4.73,2,40556,11,Humano,Neutro,756,Janela_Baseline
40573,17,474,385,4.88,2,40573,11,Humano,Neutro,773,Janela_Baseline
40590,17,464,386,4.78,2,40590,11,Humano,Neutro,790,Janela_Baseline
40606,17,462,386,4.81,2,40606,11,Humano,Neutro,806,Janela_Baseline
40623,17,470,387,4.84,2,40623,11,Humano,Neutro,823,Janela_Baseline
40639,17,465,380,4.78,2,40639,11,Humano,Neutro,839,Janela_Baseline
40656,17,460,386,4.84,2,40656,11,Humano,Neutro,856,Janela_Baseline
40673,17,454,382,4.86,2,40673,11,Humano,Neutro,873,Janela_Baseline
40689,17,459,393,4.76,2,40689,11,Humano,Neutro,889,Janela_Baseline
40706,17,466,381,4.73,2,40706,11,Humano,Neutro,906,Janela_Baseline
40723,17,469,390,4.89,2,40723,11,Humano,Neutro,923,Janela_Baseline
40739,17,459,394,4.78,2,40739,11,Humano,Neutro,939,Janela_Baseline
40756,17,463,390,4.7,2,40756,11,Humano,Neutro,956,Janela_Baseline
40773,17,463,385,4.76,2,40773,11,Humano,Neutro,973,Janela_Baseline
40789,17,460,378,4.75,2,40789,11,Humano,Neutro,989,Janela_Baseline
40806,17,464,400,4.86,2,40806,11,Humano,Neutro,1006,Janela_Baseline
40822,17,460,379,4.7,2,40822,11,Humano,Neutro,1022,Janela_Baseline
40839,17,447,388,4.67,2,40839,11,Humano,Neutro,1039,Janela_Baseline
40856,17,440,403,4.8,2,40856,11,Humano,Neutro,1056,Janela_Baseline
40872,17,433,403,4.84,2,40872,11,Humano,Neutro,1072,Janela_Baseline
40889,17,440,404,4.83,2,40889,11,Humano,Neutro,1089,Janela_Baseline
40906,17,444,388,4.68,2,40906,11,Humano,Neutro,1106,Janela_Baseline
40922,17,439,398,4.81,2,40922,11,Humano,Neutro,1122,Janela_Baseline
40939,17,446,396,4.67,2,40939,11,Humano,Neutro,1139,Janela_Baseline
40955,17,441,388,4.65,2,40955,11,Humano,Neutro,1155,Janela_Baseline
40972,17,443,390,4.78,2,40972,11,Humano,Neutro,1172,Janela_Baseline
40989,17,454,393,4.81,2,40989,11,Humano,Neutro,1189,Janela_Baseline
41005,17,445,387,4.76,2,41005,11,Humano,Neutro,1205,Janela_Baseline
41022,17,427,398,4.81,2,41022,11,Humano,Neutro,1222,Janela_Baseline
41039,17,434,395,4.67,2,41039,11,Humano,Neutro,1239,Janela_Baseline
41055,17,447,404,4.8,2,41055,11,Humano,Neutro,1255,Janela_Baseline
41105,50,444,390,4.67,2,41105,11,Humano,Neutro,1305,Exposicao_Face
41122,17,439,395,4.7,2,41122,11,Humano,Neutro,1322,Exposicao_Face
41138,17,445,389,4.73,2,41138,11,Humano,Neutro,1338,Exposicao_Face
41155,17,452,382,4.75,2,41155,11,Humano,Neutro,1355,Exposicao_Face
41172,17,439,404,4.83,2,41172,11,Humano,Neutro,1372,Exposicao_Face
41188,17,442,396,4.75,2,41188,11,Humano,Neutro,1388,Exposicao_Face
41205,17,446,394,4.75,2,41205,11,Humano,Neutro,1405,Exposicao_Face
41222,17,445,404,4.86,2,41222,11,Humano,Neutro,1422,Exposicao_Face
41238,17,431,402,4.67,2,41238,11,Humano,Neutro,1438,Exposicao_Face
41255,17,425,403,4.67,2,41255,11,Humano,Neutro,1455,Exposicao_Face
41272,17,440,397,4.72,2,41272,11,Humano,Neutro,1472,Exposicao_Face
41288,17,433,407,4.75,2,41288,11,Humano,Neutro,1488,Exposicao_Face
41305,17,436,404,4.78,2,41305,11,Humano,Neutro,1505,Exposicao_Face
41321,17,440,403,4.84,2,41321,11,Humano,Neutro,1521,Exposicao_Face
41338,17,436,413,4.67,2,41338,11,Humano,Neutro,1538,Exposicao_Face
41355,17,433,407,4.75,2,41355,11,Humano,Neutro,1555,Exposicao_Face
41371,17,447,394,4.67,2,41371,11,Humano,Neutro,1571,Exposicao_Face
41388,17,439,407,4.67,2,41388,11,Humano,Neutro,1588,Exposicao_Face
41405,17,447,393,4.67,2,41405,11,Humano,Neutro,1605,Exposicao_Face
41421,17,435,409,4.67,2,41421,11,Humano,Neutro,1621,Exposicao_Face
41438,17,452,400,4.72,2,41438,11,Humano,Neutro,1638,Exposicao_Face
41455,17,445,396,4.68,2,41455,11,Humano,Neutro,1655,Exposicao_Face
41471,17,442,395,4.72,2,41471,11,Humano,Neutro,1671,Exposicao_Face
41488,17,441,406,4.7,2,41488,11,Humano,Neutro,1688,Exposicao_Face
41521,33,446,398,4.68,2,41521,11,Humano,Neutro,1721,Exposicao_Face
41521,0,446,398,4.68,2,41521,11,Humano,Neutro,1721,Exposicao_Face
41538,17,444,393,4.64,2,41538,11,Humano,Neutro,1738,Exposicao_Face
41554,17,444,401,4.57,2,41554,11,Humano,Neutro,1754,Exposicao_Face
41571,17,429,406,4.65,2,41571,11,Humano,Neutro,1771,Exposicao_Face
41588,17,450,390,4.64,2,41588,11,Humano,Neutro,1788,Exposicao_Face
41604,17,516,363,4.51,0,41604,11,Humano,Neutro,1804,Exposicao_Face
41621,17,489,455,4.65,3,41621,11,Humano,Neutro,1821,Exposicao_Face
41638,17,395,652,4.46,3,41638,11,Humano,Neutro,1838,Exposicao_Face
41654,17,587,468,0.0,3,41654,11,Humano,Neutro,1854,Exposicao_Face
41671,17,429,565,4.54,3,41671,11,Humano,Neutro,1871,Exposicao_Face
41687,17,491,423,4.51,3,41687,11,Humano,Neutro,1887,Exposicao_Face
41704,17,533,335,4.57,1,41704,11,Humano,Neutro,1904,Exposicao_Face
41721,17,523,340,4.54,1,41721,11,Humano,Neutro,1921,Exposicao_Face
41737,17,531,331,4.56,1,41737,11,Humano,Neutro,1937,Exposicao_Face
41754,17,526,344,4.59,1,41754,11,Humano,Neutro,1954,Exposicao_Face
41771,17,524,340,4.54,1,41771,11,Humano,Neutro,1971,Exposicao_Face
41787,17,520,349,4.54,1,41787,11,Humano,Neutro,1987,Exposicao_Face
41804,17,528,336,4.52,1,41804,11,Humano,Neutro,2004,Exposicao_Face
41821,17,523,343,4.54,1,41821,11,Humano,Neutro,2021,Exposicao_Face
41837,17,526,341,4.48,1,41837,11,Humano,Neutro,2037,Exposicao_Face
41854,17,529,347,4.52,1,41854,11,Humano,Neutro,2054,Exposicao_Face
41870,17,528,346,4.46,1,41870,11,Humano,Neutro,2070,Exposicao_Face
41887,17,523,346,4.49,1,41887,11,Humano,Neutro,2087,Exposicao_Face
41904,17,520,347,4.6,1,41904,11,Humano,Neutro,2104,Exposicao_Face
41920,17,521,349,4.54,1,41920,11,Humano,Neutro,2120,Exposicao_Face
41937,17,528,342,4.4,1,41937,11,Humano,Neutro,2137,Exposicao_Face
41954,17,527,346,4.54,1,41954,11,Humano,Neutro,2154,Exposicao_Face
41970,17,522,352,4.54,1,41970,11,Humano,Neutro,2170,Exposicao_Face
41987,17,526,344,4.52,1,41987,11,Humano,Neutro,2187,Exposicao_Face
42003,17,522,356,4.51,1,42003,11,Humano,Neutro,2203,Exposicao_Face
42020,17,523,346,4.43,1,42020,11,Humano,Neutro,2220,Exposicao_Face
42037,17,515,349,4.41,1,42037,11,Humano,Neutro,2237,Exposicao_Face
42053,17,527,352,4.49,1,42053,11,Humano,Neutro,2253,Exposicao_Face
42070,17,530,348,4.44,1,42070,11,Humano,Neutro,2270,Exposicao_Face
42087,17,520,363,4.51,0,42087,11,Humano,Neutro,2287,Exposicao_Face
42103,17,526,357,4.49,1,42103,11,Humano,Neutro,2303,Exposicao_Face
42120,17,520,351,4.56,1,42120,11,Humano,Neutro,2320,Exposicao_Face
42137,17,526,335,4.46,1,42137,11,Humano,Neutro,2337,Exposicao_Face
42153,17,535,346,4.41,1,42153,11,Humano,Neutro,2353,Exposicao_Face
42170,17,527,357,4.48,1,42170,11,Humano,Neutro,2370,Exposicao_Face
42186,17,508,363,4.48,0,42186,11,Humano,Neutro,2386,Exposicao_Face
42203,17,525,357,4.49,1,42203,11,Humano,Neutro,2403,Exposicao_Face
42220,17,528,349,4.43,1,42220,11,Humano,Neutro,2420,Exposicao_Face
42236,17,516,361,4.49,1,42236,11,Humano,Neutro,2436,Exposicao_Face
42253,17,524,353,4.44,1,42253,11,Humano,Neutro,2453,Exposicao_Face
42270,17,529,363,4.46,0,42270,11,Humano,Neutro,2470,Exposicao_Face
42286,17,533,350,4.51,1,42286,11,Humano,Neutro,2486,Exposicao_Face
42303,17,524,352,4.44,1,42303,11,Humano,Neutro,2503,Exposicao_Face
42320,17,526,361,4.48,1,42320,11,Humano,Neutro,2520,Exposicao_Face
42336,17,538,345,4.44,1,42336,11,Humano,Neutro,2536,Exposicao_Face
42353,17,541,338,4.41,1,42353,11,Humano,Neutro,2553,Exposicao_Face
42369,17,539,343,4.4,1,42369,11,Humano,Neutro,2569,Exposicao_Face
42386,17,535,341,4.44,1,42386,11,Humano,Neutro,2586,Exposicao_Face
42403,17,530,358,4.44,1,42403,11,Humano,Neutro,2603,Exposicao_Face
42419,17,530,356,4.38,1,42419,11,Humano,Neutro,2619,Exposicao_Face
42436,17,454,348,4.41,1,42436,11,Humano,Neutro,2636,Exposicao_Face
42453,17,455,351,4.41,1,42453,11,Humano,Neutro,2653,Exposicao_Face
42469,17,453,331,4.41,1,42469,11,Humano,Neutro,2669,Exposicao_Face
42486,17,441,342,4.4,1,42486,11,Humano,Neutro,2686,Exposicao_Face
42503,17,443,345,4.46,1,42503,11,Humano,Neutro,2703,Exposicao_Face
42519,17,443,350,4.32,1,42519,11,Humano,Neutro,2719,Exposicao_Face
42536,17,441,338,4.41,1,42536,11,Humano,Neutro,2736,Exposicao_Face
42552,17,445,343,4.3,1,42552,11,Humano,Neutro,2752,Exposicao_Face
42586,33,438,342,4.38,1,42586,11,Humano,Neutro,2786,Exposicao_Face
42602,17,444,343,4.44,1,42602,11,Humano,Neutro,2802,Exposicao_Face
42619,17,448,336,4.4,1,42619,11,Humano,Neutro,2819,Exposicao_Face
42669,50,447,347,4.33,1,42669,11,Humano,Neutro,2869,Exposicao_Face
42686,17,443,342,4.44,1,42686,11,Humano,Neutro,2886,Exposicao_Face
42702,17,428,356,4.36,1,42702,11,Humano,Neutro,2902,Exposicao_Face
42719,17,449,335,4.41,1,42719,11,Humano,Neutro,2919,Exposicao_Face
42735,17,439,353,4.46,1,42735,11,Humano,Neutro,2935,Exposicao_Face
42752,17,460,339,4.38,1,42752,11,Humano,Neutro,2952,Exposicao_Face
42769,17,442,339,4.33,1,42769,11,Humano,Neutro,2969,Exposicao_Face
42785,17,444,342,4.35,1,42785,11,Humano,Neutro,2985,Exposicao_Face
42802,17,439,357,4.49,1,42802,11,Humano,Neutro,3002,Exposicao_Face
42819,17,454,345,4.43,1,42819,11,Humano,Neutro,3019,Exposicao_Face
42835,17,447,339,4.36,1,42835,11,Humano,Neutro,3035,Exposicao_Face
42852,17,442,347,4.41,1,42852,11,Humano,Neutro,3052,Exposicao_Face
42869,17,434,358,4.33,1,42869,11,Humano,Neutro,3069,Exposicao_Face
42885,17,320,657,0.0,3,42885,11,Humano,Neutro,3085,Exposicao_Face
43035,150,376,501,4.36,3,43035,11,Humano,Neutro,3235,Exposicao_Face
43052,17,451,371,4.38,2,43052,11,Humano,Neutro,3252,Exposicao_Face
43068,17,480,329,4.36,1,43068,11,Humano,Neutro,3268,Exposicao_Face
43085,17,482,335,4.32,1,43085,11,Humano,Neutro,3285,Exposicao_Face
43101,17,481,344,4.38,1,43101,11,Humano,Neutro,3301,Exposicao_Face
43118,17,465,326,4.28,1,43118,11,Humano,Neutro,3318,Exposicao_Face
43135,17,471,338,4.38,1,43135,11,Humano,Neutro,3335,Exposicao_Face
43151,17,477,344,4.44,1,43151,11,Humano,Neutro,3351,Exposicao_Face
43168,17,475,338,4.41,1,43168,11,Humano,Neutro,3368,Exposicao_Face
43185,17,484,340,4.35,1,43185,11,Humano,Neutro,3385,Exposicao_Face
43201,17,472,351,4.32,1,43201,11,Humano,Neutro,3401,Exposicao_Face
43218,17,463,350,4.44,1,43218,11,Humano,Neutro,3418,Exposicao_Face
43234,17,483,341,4.41,1,43234,11,Humano,Neutro,3434,Exposicao_Face
43251,17,469,341,4.33,1,43251,11,Humano,Neutro,3451,Exposicao_Face
43268,17,468,347,4.35,1,43268,11,Humano,Neutro,3468,Exposicao_Face
43284,17,474,339,4.36,1,43284,11,Humano,Neutro,3484,Exposicao_Face
43301,17,481,341,4.38,1,43301,11,Humano,Neutro,3501,Exposicao_Face
43318,17,482,334,4.38,1,43318,11,Humano,Neutro,3518,Exposicao_Face
43334,17,463,353,4.36,1,43334,11,Humano,Neutro,3534,Exposicao_Face
43351,17,470,348,4.41,1,43351,11,Humano,Neutro,3551,Exposicao_Face
43368,17,474,344,4.43,1,43368,11,Humano,Neutro,3568,Exposicao_Face
43384,17,488,346,4.36,1,43384,11,Humano,Neutro,3584,Exposicao_Face
43401,17,479,344,4.36,1,43401,11,Humano,Neutro,3601,Exposicao_Face
43417,17,469,331,4.32,1,43417,11,Humano,Neutro,3617,Exposicao_Face
43434,17,463,341,4.4,1,43434,11,Humano,Neutro,3634,Exposicao_Face
43451,17,481,322,4.24,1,43451,11,Humano,Neutro,3651,Exposicao_Face
43467,17,479,346,4.32,1,43467,11,Humano,Neutro,3667,Exposicao_Face
43484,17,480,348,4.43,1,43484,11,Humano,Neutro,3684,Exposicao_Face
43501,17,483,340,4.25,1,43501,11,Humano,Neutro,3701,Exposicao_Face
43517,17,470,344,4.27,1,43517,11,Humano,Neutro,3717,Exposicao_Face
43534,17,485,352,4.28,1,43534,11,Humano,Neutro,3734,Exposicao_Face
43551,17,477,343,4.3,1,43551,11,Humano,Neutro,3751,Exposicao_Face
43567,17,472,352,4.33,1,43567,11,Humano,Neutro,3767,Exposicao_Face
43584,17,473,354,4.33,1,43584,11,Humano,Neutro,3784,Exposicao_Face
43600,17,478,345,4.35,1,43600,11,Humano,Neutro,3800,Exposicao_Face
43617,17,462,355,4.35,1,43617,11,Humano,Neutro,3817,Exposicao_Face
43634,17,517,332,4.27,1,43634,11,Humano,Neutro,3834,Exposicao_Face
43650,17,526,337,4.33,1,43650,11,Humano,Neutro,3850,Exposicao_Face
43667,17,530,342,4.28,1,43667,11,Humano,Neutro,3867,Exposicao_Face
43684,17,534,339,4.25,1,43684,11,Humano,Neutro,3884,Exposicao_Face
43700,17,555,322,4.3,1,43700,11,Humano,Neutro,3900,Exposicao_Face
43717,17,540,335,4.32,1,43717,11,Humano,Neutro,3917,Exposicao_Face
43734,17,544,324,4.22,1,43734,11,Humano,Neutro,3934,Exposicao_Face
43750,17,546,323,4.35,1,43750,11,Humano,Neutro,3950,Exposicao_Face
43767,17,541,326,4.3,1,43767,11,Humano,Neutro,3967,Exposicao_Face
43783,17,542,329,4.35,1,43783,11,Humano,Neutro,3983,Exposicao_Face
43800,17,542,333,4.27,1,43800,12,Humano,Raiva,0,Janela_Baseline
43817,17,547,331,4.12,1,43817,12,Humano,Raiva,17,Janela_Baseline
43833,17,546,325,4.3,1,43833,12,Humano,Raiva,33,Janela_Baseline
43850,17,546,318,4.25,1,43850,12,Humano,Raiva,50,Janela_Baseline
43867,17,551,327,4.27,1,43867,12,Humano,Raiva,67,Janela_Baseline
43883,17,541,329,4.32,1,43883,12,Humano,Raiva,83,Janela_Baseline
43900,17,543,342,4.25,1,43900,12,Humano,Raiva,100,Janela_Baseline
43917,17,546,333,4.32,1,43917,12,Humano,Raiva,117,Janela_Baseline
43933,17,550,328,4.17,1,43933,12,Humano,Raiva,133,Janela_Baseline
43950,17,547,324,4.15,1,43950,12,Humano,Raiva,150,Janela_Baseline
43966,17,551,320,4.3,1,43966,12,Humano,Raiva,166,Janela_Baseline
43983,17,553,325,4.19,1,43983,12,Humano,Raiva,183,Janela_Baseline
44000,17,549,344,4.2,1,44000,12,Humano,Raiva,200,Janela_Baseline
44016,17,503,420,4.22,3,44016,12,Humano,Raiva,216,Janela_Baseline
44033,17,490,399,4.24,2,44033,12,Humano,Raiva,233,Janela_Baseline
44050,17,495,415,4.27,2,44050,12,Humano,Raiva,250,Janela_Baseline
44066,17,491,404,4.15,2,44066,12,Humano,Raiva,266,Janela_Baseline
44083,17,509,409,4.22,2,44083,12,Humano,Raiva,283,Janela_Baseline
44100,17,485,426,4.2,3,44100,12,Humano,Raiva,300,Janela_Baseline
44116,17,491,408,4.09,2,44116,12,Humano,Raiva,316,Janela_Baseline
44133,17,515,412,4.15,2,44133,12,Humano,Raiva,333,Janela_Baseline
44149,17,496,404,4.07,2,44149,12,Humano,Raiva,349,Janela_Baseline
44166,17,480,424,4.19,3,44166,12,Humano,Raiva,366,Janela_Baseline
44183,17,486,417,4.11,5,44183,12,Humano,Raiva,383,Janela_Baseline
44199,17,506,416,4.07,2,44199,12,Humano,Raiva,399,Janela_Baseline
44216,17,496,413,4.09,2,44216,12,Humano,Raiva,416,Janela_Baseline
44233,17,482,393,4.11,2,44233,12,Humano,Raiva,433,Janela_Baseline
44249,17,477,410,4.03,2,44249,12,Humano,Raiva,449,Janela_Baseline
44266,17,478,399,4.12,2,44266,12,Humano,Raiva,466,Janela_Baseline
44282,17,471,413,4.17,2,44282,12,Humano,Raiva,482,Janela_Baseline
44299,17,474,411,4.2,2,44299,12,Humano,Raiva,499,Janela_Baseline
44316,17,477,389,4.09,2,44316,12,Humano,Raiva,516,Janela_Baseline
44332,17,472,401,4.06,2,44332,12,Humano,Raiva,532,Janela_Baseline
44349,17,464,399,4.2,2,44349,12,Humano,Raiva,549,Janela_Baseline
44366,17,468,400,4.09,2,44366,12,Humano,Raiva,566,Janela_Baseline
44382,17,481,397,4.09,2,44382,12,Humano,Raiva,582,Janela_Baseline
44399,17,465,405,4.12,2,44399,12,Humano,Raiva,599,Janela_Baseline
44416,17,479,399,4.11,2,44416,12,Humano,Raiva,616,Janela_Baseline
44432,17,493,401,4.07,2,44432,12,Humano,Raiva,632,Janela_Baseline
44449,17,477,404,4.14,2,44449,12,Humano,Raiva,649,Janela_Baseline
44465,17,475,412,4.04,2,44465,12,Humano,Raiva,665,Janela_Baseline
44482,17,468,403,4.03,2,44482,12,Humano,Raiva,682,Janela_Baseline
44499,17,471,406,4.03,2,44499,12,Humano,Raiva,699,Janela_Baseline
44515,17,473,398,4.06,2,44515,12,Humano,Raiva,715,Janela_Baseline
44532,17,467,408,4.06,2,44532,12,Humano,Raiva,732,Janela_Baseline
44549,17,455,397,4.01,2,44549,12,Humano,Raiva,749,Janela_Baseline
44565,17,466,402,3.96,2,44565,12,Humano,Raiva,765,Janela_Baseline
44582,17,454,394,3.91,2,44582,12,Humano,Raiva,782,Janela_Baseline
44599,17,466,379,3.95,2,44599,12,Humano,Raiva,799,Janela_Baseline
44615,17,456,393,4.06,2,44615,12,Humano,Raiva,815,Janela_Baseline
44632,17,440,392,4.06,2,44632,12,Humano,Raiva,832,Janela_Baseline
44648,17,447,394,4.11,2,44648,12,Humano,Raiva,848,Janela_Baseline
44665,17,448,406,4.09,2,44665,12,Humano,Raiva,865,Janela_Baseline
44682,17,446,394,4.06,2,44682,12,Humano,Raiva,882,Janela_Baseline
44698,17,456,413,4.11,2,44698,12,Humano,Raiva,898,Janela_Baseline
44715,17,456,390,3.95,2,44715,12,Humano,Raiva,915,Janela_Baseline
44732,17,447,394,3.91,2,44732,12,Humano,Raiva,932,Janela_Baseline
44748,17,462,377,3.99,2,44748,12,Humano,Raiva,948,Janela_Baseline
44765,17,459,398,3.91,2,44765,12,Humano,Raiva,965,Janela_Baseline
44782,17,461,391,3.98,2,44782,12,Humano,Raiva,982,Janela_Baseline
44798,17,466,380,3.95,2,44798,12,Humano,Raiva,998,Janela_Baseline
44815,17,455,399,3.95,2,44815,12,Humano,Raiva,1015,Janela_Baseline
44831,17,455,395,4.04,2,44831,12,Humano,Raiva,1031,Janela_Baseline
44848,17,452,393,3.95,2,44848,12,Humano,Raiva,1048,Janela_Baseline
44865,17,459,387,4.03,2,44865,12,Humano,Raiva,1065,Janela_Baseline
44881,17,456,409,4.01,2,44881,12,Humano,Raiva,1081,Janela_Baseline
44898,17,456,397,4.06,2,44898,12,Humano,Raiva,1098,Janela_Baseline
44915,17,464,390,3.99,2,44915,12,Humano,Raiva,1115,Janela_Baseline
44931,17,453,403,4.01,2,44931,12,Humano,Raiva,1131,Janela_Baseline
44948,17,455,406,3.9,2,44948,12,Humano,Raiva,1148,Janela_Baseline
44965,17,456,401,3.91,2,44965,12,Humano,Raiva,1165,Janela_Baseline
44981,17,459,378,3.95,2,44981,12,Humano,Raiva,1181,Janela_Baseline
44998,17,446,398,4.03,2,44998,12,Humano,Raiva,1198,Janela_Baseline
45014,17,462,385,3.96,2,45014,12,Humano,Raiva,1214,Janela_Baseline
45031,17,465,398,3.98,2,45031,12,Humano,Raiva,1231,Janela_Baseline
45048,17,466,396,4.06,2,45048,12,Humano,Raiva,1248,Janela_Baseline
45064,17,458,405,3.99,2,45064,12,Humano,Raiva,1264,Janela_Baseline
45081,17,453,400,4.01,2,45081,12,Humano,Raiva,1281,Janela_Baseline
45098,17,460,393,3.99,2,45098,12,Humano,Raiva,1298,Janela_Baseline
45114,17,456,400,3.95,2,45114,12,Humano,Raiva,1314,Exposicao_Face
45131,17,463,405,3.98,2,45131,12,Humano,Raiva,1331,Exposicao_Face
45148,17,466,391,4.01,2,45148,12,Humano,Raiva,1348,Exposicao_Face
45164,17,468,395,4.01,2,45164,12,Humano,Raiva,1364,Exposicao_Face
45181,17,470,391,4.03,2,45181,12,Humano,Raiva,1381,Exposicao_Face
45197,17,476,383,3.96,2,45197,12,Humano,Raiva,1397,Exposicao_Face
45214,17,467,397,3.88,2,45214,12,Humano,Raiva,1414,Exposicao_Face
45231,17,471,382,3.91,2,45231,12,Humano,Raiva,1431,Exposicao_Face
45247,17,479,379,3.98,2,45247,12,Humano,Raiva,1447,Exposicao_Face
45264,17,475,382,3.9,2,45264,12,Humano,Raiva,1464,Exposicao_Face
45281,17,471,375,3.9,2,45281,12,Humano,Raiva,1481,Exposicao_Face
45297,17,461,391,3.93,2,45297,12,Humano,Raiva,1497,Exposicao_Face
45314,17,478,379,3.82,2,45314,12,Humano,Raiva,1514,Exposicao_Face
45331,17,472,386,3.88,2,45331,12,Humano,Raiva,1531,Exposicao_Face
45347,17,477,385,3.95,2,45347,12,Humano,Raiva,1547,Exposicao_Face
45364,17,470,372,4.01,2,45364,12,Humano,Raiva,1564,Exposicao_Face
45380,17,459,380,3.95,2,45380,12,Humano,Raiva,1580,Exposicao_Face
45397,17,468,396,4.01,2,45397,12,Humano,Raiva,1597,Exposicao_Face
45414,17,470,380,3.9,2,45414,12,Humano,Raiva,1614,Exposicao_Face
45430,17,472,377,3.96,2,45430,12,Humano,Raiva,1630,Exposicao_Face
45480,50,471,379,3.95,2,45480,12,Humano,Raiva,1680,Exposicao_Face
45497,17,474,379,3.95,2,45497,12,Humano,Raiva,1697,Exposicao_Face
45513,17,472,376,3.88,2,45513,12,Humano,Raiva,1713,Exposicao_Face
45530,17,461,400,3.98,2,45530,12,Humano,Raiva,1730,Exposicao_Face
45563,33,460,383,3.96,2,45563,12,Humano,Raiva,1763,Exposicao_Face
45580,17,447,385,3.99,2,45580,12,Humano,Raiva,1780,Exposicao_Face
45597,17,466,386,4.03,2,45597,12,Humano,Raiva,1797,Exposicao_Face
45613,17,451,397,4.03,2,45613,12,Humano,Raiva,1813,Exposicao_Face
45630,17,460,386,4.03,2,45630,12,Humano,Raiva,1830,Exposicao_Face
45647,17,455,381,3.98,2,45647,12,Humano,Raiva,1847,Exposicao_Face
45663,17,455,396,4.09,2,45663,12,Humano,Raiva,1863,Exposicao_Face
45680,17,472,389,4.04,2,45680,12,Humano,Raiva,1880,Exposicao_Face
45696,17,459,394,3.93,2,45696,12,Humano,Raiva,1896,Exposicao_Face
45713,17,465,388,4.04,2,45713,12,Humano,Raiva,1913,Exposicao_Face
45730,17,462,392,4.04,2,45730,12,Humano,Raiva,1930,Exposicao_Face
45746,17,461,394,4.03,2,45746,12,Humano,Raiva,1946,Exposicao_Face
45763,17,450,397,4.11,2,45763,12,Humano,Raiva,1963,Exposicao_Face
45780,17,463,390,4.03,2,45780,12,Humano,Raiva,1980,Exposicao_Face
45796,17,463,383,4.03,2,45796,12,Humano,Raiva,1996,Exposicao_Face
45813,17,458,383,4.09,2,45813,12,Humano,Raiva,2013,Exposicao_Face
45830,17,447,389,4.01,2,45830,12,Humano,Raiva,2030,Exposicao_Face
45846,17,453,387,4.11,2,45846,12,Humano,Raiva,2046,Exposicao_Face
45863,17,442,387,4.01,2,45863,12,Humano,Raiva,2063,Exposicao_Face
45879,17,454,397,4.06,2,45879,12,Humano,Raiva,2079,Exposicao_Face
45896,17,454,387,4.11,2,45896,12,Humano,Raiva,2096,Exposicao_Face
45913,17,463,380,4.11,2,45913,12,Humano,Raiva,2113,Exposicao_Face
45929,17,455,391,4.11,2,45929,12,Humano,Raiva,2129,Exposicao_Face
45946,17,442,410,4.2,2,45946,12,Humano,Raiva,2146,Exposicao_Face
45963,17,446,401,4.07,2,45963,12,Humano,Raiva,2163,Exposicao_Face
45979,17,456,393,4.17,2,45979,12,Humano,Raiva,2179,Exposicao_Face
45996,17,462,389,4.09,2,45996,12,Humano,Raiva,2196,Exposicao_Face
46013,17,451,380,4.12,2,46013,12,Humano,Raiva,2213,Exposicao_Face
46029,17,461,387,4.17,2,46029,12,Humano,Raiva,2229,Exposicao_Face
46046,17,451,386,4.12,2,46046,12,Humano,Raiva,2246,Exposicao_Face
46062,17,450,372,4.07,2,46062,12,Humano,Raiva,2262,Exposicao_Face
46079,17,463,388,4.3,2,46079,12,Humano,Raiva,2279,Exposicao_Face
46096,17,458,388,4.12,2,46096,12,Humano,Raiva,2296,Exposicao_Face
46112,17,448,388,4.19,2,46112,12,Humano,Raiva,2312,Exposicao_Face
46129,17,468,393,4.24,2,46129,12,Humano,Raiva,2329,Exposicao_Face
46146,17,461,386,4.35,2,46146,12,Humano,Raiva,2346,Exposicao_Face
46162,17,456,384,4.28,2,46162,12,Humano,Raiva,2362,Exposicao_Face
46179,17,469,342,4.22,1,46179,12,Humano,Raiva,2379,Exposicao_Face
46196,17,469,348,4.28,1,46196,12,Humano,Raiva,2396,Exposicao_Face
46212,17,471,338,4.28,1,46212,12,Humano,Raiva,2412,Exposicao_Face
46229,17,475,343,4.36,1,46229,12,Humano,Raiva,2429,Exposicao_Face
46245,17,481,330,4.28,1,46245,12,Humano,Raiva,2445,Exposicao_Face
46262,17,467,351,4.43,1,46262,12,Humano,Raiva,2462,Exposicao_Face
46279,17,479,341,4.36,1,46279,12,Humano,Raiva,2479,Exposicao_Face
46295,17,468,342,4.38,1,46295,12,Humano,Raiva,2495,Exposicao_Face
46312,17,476,350,4.43,1,46312,12,Humano,Raiva,2512,Exposicao_Face
46329,17,484,340,4.38,1,46329,12,Humano,Raiva,2529,Exposicao_Face
46345,17,484,325,4.35,1,46345,12,Humano,Raiva,2545,Exposicao_Face
46362,17,462,351,4.36,1,46362,12,Humano,Raiva,2562,Exposicao_Face
46379,17,538,324,4.41,1,46379,12,Humano,Raiva,2579,Exposicao_Face
46395,17,547,318,4.4,1,46395,12,Humano,Raiva,2595,Exposicao_Face
46412,17,561,312,4.38,1,46412,12,Humano,Raiva,2612,Exposicao_Face
46428,17,538,323,4.46,1,46428,12,Humano,Raiva,2628,Exposicao_Face
46445,17,561,317,4.4,1,46445,12,Humano,Raiva,2645,Exposicao_Face
46462,17,551,316,4.41,1,46462,12,Humano,Raiva,2662,Exposicao_Face
46478,17,551,320,4.4,1,46478,12,Humano,Raiva,2678,Exposicao_Face
46495,17,553,321,4.38,1,46495,12,Humano,Raiva,2695,Exposicao_Face
46512,17,559,320,4.41,1,46512,12,Humano,Raiva,2712,Exposicao_Face
46528,17,556,312,4.48,1,46528,12,Humano,Raiva,2728,Exposicao_Face
46545,17,558,322,4.4,1,46545,12,Humano,Raiva,2745,Exposicao_Face
46562,17,559,313,4.35,1,46562,12,Humano,Raiva,2762,Exposicao_Face
46578,17,558,323,4.43,1,46578,12,Humano,Raiva,2778,Exposicao_Face
46595,17,564,313,4.41,1,46595,12,Humano,Raiva,2795,Exposicao_Face
46611,17,554,321,4.46,1,46611,12,Humano,Raiva,2811,Exposicao_Face
46628,17,496,347,4.44,1,46628,12,Humano,Raiva,2828,Exposicao_Face
46645,17,497,354,4.41,1,46645,12,Humano,Raiva,2845,Exposicao_Face
46661,17,511,328,4.33,1,46661,12,Humano,Raiva,2861,Exposicao_Face
46678,17,495,336,4.43,1,46678,12,Humano,Raiva,2878,Exposicao_Face
46695,17,496,345,4.44,1,46695,12,Humano,Raiva,2895,Exposicao_Face
46711,17,492,350,4.38,1,46711,12,Humano,Raiva,2911,Exposicao_Face
46728,17,494,350,4.43,1,46728,12,Humano,Raiva,2928,Exposicao_Face
46744,17,486,354,4.43,1,46744,12,Humano,Raiva,2944,Exposicao_Face
46761,17,501,329,4.36,1,46761,12,Humano,Raiva,2961,Exposicao_Face
46778,17,479,370,4.41,2,46778,12,Humano,Raiva,2978,Exposicao_Face
46894,116,517,523,4.43,3,46894,12,Humano,Raiva,3094,Exposicao_Face
46911,17,600,365,4.35,2,46911,12,Humano,Raiva,3111,Exposicao_Face
46927,17,618,301,4.44,1,46927,12,Humano,Raiva,3127,Exposicao_Face
46944,17,597,310,4.33,1,46944,12,Humano,Raiva,3144,Exposicao_Face
46961,17,617,301,4.3,1,46961,12,Humano,Raiva,3161,Exposicao_Face
46977,17,609,322,4.38,1,46977,12,Humano,Raiva,3177,Exposicao_Face
46994,17,611,304,4.27,1,46994,12,Humano,Raiva,3194,Exposicao_Face
47011,17,613,307,4.36,1,47011,12,Humano,Raiva,3211,Exposicao_Face
47027,17,613,308,4.25,1,47027,12,Humano,Raiva,3227,Exposicao_Face
47044,17,617,300,4.28,1,47044,12,Humano,Raiva,3244,Exposicao_Face
47061,17,607,310,4.32,1,47061,12,Humano,Raiva,3261,Exposicao_Face
47077,17,613,302,4.27,1,47077,12,Humano,Raiva,3277,Exposicao_Face
47094,17,604,313,4.12,1,47094,12,Humano,Raiva,3294,Exposicao_Face
47110,17,621,284,4.2,1,47110,12,Humano,Raiva,3310,Exposicao_Face
47127,17,615,306,4.24,1,47127,12,Humano,Raiva,3327,Exposicao_Face
47144,17,605,312,4.27,1,47144,12,Humano,Raiva,3344,Exposicao_Face
47160,17,605,316,4.25,1,47160,12,Humano,Raiva,3360,Exposicao_Face
47177,17,623,295,4.2,1,47177,12,Humano,Raiva,3377,Exposicao_Face
47194,17,596,314,4.25,1,47194,12,Humano,Raiva,3394,Exposicao_Face
47210,17,606,321,4.24,1,47210,12,Humano,Raiva,3410,Exposicao_Face
47227,17,608,318,4.24,1,47227,12,Humano,Raiva,3427,Exposicao_Face
47244,17,606,313,4.22,1,47244,12,Humano,Raiva,3444,Exposicao_Face
47260,17,622,297,4.19,1,47260,12,Humano,Raiva,3460,Exposicao_Face
47277,17,617,298,4.12,1,47277,12,Humano,Raiva,3477,Exposicao_Face
47293,17,610,319,4.22,1,47293,12,Humano,Raiva,3493,Exposicao_Face
47310,17,602,330,4.3,1,47310,12,Humano,Raiva,3510,Exposicao_Face
47327,17,617,294,4.14,1,47327,12,Humano,Raiva,3527,Exposicao_Face
47343,17,611,312,4.15,1,47343,12,Humano,Raiva,3543,Exposicao_Face
47360,17,613,317,4.19,1,47360,12,Humano,Raiva,3560,Exposicao_Face
47377,17,607,313,4.25,1,47377,12,Humano,Raiva,3577,Exposicao_Face
47393,17,599,305,4.19,1,47393,12,Humano,Raiva,3593,Exposicao_Face
47410,17,607,313,4.19,1,47410,12,Humano,Raiva,3610,Exposicao_Face
47427,17,601,321,4.24,1,47427,12,Humano,Raiva,3627,Exposicao_Face
47443,17,607,330,4.12,1,47443,12,Humano,Raiva,3643,Exposicao_Face
47460,17,614,302,4.14,1,47460,12,Humano,Raiva,3660,Exposicao_Face
47476,17,614,304,4.12,1,47476,12,Humano,Raiva,3676,Exposicao_Face
47493,17,610,310,4.15,1,47493,12,Humano,Raiva,3693,Exposicao_Face
47510,17,615,302,4.24,1,47510,12,Humano,Raiva,3710,Exposicao_Face
47526,17,601,326,4.25,1,47526,12,Humano,Raiva,3726,Exposicao_Face
47543,17,600,318,4.19,1,47543,12,Humano,Raiva,3743,Exposicao_Face
47560,17,607,321,4.27,1,47560,12,Humano,Raiva,3760,Exposicao_Face
47576,17,607,310,4.14,1,47576,12,Humano,Raiva,3776,Exposicao_Face
47593,17,612,320,4.27,1,47593,12,Humano,Raiva,3793,Exposicao_Face
47610,17,601,320,4.19,1,47610,12,Humano,Raiva,3810,Exposicao_Face
47626,17,576,320,4.14,1,47626,12,Humano,Raiva,3826,Exposicao_Face
47643,17,544,317,4.25,1,47643,12,Humano,Raiva,3843,Exposicao_Face
47659,17,542,318,4.22,1,47659,12,Humano,Raiva,3859,Exposicao_Face
47676,17,537,315,4.19,1,47676,12,Humano,Raiva,3876,Exposicao_Face
47693,17,545,304,4.14,1,47693,12,Humano,Raiva,3893,Exposicao_Face
47709,17,534,315,4.19,1,47709,12,Humano,Raiva,3909,Exposicao_Face
47726,17,549,321,4.32,1,47726,12,Humano,Raiva,3926,Exposicao_Face
47743,17,545,317,4.19,1,47743,12,Humano,Raiva,3943,Exposicao_Face
47759,17,543,317,4.2,1,47759,12,Humano,Raiva,3959,Exposicao_Face
47809,50,543,315,4.15,1,47809,13,Humano,Feliz,9,Janela_Baseline
47809,0,543,315,4.15,1,47809,13,Humano,Feliz,9,Janela_Baseline
47826,17,545,314,4.19,1,47826,13,Humano,Feliz,26,Janela_Baseline
47842,17,483,366,4.22,2,47842,13,Humano,Feliz,42,Janela_Baseline
47859,17,473,392,4.19,2,47859,13,Humano,Feliz,59,Janela_Baseline
47876,17,452,388,4.17,2,47876,13,Humano,Feliz,76,Janela_Baseline
47892,17,466,391,4.17,2,47892,13,Humano,Feliz,92,Janela_Baseline
47909,17,450,390,4.19,2,47909,13,Humano,Feliz,109,Janela_Baseline
47926,17,457,394,4.33,2,47926,13,Humano,Feliz,126,Janela_Baseline
47942,17,477,384,4.19,2,47942,13,Humano,Feliz,142,Janela_Baseline
47959,17,460,401,4.17,2,47959,13,Humano,Feliz,159,Janela_Baseline
47975,17,474,398,4.15,2,47975,13,Humano,Feliz,175,Janela_Baseline
47992,17,459,390,4.12,2,47992,13,Humano,Feliz,192,Janela_Baseline
48009,17,458,398,4.22,2,48009,13,Humano,Feliz,209,Janela_Baseline
48025,17,468,397,4.3,2,48025,13,Humano,Feliz,225,Janela_Baseline
48042,17,478,376,4.25,2,48042,13,Humano,Feliz,242,Janela_Baseline
48059,17,484,385,4.22,2,48059,13,Humano,Feliz,259,Janela_Baseline
48075,17,468,395,4.25,2,48075,13,Humano,Feliz,275,Janela_Baseline
48092,17,467,387,4.19,2,48092,13,Humano,Feliz,292,Janela_Baseline
48109,17,475,402,4.4,2,48109,13,Humano,Feliz,309,Janela_Baseline
48125,17,469,380,4.17,2,48125,13,Humano,Feliz,325,Janela_Baseline
48142,17,450,395,4.25,2,48142,13,Humano,Feliz,342,Janela_Baseline
48158,17,463,394,4.17,2,48158,13,Humano,Feliz,358,Janela_Baseline
48175,17,462,376,4.2,2,48175,13,Humano,Feliz,375,Janela_Baseline
48192,17,482,368,4.27,2,48192,13,Humano,Feliz,392,Janela_Baseline
48208,17,494,357,4.24,1,48208,13,Humano,Feliz,408,Janela_Baseline
48242,33,489,365,4.24,2,48242,13,Humano,Feliz,442,Janela_Baseline
48242,0,489,365,4.24,2,48242,13,Humano,Feliz,442,Janela_Baseline
48258,17,501,363,4.14,0,48258,13,Humano,Feliz,458,Janela_Baseline
48275,17,484,370,4.19,2,48275,13,Humano,Feliz,475,Janela_Baseline
48292,17,494,362,4.17,1,48292,13,Humano,Feliz,492,Janela_Baseline
48308,17,488,360,4.27,1,48308,13,Humano,Feliz,508,Janela_Baseline
48341,33,476,366,4.22,2,48341,13,Humano,Feliz,541,Janela_Baseline
48341,0,476,366,4.22,2,48341,13,Humano,Feliz,541,Janela_Baseline
48358,17,492,356,4.14,1,48358,13,Humano,Feliz,558,Janela_Baseline
48375,17,485,354,4.07,1,48375,13,Humano,Feliz,575,Janela_Baseline
48391,17,494,329,4.09,1,48391,13,Humano,Feliz,591,Janela_Baseline
48408,17,491,338,4.17,1,48408,13,Humano,Feliz,608,Janela_Baseline
48425,17,500,322,4.11,1,48425,13,Humano,Feliz,625,Janela_Baseline
48441,17,499,320,4.17,1,48441,13,Humano,Feliz,641,Janela_Baseline
48458,17,493,326,4.09,1,48458,13,Humano,Feliz,658,Janela_Baseline
48475,17,494,329,4.06,1,48475,13,Humano,Feliz,675,Janela_Baseline
48491,17,498,331,4.09,1,48491,13,Humano,Feliz,691,Janela_Baseline
48508,17,503,327,4.03,1,48508,13,Humano,Feliz,708,Janela_Baseline
48524,17,501,328,4.07,1,48524,13,Humano,Feliz,724,Janela_Baseline
48541,17,490,327,4.09,1,48541,13,Humano,Feliz,741,Janela_Baseline
48558,17,502,324,4.14,1,48558,13,Humano,Feliz,758,Janela_Baseline
48574,17,561,312,4.04,1,48574,13,Humano,Feliz,774,Janela_Baseline
48591,17,584,324,4.17,1,48591,13,Humano,Feliz,791,Janela_Baseline
48608,17,588,303,4.07,1,48608,13,Humano,Feliz,808,Janela_Baseline
48624,17,586,308,4.11,1,48624,13,Humano,Feliz,824,Janela_Baseline
48641,17,584,300,4.04,1,48641,13,Humano,Feliz,841,Janela_Baseline
48658,17,588,299,3.95,1,48658,13,Humano,Feliz,858,Janela_Baseline
48674,17,570,320,3.98,1,48674,13,Humano,Feliz,874,Janela_Baseline
48691,17,578,311,4.03,1,48691,13,Humano,Feliz,891,Janela_Baseline
48707,17,588,304,4.01,1,48707,13,Humano,Feliz,907,Janela_Baseline
48724,17,585,308,4.07,1,48724,13,Humano,Feliz,924,Janela_Baseline
48741,17,585,305,4.09,1,48741,13,Humano,Feliz,941,Janela_Baseline
48757,17,579,311,4.03,1,48757,13,Humano,Feliz,957,Janela_Baseline
48774,17,580,320,4.14,1,48774,13,Humano,Feliz,974,Janela_Baseline
48791,17,581,313,4.09,1,48791,13,Humano,Feliz,991,Janela_Baseline
48807,17,578,312,4.09,1,48807,13,Humano,Feliz,1007,Janela_Baseline
48824,17,590,304,4.22,1,48824,13,Humano,Feliz,1024,Janela_Baseline
48841,17,588,306,4.07,1,48841,13,Humano,Feliz,1041,Janela_Baseline
48857,17,586,302,4.14,1,48857,13,Humano,Feliz,1057,Janela_Baseline
48874,17,581,312,4.11,1,48874,13,Humano,Feliz,1074,Janela_Baseline
48890,17,586,301,4.07,1,48890,13,Humano,Feliz,1090,Janela_Baseline
48907,17,586,301,4.12,1,48907,13,Humano,Feliz,1107,Janela_Baseline
48924,17,585,306,4.09,1,48924,13,Humano,Feliz,1124,Janela_Baseline
48940,17,585,309,4.14,1,48940,13,Humano,Feliz,1140,Janela_Baseline
48957,17,578,301,4.14,1,48957,13,Humano,Feliz,1157,Janela_Baseline
48974,17,584,302,4.07,1,48974,13,Humano,Feliz,1174,Janela_Baseline
48990,17,572,322,4.09,1,48990,13,Humano,Feliz,1190,Janela_Baseline
49007,17,504,320,4.14,1,49007,13,Humano,Feliz,1207,Janela_Baseline
49023,17,471,321,4.04,1,49023,13,Humano,Feliz,1223,Janela_Baseline
49040,17,471,313,4.22,1,49040,13,Humano,Feliz,1240,Janela_Baseline
49057,17,455,313,4.07,1,49057,13,Humano,Feliz,1257,Janela_Baseline
49090,33,459,317,4.12,1,49090,13,Humano,Feliz,1290,Janela_Baseline
49107,17,463,318,4.15,1,49107,13,Humano,Feliz,1307,Exposicao_Face
49123,17,453,318,4.15,1,49123,13,Humano,Feliz,1323,Exposicao_Face
49140,17,467,310,4.17,1,49140,13,Humano,Feliz,1340,Exposicao_Face
49157,17,464,314,4.17,1,49157,13,Humano,Feliz,1357,Exposicao_Face
49173,17,461,316,4.19,1,49173,13,Humano,Feliz,1373,Exposicao_Face
49190,17,440,308,4.22,1,49190,13,Humano,Feliz,1390,Exposicao_Face
49206,17,440,311,4.2,1,49206,13,Humano,Feliz,1406,Exposicao_Face
49223,17,444,304,4.14,1,49223,13,Humano,Feliz,1423,Exposicao_Face
49240,17,446,324,4.17,1,49240,13,Humano,Feliz,1440,Exposicao_Face
49256,17,445,313,4.2,1,49256,13,Humano,Feliz,1456,Exposicao_Face
49273,17,456,305,4.12,1,49273,13,Humano,Feliz,1473,Exposicao_Face
49290,17,448,310,4.15,1,49290,13,Humano,Feliz,1490,Exposicao_Face
49306,17,450,306,4.14,1,49306,13,Humano,Feliz,1506,Exposicao_Face
49323,17,444,325,4.2,1,49323,13,Humano,Feliz,1523,Exposicao_Face
49340,17,447,298,4.15,1,49340,13,Humano,Feliz,1540,Exposicao_Face
49356,17,438,326,4.19,1,49356,13,Humano,Feliz,1556,Exposicao_Face
49373,17,444,313,4.11,1,49373,13,Humano,Feliz,1573,Exposicao_Face
49389,17,454,298,4.11,1,49389,13,Humano,Feliz,1589,Exposicao_Face
49406,17,542,326,4.22,1,49406,13,Humano,Feliz,1606,Exposicao_Face
49423,17,609,307,4.17,1,49423,13,Humano,Feliz,1623,Exposicao_Face
49439,17,617,306,4.19,1,49439,13,Humano,Feliz,1639,Exposicao_Face
49456,17,605,324,4.14,1,49456,13,Humano,Feliz,1656,Exposicao_Face
49473,17,612,322,4.24,1,49473,13,Humano,Feliz,1673,Exposicao_Face
49489,17,617,309,4.19,1,49489,13,Humano,Feliz,1689,Exposicao_Face
49506,17,613,314,4.06,1,49506,13,Humano,Feliz,1706,Exposicao_Face
49523,17,610,320,4.14,1,49523,13,Humano,Feliz,1723,Exposicao_Face
49539,17,609,328,4.14,1,49539,13,Humano,Feliz,1739,Exposicao_Face
49556,17,606,325,4.12,1,49556,13,Humano,Feliz,1756,Exposicao_Face
49572,17,612,324,4.12,1,49572,13,Humano,Feliz,1772,Exposicao_Face
49589,17,580,308,4.12,1,49589,13,Humano,Feliz,1789,Exposicao_Face
49606,17,590,303,4.17,1,49606,13,Humano,Feliz,1806,Exposicao_Face
49622,17,571,324,4.15,1,49622,13,Humano,Feliz,1822,Exposicao_Face
49639,17,587,302,4.03,1,49639,13,Humano,Feliz,1839,Exposicao_Face
49656,17,574,316,4.14,1,49656,13,Humano,Feliz,1856,Exposicao_Face
49672,17,572,321,4.22,1,49672,13,Humano,Feliz,1872,Exposicao_Face
49689,17,576,322,4.07,1,49689,13,Humano,Feliz,1889,Exposicao_Face
49706,17,570,327,4.09,1,49706,13,Humano,Feliz,1906,Exposicao_Face
49722,17,575,320,4.25,1,49722,13,Humano,Feliz,1922,Exposicao_Face
49739,17,585,292,4.11,1,49739,13,Humano,Feliz,1939,Exposicao_Face
49755,17,580,311,4.15,1,49755,13,Humano,Feliz,1955,Exposicao_Face
49772,17,574,316,4.11,1,49772,13,Humano,Feliz,1972,Exposicao_Face
49789,17,583,310,4.15,1,49789,13,Humano,Feliz,1989,Exposicao_Face
49805,17,591,310,4.2,1,49805,13,Humano,Feliz,2005,Exposicao_Face
49822,17,578,306,4.22,1,49822,13,Humano,Feliz,2022,Exposicao_Face
49839,17,574,325,4.06,1,49839,13,Humano,Feliz,2039,Exposicao_Face
49855,17,576,324,4.2,1,49855,13,Humano,Feliz,2055,Exposicao_Face
49872,17,578,319,4.27,1,49872,13,Humano,Feliz,2072,Exposicao_Face
49889,17,573,327,4.25,1,49889,13,Humano,Feliz,2089,Exposicao_Face
49905,17,479,397,4.15,2,49905,13,Humano,Feliz,2105,Exposicao_Face
49922,17,438,433,4.15,3,49922,13,Humano,Feliz,2122,Exposicao_Face
49938,17,422,433,4.24,3,49938,13,Humano,Feliz,2138,Exposicao_Face
49955,17,414,440,4.15,3,49955,13,Humano,Feliz,2155,Exposicao_Face
49972,17,411,439,4.3,3,49972,13,Humano,Feliz,2172,Exposicao_Face
49988,17,405,433,4.28,3,49988,13,Humano,Feliz,2188,Exposicao_Face
50005,17,411,449,4.22,3,50005,13,Humano,Feliz,2205,Exposicao_Face
50022,17,437,445,4.36,3,50022,13,Humano,Feliz,2222,Exposicao_Face
50038,17,412,445,4.32,3,50038,13,Humano,Feliz,2238,Exposicao_Face
50055,17,418,430,4.28,3,50055,13,Humano,Feliz,2255,Exposicao_Face
50071,17,418,441,4.28,3,50071,13,Humano,Feliz,2271,Exposicao_Face
50088,17,405,442,4.33,3,50088,13,Humano,Feliz,2288,Exposicao_Face
50105,17,415,435,4.28,3,50105,13,Humano,Feliz,2305,Exposicao_Face
50138,33,411,432,4.22,3,50138,13,Humano,Feliz,2338,Exposicao_Face
50155,17,405,430,4.32,3,50155,13,Humano,Feliz,2355,Exposicao_Face
50171,17,413,437,4.17,3,50171,13,Humano,Feliz,2371,Exposicao_Face
50188,17,408,437,4.27,3,50188,13,Humano,Feliz,2388,Exposicao_Face
50205,17,419,429,4.27,3,50205,13,Humano,Feliz,2405,Exposicao_Face
50221,17,424,432,4.3,3,50221,13,Humano,Feliz,2421,Exposicao_Face
50238,17,352,424,4.22,3,50238,13,Humano,Feliz,2438,Exposicao_Face
50254,17,321,406,4.33,2,50254,13,Humano,Feliz,2454,Exposicao_Face
50271,17,274,434,4.28,3,50271,13,Humano,Feliz,2471,Exposicao_Face
50288,17,272,439,4.25,3,50288,13,Humano,Feliz,2488,Exposicao_Face
50304,17,274,432,4.2,3,50304,13,Humano,Feliz,2504,Exposicao_Face
50321,17,283,432,4.28,3,50321,13,Humano,Feliz,2521,Exposicao_Face
50338,17,275,437,4.32,3,50338,13,Humano,Feliz,2538,Exposicao_Face
50354,17,280,425,4.22,3,50354,13,Humano,Feliz,2554,Exposicao_Face
50371,17,270,438,4.15,3,50371,13,Humano,Feliz,2571,Exposicao_Face
50388,17,273,437,4.28,3,50388,13,Humano,Feliz,2588,Exposicao_Face
50404,17,269,433,4.25,3,50404,13,Humano,Feliz,2604,Exposicao_Face
50421,17,364,373,4.25,2,50421,13,Humano,Feliz,2621,Exposicao_Face
50437,17,416,358,4.25,1,50437,13,Humano,Feliz,2637,Exposicao_Face
50454,17,480,337,4.19,1,50454,13,Humano,Feliz,2654,Exposicao_Face
50471,17,474,353,4.36,1,50471,13,Humano,Feliz,2671,Exposicao_Face
50487,17,493,327,4.28,1,50487,13,Humano,Feliz,2687,Exposicao_Face
50504,17,478,332,4.24,1,50504,13,Humano,Feliz,2704,Exposicao_Face
50521,17,475,341,4.33,1,50521,13,Humano,Feliz,2721,Exposicao_Face
50537,17,473,345,4.36,1,50537,13,Humano,Feliz,2737,Exposicao_Face
50554,17,486,336,4.3,1,50554,13,Humano,Feliz,2754,Exposicao_Face
50571,17,478,344,4.28,1,50571,13,Humano,Feliz,2771,Exposicao_Face
50604,33,480,338,4.28,1,50604,13,Humano,Feliz,2804,Exposicao_Face
50620,17,490,340,4.24,1,50620,13,Humano,Feliz,2820,Exposicao_Face
50637,17,482,346,4.12,1,50637,13,Humano,Feliz,2837,Exposicao_Face
50654,17,481,335,4.25,1,50654,13,Humano,Feliz,2854,Exposicao_Face
50670,17,478,353,4.3,1,50670,13,Humano,Feliz,2870,Exposicao_Face
50687,17,480,343,4.19,1,50687,13,Humano,Feliz,2887,Exposicao_Face
50704,17,484,338,4.2,1,50704,13,Humano,Feliz,2904,Exposicao_Face
50720,17,465,348,4.24,1,50720,13,Humano,Feliz,2920,Exposicao_Face
50737,17,460,361,4.19,1,50737,13,Humano,Feliz,2937,Exposicao_Face
50754,17,498,350,4.14,1,50754,13,Humano,Feliz,2954,Exposicao_Face
50770,17,474,349,4.12,1,50770,13,Humano,Feliz,2970,Exposicao_Face
50787,17,482,352,4.24,1,50787,13,Humano,Feliz,2987,Exposicao_Face
50803,17,467,359,4.22,1,50803,13,Humano,Feliz,3003,Exposicao_Face
50820,17,472,348,4.14,1,50820,13,Humano,Feliz,3020,Exposicao_Face
50837,17,471,348,4.11,1,50837,13,Humano,Feliz,3037,Exposicao_Face
50853,17,459,377,4.17,2,50853,13,Humano,Feliz,3053,Exposicao_Face
50870,17,355,576,4.09,3,50870,13,Humano,Feliz,3070,Exposicao_Face
51070,200,163,602,4.06,3,51070,13,Humano,Feliz,3270,Exposicao_Face
51086,17,241,477,3.91,3,51086,13,Humano,Feliz,3286,Exposicao_Face
51103,17,260,447,4.07,3,51103,13,Humano,Feliz,3303,Exposicao_Face
51120,17,266,433,3.95,3,51120,13,Humano,Feliz,3320,Exposicao_Face
51136,17,266,440,3.98,3,51136,13,Humano,Feliz,3336,Exposicao_Face
51153,17,258,455,3.96,3,51153,13,Humano,Feliz,3353,Exposicao_Face
51169,17,273,450,4.07,3,51169,13,Humano,Feliz,3369,Exposicao_Face
51186,17,269,443,3.98,3,51186,13,Humano,Feliz,3386,Exposicao_Face
51203,17,344,389,3.88,2,51203,13,Humano,Feliz,3403,Exposicao_Face
51219,17,427,381,4.01,2,51219,13,Humano,Feliz,3419,Exposicao_Face
51236,17,471,352,3.93,1,51236,13,Humano,Feliz,3436,Exposicao_Face
51253,17,473,361,3.93,1,51253,13,Humano,Feliz,3453,Exposicao_Face
51269,17,474,360,3.9,1,51269,13,Humano,Feliz,3469,Exposicao_Face
51286,17,465,371,4.01,2,51286,13,Humano,Feliz,3486,Exposicao_Face
51302,17,484,352,4.03,1,51302,13,Humano,Feliz,3502,Exposicao_Face
51319,17,476,366,3.95,2,51319,13,Humano,Feliz,3519,Exposicao_Face
51336,17,463,371,4.04,2,51336,13,Humano,Feliz,3536,Exposicao_Face
51352,17,483,360,3.91,1,51352,13,Humano,Feliz,3552,Exposicao_Face
51369,17,474,367,3.88,2,51369,13,Humano,Feliz,3569,Exposicao_Face
51386,17,469,366,3.93,2,51386,13,Humano,Feliz,3586,Exposicao_Face
51402,17,467,372,4.04,2,51402,13,Humano,Feliz,3602,Exposicao_Face
51419,17,476,364,3.96,2,51419,13,Humano,Feliz,3619,Exposicao_Face
51436,17,472,360,3.82,1,51436,13,Humano,Feliz,3636,Exposicao_Face
51452,17,514,333,3.87,1,51452,13,Humano,Feliz,3652,Exposicao_Face
51469,17,538,285,3.9,1,51469,13,Humano,Feliz,3669,Exposicao_Face
51485,17,538,310,3.85,1,51485,13,Humano,Feliz,3685,Exposicao_Face
51502,17,558,293,3.9,1,51502,13,Humano,Feliz,3702,Exposicao_Face
51519,17,555,302,3.87,1,51519,13,Humano,Feliz,3719,Exposicao_Face
51535,17,547,291,3.91,1,51535,13,Humano,Feliz,3735,Exposicao_Face
51552,17,549,300,3.8,1,51552,13,Humano,Feliz,3752,Exposicao_Face
51569,17,546,298,3.87,1,51569,13,Humano,Feliz,3769,Exposicao_Face
51585,17,550,290,3.8,1,51585,13,Humano,Feliz,3785,Exposicao_Face
51602,17,545,291,3.85,1,51602,13,Humano,Feliz,3802,Exposicao_Face
51619,17,541,295,3.77,1,51619,13,Humano,Feliz,3819,Exposicao_Face
51635,17,558,289,3.79,1,51635,13,Humano,Feliz,3835,Exposicao_Face
51652,17,542,308,3.82,1,51652,13,Humano,Feliz,3852,Exposicao_Face
51668,17,542,296,3.8,1,51668,13,Humano,Feliz,3868,Exposicao_Face
51685,17,545,301,3.75,1,51685,13,Humano,Feliz,3885,Exposicao_Face
51702,17,557,285,3.77,1,51702,13,Humano,Feliz,3902,Exposicao_Face
51718,17,553,293,3.77,1,51718,13,Humano,Feliz,3918,Exposicao_Face
51735,17,558,300,3.71,1,51735,13,Humano,Feliz,3935,Exposicao_Face
51752,17,538,307,3.83,1,51752,13,Humano,Feliz,3952,Exposicao_Face
51768,17,548,310,3.82,1,51768,13,Humano,Feliz,3968,Exposicao_Face
51785,17,540,305,3.8,1,51785,13,Humano,Feliz,3985,Exposicao_Face
51802,17,551,294,3.85,1,51802,14,Humano,Neutro,2,Janela_Baseline
51835,33,550,303,3.79,1,51835,14,Humano,Neutro,35,Janela_Baseline
51851,17,499,370,3.8,2,51851,14,Humano,Neutro,51,Janela_Baseline
51868,17,473,376,3.85,2,51868,14,Humano,Neutro,68,Janela_Baseline
51885,17,457,383,3.88,2,51885,14,Humano,Neutro,85,Janela_Baseline
51901,17,483,393,3.87,2,51901,14,Humano,Neutro,101,Janela_Baseline
51918,17,472,394,3.85,2,51918,14,Humano,Neutro,118,Janela_Baseline
51935,17,466,391,3.87,2,51935,14,Humano,Neutro,135,Janela_Baseline
51951,17,466,395,3.83,2,51951,14,Humano,Neutro,151,Janela_Baseline
51968,17,456,397,3.9,2,51968,14,Humano,Neutro,168,Janela_Baseline
51985,17,466,396,3.88,2,51985,14,Humano,Neutro,185,Janela_Baseline
52001,17,472,392,3.98,2,52001,14,Humano,Neutro,201,Janela_Baseline
52018,17,475,389,3.91,2,52018,14,Humano,Neutro,218,Janela_Baseline
52034,17,478,391,3.93,2,52034,14,Humano,Neutro,234,Janela_Baseline
52051,17,467,396,3.98,2,52051,14,Humano,Neutro,251,Janela_Baseline
52068,17,466,390,3.75,2,52068,14,Humano,Neutro,268,Janela_Baseline
52084,17,475,387,3.77,2,52084,14,Humano,Neutro,284,Janela_Baseline
52101,17,472,392,3.83,2,52101,14,Humano,Neutro,301,Janela_Baseline
52118,17,466,387,3.83,2,52118,14,Humano,Neutro,318,Janela_Baseline
52134,17,465,397,3.93,2,52134,14,Humano,Neutro,334,Janela_Baseline
52151,17,470,391,3.85,2,52151,14,Humano,Neutro,351,Janela_Baseline
52168,17,458,389,3.88,2,52168,14,Humano,Neutro,368,Janela_Baseline
52184,17,459,404,3.83,2,52184,14,Humano,Neutro,384,Janela_Baseline
52201,17,485,368,3.85,2,52201,14,Humano,Neutro,401,Janela_Baseline
52217,17,517,363,3.96,0,52217,14,Humano,Neutro,417,Janela_Baseline
52234,17,539,310,3.9,1,52234,14,Humano,Neutro,434,Janela_Baseline
52251,17,530,322,3.88,1,52251,14,Humano,Neutro,451,Janela_Baseline
52267,17,538,318,3.95,1,52267,14,Humano,Neutro,467,Janela_Baseline
52284,17,529,331,4.01,1,52284,14,Humano,Neutro,484,Janela_Baseline
52301,17,550,317,3.9,1,52301,14,Humano,Neutro,501,Janela_Baseline
52317,17,544,317,3.95,1,52317,14,Humano,Neutro,517,Janela_Baseline
52334,17,541,330,3.87,1,52334,14,Humano,Neutro,534,Janela_Baseline
52350,17,543,321,4.01,1,52350,14,Humano,Neutro,550,Janela_Baseline
52367,17,539,313,3.93,1,52367,14,Humano,Neutro,567,Janela_Baseline
52384,17,530,323,3.87,1,52384,14,Humano,Neutro,584,Janela_Baseline
52400,17,581,323,4.03,1,52400,14,Humano,Neutro,600,Janela_Baseline
52417,17,574,333,3.96,1,52417,14,Humano,Neutro,617,Janela_Baseline
52434,17,586,313,4.01,1,52434,14,Humano,Neutro,634,Janela_Baseline
52450,17,597,316,3.98,1,52450,14,Humano,Neutro,650,Janela_Baseline
52467,17,577,317,3.87,1,52467,14,Humano,Neutro,667,Janela_Baseline
52484,17,594,320,3.99,1,52484,14,Humano,Neutro,684,Janela_Baseline
52500,17,583,311,3.96,1,52500,14,Humano,Neutro,700,Janela_Baseline
52517,17,587,311,3.9,1,52517,14,Humano,Neutro,717,Janela_Baseline
52533,17,573,327,4.04,1,52533,14,Humano,Neutro,733,Janela_Baseline
52550,17,585,316,3.95,1,52550,14,Humano,Neutro,750,Janela_Baseline
52567,17,575,325,3.98,1,52567,14,Humano,Neutro,767,Janela_Baseline
52583,17,607,318,4.03,1,52583,14,Humano,Neutro,783,Janela_Baseline
52600,17,735,329,3.9,1,52600,14,Humano,Neutro,800,Janela_Baseline
52617,17,864,475,3.91,3,52617,14,Humano,Neutro,817,Janela_Baseline
53515,898,637,423,4.03,3,53515,14,Humano,Neutro,1715,Exposicao_Face
53532,17,647,408,3.95,2,53532,14,Humano,Neutro,1732,Exposicao_Face
53548,17,647,427,4.03,3,53548,14,Humano,Neutro,1748,Exposicao_Face
53565,17,660,412,3.98,2,53565,14,Humano,Neutro,1765,Exposicao_Face
53581,17,652,406,3.98,2,53581,14,Humano,Neutro,1781,Exposicao_Face
53598,17,644,413,4.01,2,53598,14,Humano,Neutro,1798,Exposicao_Face
53615,17,650,413,4.01,2,53615,14,Humano,Neutro,1815,Exposicao_Face
53631,17,577,377,3.98,2,53631,14,Humano,Neutro,1831,Exposicao_Face
53648,17,538,324,4.04,1,53648,14,Humano,Neutro,1848,Exposicao_Face
53665,17,537,335,4.04,1,53665,14,Humano,Neutro,1865,Exposicao_Face
53681,17,539,322,4.03,1,53681,14,Humano,Neutro,1881,Exposicao_Face
53698,17,539,328,4.01,1,53698,14,Humano,Neutro,1898,Exposicao_Face
53715,17,538,322,3.9,1,53715,14,Humano,Neutro,1915,Exposicao_Face
53731,17,530,326,3.87,1,53731,14,Humano,Neutro,1931,Exposicao_Face
53748,17,530,335,3.91,1,53748,14,Humano,Neutro,1948,Exposicao_Face
53764,17,550,323,3.9,1,53764,14,Humano,Neutro,1964,Exposicao_Face
53781,17,526,333,3.9,1,53781,14,Humano,Neutro,1981,Exposicao_Face
53798,17,538,317,3.74,1,53798,14,Humano,Neutro,1998,Exposicao_Face
53814,17,530,322,3.8,1,53814,14,Humano,Neutro,2014,Exposicao_Face
53831,17,518,340,3.77,1,53831,14,Humano,Neutro,2031,Exposicao_Face
53848,17,531,328,3.67,1,53848,14,Humano,Neutro,2048,Exposicao_Face
53864,17,527,325,3.69,1,53864,14,Humano,Neutro,2064,Exposicao_Face
53881,17,533,330,3.72,1,53881,14,Humano,Neutro,2081,Exposicao_Face
53898,17,526,337,3.74,1,53898,14,Humano,Neutro,2098,Exposicao_Face
53914,17,534,331,3.74,1,53914,14,Humano,Neutro,2114,Exposicao_Face
53931,17,531,319,3.72,1,53931,14,Humano,Neutro,2131,Exposicao_Face
53947,17,523,340,3.69,1,53947,14,Humano,Neutro,2147,Exposicao_Face
53964,17,531,324,3.69,1,53964,14,Humano,Neutro,2164,Exposicao_Face
53981,17,531,326,3.59,1,53981,14,Humano,Neutro,2181,Exposicao_Face
53997,17,526,323,3.72,1,53997,14,Humano,Neutro,2197,Exposicao_Face
54014,17,536,324,3.79,1,54014,14,Humano,Neutro,2214,Exposicao_Face
54031,17,530,323,3.61,1,54031,14,Humano,Neutro,2231,Exposicao_Face
54047,17,523,333,3.72,1,54047,14,Humano,Neutro,2247,Exposicao_Face
54064,17,523,339,3.75,1,54064,14,Humano,Neutro,2264,Exposicao_Face
54081,17,525,344,3.82,1,54081,14,Humano,Neutro,2281,Exposicao_Face
54097,17,525,329,3.74,1,54097,14,Humano,Neutro,2297,Exposicao_Face
54114,17,465,394,3.67,2,54114,14,Humano,Neutro,2314,Exposicao_Face
54130,17,483,375,3.82,2,54130,14,Humano,Neutro,2330,Exposicao_Face
54147,17,471,393,3.82,2,54147,14,Humano,Neutro,2347,Exposicao_Face
54164,17,474,389,3.83,2,54164,14,Humano,Neutro,2364,Exposicao_Face
54180,17,471,389,3.82,2,54180,14,Humano,Neutro,2380,Exposicao_Face
54197,17,476,379,3.85,2,54197,14,Humano,Neutro,2397,Exposicao_Face
54214,17,476,394,3.87,2,54214,14,Humano,Neutro,2414,Exposicao_Face
54230,17,475,391,3.85,2,54230,14,Humano,Neutro,2430,Exposicao_Face
54264,33,472,384,3.87,2,54264,14,Humano,Neutro,2464,Exposicao_Face
54264,0,472,384,3.87,2,54264,14,Humano,Neutro,2464,Exposicao_Face
54280,17,460,397,3.85,2,54280,14,Humano,Neutro,2480,Exposicao_Face
54297,17,470,391,3.91,2,54297,14,Humano,Neutro,2497,Exposicao_Face
54313,17,474,384,3.93,2,54313,14,Humano,Neutro,2513,Exposicao_Face
54330,17,466,395,3.9,2,54330,14,Humano,Neutro,2530,Exposicao_Face
54347,17,470,396,3.98,2,54347,14,Humano,Neutro,2547,Exposicao_Face
54363,17,471,394,3.95,2,54363,14,Humano,Neutro,2563,Exposicao_Face
54380,17,462,400,3.99,2,54380,14,Humano,Neutro,2580,Exposicao_Face
54397,17,475,385,3.93,2,54397,14,Humano,Neutro,2597,Exposicao_Face
54413,17,471,382,3.98,2,54413,14,Humano,Neutro,2613,Exposicao_Face
54430,17,460,392,4.04,2,54430,14,Humano,Neutro,2630,Exposicao_Face
54447,17,453,395,4.03,2,54447,14,Humano,Neutro,2647,Exposicao_Face
54463,17,468,386,3.88,2,54463,14,Humano,Neutro,2663,Exposicao_Face
54480,17,466,406,4.04,2,54480,14,Humano,Neutro,2680,Exposicao_Face
54496,17,471,402,4.04,2,54496,14,Humano,Neutro,2696,Exposicao_Face
54513,17,469,397,3.99,2,54513,14,Humano,Neutro,2713,Exposicao_Face
54530,17,462,399,4.03,2,54530,14,Humano,Neutro,2730,Exposicao_Face
54546,17,469,395,3.99,2,54546,14,Humano,Neutro,2746,Exposicao_Face
54563,17,473,400,4.09,2,54563,14,Humano,Neutro,2763,Exposicao_Face
54580,17,480,400,3.95,2,54580,14,Humano,Neutro,2780,Exposicao_Face
54596,17,477,389,3.9,2,54596,14,Humano,Neutro,2796,Exposicao_Face
54646,50,469,400,4.06,2,54646,14,Humano,Neutro,2846,Exposicao_Face
54646,0,469,400,4.06,2,54646,14,Humano,Neutro,2846,Exposicao_Face
54663,17,461,400,4.01,2,54663,14,Humano,Neutro,2863,Exposicao_Face
54679,17,471,396,3.96,2,54679,14,Humano,Neutro,2879,Exposicao_Face
54696,17,464,405,4.01,2,54696,14,Humano,Neutro,2896,Exposicao_Face
54713,17,468,396,3.91,2,54713,14,Humano,Neutro,2913,Exposicao_Face
54729,17,461,391,3.9,2,54729,14,Humano,Neutro,2929,Exposicao_Face
54746,17,474,396,3.93,2,54746,14,Humano,Neutro,2946,Exposicao_Face
54763,17,497,346,3.93,1,54763,14,Humano,Neutro,2963,Exposicao_Face
54779,17,497,345,3.88,1,54779,14,Humano,Neutro,2979,Exposicao_Face
54796,17,496,347,3.93,1,54796,14,Humano,Neutro,2996,Exposicao_Face
54812,17,494,359,3.85,1,54812,14,Humano,Neutro,3012,Exposicao_Face
54829,17,500,352,3.9,1,54829,14,Humano,Neutro,3029,Exposicao_Face
54846,17,493,358,3.9,1,54846,14,Humano,Neutro,3046,Exposicao_Face
54862,17,511,352,3.9,1,54862,14,Humano,Neutro,3062,Exposicao_Face
54879,17,500,347,3.8,1,54879,14,Humano,Neutro,3079,Exposicao_Face
54896,17,502,353,3.87,1,54896,14,Humano,Neutro,3096,Exposicao_Face
54912,17,499,349,3.83,1,54912,14,Humano,Neutro,3112,Exposicao_Face
54929,17,497,360,3.83,1,54929,14,Humano,Neutro,3129,Exposicao_Face
54946,17,499,354,3.79,1,54946,14,Humano,Neutro,3146,Exposicao_Face
54962,17,495,356,3.79,1,54962,14,Humano,Neutro,3162,Exposicao_Face
54979,17,496,352,3.77,1,54979,14,Humano,Neutro,3179,Exposicao_Face
54995,17,495,348,3.83,1,54995,14,Humano,Neutro,3195,Exposicao_Face
55012,17,493,359,3.82,1,55012,14,Humano,Neutro,3212,Exposicao_Face
55029,17,499,344,3.75,1,55029,14,Humano,Neutro,3229,Exposicao_Face
55045,17,498,351,3.69,1,55045,14,Humano,Neutro,3245,Exposicao_Face
55062,17,363,531,0.0,3,55062,14,Humano,Neutro,3262,Exposicao_Face
55178,116,219,376,0.0,2,55178,14,Humano,Neutro,3378,Exposicao_Face
55195,17,304,314,3.67,1,55195,14,Humano,Neutro,3395,Exposicao_Face
55212,17,289,318,3.72,1,55212,14,Humano,Neutro,3412,Exposicao_Face
55228,17,303,315,3.77,1,55228,14,Humano,Neutro,3428,Exposicao_Face
55245,17,294,328,3.74,1,55245,14,Humano,Neutro,3445,Exposicao_Face
55262,17,302,323,3.79,1,55262,14,Humano,Neutro,3462,Exposicao_Face
55278,17,315,321,3.63,1,55278,14,Humano,Neutro,3478,Exposicao_Face
55295,17,306,311,3.64,1,55295,14,Humano,Neutro,3495,Exposicao_Face
55312,17,298,311,3.58,1,55312,14,Humano,Neutro,3512,Exposicao_Face
55328,17,304,317,3.72,1,55328,14,Humano,Neutro,3528,Exposicao_Face
55345,17,309,316,3.8,1,55345,14,Humano,Neutro,3545,Exposicao_Face
55361,17,309,316,3.66,1,55361,14,Humano,Neutro,3561,Exposicao_Face
55378,17,313,315,3.64,1,55378,14,Humano,Neutro,3578,Exposicao_Face
55395,17,307,308,3.82,1,55395,14,Humano,Neutro,3595,Exposicao_Face
55411,17,310,328,3.79,1,55411,14,Humano,Neutro,3611,Exposicao_Face
55428,17,304,322,3.79,1,55428,14,Humano,Neutro,3628,Exposicao_Face
55445,17,307,313,3.83,1,55445,14,Humano,Neutro,3645,Exposicao_Face
55461,17,304,320,3.77,1,55461,14,Humano,Neutro,3661,Exposicao_Face
55478,17,306,323,3.87,1,55478,14,Humano,Neutro,3678,Exposicao_Face
55495,17,301,322,3.8,1,55495,14,Humano,Neutro,3695,Exposicao_Face
55511,17,302,325,3.8,1,55511,14,Humano,Neutro,3711,Exposicao_Face
55528,17,295,325,3.87,1,55528,14,Humano,Neutro,3728,Exposicao_Face
55544,17,313,324,3.82,1,55544,14,Humano,Neutro,3744,Exposicao_Face
55561,17,302,322,3.82,1,55561,14,Humano,Neutro,3761,Exposicao_Face
55578,17,134,359,3.85,1,55578,14,Humano,Neutro,3778,Exposicao_Face
55744,166,184,391,3.75,2,55744,14,Humano,Neutro,3944,Exposicao_Face
55761,17,408,350,3.95,1,55761,14,Humano,Neutro,3961,Exposicao_Face
55777,17,439,358,3.87,1,55777,14,Humano,Neutro,3977,Exposicao_Face
55794,17,465,342,3.85,1,55794,14,Humano,Neutro,3994,Exposicao_Face
55811,17,460,344,3.83,1,55811,15,Humano,Raiva,11,Janela_Baseline
55827,17,465,349,3.87,1,55827,15,Humano,Raiva,27,Janela_Baseline
55844,17,456,355,3.82,1,55844,15,Humano,Raiva,44,Janela_Baseline
55860,17,471,338,3.82,1,55860,15,Humano,Raiva,60,Janela_Baseline
55877,17,464,341,3.77,1,55877,15,Humano,Raiva,77,Janela_Baseline
55894,17,462,345,3.8,1,55894,15,Humano,Raiva,94,Janela_Baseline
55910,17,451,358,3.91,1,55910,15,Humano,Raiva,110,Janela_Baseline
55927,17,464,340,3.72,1,55927,15,Humano,Raiva,127,Janela_Baseline
55944,17,476,335,3.83,1,55944,15,Humano,Raiva,144,Janela_Baseline
55960,17,469,354,3.82,1,55960,15,Humano,Raiva,160,Janela_Baseline
55977,17,481,340,3.91,1,55977,15,Humano,Raiva,177,Janela_Baseline
55994,17,491,336,3.67,1,55994,15,Humano,Raiva,194,Janela_Baseline
56010,17,542,320,3.74,1,56010,15,Humano,Raiva,210,Janela_Baseline
56027,17,572,295,3.67,1,56027,15,Humano,Raiva,227,Janela_Baseline
56043,17,560,312,3.71,1,56043,15,Humano,Raiva,243,Janela_Baseline
56060,17,574,298,3.79,1,56060,15,Humano,Raiva,260,Janela_Baseline
56077,17,564,315,3.74,1,56077,15,Humano,Raiva,277,Janela_Baseline
56093,17,553,324,3.8,1,56093,15,Humano,Raiva,293,Janela_Baseline
56110,17,552,317,3.8,1,56110,15,Humano,Raiva,310,Janela_Baseline
56127,17,572,322,3.75,1,56127,15,Humano,Raiva,327,Janela_Baseline
56143,17,556,311,3.74,1,56143,15,Humano,Raiva,343,Janela_Baseline
56160,17,560,321,3.77,1,56160,15,Humano,Raiva,360,Janela_Baseline
56177,17,559,325,3.75,1,56177,15,Humano,Raiva,377,Janela_Baseline
56193,17,572,301,3.71,1,56193,15,Humano,Raiva,393,Janela_Baseline
56210,17,554,317,3.8,1,56210,15,Humano,Raiva,410,Janela_Baseline
56226,17,587,309,3.74,1,56226,15,Humano,Raiva,426,Janela_Baseline
56243,17,579,320,3.66,1,56243,15,Humano,Raiva,443,Janela_Baseline
56260,17,589,308,3.77,1,56260,15,Humano,Raiva,460,Janela_Baseline
56276,17,564,320,3.66,1,56276,15,Humano,Raiva,476,Janela_Baseline
56293,17,573,316,3.74,1,56293,15,Humano,Raiva,493,Janela_Baseline
56310,17,565,320,3.71,1,56310,15,Humano,Raiva,510,Janela_Baseline
56326,17,566,320,3.8,1,56326,15,Humano,Raiva,526,Janela_Baseline
56343,17,589,310,3.82,1,56343,15,Humano,Raiva,543,Janela_Baseline
56360,17,576,316,3.74,1,56360,15,Humano,Raiva,560,Janela_Baseline
56376,17,576,298,3.75,1,56376,15,Humano,Raiva,576,Janela_Baseline
56393,17,584,301,3.67,1,56393,15,Humano,Raiva,593,Janela_Baseline
56409,17,571,314,3.77,1,56409,15,Humano,Raiva,609,Janela_Baseline
56426,17,595,305,3.8,1,56426,15,Humano,Raiva,626,Janela_Baseline
56443,17,578,304,3.82,1,56443,15,Humano,Raiva,643,Janela_Baseline
56459,17,584,321,3.85,1,56459,15,Humano,Raiva,659,Janela_Baseline
56476,17,565,321,3.79,1,56476,15,Humano,Raiva,676,Janela_Baseline
56493,17,578,317,3.8,1,56493,15,Humano,Raiva,693,Janela_Baseline
56509,17,573,316,3.82,1,56509,15,Humano,Raiva,709,Janela_Baseline
56526,17,574,323,3.85,1,56526,15,Humano,Raiva,726,Janela_Baseline
56543,17,577,316,3.69,1,56543,15,Humano,Raiva,743,Janela_Baseline
56559,17,571,320,3.75,1,56559,15,Humano,Raiva,759,Janela_Baseline
56576,17,579,307,3.8,1,56576,15,Humano,Raiva,776,Janela_Baseline
56592,17,572,314,3.75,1,56592,15,Humano,Raiva,792,Janela_Baseline
56609,17,583,322,3.88,1,56609,15,Humano,Raiva,809,Janela_Baseline
56626,17,581,324,3.77,1,56626,15,Humano,Raiva,826,Janela_Baseline
56642,17,570,328,3.71,1,56642,15,Humano,Raiva,842,Janela_Baseline
56659,17,565,320,3.79,1,56659,15,Humano,Raiva,859,Janela_Baseline
56676,17,485,394,3.79,2,56676,15,Humano,Raiva,876,Janela_Baseline
56692,17,482,386,3.75,2,56692,15,Humano,Raiva,892,Janela_Baseline
56709,17,477,388,3.8,2,56709,15,Humano,Raiva,909,Janela_Baseline
56726,17,483,410,3.87,2,56726,15,Humano,Raiva,926,Janela_Baseline
56742,17,482,401,3.88,2,56742,15,Humano,Raiva,942,Janela_Baseline
56759,17,461,398,3.79,2,56759,15,Humano,Raiva,959,Janela_Baseline
56775,17,474,405,3.93,2,56775,15,Humano,Raiva,975,Janela_Baseline
56792,17,486,393,3.82,2,56792,15,Humano,Raiva,992,Janela_Baseline
56809,17,475,409,3.93,2,56809,15,Humano,Raiva,1009,Janela_Baseline
56825,17,475,407,3.93,2,56825,15,Humano,Raiva,1025,Janela_Baseline
56875,50,475,407,3.88,2,56875,15,Humano,Raiva,1075,Janela_Baseline
56892,17,470,397,3.83,2,56892,15,Humano,Raiva,1092,Janela_Baseline
56909,17,473,407,3.91,2,56909,15,Humano,Raiva,1109,Janela_Baseline
56925,17,482,388,3.83,2,56925,15,Humano,Raiva,1125,Janela_Baseline
56942,17,479,403,3.95,2,56942,15,Humano,Raiva,1142,Janela_Baseline
56958,17,473,407,3.8,2,56958,15,Humano,Raiva,1158,Janela_Baseline
56975,17,466,415,3.98,2,56975,15,Humano,Raiva,1175,Janela_Baseline
56992,17,482,394,3.93,2,56992,15,Humano,Raiva,1192,Janela_Baseline
57008,17,480,402,3.9,2,57008,15,Humano,Raiva,1208,Janela_Baseline
57025,17,473,409,3.88,2,57025,15,Humano,Raiva,1225,Janela_Baseline
57042,17,481,397,3.87,2,57042,15,Humano,Raiva,1242,Janela_Baseline
57058,17,467,401,3.99,2,57058,15,Humano,Raiva,1258,Janela_Baseline
57075,17,482,402,4.01,2,57075,15,Humano,Raiva,1275,Janela_Baseline
57091,17,470,410,3.88,2,57091,15,Humano,Raiva,1291,Janela_Baseline
57108,17,476,404,3.9,2,57108,15,Humano,Raiva,1308,Exposicao_Face
57125,17,483,401,3.95,2,57125,15,Humano,Raiva,1325,Exposicao_Face
57141,17,470,393,3.98,2,57141,15,Humano,Raiva,1341,Exposicao_Face
57158,17,479,405,3.95,2,57158,15,Humano,Raiva,1358,Exposicao_Face
57175,17,476,397,3.91,2,57175,15,Humano,Raiva,1375,Exposicao_Face
57191,17,491,398,3.91,2,57191,15,Humano,Raiva,1391,Exposicao_Face
57208,17,464,339,3.85,1,57208,15,Humano,Raiva,1408,Exposicao_Face
57225,17,461,325,3.95,1,57225,15,Humano,Raiva,1425,Exposicao_Face
57258,33,477,303,3.83,1,57258,15,Humano,Raiva,1458,Exposicao_Face
57258,0,477,303,3.83,1,57258,15,Humano,Raiva,1458,Exposicao_Face
57274,17,485,293,3.88,1,57274,15,Humano,Raiva,1474,Exposicao_Face
57291,17,495,295,3.87,1,57291,15,Humano,Raiva,1491,Exposicao_Face
57308,17,492,295,3.82,1,57308,15,Humano,Raiva,1508,Exposicao_Face
57324,17,484,303,3.88,1,57324,15,Humano,Raiva,1524,Exposicao_Face
57341,17,484,300,3.85,1,57341,15,Humano,Raiva,1541,Exposicao_Face
57374,33,490,293,3.85,1,57374,15,Humano,Raiva,1574,Exposicao_Face
57391,17,494,293,3.79,1,57391,15,Humano,Raiva,1591,Exposicao_Face
57408,17,489,299,3.9,1,57408,15,Humano,Raiva,1608,Exposicao_Face
57424,17,488,307,3.83,1,57424,15,Humano,Raiva,1624,Exposicao_Face
57441,17,488,295,3.82,1,57441,15,Humano,Raiva,1641,Exposicao_Face
57457,17,490,288,3.75,1,57457,15,Humano,Raiva,1657,Exposicao_Face
57474,17,488,294,3.79,1,57474,15,Humano,Raiva,1674,Exposicao_Face
57491,17,532,281,3.82,1,57491,15,Humano,Raiva,1691,Exposicao_Face
57507,17,581,272,3.88,1,57507,15,Humano,Raiva,1707,Exposicao_Face
57524,17,570,291,3.93,1,57524,15,Humano,Raiva,1724,Exposicao_Face
57541,17,586,270,3.83,1,57541,15,Humano,Raiva,1741,Exposicao_Face
57557,17,589,261,3.8,1,57557,15,Humano,Raiva,1757,Exposicao_Face
57574,17,577,269,3.75,1,57574,15,Humano,Raiva,1774,Exposicao_Face
57591,17,580,273,3.87,1,57591,15,Humano,Raiva,1791,Exposicao_Face
57607,17,584,275,3.85,1,57607,15,Humano,Raiva,1807,Exposicao_Face
57624,17,584,264,3.82,1,57624,15,Humano,Raiva,1824,Exposicao_Face
57640,17,584,252,3.79,1,57640,15,Humano,Raiva,1840,Exposicao_Face
57657,17,563,285,3.88,1,57657,15,Humano,Raiva,1857,Exposicao_Face
57674,17,578,281,3.88,1,57674,15,Humano,Raiva,1874,Exposicao_Face
57690,17,583,280,3.71,1,57690,15,Humano,Raiva,1890,Exposicao_Face
57707,17,615,264,3.82,1,57707,15,Humano,Raiva,1907,Exposicao_Face
57724,17,645,221,3.79,1,57724,15,Humano,Raiva,1924,Exposicao_Face
57740,17,638,247,3.87,1,57740,15,Humano,Raiva,1940,Exposicao_Face
57757,17,638,238,3.93,1,57757,15,Humano,Raiva,1957,Exposicao_Face
57774,17,652,235,3.77,1,57774,15,Humano,Raiva,1974,Exposicao_Face
57790,17,650,243,3.85,1,57790,15,Humano,Raiva,1990,Exposicao_Face
57807,17,630,241,3.82,1,57807,15,Humano,Raiva,2007,Exposicao_Face
57823,17,644,226,3.8,1,57823,15,Humano,Raiva,2023,Exposicao_Face
57840,17,646,235,3.88,1,57840,15,Humano,Raiva,2040,Exposicao_Face
57857,17,651,240,3.9,1,57857,15,Humano,Raiva,2057,Exposicao_Face
57873,17,636,236,3.8,1,57873,15,Humano,Raiva,2073,Exposicao_Face
57890,17,642,242,3.79,1,57890,15,Humano,Raiva,2090,Exposicao_Face
57907,17,642,245,3.77,1,57907,15,Humano,Raiva,2107,Exposicao_Face
57923,17,628,243,3.77,1,57923,15,Humano,Raiva,2123,Exposicao_Face
57940,17,639,249,3.85,1,57940,15,Humano,Raiva,2140,Exposicao_Face
57957,17,565,237,3.91,1,57957,15,Humano,Raiva,2157,Exposicao_Face
57973,17,534,242,3.83,1,57973,15,Humano,Raiva,2173,Exposicao_Face
57990,17,537,235,3.83,1,57990,15,Humano,Raiva,2190,Exposicao_Face
58006,17,531,238,3.77,1,58006,15,Humano,Raiva,2206,Exposicao_Face
58023,17,526,235,3.8,1,58023,15,Humano,Raiva,2223,Exposicao_Face
58040,17,527,231,3.71,1,58040,15,Humano,Raiva,2240,Exposicao_Face
58056,17,542,223,3.8,1,58056,15,Humano,Raiva,2256,Exposicao_Face
58073,17,533,225,3.71,1,58073,15,Humano,Raiva,2273,Exposicao_Face
58090,17,529,238,3.79,1,58090,15,Humano,Raiva,2290,Exposicao_Face
58106,17,529,245,3.75,1,58106,15,Humano,Raiva,2306,Exposicao_Face
58123,17,532,241,3.83,1,58123,15,Humano,Raiva,2323,Exposicao_Face
58139,17,532,232,3.77,1,58139,15,Humano,Raiva,2339,Exposicao_Face
58156,17,531,236,3.8,1,58156,15,Humano,Raiva,2356,Exposicao_Face
58173,17,535,226,3.82,1,58173,15,Humano,Raiva,2373,Exposicao_Face
58189,17,535,224,3.8,1,58189,15,Humano,Raiva,2389,Exposicao_Face
58206,17,521,229,3.72,1,58206,15,Humano,Raiva,2406,Exposicao_Face
58223,17,518,241,3.82,1,58223,15,Humano,Raiva,2423,Exposicao_Face
58239,17,532,239,3.79,1,58239,15,Humano,Raiva,2439,Exposicao_Face
58256,17,538,223,3.72,1,58256,15,Humano,Raiva,2456,Exposicao_Face
58273,17,487,250,3.8,1,58273,15,Humano,Raiva,2473,Exposicao_Face
58289,17,447,251,3.69,1,58289,15,Humano,Raiva,2489,Exposicao_Face
58306,17,446,251,3.75,1,58306,15,Humano,Raiva,2506,Exposicao_Face
58322,17,436,261,3.63,1,58322,15,Humano,Raiva,2522,Exposicao_Face
58339,17,445,253,3.77,1,58339,15,Humano,Raiva,2539,Exposicao_Face
58356,17,446,257,3.64,1,58356,15,Humano,Raiva,2556,Exposicao_Face
58372,17,439,259,3.74,1,58372,15,Humano,Raiva,2572,Exposicao_Face
58389,17,435,260,3.75,1,58389,15,Humano,Raiva,2589,Exposicao_Face
58406,17,433,263,3.67,1,58406,15,Humano,Raiva,2606,Exposicao_Face
58422,17,435,259,3.72,1,58422,15,Humano,Raiva,2622,Exposicao_Face
58439,17,426,263,3.72,1,58439,15,Humano,Raiva,2639,Exposicao_Face
58456,17,434,269,3.79,1,58456,15,Humano,Raiva,2656,Exposicao_Face
58472,17,438,258,3.71,1,58472,15,Humano,Raiva,2672,Exposicao_Face
58489,17,435,254,3.72,1,58489,15,Humano,Raiva,2689,Exposicao_Face
58505,17,414,276,3.69,1,58505,15,Humano,Raiva,2705,Exposicao_Face
58522,17,356,289,3.79,1,58522,15,Humano,Raiva,2722,Exposicao_Face
58539,17,369,282,3.77,1,58539,15,Humano,Raiva,2739,Exposicao_Face
58555,17,363,282,3.71,1,58555,15,Humano,Raiva,2755,Exposicao_Face
58572,17,370,285,3.85,1,58572,15,Humano,Raiva,2772,Exposicao_Face
58589,17,352,298,3.83,1,58589,15,Humano,Raiva,2789,Exposicao_Face
58605,17,356,298,3.74,1,58605,15,Humano,Raiva,2805,Exposicao_Face
58622,17,358,300,3.9,1,58622,15,Humano,Raiva,2822,Exposicao_Face
58639,17,355,300,3.83,1,58639,15,Humano,Raiva,2839,Exposicao_Face
58655,17,364,297,3.85,1,58655,15,Humano,Raiva,2855,Exposicao_Face
58672,17,367,288,3.82,1,58672,15,Humano,Raiva,2872,Exposicao_Face
58688,17,368,294,3.87,1,58688,15,Humano,Raiva,2888,Exposicao_Face
58705,17,362,294,3.83,1,58705,15,Humano,Raiva,2905,Exposicao_Face
58722,17,361,296,3.83,1,58722,15,Humano,Raiva,2922,Exposicao_Face
58738,17,358,307,3.85,1,58738,15,Humano,Raiva,2938,Exposicao_Face
58755,17,357,309,3.83,1,58755,15,Humano,Raiva,2955,Exposicao_Face
58772,17,455,347,3.88,1,58772,15,Humano,Raiva,2972,Exposicao_Face
58788,17,469,337,3.98,1,58788,15,Humano,Raiva,2988,Exposicao_Face
58805,17,477,341,3.87,1,58805,15,Humano,Raiva,3005,Exposicao_Face
58822,17,470,346,3.98,1,58822,15,Humano,Raiva,3022,Exposicao_Face
58838,17,472,357,3.9,1,58838,15,Humano,Raiva,3038,Exposicao_Face
58855,17,474,341,3.8,1,58855,15,Humano,Raiva,3055,Exposicao_Face
58871,17,469,345,3.99,1,58871,15,Humano,Raiva,3071,Exposicao_Face
58888,17,468,344,3.98,1,58888,15,Humano,Raiva,3088,Exposicao_Face
58905,17,476,351,4.03,1,58905,15,Humano,Raiva,3105,Exposicao_Face
58921,17,437,369,3.91,2,58921,15,Humano,Raiva,3121,Exposicao_Face
59454,532,167,618,0.0,3,59454,15,Humano,Raiva,3654,Exposicao_Face
59470,17,280,453,3.88,3,59470,15,Humano,Raiva,3670,Exposicao_Face
59487,17,297,445,3.95,3,59487,15,Humano,Raiva,3687,Exposicao_Face
59504,17,302,454,3.98,3,59504,15,Humano,Raiva,3704,Exposicao_Face
59520,17,313,440,3.95,3,59520,15,Humano,Raiva,3720,Exposicao_Face
59537,17,307,458,3.93,3,59537,15,Humano,Raiva,3737,Exposicao_Face
59553,17,299,428,3.8,3,59553,15,Humano,Raiva,3753,Exposicao_Face
59570,17,296,438,3.91,3,59570,15,Humano,Raiva,3770,Exposicao_Face
59587,17,303,450,3.9,3,59587,15,Humano,Raiva,3787,Exposicao_Face
59603,17,307,440,3.8,3,59603,15,Humano,Raiva,3803,Exposicao_Face
59620,17,316,436,3.87,3,59620,15,Humano,Raiva,3820,Exposicao_Face
59637,17,291,455,3.82,3,59637,15,Humano,Raiva,3837,Exposicao_Face
59653,17,312,442,3.88,3,59653,15,Humano,Raiva,3853,Exposicao_Face
59670,17,311,441,3.88,3,59670,15,Humano,Raiva,3870,Exposicao_Face
59687,17,299,440,3.91,3,59687,15,Humano,Raiva,3887,Exposicao_Face
59703,17,321,456,3.98,3,59703,15,Humano,Raiva,3903,Exposicao_Face
59720,17,501,329,3.88,1,59720,15,Humano,Raiva,3920,Exposicao_Face
59736,17,533,324,3.83,1,59736,15,Humano,Raiva,3936,Exposicao_Face
59753,17,535,322,3.87,1,59753,15,Humano,Raiva,3953,Exposicao_Face
59770,17,533,331,3.9,1,59770,15,Humano,Raiva,3970,Exposicao_Face
59786,17,540,318,3.85,1,59786,15,Humano,Raiva,3986,Exposicao_Face
59803,17,533,332,3.93,1,59803,16,Humano,Feliz,3,Janela_Baseline
59820,17,541,319,3.8,1,59820,16,Humano,Feliz,20,Janela_Baseline
59836,17,544,325,3.88,1,59836,16,Humano,Feliz,36,Janela_Baseline
59853,17,534,333,3.98,1,59853,16,Humano,Feliz,53,Janela_Baseline
59870,17,538,322,3.88,1,59870,16,Humano,Feliz,70,Janela_Baseline
59886,17,544,317,3.77,1,59886,16,Humano,Feliz,86,Janela_Baseline
59903,17,536,321,3.77,1,59903,16,Humano,Feliz,103,Janela_Baseline
59919,17,542,304,3.64,1,59919,16,Humano,Feliz,119,Janela_Baseline
59936,17,521,324,3.72,1,59936,16,Humano,Feliz,136,Janela_Baseline
59953,17,534,333,3.74,1,59953,16,Humano,Feliz,153,Janela_Baseline
59969,17,533,318,3.74,1,59969,16,Humano,Feliz,169,Janela_Baseline
59986,17,535,324,3.85,1,59986,16,Humano,Feliz,186,Janela_Baseline
60003,17,530,325,3.83,1,60003,16,Humano,Feliz,203,Janela_Baseline
60019,17,544,315,3.79,1,60019,16,Humano,Feliz,219,Janela_Baseline
60036,17,473,326,3.83,1,60036,16,Humano,Feliz,236,Janela_Baseline
60053,17,460,326,3.83,1,60053,16,Humano,Feliz,253,Janela_Baseline
60069,17,466,322,3.82,1,60069,16,Humano,Feliz,269,Janela_Baseline
60086,17,450,325,3.83,1,60086,16,Humano,Feliz,286,Janela_Baseline
60102,17,458,326,3.91,1,60102,16,Humano,Feliz,302,Janela_Baseline
60119,17,453,322,3.8,1,60119,16,Humano,Feliz,319,Janela_Baseline
60136,17,454,318,3.87,1,60136,16,Humano,Feliz,336,Janela_Baseline
60152,17,453,322,3.82,1,60152,16,Humano,Feliz,352,Janela_Baseline
60169,17,461,321,3.9,1,60169,16,Humano,Feliz,369,Janela_Baseline
60186,17,468,319,3.95,1,60186,16,Humano,Feliz,386,Janela_Baseline
60202,17,456,318,3.96,1,60202,16,Humano,Feliz,402,Janela_Baseline
60219,17,458,330,4.01,1,60219,16,Humano,Feliz,419,Janela_Baseline
60236,17,453,325,4.03,1,60236,16,Humano,Feliz,436,Janela_Baseline
60252,17,446,322,3.91,1,60252,16,Humano,Feliz,452,Janela_Baseline
60269,17,453,320,3.91,1,60269,16,Humano,Feliz,469,Janela_Baseline
60285,17,450,318,3.99,1,60285,16,Humano,Feliz,485,Janela_Baseline
60302,17,442,325,3.99,1,60302,16,Humano,Feliz,502,Janela_Baseline
60319,17,441,329,4.03,1,60319,16,Humano,Feliz,519,Janela_Baseline
60335,17,446,315,3.93,1,60335,16,Humano,Feliz,535,Janela_Baseline
60352,17,441,331,3.95,1,60352,16,Humano,Feliz,552,Janela_Baseline
60369,17,433,335,4.03,1,60369,16,Humano,Feliz,569,Janela_Baseline
60385,17,452,330,3.98,1,60385,16,Humano,Feliz,585,Janela_Baseline
60402,17,450,323,4.04,1,60402,16,Humano,Feliz,602,Janela_Baseline
60418,17,439,317,4.04,1,60418,16,Humano,Feliz,618,Janela_Baseline
60435,17,437,327,4.06,1,60435,16,Humano,Feliz,635,Janela_Baseline
60452,17,436,326,4.11,1,60452,16,Humano,Feliz,652,Janela_Baseline
60468,17,491,324,4.07,1,60468,16,Humano,Feliz,668,Janela_Baseline
60485,17,539,346,4.15,1,60485,16,Humano,Feliz,685,Janela_Baseline
60502,17,563,332,4.04,1,60502,16,Humano,Feliz,702,Janela_Baseline
60518,17,564,339,4.07,1,60518,16,Humano,Feliz,718,Janela_Baseline
60535,17,563,338,4.09,1,60535,16,Humano,Feliz,735,Janela_Baseline
60552,17,574,325,4.15,1,60552,16,Humano,Feliz,752,Janela_Baseline
60568,17,556,339,4.11,1,60568,16,Humano,Feliz,768,Janela_Baseline
60585,17,559,337,4.12,1,60585,16,Humano,Feliz,785,Janela_Baseline
60601,17,557,341,4.07,1,60601,16,Humano,Feliz,801,Janela_Baseline
60618,17,562,343,4.14,1,60618,16,Humano,Feliz,818,Janela_Baseline
60635,17,554,342,4.15,1,60635,16,Humano,Feliz,835,Janela_Baseline
60651,17,561,339,4.2,1,60651,16,Humano,Feliz,851,Janela_Baseline
60668,17,559,337,4.24,1,60668,16,Humano,Feliz,868,Janela_Baseline
60685,17,567,328,4.12,1,60685,16,Humano,Feliz,885,Janela_Baseline
60701,17,564,325,4.2,1,60701,16,Humano,Feliz,901,Janela_Baseline
60718,17,557,344,4.19,1,60718,16,Humano,Feliz,918,Janela_Baseline
60735,17,558,331,4.14,1,60735,16,Humano,Feliz,935,Janela_Baseline
60751,17,557,344,4.3,1,60751,16,Humano,Feliz,951,Janela_Baseline
60768,17,559,342,4.2,1,60768,16,Humano,Feliz,968,Janela_Baseline
60784,17,535,405,4.01,2,60784,16,Humano,Feliz,984,Janela_Baseline
60801,17,547,371,4.2,2,60801,16,Humano,Feliz,1001,Janela_Baseline
60818,17,553,345,4.14,1,60818,16,Humano,Feliz,1018,Janela_Baseline
60868,50,559,334,4.3,1,60868,16,Humano,Feliz,1068,Janela_Baseline
60868,0,559,334,4.3,1,60868,16,Humano,Feliz,1068,Janela_Baseline
60884,17,556,339,4.25,1,60884,16,Humano,Feliz,1084,Janela_Baseline
60901,17,555,337,4.28,1,60901,16,Humano,Feliz,1101,Janela_Baseline
60918,17,563,335,4.25,1,60918,16,Humano,Feliz,1118,Janela_Baseline
60934,17,561,321,4.28,1,60934,16,Humano,Feliz,1134,Janela_Baseline
60951,17,554,334,4.3,1,60951,16,Humano,Feliz,1151,Janela_Baseline
60967,17,545,342,4.33,1,60967,16,Humano,Feliz,1167,Janela_Baseline
60984,17,559,328,4.32,1,60984,16,Humano,Feliz,1184,Janela_Baseline
61001,17,557,322,4.28,1,61001,16,Humano,Feliz,1201,Janela_Baseline
61017,17,555,336,4.27,1,61017,16,Humano,Feliz,1217,Janela_Baseline
61034,17,559,329,4.27,1,61034,16,Humano,Feliz,1234,Janela_Baseline
61051,17,459,386,4.32,2,61051,16,Humano,Feliz,1251,Janela_Baseline
61067,17,462,371,4.36,2,61067,16,Humano,Feliz,1267,Janela_Baseline
61084,17,450,389,4.35,2,61084,16,Humano,Feliz,1284,Janela_Baseline
61101,17,445,411,4.36,2,61101,16,Humano,Feliz,1301,Exposicao_Face
61117,17,453,389,4.35,2,61117,16,Humano,Feliz,1317,Exposicao_Face
61134,17,450,398,4.38,2,61134,16,Humano,Feliz,1334,Exposicao_Face
61150,17,450,406,4.38,2,61150,16,Humano,Feliz,1350,Exposicao_Face
61167,17,439,406,4.44,2,61167,16,Humano,Feliz,1367,Exposicao_Face
61184,17,440,405,4.41,2,61184,16,Humano,Feliz,1384,Exposicao_Face
61200,17,450,398,4.43,2,61200,16,Humano,Feliz,1400,Exposicao_Face
61217,17,442,403,4.33,2,61217,16,Humano,Feliz,1417,Exposicao_Face
61234,17,446,399,4.35,2,61234,16,Humano,Feliz,1434,Exposicao_Face
61250,17,441,400,4.38,2,61250,16,Humano,Feliz,1450,Exposicao_Face
61267,17,441,409,4.41,2,61267,16,Humano,Feliz,1467,Exposicao_Face
61284,17,445,403,4.43,2,61284,16,Humano,Feliz,1484,Exposicao_Face
61300,17,470,359,4.28,1,61300,16,Humano,Feliz,1500,Exposicao_Face
61317,17,447,361,4.33,1,61317,16,Humano,Feliz,1517,Exposicao_Face
61333,17,445,343,4.33,1,61333,16,Humano,Feliz,1533,Exposicao_Face
61350,17,461,342,4.3,1,61350,16,Humano,Feliz,1550,Exposicao_Face
61367,17,447,344,4.35,1,61367,16,Humano,Feliz,1567,Exposicao_Face
61383,17,459,341,4.3,1,61383,16,Humano,Feliz,1583,Exposicao_Face
61400,17,442,351,4.22,1,61400,16,Humano,Feliz,1600,Exposicao_Face
61417,17,445,341,4.28,1,61417,16,Humano,Feliz,1617,Exposicao_Face
61433,17,449,342,4.3,1,61433,16,Humano,Feliz,1633,Exposicao_Face
61450,17,457,350,4.33,1,61450,16,Humano,Feliz,1650,Exposicao_Face
61467,17,464,339,4.4,1,61467,16,Humano,Feliz,1667,Exposicao_Face
61483,17,459,335,4.19,1,61483,16,Humano,Feliz,1683,Exposicao_Face
61500,17,449,345,4.36,1,61500,16,Humano,Feliz,1700,Exposicao_Face
61516,17,458,325,4.2,1,61516,16,Humano,Feliz,1716,Exposicao_Face
61533,17,454,343,4.28,1,61533,16,Humano,Feliz,1733,Exposicao_Face
61550,17,447,343,4.41,1,61550,16,Humano,Feliz,1750,Exposicao_Face
61566,17,459,333,4.27,1,61566,16,Humano,Feliz,1766,Exposicao_Face
61583,17,454,336,4.35,1,61583,16,Humano,Feliz,1783,Exposicao_Face
61600,17,455,344,4.41,1,61600,16,Humano,Feliz,1800,Exposicao_Face
61616,17,451,341,4.36,1,61616,16,Humano,Feliz,1816,Exposicao_Face
61633,17,447,344,4.46,1,61633,16,Humano,Feliz,1833,Exposicao_Face
61649,17,462,351,4.4,1,61649,16,Humano,Feliz,1849,Exposicao_Face
61666,17,453,346,4.4,1,61666,16,Humano,Feliz,1866,Exposicao_Face
61683,17,447,345,4.4,1,61683,16,Humano,Feliz,1883,Exposicao_Face
61699,17,457,341,4.44,1,61699,16,Humano,Feliz,1899,Exposicao_Face
61716,17,456,338,4.41,1,61716,16,Humano,Feliz,1916,Exposicao_Face
61733,17,452,346,4.48,1,61733,16,Humano,Feliz,1933,Exposicao_Face
61749,17,464,334,4.43,1,61749,16,Humano,Feliz,1949,Exposicao_Face
61766,17,446,340,4.48,1,61766,16,Humano,Feliz,1966,Exposicao_Face
61783,17,443,338,4.44,1,61783,16,Humano,Feliz,1983,Exposicao_Face
61799,17,445,347,4.51,1,61799,16,Humano,Feliz,1999,Exposicao_Face
61816,17,459,353,4.49,1,61816,16,Humano,Feliz,2016,Exposicao_Face
61832,17,459,349,4.48,1,61832,16,Humano,Feliz,2032,Exposicao_Face
61849,17,438,346,4.54,1,61849,16,Humano,Feliz,2049,Exposicao_Face
61866,17,444,346,4.62,1,61866,16,Humano,Feliz,2066,Exposicao_Face
61882,17,457,339,4.59,1,61882,16,Humano,Feliz,2082,Exposicao_Face
61899,17,441,351,4.56,1,61899,16,Humano,Feliz,2099,Exposicao_Face
61916,17,452,350,4.54,1,61916,16,Humano,Feliz,2116,Exposicao_Face
61932,17,449,352,4.6,1,61932,16,Humano,Feliz,2132,Exposicao_Face
61949,17,457,349,4.56,1,61949,16,Humano,Feliz,2149,Exposicao_Face
61999,50,499,351,4.54,1,61999,16,Humano,Feliz,2199,Exposicao_Face
62015,17,521,335,4.59,1,62015,16,Humano,Feliz,2215,Exposicao_Face
62032,17,510,337,4.56,1,62032,16,Humano,Feliz,2232,Exposicao_Face
62049,17,517,354,4.6,1,62049,16,Humano,Feliz,2249,Exposicao_Face
62065,17,521,344,4.6,1,62065,16,Humano,Feliz,2265,Exposicao_Face
62082,17,502,353,4.6,1,62082,16,Humano,Feliz,2282,Exposicao_Face
62099,17,507,338,4.62,1,62099,16,Humano,Feliz,2299,Exposicao_Face
62115,17,517,354,4.6,1,62115,16,Humano,Feliz,2315,Exposicao_Face
62132,17,518,342,4.52,1,62132,16,Humano,Feliz,2332,Exposicao_Face
62149,17,506,357,4.64,1,62149,16,Humano,Feliz,2349,Exposicao_Face
62165,17,530,334,4.49,1,62165,16,Humano,Feliz,2365,Exposicao_Face
62182,17,523,347,4.64,1,62182,16,Humano,Feliz,2382,Exposicao_Face
62198,17,505,338,4.6,1,62198,16,Humano,Feliz,2398,Exposicao_Face
62215,17,514,347,4.62,1,62215,16,Humano,Feliz,2415,Exposicao_Face
62232,17,498,333,4.57,1,62232,16,Humano,Feliz,2432,Exposicao_Face
62248,17,465,332,4.6,1,62248,16,Humano,Feliz,2448,Exposicao_Face
62265,17,449,341,4.65,1,62265,16,Humano,Feliz,2465,Exposicao_Face
62282,17,445,332,4.62,1,62282,16,Humano,Feliz,2482,Exposicao_Face
62298,17,447,334,4.6,1,62298,16,Humano,Feliz,2498,Exposicao_Face
62315,17,445,341,4.59,1,62315,16,Humano,Feliz,2515,Exposicao_Face
62332,17,435,342,4.59,1,62332,16,Humano,Feliz,2532,Exposicao_Face
62348,17,449,328,4.62,1,62348,16,Humano,Feliz,2548,Exposicao_Face
62365,17,442,335,4.64,1,62365,16,Humano,Feliz,2565,Exposicao_Face
62381,17,438,348,4.67,1,62381,16,Humano,Feliz,2581,Exposicao_Face
62398,17,432,348,4.62,1,62398,16,Humano,Feliz,2598,Exposicao_Face
62415,17,440,341,4.6,1,62415,16,Humano,Feliz,2615,Exposicao_Face
62431,17,447,331,4.65,1,62431,16,Humano,Feliz,2631,Exposicao_Face
62448,17,436,332,4.52,1,62448,16,Humano,Feliz,2648,Exposicao_Face
62465,17,456,323,4.49,1,62465,16,Humano,Feliz,2665,Exposicao_Face
62481,17,438,337,4.62,1,62481,16,Humano,Feliz,2681,Exposicao_Face
62498,17,446,331,4.51,1,62498,16,Humano,Feliz,2698,Exposicao_Face
62515,17,447,340,4.59,1,62515,16,Humano,Feliz,2715,Exposicao_Face
62531,17,480,325,4.54,1,62531,16,Humano,Feliz,2731,Exposicao_Face
62548,17,481,337,4.59,1,62548,16,Humano,Feliz,2748,Exposicao_Face
62564,17,496,333,4.56,1,62564,16,Humano,Feliz,2764,Exposicao_Face
62581,17,487,330,4.6,1,62581,16,Humano,Feliz,2781,Exposicao_Face
62614,33,502,326,4.56,1,62614,16,Humano,Feliz,2814,Exposicao_Face
62614,0,502,326,4.56,1,62614,16,Humano,Feliz,2814,Exposicao_Face
62631,17,498,335,4.6,1,62631,16,Humano,Feliz,2831,Exposicao_Face
62648,17,487,336,4.6,1,62648,16,Humano,Feliz,2848,Exposicao_Face
62664,17,492,337,4.56,1,62664,16,Humano,Feliz,2864,Exposicao_Face
62681,17,494,325,4.52,1,62681,16,Humano,Feliz,2881,Exposicao_Face
62698,17,493,334,4.59,1,62698,16,Humano,Feliz,2898,Exposicao_Face
62714,17,502,326,4.51,1,62714,16,Humano,Feliz,2914,Exposicao_Face
62731,17,487,327,4.57,1,62731,16,Humano,Feliz,2931,Exposicao_Face
62747,17,507,320,4.57,1,62747,16,Humano,Feliz,2947,Exposicao_Face
62764,17,496,320,4.56,1,62764,16,Humano,Feliz,2964,Exposicao_Face
62781,17,485,340,4.54,1,62781,16,Humano,Feliz,2981,Exposicao_Face
62797,17,492,337,4.56,1,62797,16,Humano,Feliz,2997,Exposicao_Face
62814,17,484,347,4.67,1,62814,16,Humano,Feliz,3014,Exposicao_Face
62847,33,498,328,4.51,1,62847,16,Humano,Feliz,3047,Exposicao_Face
62864,17,494,328,4.57,1,62864,16,Humano,Feliz,3064,Exposicao_Face
62880,17,492,330,4.57,1,62880,16,Humano,Feliz,3080,Exposicao_Face
62897,17,492,326,4.56,1,62897,16,Humano,Feliz,3097,Exposicao_Face
62914,17,490,325,4.54,1,62914,16,Humano,Feliz,3114,Exposicao_Face
62930,17,500,335,4.51,1,62930,16,Humano,Feliz,3130,Exposicao_Face
62947,17,498,322,4.54,1,62947,16,Humano,Feliz,3147,Exposicao_Face
62964,17,499,318,4.56,1,62964,16,Humano,Feliz,3164,Exposicao_Face
62980,17,497,333,4.56,1,62980,16,Humano,Feliz,3180,Exposicao_Face
62997,17,481,339,4.59,1,62997,16,Humano,Feliz,3197,Exposicao_Face
63014,17,499,324,4.44,1,63014,16,Humano,Feliz,3214,Exposicao_Face
63030,17,502,333,4.48,1,63030,16,Humano,Feliz,3230,Exposicao_Face
63047,17,494,335,4.6,1,63047,16,Humano,Feliz,3247,Exposicao_Face
63063,17,511,328,4.49,1,63063,16,Humano,Feliz,3263,Exposicao_Face
63080,17,504,327,4.54,1,63080,16,Humano,Feliz,3280,Exposicao_Face
63097,17,500,322,4.49,1,63097,16,Humano,Feliz,3297,Exposicao_Face
63113,17,500,322,4.48,1,63113,16,Humano,Feliz,3313,Exposicao_Face
63130,17,504,328,4.46,1,63130,16,Humano,Feliz,3330,Exposicao_Face
63147,17,505,330,4.48,1,63147,16,Humano,Feliz,3347,Exposicao_Face
63163,17,502,331,4.52,1,63163,16,Humano,Feliz,3363,Exposicao_Face
63180,17,490,330,4.52,1,63180,16,Humano,Feliz,3380,Exposicao_Face
63197,17,506,319,4.52,1,63197,16,Humano,Feliz,3397,Exposicao_Face
63213,17,501,328,4.44,1,63213,16,Humano,Feliz,3413,Exposicao_Face
63230,17,497,325,4.46,1,63230,16,Humano,Feliz,3430,Exposicao_Face
63246,17,499,331,4.49,1,63246,16,Humano,Feliz,3446,Exposicao_Face
63263,17,498,330,4.46,1,63263,16,Humano,Feliz,3463,Exposicao_Face
63280,17,513,319,4.49,1,63280,16,Humano,Feliz,3480,Exposicao_Face
63296,17,503,327,4.44,1,63296,16,Humano,Feliz,3496,Exposicao_Face
63313,17,515,317,4.46,1,63313,16,Humano,Feliz,3513,Exposicao_Face
63330,17,503,320,4.44,1,63330,16,Humano,Feliz,3530,Exposicao_Face
63346,17,507,332,4.44,1,63346,16,Humano,Feliz,3546,Exposicao_Face
63363,17,502,315,4.41,1,63363,16,Humano,Feliz,3563,Exposicao_Face
63380,17,496,325,4.49,1,63380,16,Humano,Feliz,3580,Exposicao_Face
63396,17,511,320,4.41,1,63396,16,Humano,Feliz,3596,Exposicao_Face
63413,17,504,332,4.46,1,63413,16,Humano,Feliz,3613,Exposicao_Face
63429,17,515,320,4.4,1,63429,16,Humano,Feliz,3629,Exposicao_Face
63446,17,497,321,4.38,1,63446,16,Humano,Feliz,3646,Exposicao_Face
63463,17,512,319,4.44,1,63463,16,Humano,Feliz,3663,Exposicao_Face
63479,17,508,325,4.41,1,63479,16,Humano,Feliz,3679,Exposicao_Face
63496,17,502,325,4.41,1,63496,16,Humano,Feliz,3696,Exposicao_Face
63513,17,501,330,4.51,1,63513,16,Humano,Feliz,3713,Exposicao_Face
63529,17,511,322,4.49,1,63529,16,Humano,Feliz,3729,Exposicao_Face
63546,17,505,331,4.41,1,63546,16,Humano,Feliz,3746,Exposicao_Face
63563,17,510,316,4.35,1,63563,16,Humano,Feliz,3763,Exposicao_Face
63579,17,511,322,4.41,1,63579,16,Humano,Feliz,3779,Exposicao_Face
63596,17,514,304,4.36,1,63596,16,Humano,Feliz,3796,Exposicao_Face
63612,17,513,323,4.38,1,63612,16,Humano,Feliz,3812,Exposicao_Face
63629,17,515,324,4.33,1,63629,16,Humano,Feliz,3829,Exposicao_Face
63646,17,517,328,4.38,1,63646,16,Humano,Feliz,3846,Exposicao_Face
63662,17,510,324,4.38,1,63662,16,Humano,Feliz,3862,Exposicao_Face
63679,17,512,324,4.3,1,63679,16,Humano,Feliz,3879,Exposicao_Face
63696,17,508,324,4.36,1,63696,16,Humano,Feliz,3896,Exposicao_Face
63712,17,509,327,4.36,1,63712,16,Humano,Feliz,3912,Exposicao_Face
63729,17,508,329,4.32,1,63729,16,Humano,Feliz,3929,Exposicao_Face
63746,17,510,329,4.3,1,63746,16,Humano,Feliz,3946,Exposicao_Face
63762,17,518,313,4.28,1,63762,16,Humano,Feliz,3962,Exposicao_Face
63779,17,519,322,4.28,1,63779,16,Humano,Feliz,3979,Exposicao_Face
63812,33,512,329,4.25,1,63812,17,Humano,Neutro,12,Janela_Baseline
63845,33,519,322,4.28,1,63845,17,Humano,Neutro,45,Janela_Baseline
63845,0,519,322,4.28,1,63845,17,Humano,Neutro,45,Janela_Baseline
63862,17,519,322,4.28,1,63862,17,Humano,Neutro,62,Janela_Baseline
63879,17,514,315,4.24,1,63879,17,Humano,Neutro,79,Janela_Baseline
63895,17,512,321,4.22,1,63895,17,Humano,Neutro,95,Janela_Baseline
63912,17,516,319,4.28,1,63912,17,Humano,Neutro,112,Janela_Baseline
63928,17,510,346,4.27,1,63928,17,Humano,Neutro,128,Janela_Baseline
63945,17,510,403,4.27,2,63945,17,Humano,Neutro,145,Janela_Baseline
63962,17,487,391,4.25,2,63962,17,Humano,Neutro,162,Janela_Baseline
63978,17,485,397,4.2,2,63978,17,Humano,Neutro,178,Janela_Baseline
63995,17,490,392,4.25,2,63995,17,Humano,Neutro,195,Janela_Baseline
64012,17,481,404,4.25,2,64012,17,Humano,Neutro,212,Janela_Baseline
64028,17,484,397,4.3,2,64028,17,Humano,Neutro,228,Janela_Baseline
64045,17,481,402,4.3,2,64045,17,Humano,Neutro,245,Janela_Baseline
64062,17,483,396,4.19,2,64062,17,Humano,Neutro,262,Janela_Baseline
64078,17,483,401,4.27,2,64078,17,Humano,Neutro,278,Janela_Baseline
64095,17,486,397,4.27,2,64095,17,Humano,Neutro,295,Janela_Baseline
64111,17,487,408,4.33,2,64111,17,Humano,Neutro,311,Janela_Baseline
64128,17,501,389,4.33,2,64128,17,Humano,Neutro,328,Janela_Baseline
64145,17,503,392,4.22,2,64145,17,Humano,Neutro,345,Janela_Baseline
64161,17,486,391,4.2,2,64161,17,Humano,Neutro,361,Janela_Baseline
64178,17,476,389,4.3,2,64178,17,Humano,Neutro,378,Janela_Baseline
64195,17,478,408,4.3,2,64195,17,Humano,Neutro,395,Janela_Baseline
64211,17,491,403,4.35,2,64211,17,Humano,Neutro,411,Janela_Baseline
64228,17,476,409,4.4,2,64228,17,Humano,Neutro,428,Janela_Baseline
64245,17,487,395,4.3,2,64245,17,Humano,Neutro,445,Janela_Baseline
64261,17,485,403,4.3,2,64261,17,Humano,Neutro,461,Janela_Baseline
64278,17,497,397,4.3,2,64278,17,Humano,Neutro,478,Janela_Baseline
64294,17,481,406,4.35,2,64294,17,Humano,Neutro,494,Janela_Baseline
64311,17,472,403,4.32,2,64311,17,Humano,Neutro,511,Janela_Baseline
64328,17,481,403,4.38,2,64328,17,Humano,Neutro,528,Janela_Baseline
64344,17,508,403,4.28,2,64344,17,Humano,Neutro,544,Janela_Baseline
64361,17,449,399,4.22,2,64361,17,Humano,Neutro,561,Janela_Baseline
64378,17,462,403,4.22,2,64378,17,Humano,Neutro,578,Janela_Baseline
64394,17,449,400,4.27,2,64394,17,Humano,Neutro,594,Janela_Baseline
64411,17,462,389,4.19,2,64411,17,Humano,Neutro,611,Janela_Baseline
64428,17,453,402,4.28,2,64428,17,Humano,Neutro,628,Janela_Baseline
64444,17,480,394,4.27,2,64444,17,Humano,Neutro,644,Janela_Baseline
64461,17,449,400,4.3,2,64461,17,Humano,Neutro,661,Janela_Baseline
64477,17,462,395,4.27,2,64477,17,Humano,Neutro,677,Janela_Baseline
64494,17,459,399,4.24,2,64494,17,Humano,Neutro,694,Janela_Baseline
64511,17,464,395,4.19,2,64511,17,Humano,Neutro,711,Janela_Baseline
64527,17,463,399,4.24,2,64527,17,Humano,Neutro,727,Janela_Baseline
64544,17,451,402,4.19,2,64544,17,Humano,Neutro,744,Janela_Baseline
64561,17,457,405,4.17,2,64561,17,Humano,Neutro,761,Janela_Baseline
64577,17,460,388,4.17,2,64577,17,Humano,Neutro,777,Janela_Baseline
64594,17,460,392,4.2,2,64594,17,Humano,Neutro,794,Janela_Baseline
64611,17,468,408,4.24,2,64611,17,Humano,Neutro,811,Janela_Baseline
64627,17,452,406,4.14,2,64627,17,Humano,Neutro,827,Janela_Baseline
64644,17,459,412,4.12,2,64644,17,Humano,Neutro,844,Janela_Baseline
64660,17,448,411,4.09,2,64660,17,Humano,Neutro,860,Janela_Baseline
64677,17,475,402,4.11,2,64677,17,Humano,Neutro,877,Janela_Baseline
64694,17,463,403,4.04,2,64694,17,Humano,Neutro,894,Janela_Baseline
64710,17,474,383,4.11,2,64710,17,Humano,Neutro,910,Janela_Baseline
64727,17,511,356,4.04,1,64727,17,Humano,Neutro,927,Janela_Baseline
64744,17,502,369,4.07,2,64744,17,Humano,Neutro,944,Janela_Baseline
64760,17,522,345,4.04,1,64760,17,Humano,Neutro,960,Janela_Baseline
64777,17,520,349,4.01,1,64777,17,Humano,Neutro,977,Janela_Baseline
64794,17,583,304,3.99,1,64794,17,Humano,Neutro,994,Janela_Baseline
64810,17,596,315,4.04,1,64810,17,Humano,Neutro,1010,Janela_Baseline
64827,17,593,303,3.99,1,64827,17,Humano,Neutro,1027,Janela_Baseline
64843,17,606,312,4.03,1,64843,17,Humano,Neutro,1043,Janela_Baseline
64860,17,590,314,3.99,1,64860,17,Humano,Neutro,1060,Janela_Baseline
64877,17,591,305,3.95,1,64877,17,Humano,Neutro,1077,Janela_Baseline
64893,17,609,286,3.95,1,64893,17,Humano,Neutro,1093,Janela_Baseline
64910,17,599,290,3.95,1,64910,17,Humano,Neutro,1110,Janela_Baseline
64927,17,597,312,3.9,1,64927,17,Humano,Neutro,1127,Janela_Baseline
64943,17,598,300,3.91,1,64943,17,Humano,Neutro,1143,Janela_Baseline
64960,17,596,315,3.9,1,64960,17,Humano,Neutro,1160,Janela_Baseline
64977,17,596,301,3.88,1,64977,17,Humano,Neutro,1177,Janela_Baseline
64993,17,601,304,3.91,1,64993,17,Humano,Neutro,1193,Janela_Baseline
65010,17,603,304,3.85,1,65010,17,Humano,Neutro,1210,Janela_Baseline
65026,17,604,293,3.93,1,65026,17,Humano,Neutro,1226,Janela_Baseline
65043,17,594,313,3.91,1,65043,17,Humano,Neutro,1243,Janela_Baseline
65060,17,593,319,3.98,1,65060,17,Humano,Neutro,1260,Janela_Baseline
65076,17,587,306,3.83,1,65076,17,Humano,Neutro,1276,Janela_Baseline
65093,17,592,311,3.85,1,65093,17,Humano,Neutro,1293,Janela_Baseline
65110,17,603,305,3.95,1,65110,17,Humano,Neutro,1310,Exposicao_Face
65126,17,589,314,4.03,1,65126,17,Humano,Neutro,1326,Exposicao_Face
65143,17,591,315,3.98,1,65143,17,Humano,Neutro,1343,Exposicao_Face
65159,17,587,310,4.01,1,65159,17,Humano,Neutro,1359,Exposicao_Face
65176,17,591,313,3.87,1,65176,17,Humano,Neutro,1376,Exposicao_Face
65193,17,602,309,3.93,1,65193,17,Humano,Neutro,1393,Exposicao_Face
65243,50,581,322,3.99,1,65243,17,Humano,Neutro,1443,Exposicao_Face
65259,17,592,316,4.01,1,65259,17,Humano,Neutro,1459,Exposicao_Face
65276,17,520,328,4.01,1,65276,17,Humano,Neutro,1476,Exposicao_Face
65326,50,449,328,4.09,1,65326,17,Humano,Neutro,1526,Exposicao_Face
65342,17,454,325,4.09,1,65342,17,Humano,Neutro,1542,Exposicao_Face
65359,17,447,325,4.11,1,65359,17,Humano,Neutro,1559,Exposicao_Face
65376,17,441,326,4.06,1,65376,17,Humano,Neutro,1576,Exposicao_Face
65392,17,454,300,4.09,1,65392,17,Humano,Neutro,1592,Exposicao_Face
65409,17,453,319,4.06,1,65409,17,Humano,Neutro,1609,Exposicao_Face
65426,17,444,321,4.07,1,65426,17,Humano,Neutro,1626,Exposicao_Face
65442,17,451,319,4.03,1,65442,17,Humano,Neutro,1642,Exposicao_Face
65459,17,442,321,4.03,1,65459,17,Humano,Neutro,1659,Exposicao_Face
65476,17,451,317,4.04,1,65476,17,Humano,Neutro,1676,Exposicao_Face
65492,17,445,327,4.14,1,65492,17,Humano,Neutro,1692,Exposicao_Face
65509,17,444,325,4.09,1,65509,17,Humano,Neutro,1709,Exposicao_Face
65525,17,431,322,4.11,1,65525,17,Humano,Neutro,1725,Exposicao_Face
65542,17,442,320,4.03,1,65542,17,Humano,Neutro,1742,Exposicao_Face
65559,17,432,325,3.95,1,65559,17,Humano,Neutro,1759,Exposicao_Face
65575,17,427,314,4.15,1,65575,17,Humano,Neutro,1775,Exposicao_Face
65592,17,431,322,3.98,1,65592,17,Humano,Neutro,1792,Exposicao_Face
65609,17,444,315,4.03,1,65609,17,Humano,Neutro,1809,Exposicao_Face
65625,17,431,329,4.03,1,65625,17,Humano,Neutro,1825,Exposicao_Face
65642,17,436,315,4.04,1,65642,17,Humano,Neutro,1842,Exposicao_Face
65659,17,428,326,4.04,1,65659,17,Humano,Neutro,1859,Exposicao_Face
65675,17,432,327,4.03,1,65675,17,Humano,Neutro,1875,Exposicao_Face
65692,17,443,312,3.99,1,65692,17,Humano,Neutro,1892,Exposicao_Face
65708,17,428,320,4.01,1,65708,17,Humano,Neutro,1908,Exposicao_Face
65725,17,436,318,3.93,1,65725,17,Humano,Neutro,1925,Exposicao_Face
65742,17,439,323,3.99,1,65742,17,Humano,Neutro,1942,Exposicao_Face
65758,17,433,329,4.09,1,65758,17,Humano,Neutro,1958,Exposicao_Face
65775,17,438,326,4.04,1,65775,17,Humano,Neutro,1975,Exposicao_Face
65792,17,437,318,3.99,1,65792,17,Humano,Neutro,1992,Exposicao_Face
65808,17,437,317,4.09,1,65808,17,Humano,Neutro,2008,Exposicao_Face
65825,17,433,326,3.98,1,65825,17,Humano,Neutro,2025,Exposicao_Face
65842,17,434,320,3.99,1,65842,17,Humano,Neutro,2042,Exposicao_Face
65858,17,440,312,3.99,1,65858,17,Humano,Neutro,2058,Exposicao_Face
65875,17,473,326,3.95,1,65875,17,Humano,Neutro,2075,Exposicao_Face
65891,17,575,321,4.01,1,65891,17,Humano,Neutro,2091,Exposicao_Face
65908,17,600,321,4.03,1,65908,17,Humano,Neutro,2108,Exposicao_Face
65925,17,610,328,3.93,1,65925,17,Humano,Neutro,2125,Exposicao_Face
65941,17,608,335,4.04,1,65941,17,Humano,Neutro,2141,Exposicao_Face
65958,17,607,333,4.04,1,65958,17,Humano,Neutro,2158,Exposicao_Face
65975,17,599,338,3.99,1,65975,17,Humano,Neutro,2175,Exposicao_Face
65991,17,603,336,4.04,1,65991,17,Humano,Neutro,2191,Exposicao_Face
66008,17,594,347,3.99,1,66008,17,Humano,Neutro,2208,Exposicao_Face
66025,17,598,344,4.06,1,66025,17,Humano,Neutro,2225,Exposicao_Face
66041,17,606,338,3.99,1,66041,17,Humano,Neutro,2241,Exposicao_Face
66058,17,598,349,4.07,1,66058,17,Humano,Neutro,2258,Exposicao_Face
66074,17,601,335,3.99,1,66074,17,Humano,Neutro,2274,Exposicao_Face
66091,17,599,338,3.96,1,66091,17,Humano,Neutro,2291,Exposicao_Face
66108,17,601,333,4.04,1,66108,17,Humano,Neutro,2308,Exposicao_Face
66124,17,598,346,4.07,1,66124,17,Humano,Neutro,2324,Exposicao_Face
66141,17,603,346,4.06,1,66141,17,Humano,Neutro,2341,Exposicao_Face
66158,17,604,381,4.12,2,66158,17,Humano,Neutro,2358,Exposicao_Face
66174,17,592,381,4.11,2,66174,17,Humano,Neutro,2374,Exposicao_Face
66191,17,602,374,4.04,2,66191,17,Humano,Neutro,2391,Exposicao_Face
66207,17,595,390,4.11,2,66207,17,Humano,Neutro,2407,Exposicao_Face
66224,17,587,402,4.11,2,66224,17,Humano,Neutro,2424,Exposicao_Face
66241,17,591,395,4.12,2,66241,17,Humano,Neutro,2441,Exposicao_Face
66257,17,589,392,4.15,2,66257,17,Humano,Neutro,2457,Exposicao_Face
66274,17,581,398,4.07,2,66274,17,Humano,Neutro,2474,Exposicao_Face
66291,17,587,413,4.17,2,66291,17,Humano,Neutro,2491,Exposicao_Face
66307,17,582,395,4.28,2,66307,17,Humano,Neutro,2507,Exposicao_Face
66324,17,588,386,4.19,2,66324,17,Humano,Neutro,2524,Exposicao_Face
66341,17,596,386,4.14,2,66341,17,Humano,Neutro,2541,Exposicao_Face
66357,17,602,376,4.11,2,66357,17,Humano,Neutro,2557,Exposicao_Face
66374,17,593,400,4.27,2,66374,17,Humano,Neutro,2574,Exposicao_Face
66390,17,589,367,4.19,2,66390,17,Humano,Neutro,2590,Exposicao_Face
66407,17,605,429,0.0,3,66407,17,Humano,Neutro,2607,Exposicao_Face
66424,17,594,435,0.0,3,66424,17,Humano,Neutro,2624,Exposicao_Face
66457,33,590,438,0.0,3,66457,17,Humano,Neutro,2657,Exposicao_Face
66474,17,606,438,0.0,3,66474,17,Humano,Neutro,2674,Exposicao_Face
66490,17,613,439,0.0,3,66490,17,Humano,Neutro,2690,Exposicao_Face
66507,17,601,444,0.0,3,66507,17,Humano,Neutro,2707,Exposicao_Face
66524,17,605,439,0.0,3,66524,17,Humano,Neutro,2724,Exposicao_Face
66540,17,602,447,0.0,3,66540,17,Humano,Neutro,2740,Exposicao_Face
66590,50,573,390,0.0,2,66590,17,Humano,Neutro,2790,Exposicao_Face
66890,299,580,372,0.0,2,66890,17,Humano,Neutro,3090,Exposicao_Face
66906,17,590,298,4.04,1,66906,17,Humano,Neutro,3106,Exposicao_Face
66923,17,581,331,4.11,1,66923,17,Humano,Neutro,3123,Exposicao_Face
66939,17,573,344,4.11,1,66939,17,Humano,Neutro,3139,Exposicao_Face
66956,17,466,596,4.06,3,66956,17,Humano,Neutro,3156,Exposicao_Face
67189,233,393,644,0.0,3,67189,17,Humano,Neutro,3389,Exposicao_Face
67206,17,473,468,0.0,3,67206,17,Humano,Neutro,3406,Exposicao_Face
67222,17,494,433,3.99,3,67222,17,Humano,Neutro,3422,Exposicao_Face
67239,17,515,371,4.07,2,67239,17,Humano,Neutro,3439,Exposicao_Face
67256,17,511,371,4.09,2,67256,17,Humano,Neutro,3456,Exposicao_Face
67272,17,514,379,4.11,2,67272,17,Humano,Neutro,3472,Exposicao_Face
67289,17,499,385,4.11,2,67289,17,Humano,Neutro,3489,Exposicao_Face
67305,17,510,384,4.09,2,67305,17,Humano,Neutro,3505,Exposicao_Face
67322,17,525,378,4.14,2,67322,17,Humano,Neutro,3522,Exposicao_Face
67339,17,509,367,4.07,2,67339,17,Humano,Neutro,3539,Exposicao_Face
67355,17,513,371,4.2,2,67355,17,Humano,Neutro,3555,Exposicao_Face
67372,17,516,369,4.15,2,67372,17,Humano,Neutro,3572,Exposicao_Face
67389,17,499,363,4.06,0,67389,17,Humano,Neutro,3589,Exposicao_Face
67405,17,511,375,4.07,2,67405,17,Humano,Neutro,3605,Exposicao_Face
67422,17,489,384,4.06,2,67422,17,Humano,Neutro,3622,Exposicao_Face
67438,17,522,359,4.14,1,67438,17,Humano,Neutro,3638,Exposicao_Face
67455,17,513,369,4.15,2,67455,17,Humano,Neutro,3655,Exposicao_Face
67472,17,516,381,4.12,2,67472,17,Humano,Neutro,3672,Exposicao_Face
67488,17,525,365,4.03,2,67488,17,Humano,Neutro,3688,Exposicao_Face
67505,17,523,377,4.04,2,67505,17,Humano,Neutro,3705,Exposicao_Face
67522,17,512,375,4.11,2,67522,17,Humano,Neutro,3722,Exposicao_Face
67538,17,529,366,4.07,2,67538,17,Humano,Neutro,3738,Exposicao_Face
67555,17,516,366,4.03,2,67555,17,Humano,Neutro,3755,Exposicao_Face
67572,17,503,379,4.01,2,67572,17,Humano,Neutro,3772,Exposicao_Face
67588,17,513,371,3.96,2,67588,17,Humano,Neutro,3788,Exposicao_Face
67605,17,511,374,3.99,2,67605,17,Humano,Neutro,3805,Exposicao_Face
67621,17,506,380,3.96,2,67621,17,Humano,Neutro,3821,Exposicao_Face
67638,17,497,390,3.95,2,67638,17,Humano,Neutro,3838,Exposicao_Face
67655,17,515,372,3.82,2,67655,17,Humano,Neutro,3855,Exposicao_Face
67671,17,519,370,3.9,2,67671,17,Humano,Neutro,3871,Exposicao_Face
67688,17,518,373,3.79,2,67688,17,Humano,Neutro,3888,Exposicao_Face
67705,17,521,370,3.87,2,67705,17,Humano,Neutro,3905,Exposicao_Face
67721,17,513,381,3.77,2,67721,17,Humano,Neutro,3921,Exposicao_Face
67738,17,509,381,3.83,2,67738,17,Humano,Neutro,3938,Exposicao_Face
67755,17,509,380,3.77,2,67755,17,Humano,Neutro,3955,Exposicao_Face
67771,17,516,369,3.71,2,67771,17,Humano,Neutro,3971,Exposicao_Face
67788,17,515,379,3.83,2,67788,17,Humano,Neutro,3988,Exposicao_Face
67804,17,519,364,3.74,2,67804,18,Humano,Raiva,4,Janela_Baseline
67821,17,517,372,3.71,2,67821,18,Humano,Raiva,21,Janela_Baseline
67838,17,505,377,3.71,2,67838,18,Humano,Raiva,38,Janela_Baseline
67854,17,520,371,3.72,2,67854,18,Humano,Raiva,54,Janela_Baseline
67871,17,499,358,3.67,1,67871,18,Humano,Raiva,71,Janela_Baseline
67888,17,472,331,3.77,1,67888,18,Humano,Raiva,88,Janela_Baseline
67904,17,486,334,3.74,1,67904,18,Humano,Raiva,104,Janela_Baseline
67921,17,475,318,3.67,1,67921,18,Humano,Raiva,121,Janela_Baseline
67938,17,483,313,3.67,1,67938,18,Humano,Raiva,138,Janela_Baseline
67954,17,478,326,3.61,1,67954,18,Humano,Raiva,154,Janela_Baseline
67971,17,483,329,3.79,1,67971,18,Humano,Raiva,171,Janela_Baseline
67987,17,476,316,3.71,1,67987,18,Humano,Raiva,187,Janela_Baseline
68004,17,478,311,3.61,1,68004,18,Humano,Raiva,204,Janela_Baseline
68021,17,491,308,3.63,1,68021,18,Humano,Raiva,221,Janela_Baseline
68037,17,480,319,3.61,1,68037,18,Humano,Raiva,237,Janela_Baseline
68054,17,488,311,3.56,1,68054,18,Humano,Raiva,254,Janela_Baseline
68071,17,480,314,3.71,1,68071,18,Humano,Raiva,271,Janela_Baseline
68087,17,483,318,3.59,1,68087,18,Humano,Raiva,287,Janela_Baseline
68104,17,446,308,3.56,1,68104,18,Humano,Raiva,304,Janela_Baseline
68121,17,437,310,3.58,1,68121,18,Humano,Raiva,321,Janela_Baseline
68137,17,448,302,3.61,1,68137,18,Humano,Raiva,337,Janela_Baseline
68154,17,446,300,3.59,1,68154,18,Humano,Raiva,354,Janela_Baseline
68170,17,434,319,3.66,1,68170,18,Humano,Raiva,370,Janela_Baseline
68187,17,440,307,3.64,1,68187,18,Humano,Raiva,387,Janela_Baseline
68204,17,441,304,3.63,1,68204,18,Humano,Raiva,404,Janela_Baseline
68220,17,433,319,3.67,1,68220,18,Humano,Raiva,420,Janela_Baseline
68237,17,429,314,3.67,1,68237,18,Humano,Raiva,437,Janela_Baseline
68254,17,445,305,3.72,1,68254,18,Humano,Raiva,454,Janela_Baseline
68270,17,439,314,3.64,1,68270,18,Humano,Raiva,470,Janela_Baseline
68287,17,436,319,3.61,1,68287,18,Humano,Raiva,487,Janela_Baseline
68304,17,439,305,3.56,1,68304,18,Humano,Raiva,504,Janela_Baseline
68320,17,432,322,3.66,1,68320,18,Humano,Raiva,520,Janela_Baseline
68337,17,429,315,3.66,1,68337,18,Humano,Raiva,537,Janela_Baseline
68353,17,434,318,3.63,1,68353,18,Humano,Raiva,553,Janela_Baseline
68370,17,437,313,3.64,1,68370,18,Humano,Raiva,570,Janela_Baseline
68387,17,431,321,3.61,1,68387,18,Humano,Raiva,587,Janela_Baseline
68403,17,431,315,3.64,1,68403,18,Humano,Raiva,603,Janela_Baseline
68420,17,426,321,3.58,1,68420,18,Humano,Raiva,620,Janela_Baseline
68437,17,437,315,3.64,1,68437,18,Humano,Raiva,637,Janela_Baseline
68453,17,442,314,3.67,1,68453,18,Humano,Raiva,653,Janela_Baseline
68470,17,449,389,3.69,2,68470,18,Humano,Raiva,670,Janela_Baseline
68486,17,447,395,3.69,2,68486,18,Humano,Raiva,686,Janela_Baseline
68503,17,438,396,3.64,2,68503,18,Humano,Raiva,703,Janela_Baseline
68520,17,444,399,3.71,2,68520,18,Humano,Raiva,720,Janela_Baseline
68536,17,439,394,3.71,2,68536,18,Humano,Raiva,736,Janela_Baseline
68553,17,431,390,3.64,2,68553,18,Humano,Raiva,753,Janela_Baseline
68570,17,442,395,3.74,2,68570,18,Humano,Raiva,770,Janela_Baseline
68586,17,429,405,3.69,2,68586,18,Humano,Raiva,786,Janela_Baseline
68603,17,438,390,3.69,2,68603,18,Humano,Raiva,803,Janela_Baseline
68620,17,441,391,3.67,2,68620,18,Humano,Raiva,820,Janela_Baseline
68636,17,434,408,3.77,2,68636,18,Humano,Raiva,836,Janela_Baseline
68653,17,433,411,3.77,2,68653,18,Humano,Raiva,853,Janela_Baseline
68669,17,444,394,3.85,2,68669,18,Humano,Raiva,869,Janela_Baseline
68686,17,438,398,3.77,2,68686,18,Humano,Raiva,886,Janela_Baseline
68703,17,442,395,3.77,2,68703,18,Humano,Raiva,903,Janela_Baseline
68719,17,449,400,3.79,2,68719,18,Humano,Raiva,919,Janela_Baseline
68736,17,521,333,3.79,1,68736,18,Humano,Raiva,936,Janela_Baseline
68753,17,543,320,3.71,1,68753,18,Humano,Raiva,953,Janela_Baseline
68769,17,545,310,3.79,1,68769,18,Humano,Raiva,969,Janela_Baseline
68786,17,548,323,3.8,1,68786,18,Humano,Raiva,986,Janela_Baseline
68803,17,534,322,3.83,1,68803,18,Humano,Raiva,1003,Janela_Baseline
68819,17,547,317,3.8,1,68819,18,Humano,Raiva,1019,Janela_Baseline
68836,17,530,332,3.8,1,68836,18,Humano,Raiva,1036,Janela_Baseline
68852,17,547,324,3.77,1,68852,18,Humano,Raiva,1052,Janela_Baseline
68869,17,540,317,3.79,1,68869,18,Humano,Raiva,1069,Janela_Baseline
68886,17,550,315,3.75,1,68886,18,Humano,Raiva,1086,Janela_Baseline
68902,17,541,324,3.8,1,68902,18,Humano,Raiva,1102,Janela_Baseline
68919,17,548,310,3.79,1,68919,18,Humano,Raiva,1119,Janela_Baseline
68936,17,552,305,3.72,1,68936,18,Humano,Raiva,1136,Janela_Baseline
68952,17,541,321,3.79,1,68952,18,Humano,Raiva,1152,Janela_Baseline
68969,17,541,313,3.83,1,68969,18,Humano,Raiva,1169,Janela_Baseline
68986,17,547,317,3.79,1,68986,18,Humano,Raiva,1186,Janela_Baseline
69002,17,546,323,3.8,1,69002,18,Humano,Raiva,1202,Janela_Baseline
69019,17,536,333,3.82,1,69019,18,Humano,Raiva,1219,Janela_Baseline
69035,17,546,319,3.83,1,69035,18,Humano,Raiva,1235,Janela_Baseline
69052,17,542,319,3.87,1,69052,18,Humano,Raiva,1252,Janela_Baseline
69069,17,543,311,3.82,1,69069,18,Humano,Raiva,1269,Janela_Baseline
69085,17,537,322,3.9,1,69085,18,Humano,Raiva,1285,Janela_Baseline
69102,17,547,310,3.9,1,69102,18,Humano,Raiva,1302,Exposicao_Face
69119,17,547,324,3.93,1,69119,18,Humano,Raiva,1319,Exposicao_Face
69135,17,551,309,3.75,1,69135,18,Humano,Raiva,1335,Exposicao_Face
69152,17,547,312,3.77,1,69152,18,Humano,Raiva,1352,Exposicao_Face
69169,17,549,288,3.85,1,69169,18,Humano,Raiva,1369,Exposicao_Face
69185,17,536,248,3.83,1,69185,18,Humano,Raiva,1385,Exposicao_Face
69202,17,541,235,3.85,1,69202,18,Humano,Raiva,1402,Exposicao_Face
69218,17,548,231,3.88,1,69218,18,Humano,Raiva,1418,Exposicao_Face
69235,17,534,242,3.95,1,69235,18,Humano,Raiva,1435,Exposicao_Face
69252,17,535,248,3.91,1,69252,18,Humano,Raiva,1452,Exposicao_Face
69268,17,535,236,3.79,1,69268,18,Humano,Raiva,1468,Exposicao_Face
69285,17,537,245,3.88,1,69285,18,Humano,Raiva,1485,Exposicao_Face
69302,17,535,242,3.98,1,69302,18,Humano,Raiva,1502,Exposicao_Face
69318,17,538,238,3.85,1,69318,18,Humano,Raiva,1518,Exposicao_Face
69335,17,530,256,4.03,1,69335,18,Humano,Raiva,1535,Exposicao_Face
69352,17,533,250,3.85,1,69352,18,Humano,Raiva,1552,Exposicao_Face
69368,17,534,237,3.91,1,69368,18,Humano,Raiva,1568,Exposicao_Face
69385,17,534,242,3.93,1,69385,18,Humano,Raiva,1585,Exposicao_Face
69418,33,535,251,4.01,1,69418,18,Humano,Raiva,1618,Exposicao_Face
69435,17,529,253,3.96,1,69435,18,Humano,Raiva,1635,Exposicao_Face
69451,17,538,222,3.96,1,69451,18,Humano,Raiva,1651,Exposicao_Face
69468,17,530,224,4.03,1,69468,18,Humano,Raiva,1668,Exposicao_Face
69485,17,531,221,4.04,1,69485,18,Humano,Raiva,1685,Exposicao_Face
69501,17,538,208,4.09,1,69501,18,Humano,Raiva,1701,Exposicao_Face
69518,17,535,205,4.06,1,69518,18,Humano,Raiva,1718,Exposicao_Face
69535,17,536,209,4.07,1,69535,18,Humano,Raiva,1735,Exposicao_Face
69551,17,539,202,4.12,1,69551,18,Humano,Raiva,1751,Exposicao_Face
69568,17,547,190,4.03,1,69568,18,Humano,Raiva,1768,Exposicao_Face
69584,17,536,206,4.07,1,69584,18,Humano,Raiva,1784,Exposicao_Face
69601,17,536,203,4.14,1,69601,18,Humano,Raiva,1801,Exposicao_Face
69618,17,535,208,4.19,1,69618,18,Humano,Raiva,1818,Exposicao_Face
69634,17,541,202,4.15,1,69634,18,Humano,Raiva,1834,Exposicao_Face
69651,17,534,203,4.17,1,69651,18,Humano,Raiva,1851,Exposicao_Face
69668,17,540,197,4.03,1,69668,18,Humano,Raiva,1868,Exposicao_Face
69684,17,539,205,4.17,1,69684,18,Humano,Raiva,1884,Exposicao_Face
69701,17,536,215,4.3,1,69701,18,Humano,Raiva,1901,Exposicao_Face
69717,17,538,205,4.12,1,69717,18,Humano,Raiva,1917,Exposicao_Face
69734,17,546,194,4.09,1,69734,18,Humano,Raiva,1934,Exposicao_Face
69751,17,534,212,4.24,1,69751,18,Humano,Raiva,1951,Exposicao_Face
69767,17,537,204,4.12,1,69767,18,Humano,Raiva,1967,Exposicao_Face
69784,17,537,198,4.2,1,69784,18,Humano,Raiva,1984,Exposicao_Face
69801,17,538,197,4.12,1,69801,18,Humano,Raiva,2001,Exposicao_Face
69817,17,537,198,4.14,1,69817,18,Humano,Raiva,2017,Exposicao_Face
69834,17,539,205,4.07,1,69834,18,Humano,Raiva,2034,Exposicao_Face
69867,33,542,201,4.17,1,69867,18,Humano,Raiva,2067,Exposicao_Face
69884,17,535,205,4.12,1,69884,18,Humano,Raiva,2084,Exposicao_Face
69900,17,543,196,4.11,1,69900,18,Humano,Raiva,2100,Exposicao_Face
69917,17,542,201,4.15,1,69917,18,Humano,Raiva,2117,Exposicao_Face
69934,17,551,191,4.15,1,69934,18,Humano,Raiva,2134,Exposicao_Face
69950,17,537,208,4.17,1,69950,18,Humano,Raiva,2150,Exposicao_Face
69967,17,538,201,4.14,1,69967,18,Humano,Raiva,2167,Exposicao_Face
69984,17,538,207,4.11,1,69984,18,Humano,Raiva,2184,Exposicao_Face
70000,17,542,195,4.12,1,70000,18,Humano,Raiva,2200,Exposicao_Face
70017,17,546,199,4.17,1,70017,18,Humano,Raiva,2217,Exposicao_Face
70034,17,536,207,4.17,1,70034,18,Humano,Raiva,2234,Exposicao_Face
70050,17,540,199,4.17,1,70050,18,Humano,Raiva,2250,Exposicao_Face
70067,17,545,187,4.14,1,70067,18,Humano,Raiva,2267,Exposicao_Face
70150,83,544,199,4.17,1,70150,18,Humano,Raiva,2350,Exposicao_Face
70150,0,544,199,4.17,1,70150,18,Humano,Raiva,2350,Exposicao_Face
70167,17,535,216,4.24,1,70167,18,Humano,Raiva,2367,Exposicao_Face
70183,17,467,291,4.17,1,70183,18,Humano,Raiva,2383,Exposicao_Face
70200,17,442,315,4.2,1,70200,18,Humano,Raiva,2400,Exposicao_Face
70217,17,430,324,4.15,1,70217,18,Humano,Raiva,2417,Exposicao_Face
70233,17,433,327,4.22,1,70233,18,Humano,Raiva,2433,Exposicao_Face
70250,17,427,328,4.2,1,70250,18,Humano,Raiva,2450,Exposicao_Face
70266,17,438,323,4.2,1,70266,18,Humano,Raiva,2466,Exposicao_Face
70283,17,420,330,4.19,1,70283,18,Humano,Raiva,2483,Exposicao_Face
70300,17,437,329,4.15,1,70300,18,Humano,Raiva,2500,Exposicao_Face
70316,17,429,324,4.17,1,70316,18,Humano,Raiva,2516,Exposicao_Face
70333,17,430,336,4.22,1,70333,18,Humano,Raiva,2533,Exposicao_Face
70350,17,431,325,4.17,1,70350,18,Humano,Raiva,2550,Exposicao_Face
70366,17,429,328,4.2,1,70366,18,Humano,Raiva,2566,Exposicao_Face
70383,17,427,337,4.3,1,70383,18,Humano,Raiva,2583,Exposicao_Face
70400,17,436,328,4.17,1,70400,18,Humano,Raiva,2600,Exposicao_Face
70416,17,415,347,4.32,1,70416,18,Humano,Raiva,2616,Exposicao_Face
70433,17,425,337,4.22,1,70433,18,Humano,Raiva,2633,Exposicao_Face
70449,17,429,325,4.2,1,70449,18,Humano,Raiva,2649,Exposicao_Face
70466,17,440,322,4.22,1,70466,18,Humano,Raiva,2666,Exposicao_Face
70483,17,434,324,4.15,1,70483,18,Humano,Raiva,2683,Exposicao_Face
70499,17,423,336,4.22,1,70499,18,Humano,Raiva,2699,Exposicao_Face
70516,17,436,325,4.19,1,70516,18,Humano,Raiva,2716,Exposicao_Face
70533,17,427,331,4.19,1,70533,18,Humano,Raiva,2733,Exposicao_Face
70549,17,440,324,4.17,1,70549,18,Humano,Raiva,2749,Exposicao_Face
70566,17,525,330,4.24,1,70566,18,Humano,Raiva,2766,Exposicao_Face
70583,17,531,320,4.22,1,70583,18,Humano,Raiva,2783,Exposicao_Face
70599,17,535,316,4.22,1,70599,18,Humano,Raiva,2799,Exposicao_Face
70616,17,533,328,4.2,1,70616,18,Humano,Raiva,2816,Exposicao_Face
70632,17,546,313,4.2,1,70632,18,Humano,Raiva,2832,Exposicao_Face
70666,33,545,324,4.17,1,70666,18,Humano,Raiva,2866,Exposicao_Face
70682,17,539,325,4.33,1,70682,18,Humano,Raiva,2882,Exposicao_Face
70699,17,542,310,4.19,1,70699,18,Humano,Raiva,2899,Exposicao_Face
70716,17,545,314,4.3,1,70716,18,Humano,Raiva,2916,Exposicao_Face
70732,17,545,316,4.19,1,70732,18,Humano,Raiva,2932,Exposicao_Face
70749,17,541,320,4.24,1,70749,18,Humano,Raiva,2949,Exposicao_Face
70765,17,542,320,4.3,1,70765,18,Humano,Raiva,2965,Exposicao_Face
70782,17,538,326,4.24,1,70782,18,Humano,Raiva,2982,Exposicao_Face
70799,17,545,321,4.19,1,70799,18,Humano,Raiva,2999,Exposicao_Face
70815,17,537,330,4.19,1,70815,18,Humano,Raiva,3015,Exposicao_Face
70832,17,534,332,4.28,1,70832,18,Humano,Raiva,3032,Exposicao_Face
70849,17,550,309,4.17,1,70849,18,Humano,Raiva,3049,Exposicao_Face
70865,17,535,331,4.35,1,70865,18,Humano,Raiva,3065,Exposicao_Face
70882,17,531,326,4.15,1,70882,18,Humano,Raiva,3082,Exposicao_Face
70899,17,540,323,4.24,1,70899,18,Humano,Raiva,3099,Exposicao_Face
70915,17,506,343,4.24,1,70915,18,Humano,Raiva,3115,Exposicao_Face
70932,17,502,349,4.22,1,70932,18,Humano,Raiva,3132,Exposicao_Face
70948,17,486,359,4.2,1,70948,18,Humano,Raiva,3148,Exposicao_Face
70965,17,494,345,4.27,1,70965,18,Humano,Raiva,3165,Exposicao_Face
70982,17,498,340,4.32,1,70982,18,Humano,Raiva,3182,Exposicao_Face
70998,17,494,357,4.36,1,70998,18,Humano,Raiva,3198,Exposicao_Face
71015,17,492,356,4.4,1,71015,18,Humano,Raiva,3215,Exposicao_Face
71032,17,501,345,4.3,1,71032,18,Humano,Raiva,3232,Exposicao_Face
71048,17,494,357,4.33,1,71048,18,Humano,Raiva,3248,Exposicao_Face
71065,17,484,362,4.38,1,71065,18,Humano,Raiva,3265,Exposicao_Face
71082,17,494,350,4.32,1,71082,18,Humano,Raiva,3282,Exposicao_Face
71098,17,492,367,4.4,2,71098,18,Humano,Raiva,3298,Exposicao_Face
71115,17,365,572,0.0,3,71115,18,Humano,Raiva,3315,Exposicao_Face
71281,166,360,552,4.14,3,71281,18,Humano,Raiva,3481,Exposicao_Face
71298,17,448,386,4.25,2,71298,18,Humano,Raiva,3498,Exposicao_Face
71314,17,486,305,4.3,1,71314,18,Humano,Raiva,3514,Exposicao_Face
71331,17,492,305,4.22,1,71331,18,Humano,Raiva,3531,Exposicao_Face
71348,17,489,303,4.12,1,71348,18,Humano,Raiva,3548,Exposicao_Face
71364,17,484,306,4.27,1,71364,18,Humano,Raiva,3564,Exposicao_Face
71381,17,491,307,4.28,1,71381,18,Humano,Raiva,3581,Exposicao_Face
71398,17,494,302,4.2,1,71398,18,Humano,Raiva,3598,Exposicao_Face
71414,17,492,306,4.28,1,71414,18,Humano,Raiva,3614,Exposicao_Face
71431,17,492,305,4.24,1,71431,18,Humano,Raiva,3631,Exposicao_Face
71448,17,503,297,4.25,1,71448,18,Humano,Raiva,3648,Exposicao_Face
71464,17,484,303,4.32,1,71464,18,Humano,Raiva,3664,Exposicao_Face
71481,17,499,306,4.25,1,71481,18,Humano,Raiva,3681,Exposicao_Face
71497,17,502,297,4.33,1,71497,18,Humano,Raiva,3697,Exposicao_Face
71514,17,493,298,4.22,1,71514,18,Humano,Raiva,3714,Exposicao_Face
71531,17,504,293,4.19,1,71531,18,Humano,Raiva,3731,Exposicao_Face
71547,17,495,293,4.19,1,71547,18,Humano,Raiva,3747,Exposicao_Face
71564,17,491,303,4.2,1,71564,18,Humano,Raiva,3764,Exposicao_Face
71581,17,493,306,4.27,1,71581,18,Humano,Raiva,3781,Exposicao_Face
71597,17,494,305,4.27,1,71597,18,Humano,Raiva,3797,Exposicao_Face
71614,17,490,302,4.22,1,71614,18,Humano,Raiva,3814,Exposicao_Face
71631,17,489,302,4.25,1,71631,18,Humano,Raiva,3831,Exposicao_Face
71647,17,492,301,4.24,1,71647,18,Humano,Raiva,3847,Exposicao_Face
71664,17,486,308,4.32,1,71664,18,Humano,Raiva,3864,Exposicao_Face
71680,17,499,299,4.27,1,71680,18,Humano,Raiva,3880,Exposicao_Face
71697,17,484,303,4.22,1,71697,18,Humano,Raiva,3897,Exposicao_Face
71714,17,491,295,4.2,1,71714,18,Humano,Raiva,3914,Exposicao_Face
71730,17,492,293,4.14,1,71730,18,Humano,Raiva,3930,Exposicao_Face
71747,17,488,313,4.32,1,71747,18,Humano,Raiva,3947,Exposicao_Face
71764,17,482,315,4.32,1,71764,18,Humano,Raiva,3964,Exposicao_Face
71780,17,495,302,4.27,1,71780,18,Humano,Raiva,3980,Exposicao_Face
71797,17,483,308,4.3,1,71797,18,Humano,Raiva,3997,Exposicao_Face
71814,17,481,308,4.28,1,71814,19,Humano,Feliz,14,Janela_Baseline
71830,17,486,310,4.2,1,71830,19,Humano,Feliz,30,Janela_Baseline
71847,17,480,320,4.28,1,71847,19,Humano,Feliz,47,Janela_Baseline
71863,17,485,308,4.3,1,71863,19,Humano,Feliz,63,Janela_Baseline
71880,17,480,316,4.2,1,71880,19,Humano,Feliz,80,Janela_Baseline
71897,17,474,317,4.32,1,71897,19,Humano,Feliz,97,Janela_Baseline
71913,17,479,312,4.3,1,71913,19,Humano,Feliz,113,Janela_Baseline
71930,17,500,293,4.22,1,71930,19,Humano,Feliz,130,Janela_Baseline
71947,17,482,304,4.28,1,71947,19,Humano,Feliz,147,Janela_Baseline
71963,17,501,348,4.36,1,71963,19,Humano,Feliz,163,Janela_Baseline
71980,17,507,356,4.32,1,71980,19,Humano,Feliz,180,Janela_Baseline
71996,17,500,365,4.36,2,71996,19,Humano,Feliz,196,Janela_Baseline
72013,17,495,358,4.35,1,72013,19,Humano,Feliz,213,Janela_Baseline
72030,17,501,366,4.27,2,72030,19,Humano,Feliz,230,Janela_Baseline
72046,17,499,366,4.32,2,72046,19,Humano,Feliz,246,Janela_Baseline
72063,17,468,363,4.43,0,72063,19,Humano,Feliz,263,Janela_Baseline
72080,17,501,349,4.32,1,72080,19,Humano,Feliz,280,Janela_Baseline
72096,17,493,375,4.38,2,72096,19,Humano,Feliz,296,Janela_Baseline
72113,17,492,364,4.4,2,72113,19,Humano,Feliz,313,Janela_Baseline
72130,17,494,353,4.35,1,72130,19,Humano,Feliz,330,Janela_Baseline
72146,17,492,375,4.35,2,72146,19,Humano,Feliz,346,Janela_Baseline
72163,17,492,373,4.4,2,72163,19,Humano,Feliz,363,Janela_Baseline
72179,17,488,367,4.4,2,72179,19,Humano,Feliz,379,Janela_Baseline
72196,17,489,368,4.35,2,72196,19,Humano,Feliz,396,Janela_Baseline
72213,17,494,384,4.43,2,72213,19,Humano,Feliz,413,Janela_Baseline
72229,17,507,364,4.41,2,72229,19,Humano,Feliz,429,Janela_Baseline
72246,17,515,337,4.44,1,72246,19,Humano,Feliz,446,Janela_Baseline
72263,17,539,322,4.44,1,72263,19,Humano,Feliz,463,Janela_Baseline
72279,17,571,309,4.41,1,72279,19,Humano,Feliz,479,Janela_Baseline
72296,17,566,311,4.41,1,72296,19,Humano,Feliz,496,Janela_Baseline
72313,17,569,322,4.56,1,72313,19,Humano,Feliz,513,Janela_Baseline
72329,17,573,312,4.43,1,72329,19,Humano,Feliz,529,Janela_Baseline
72346,17,578,309,4.52,1,72346,19,Humano,Feliz,546,Janela_Baseline
72362,17,568,307,4.51,1,72362,19,Humano,Feliz,562,Janela_Baseline
72379,17,576,307,4.4,1,72379,19,Humano,Feliz,579,Janela_Baseline
72396,17,569,304,4.48,1,72396,19,Humano,Feliz,596,Janela_Baseline
72412,17,569,300,4.52,1,72412,19,Humano,Feliz,612,Janela_Baseline
72429,17,562,321,4.59,1,72429,19,Humano,Feliz,629,Janela_Baseline
72446,17,560,309,4.56,1,72446,19,Humano,Feliz,646,Janela_Baseline
72462,17,567,303,4.52,1,72462,19,Humano,Feliz,662,Janela_Baseline
72479,17,573,313,4.48,1,72479,19,Humano,Feliz,679,Janela_Baseline
72496,17,554,315,4.54,1,72496,19,Humano,Feliz,696,Janela_Baseline
72512,17,520,326,4.48,1,72512,19,Humano,Feliz,712,Janela_Baseline
72529,17,534,322,4.51,1,72529,19,Humano,Feliz,729,Janela_Baseline
72545,17,529,333,4.35,1,72545,19,Humano,Feliz,745,Janela_Baseline
72562,17,538,321,4.57,1,72562,19,Humano,Feliz,762,Janela_Baseline
72579,17,517,342,4.64,1,72579,19,Humano,Feliz,779,Janela_Baseline
72595,17,523,333,4.62,1,72595,19,Humano,Feliz,795,Janela_Baseline
72612,17,523,343,4.65,1,72612,19,Humano,Feliz,812,Janela_Baseline
72629,17,523,332,4.64,1,72629,19,Humano,Feliz,829,Janela_Baseline
72645,17,529,338,4.59,1,72645,19,Humano,Feliz,845,Janela_Baseline
72662,17,519,341,4.6,1,72662,19,Humano,Feliz,862,Janela_Baseline
72679,17,501,343,4.64,1,72679,19,Humano,Feliz,879,Janela_Baseline
72695,17,442,321,4.62,1,72695,19,Humano,Feliz,895,Janela_Baseline
72712,17,422,318,4.56,1,72712,19,Humano,Feliz,912,Janela_Baseline
72728,17,431,308,4.54,1,72728,19,Humano,Feliz,928,Janela_Baseline
72745,17,424,315,4.51,1,72745,19,Humano,Feliz,945,Janela_Baseline
72762,17,421,311,4.67,1,72762,19,Humano,Feliz,962,Janela_Baseline
72778,17,429,313,4.57,1,72778,19,Humano,Feliz,978,Janela_Baseline
72795,17,420,315,4.62,1,72795,19,Humano,Feliz,995,Janela_Baseline
72812,17,414,325,4.62,1,72812,19,Humano,Feliz,1012,Janela_Baseline
72828,17,421,306,4.67,1,72828,19,Humano,Feliz,1028,Janela_Baseline
72845,17,409,323,4.56,1,72845,19,Humano,Feliz,1045,Janela_Baseline
72862,17,418,314,4.59,1,72862,19,Humano,Feliz,1062,Janela_Baseline
72878,17,407,329,4.67,1,72878,19,Humano,Feliz,1078,Janela_Baseline
72895,17,421,328,4.64,1,72895,19,Humano,Feliz,1095,Janela_Baseline
72911,17,420,315,4.65,1,72911,19,Humano,Feliz,1111,Janela_Baseline
72928,17,414,324,4.6,1,72928,19,Humano,Feliz,1128,Janela_Baseline
72945,17,425,314,4.68,1,72945,19,Humano,Feliz,1145,Janela_Baseline
72961,17,421,317,4.59,1,72961,19,Humano,Feliz,1161,Janela_Baseline
72978,17,421,306,4.6,1,72978,19,Humano,Feliz,1178,Janela_Baseline
72995,17,414,319,4.73,1,72995,19,Humano,Feliz,1195,Janela_Baseline
73011,17,418,316,4.7,1,73011,19,Humano,Feliz,1211,Janela_Baseline
73028,17,414,316,4.67,1,73028,19,Humano,Feliz,1228,Janela_Baseline
73044,17,414,319,4.59,1,73044,19,Humano,Feliz,1244,Janela_Baseline
73061,17,420,308,4.65,1,73061,19,Humano,Feliz,1261,Janela_Baseline
73078,17,410,319,4.68,1,73078,19,Humano,Feliz,1278,Janela_Baseline
73094,17,428,316,4.64,1,73094,19,Humano,Feliz,1294,Janela_Baseline
73161,67,504,338,4.56,1,73161,19,Humano,Feliz,1361,Exposicao_Face
73178,17,490,319,4.46,1,73178,19,Humano,Feliz,1378,Exposicao_Face
73194,17,491,325,4.54,1,73194,19,Humano,Feliz,1394,Exposicao_Face
73211,17,490,334,4.49,1,73211,19,Humano,Feliz,1411,Exposicao_Face
73227,17,491,333,4.57,1,73227,19,Humano,Feliz,1427,Exposicao_Face
73244,17,487,332,4.52,1,73244,19,Humano,Feliz,1444,Exposicao_Face
73261,17,497,324,4.56,1,73261,19,Humano,Feliz,1461,Exposicao_Face
73277,17,493,330,4.57,1,73277,19,Humano,Feliz,1477,Exposicao_Face
73294,17,498,328,4.54,1,73294,19,Humano,Feliz,1494,Exposicao_Face
73311,17,491,338,4.56,1,73311,19,Humano,Feliz,1511,Exposicao_Face
73327,17,493,340,4.52,1,73327,19,Humano,Feliz,1527,Exposicao_Face
73344,17,489,336,4.48,1,73344,19,Humano,Feliz,1544,Exposicao_Face
73361,17,484,365,4.52,2,73361,19,Humano,Feliz,1561,Exposicao_Face
73377,17,479,353,4.48,1,73377,19,Humano,Feliz,1577,Exposicao_Face
73394,17,470,371,4.52,2,73394,19,Humano,Feliz,1594,Exposicao_Face
73410,17,466,368,4.43,2,73410,19,Humano,Feliz,1610,Exposicao_Face
73427,17,469,364,4.38,2,73427,19,Humano,Feliz,1627,Exposicao_Face
73444,17,453,377,4.44,2,73444,19,Humano,Feliz,1644,Exposicao_Face
73460,17,454,375,4.4,2,73460,19,Humano,Feliz,1660,Exposicao_Face
73477,17,464,371,4.44,2,73477,19,Humano,Feliz,1677,Exposicao_Face
73494,17,474,379,4.49,2,73494,19,Humano,Feliz,1694,Exposicao_Face
73510,17,470,382,4.46,2,73510,19,Humano,Feliz,1710,Exposicao_Face
73527,17,472,380,4.59,2,73527,19,Humano,Feliz,1727,Exposicao_Face
73544,17,462,366,4.52,2,73544,19,Humano,Feliz,1744,Exposicao_Face
73560,17,462,370,4.51,2,73560,19,Humano,Feliz,1760,Exposicao_Face
73577,17,463,371,4.46,2,73577,19,Humano,Feliz,1777,Exposicao_Face
73593,17,475,374,4.35,2,73593,19,Humano,Feliz,1793,Exposicao_Face
73610,17,463,384,4.52,2,73610,19,Humano,Feliz,1810,Exposicao_Face
73627,17,465,367,4.49,2,73627,19,Humano,Feliz,1827,Exposicao_Face
73643,17,463,378,4.51,2,73643,19,Humano,Feliz,1843,Exposicao_Face
73660,17,458,371,4.56,2,73660,19,Humano,Feliz,1860,Exposicao_Face
73677,17,452,391,4.62,2,73677,19,Humano,Feliz,1877,Exposicao_Face
73693,17,464,383,4.48,2,73693,19,Humano,Feliz,1893,Exposicao_Face
73710,17,459,365,4.46,2,73710,19,Humano,Feliz,1910,Exposicao_Face
73727,17,470,375,4.41,2,73727,19,Humano,Feliz,1927,Exposicao_Face
73743,17,464,371,4.54,2,73743,19,Humano,Feliz,1943,Exposicao_Face
73760,17,453,386,4.49,2,73760,19,Humano,Feliz,1960,Exposicao_Face
73776,17,468,382,4.44,2,73776,19,Humano,Feliz,1976,Exposicao_Face
73793,17,466,373,4.48,2,73793,19,Humano,Feliz,1993,Exposicao_Face
73810,17,473,370,4.46,2,73810,19,Humano,Feliz,2010,Exposicao_Face
73826,17,454,385,4.48,2,73826,19,Humano,Feliz,2026,Exposicao_Face
73843,17,467,380,4.51,2,73843,19,Humano,Feliz,2043,Exposicao_Face
73860,17,508,335,4.36,1,73860,19,Humano,Feliz,2060,Exposicao_Face
73876,17,561,313,4.46,1,73876,19,Humano,Feliz,2076,Exposicao_Face
73893,17,600,275,4.3,1,73893,19,Humano,Feliz,2093,Exposicao_Face
73910,17,590,294,4.36,1,73910,19,Humano,Feliz,2110,Exposicao_Face
73926,17,589,300,4.33,1,73926,19,Humano,Feliz,2126,Exposicao_Face
73943,17,583,305,4.36,1,73943,19,Humano,Feliz,2143,Exposicao_Face
73959,17,600,292,4.49,1,73959,19,Humano,Feliz,2159,Exposicao_Face
73976,17,574,296,4.38,1,73976,19,Humano,Feliz,2176,Exposicao_Face
73993,17,582,290,4.38,1,73993,19,Humano,Feliz,2193,Exposicao_Face
74009,17,589,294,4.33,1,74009,19,Humano,Feliz,2209,Exposicao_Face
74026,17,607,289,4.46,1,74026,19,Humano,Feliz,2226,Exposicao_Face
74043,17,592,291,4.35,1,74043,19,Humano,Feliz,2243,Exposicao_Face
74059,17,596,285,4.35,1,74059,19,Humano,Feliz,2259,Exposicao_Face
74093,33,595,288,4.3,1,74093,19,Humano,Feliz,2293,Exposicao_Face
74142,50,595,274,4.32,1,74142,19,Humano,Feliz,2342,Exposicao_Face
74159,17,598,280,4.33,1,74159,19,Humano,Feliz,2359,Exposicao_Face
74176,17,590,292,4.33,1,74176,19,Humano,Feliz,2376,Exposicao_Face
74192,17,605,281,4.33,1,74192,19,Humano,Feliz,2392,Exposicao_Face
74209,17,589,285,4.28,1,74209,19,Humano,Feliz,2409,Exposicao_Face
74226,17,570,298,4.33,1,74226,19,Humano,Feliz,2426,Exposicao_Face
74242,17,566,301,4.27,1,74242,19,Humano,Feliz,2442,Exposicao_Face
74259,17,575,292,4.17,1,74259,19,Humano,Feliz,2459,Exposicao_Face
74275,17,564,298,4.35,1,74275,19,Humano,Feliz,2475,Exposicao_Face
74292,17,572,298,4.4,1,74292,19,Humano,Feliz,2492,Exposicao_Face
74309,17,569,301,4.33,1,74309,19,Humano,Feliz,2509,Exposicao_Face
74325,17,550,311,4.35,1,74325,19,Humano,Feliz,2525,Exposicao_Face
74342,17,557,317,4.43,1,74342,19,Humano,Feliz,2542,Exposicao_Face
74359,17,561,297,4.32,1,74359,19,Humano,Feliz,2559,Exposicao_Face
74375,17,564,299,4.35,1,74375,19,Humano,Feliz,2575,Exposicao_Face
74392,17,559,313,4.44,1,74392,19,Humano,Feliz,2592,Exposicao_Face
74409,17,561,309,4.36,1,74409,19,Humano,Feliz,2609,Exposicao_Face
74425,17,559,314,4.35,1,74425,19,Humano,Feliz,2625,Exposicao_Face
74442,17,556,319,4.38,1,74442,19,Humano,Feliz,2642,Exposicao_Face
74458,17,561,298,4.46,1,74458,19,Humano,Feliz,2658,Exposicao_Face
74475,17,547,322,4.35,1,74475,19,Humano,Feliz,2675,Exposicao_Face
74492,17,560,306,4.4,1,74492,19,Humano,Feliz,2692,Exposicao_Face
74508,17,554,311,4.4,1,74508,19,Humano,Feliz,2708,Exposicao_Face
74525,17,563,300,4.36,1,74525,19,Humano,Feliz,2725,Exposicao_Face
74542,17,547,317,4.44,1,74542,19,Humano,Feliz,2742,Exposicao_Face
74558,17,556,316,4.38,1,74558,19,Humano,Feliz,2758,Exposicao_Face
74575,17,561,303,4.35,1,74575,19,Humano,Feliz,2775,Exposicao_Face
74592,17,544,318,4.44,1,74592,19,Humano,Feliz,2792,Exposicao_Face
74608,17,557,316,4.4,1,74608,19,Humano,Feliz,2808,Exposicao_Face
74625,17,561,303,4.48,1,74625,19,Humano,Feliz,2825,Exposicao_Face
74641,17,563,300,4.32,1,74641,19,Humano,Feliz,2841,Exposicao_Face
74658,17,554,314,4.48,1,74658,19,Humano,Feliz,2858,Exposicao_Face
74675,17,556,308,4.49,1,74675,19,Humano,Feliz,2875,Exposicao_Face
74691,17,537,320,4.52,1,74691,19,Humano,Feliz,2891,Exposicao_Face
74708,17,557,312,4.44,1,74708,19,Humano,Feliz,2908,Exposicao_Face
74741,33,542,326,4.6,1,74741,19,Humano,Feliz,2941,Exposicao_Face
74741,0,542,326,4.6,1,74741,19,Humano,Feliz,2941,Exposicao_Face
74758,17,542,319,4.51,1,74758,19,Humano,Feliz,2958,Exposicao_Face
74775,17,571,306,4.51,1,74775,19,Humano,Feliz,2975,Exposicao_Face
74791,17,582,306,4.56,1,74791,19,Humano,Feliz,2991,Exposicao_Face
74808,17,566,314,4.51,1,74808,19,Humano,Feliz,3008,Exposicao_Face
74824,17,578,296,4.44,1,74824,19,Humano,Feliz,3024,Exposicao_Face
74841,17,573,312,4.46,1,74841,19,Humano,Feliz,3041,Exposicao_Face
74858,17,570,309,4.52,1,74858,19,Humano,Feliz,3058,Exposicao_Face
74874,17,578,301,4.44,1,74874,19,Humano,Feliz,3074,Exposicao_Face
74891,17,571,310,4.51,1,74891,19,Humano,Feliz,3091,Exposicao_Face
74908,17,566,323,4.49,1,74908,19,Humano,Feliz,3108,Exposicao_Face
74924,17,572,321,4.49,1,74924,19,Humano,Feliz,3124,Exposicao_Face
74941,17,569,324,4.49,1,74941,19,Humano,Feliz,3141,Exposicao_Face
74958,17,565,319,4.46,1,74958,19,Humano,Feliz,3158,Exposicao_Face
74974,17,573,314,4.33,1,74974,19,Humano,Feliz,3174,Exposicao_Face
74991,17,572,308,4.44,1,74991,19,Humano,Feliz,3191,Exposicao_Face
75007,17,571,316,4.44,1,75007,19,Humano,Feliz,3207,Exposicao_Face
75024,17,568,327,4.36,1,75024,19,Humano,Feliz,3224,Exposicao_Face
75041,17,570,306,4.35,1,75041,19,Humano,Feliz,3241,Exposicao_Face
75057,17,560,340,4.32,1,75057,19,Humano,Feliz,3257,Exposicao_Face
75074,17,605,436,0.0,3,75074,19,Humano,Feliz,3274,Exposicao_Face
75207,133,309,491,0.0,3,75207,19,Humano,Feliz,3407,Exposicao_Face
75224,17,377,384,0.0,2,75224,19,Humano,Feliz,3424,Exposicao_Face
75240,17,393,386,4.19,2,75240,19,Humano,Feliz,3440,Exposicao_Face
75257,17,405,372,4.15,2,75257,19,Humano,Feliz,3457,Exposicao_Face
75274,17,405,367,4.17,2,75274,19,Humano,Feliz,3474,Exposicao_Face
75290,17,412,357,4.14,1,75290,19,Humano,Feliz,3490,Exposicao_Face
75307,17,419,357,4.19,1,75307,19,Humano,Feliz,3507,Exposicao_Face
75324,17,410,364,4.17,2,75324,19,Humano,Feliz,3524,Exposicao_Face
75340,17,403,373,4.07,2,75340,19,Humano,Feliz,3540,Exposicao_Face
75357,17,425,363,4.17,2,75357,19,Humano,Feliz,3557,Exposicao_Face
75373,17,327,399,4.15,2,75373,19,Humano,Feliz,3573,Exposicao_Face
75390,17,114,521,4.17,3,75390,19,Humano,Feliz,3590,Exposicao_Face
75823,433,7,503,4.07,3,75823,20,Humano,Neutro,23,Janela_Baseline
75839,17,218,429,4.19,3,75839,20,Humano,Neutro,39,Janela_Baseline
75856,17,402,358,4.15,1,75856,20,Humano,Neutro,56,Janela_Baseline
75872,17,448,352,4.09,1,75872,20,Humano,Neutro,72,Janela_Baseline
75889,17,465,335,4.15,1,75889,20,Humano,Neutro,89,Janela_Baseline
75906,17,453,350,4.15,1,75906,20,Humano,Neutro,106,Janela_Baseline
75922,17,463,343,4.12,1,75922,20,Humano,Neutro,122,Janela_Baseline
75939,17,462,339,4.15,1,75939,20,Humano,Neutro,139,Janela_Baseline
75956,17,458,352,4.2,1,75956,20,Humano,Neutro,156,Janela_Baseline
75972,17,471,349,4.15,1,75972,20,Humano,Neutro,172,Janela_Baseline
75989,17,466,339,4.14,1,75989,20,Humano,Neutro,189,Janela_Baseline
76006,17,458,351,4.17,1,76006,20,Humano,Neutro,206,Janela_Baseline
76022,17,461,349,4.19,1,76022,20,Humano,Neutro,222,Janela_Baseline
76039,17,461,338,4.12,1,76039,20,Humano,Neutro,239,Janela_Baseline
76055,17,469,333,4.09,1,76055,20,Humano,Neutro,255,Janela_Baseline
76072,17,462,350,4.06,1,76072,20,Humano,Neutro,272,Janela_Baseline
76089,17,512,327,4.09,1,76089,20,Humano,Neutro,289,Janela_Baseline
76105,17,544,325,4.04,1,76105,20,Humano,Neutro,305,Janela_Baseline
76122,17,551,325,4.07,1,76122,20,Humano,Neutro,322,Janela_Baseline
76139,17,560,327,4.12,1,76139,20,Humano,Neutro,339,Janela_Baseline
76155,17,555,319,4.06,1,76155,20,Humano,Neutro,355,Janela_Baseline
76172,17,554,330,4.11,1,76172,20,Humano,Neutro,372,Janela_Baseline
76189,17,556,319,4.03,1,76189,20,Humano,Neutro,389,Janela_Baseline
76205,17,548,327,4.04,1,76205,20,Humano,Neutro,405,Janela_Baseline
76222,17,552,331,4.04,1,76222,20,Humano,Neutro,422,Janela_Baseline
76238,17,552,321,3.99,1,76238,20,Humano,Neutro,438,Janela_Baseline
76255,17,561,312,4.03,1,76255,20,Humano,Neutro,455,Janela_Baseline
76272,17,549,330,4.09,1,76272,20,Humano,Neutro,472,Janela_Baseline
76288,17,583,321,4.07,1,76288,20,Humano,Neutro,488,Janela_Baseline
76305,17,575,320,4.07,1,76305,20,Humano,Neutro,505,Janela_Baseline
76322,17,587,308,4.04,1,76322,20,Humano,Neutro,522,Janela_Baseline
76338,17,578,324,4.11,1,76338,20,Humano,Neutro,538,Janela_Baseline
76355,17,577,322,4.11,1,76355,20,Humano,Neutro,555,Janela_Baseline
76372,17,577,323,4.12,1,76372,20,Humano,Neutro,572,Janela_Baseline
76388,17,579,320,4.11,1,76388,20,Humano,Neutro,588,Janela_Baseline
76405,17,583,311,4.04,1,76405,20,Humano,Neutro,605,Janela_Baseline
76421,17,583,308,4.07,1,76421,20,Humano,Neutro,621,Janela_Baseline
76438,17,577,311,4.14,1,76438,20,Humano,Neutro,638,Janela_Baseline
76455,17,576,318,3.99,1,76455,20,Humano,Neutro,655,Janela_Baseline
76471,17,575,322,4.12,1,76471,20,Humano,Neutro,671,Janela_Baseline
76488,17,574,330,4.14,1,76488,20,Humano,Neutro,688,Janela_Baseline
76505,17,572,316,4.01,1,76505,20,Humano,Neutro,705,Janela_Baseline
76521,17,574,323,4.12,1,76521,20,Humano,Neutro,721,Janela_Baseline
76538,17,569,323,4.04,1,76538,20,Humano,Neutro,738,Janela_Baseline
76554,17,575,318,4.11,1,76554,20,Humano,Neutro,754,Janela_Baseline
76571,17,482,377,4.06,2,76571,20,Humano,Neutro,771,Janela_Baseline
76588,17,484,377,4.09,2,76588,20,Humano,Neutro,788,Janela_Baseline
76604,17,465,403,4.06,2,76604,20,Humano,Neutro,804,Janela_Baseline
76621,17,464,384,4.11,2,76621,20,Humano,Neutro,821,Janela_Baseline
76638,17,474,396,4.07,2,76638,20,Humano,Neutro,838,Janela_Baseline
76654,17,455,391,4.14,2,76654,20,Humano,Neutro,854,Janela_Baseline
76671,17,463,382,4.11,2,76671,20,Humano,Neutro,871,Janela_Baseline
76688,17,440,395,4.09,2,76688,20,Humano,Neutro,888,Janela_Baseline
76704,17,457,398,4.12,2,76704,20,Humano,Neutro,904,Janela_Baseline
76721,17,468,388,4.06,2,76721,20,Humano,Neutro,921,Janela_Baseline
76737,17,465,385,4.09,2,76737,20,Humano,Neutro,937,Janela_Baseline
76754,17,463,383,4.07,2,76754,20,Humano,Neutro,954,Janela_Baseline
76771,17,464,384,4.12,2,76771,20,Humano,Neutro,971,Janela_Baseline
76787,17,443,399,4.15,2,76787,20,Humano,Neutro,987,Janela_Baseline
76804,17,463,385,4.03,2,76804,20,Humano,Neutro,1004,Janela_Baseline
76821,17,454,388,4.06,2,76821,20,Humano,Neutro,1021,Janela_Baseline
76837,17,450,398,4.12,2,76837,20,Humano,Neutro,1037,Janela_Baseline
76854,17,462,388,4.09,2,76854,20,Humano,Neutro,1054,Janela_Baseline
76871,17,458,386,4.12,2,76871,20,Humano,Neutro,1071,Janela_Baseline
76887,17,455,386,4.11,2,76887,20,Humano,Neutro,1087,Janela_Baseline
76904,17,469,390,4.09,2,76904,20,Humano,Neutro,1104,Janela_Baseline
76920,17,482,388,4.11,2,76920,20,Humano,Neutro,1120,Janela_Baseline
76937,17,482,388,4.11,2,76937,20,Humano,Neutro,1137,Janela_Baseline
76954,17,465,395,4.19,2,76954,20,Humano,Neutro,1154,Janela_Baseline
76970,17,466,379,4.19,2,76970,20,Humano,Neutro,1170,Janela_Baseline
76987,17,464,389,4.15,2,76987,20,Humano,Neutro,1187,Janela_Baseline
77004,17,474,387,4.07,2,77004,20,Humano,Neutro,1204,Janela_Baseline
77020,17,459,395,4.22,2,77020,20,Humano,Neutro,1220,Janela_Baseline
77037,17,457,397,4.14,2,77037,20,Humano,Neutro,1237,Janela_Baseline
77054,17,465,385,4.19,2,77054,20,Humano,Neutro,1254,Janela_Baseline
77070,17,478,380,4.14,2,77070,20,Humano,Neutro,1270,Janela_Baseline
77087,17,548,328,4.15,1,77087,20,Humano,Neutro,1287,Janela_Baseline
77103,17,575,329,4.07,1,77103,20,Humano,Neutro,1303,Exposicao_Face
77120,17,563,326,4.12,1,77120,20,Humano,Neutro,1320,Exposicao_Face
77137,17,560,324,4.14,1,77137,20,Humano,Neutro,1337,Exposicao_Face
77153,17,570,314,4.07,1,77153,20,Humano,Neutro,1353,Exposicao_Face
77170,17,571,323,4.17,1,77170,20,Humano,Neutro,1370,Exposicao_Face
77187,17,568,330,4.25,1,77187,20,Humano,Neutro,1387,Exposicao_Face
77203,17,573,319,4.14,1,77203,20,Humano,Neutro,1403,Exposicao_Face
77220,17,566,319,4.15,1,77220,20,Humano,Neutro,1420,Exposicao_Face
77237,17,562,331,4.27,1,77237,20,Humano,Neutro,1437,Exposicao_Face
77253,17,571,314,4.06,1,77253,20,Humano,Neutro,1453,Exposicao_Face
77270,17,569,312,4.15,1,77270,20,Humano,Neutro,1470,Exposicao_Face
77286,17,563,318,4.17,1,77286,20,Humano,Neutro,1486,Exposicao_Face
77303,17,568,320,4.28,1,77303,20,Humano,Neutro,1503,Exposicao_Face
77320,17,558,333,4.22,1,77320,20,Humano,Neutro,1520,Exposicao_Face
77336,17,565,322,4.24,1,77336,20,Humano,Neutro,1536,Exposicao_Face
77353,17,567,318,4.25,1,77353,20,Humano,Neutro,1553,Exposicao_Face
77370,17,564,323,4.3,1,77370,20,Humano,Neutro,1570,Exposicao_Face
77386,17,565,318,4.22,1,77386,20,Humano,Neutro,1586,Exposicao_Face
77403,17,570,316,4.2,1,77403,20,Humano,Neutro,1603,Exposicao_Face
77420,17,562,325,4.3,1,77420,20,Humano,Neutro,1620,Exposicao_Face
77436,17,563,324,4.2,1,77436,20,Humano,Neutro,1636,Exposicao_Face
77453,17,569,321,4.22,1,77453,20,Humano,Neutro,1653,Exposicao_Face
77469,17,570,322,4.32,1,77469,20,Humano,Neutro,1669,Exposicao_Face
77486,17,557,338,4.4,1,77486,20,Humano,Neutro,1686,Exposicao_Face
77503,17,561,319,4.27,1,77503,20,Humano,Neutro,1703,Exposicao_Face
77519,17,570,325,4.35,1,77519,20,Humano,Neutro,1719,Exposicao_Face
77536,17,568,318,4.35,1,77536,20,Humano,Neutro,1736,Exposicao_Face
77553,17,562,324,4.38,1,77553,20,Humano,Neutro,1753,Exposicao_Face
77569,17,561,332,4.36,1,77569,20,Humano,Neutro,1769,Exposicao_Face
77586,17,565,326,4.38,1,77586,20,Humano,Neutro,1786,Exposicao_Face
77603,17,552,326,4.35,1,77603,20,Humano,Neutro,1803,Exposicao_Face
77619,17,461,318,4.36,1,77619,20,Humano,Neutro,1819,Exposicao_Face
77636,17,465,310,4.3,1,77636,20,Humano,Neutro,1836,Exposicao_Face
77652,17,472,312,4.35,1,77652,20,Humano,Neutro,1852,Exposicao_Face
77669,17,457,317,4.35,1,77669,20,Humano,Neutro,1869,Exposicao_Face
77686,17,459,317,4.36,1,77686,20,Humano,Neutro,1886,Exposicao_Face
77702,17,462,313,4.28,1,77702,20,Humano,Neutro,1902,Exposicao_Face
77719,17,472,303,4.3,1,77719,20,Humano,Neutro,1919,Exposicao_Face
77736,17,454,310,4.27,1,77736,20,Humano,Neutro,1936,Exposicao_Face
77752,17,465,318,4.33,1,77752,20,Humano,Neutro,1952,Exposicao_Face
77769,17,464,318,4.3,1,77769,20,Humano,Neutro,1969,Exposicao_Face
77785,17,458,313,4.27,1,77785,20,Humano,Neutro,1985,Exposicao_Face
77802,17,448,313,4.19,1,77802,20,Humano,Neutro,2002,Exposicao_Face
77819,17,445,321,4.33,1,77819,20,Humano,Neutro,2019,Exposicao_Face
77835,17,440,325,4.38,1,77835,20,Humano,Neutro,2035,Exposicao_Face
77852,17,437,318,4.19,1,77852,20,Humano,Neutro,2052,Exposicao_Face
77869,17,452,321,4.27,1,77869,20,Humano,Neutro,2069,Exposicao_Face
77885,17,439,320,4.22,1,77885,20,Humano,Neutro,2085,Exposicao_Face
77902,17,441,312,4.19,1,77902,20,Humano,Neutro,2102,Exposicao_Face
77919,17,447,322,4.19,1,77919,20,Humano,Neutro,2119,Exposicao_Face
77935,17,443,319,4.22,1,77935,20,Humano,Neutro,2135,Exposicao_Face
77952,17,437,326,4.17,1,77952,20,Humano,Neutro,2152,Exposicao_Face
77968,17,439,325,4.09,1,77968,20,Humano,Neutro,2168,Exposicao_Face
77985,17,442,313,4.14,1,77985,20,Humano,Neutro,2185,Exposicao_Face
78002,17,447,318,4.11,1,78002,20,Humano,Neutro,2202,Exposicao_Face
78018,17,445,316,4.15,1,78018,20,Humano,Neutro,2218,Exposicao_Face
78035,17,453,304,4.14,1,78035,20,Humano,Neutro,2235,Exposicao_Face
78052,17,442,317,4.15,1,78052,20,Humano,Neutro,2252,Exposicao_Face
78068,17,437,307,4.17,1,78068,20,Humano,Neutro,2268,Exposicao_Face
78085,17,436,329,4.24,1,78085,20,Humano,Neutro,2285,Exposicao_Face
78102,17,438,319,4.19,1,78102,20,Humano,Neutro,2302,Exposicao_Face
78118,17,453,305,4.11,1,78118,20,Humano,Neutro,2318,Exposicao_Face
78135,17,438,317,4.14,1,78135,20,Humano,Neutro,2335,Exposicao_Face
78151,17,440,321,4.06,1,78151,20,Humano,Neutro,2351,Exposicao_Face
78168,17,449,326,4.19,1,78168,20,Humano,Neutro,2368,Exposicao_Face
78185,17,428,328,4.15,1,78185,20,Humano,Neutro,2385,Exposicao_Face
78201,17,427,323,4.19,1,78201,20,Humano,Neutro,2401,Exposicao_Face
78218,17,427,329,4.11,1,78218,20,Humano,Neutro,2418,Exposicao_Face
78235,17,436,329,4.11,1,78235,20,Humano,Neutro,2435,Exposicao_Face
78251,17,433,324,4.2,1,78251,20,Humano,Neutro,2451,Exposicao_Face
78268,17,436,325,4.15,1,78268,20,Humano,Neutro,2468,Exposicao_Face
78285,17,433,323,4.17,1,78285,20,Humano,Neutro,2485,Exposicao_Face
78301,17,454,320,4.11,1,78301,20,Humano,Neutro,2501,Exposicao_Face
78318,17,442,311,4.09,1,78318,20,Humano,Neutro,2518,Exposicao_Face
78334,17,441,321,4.09,1,78334,20,Humano,Neutro,2534,Exposicao_Face
78351,17,438,315,4.17,1,78351,20,Humano,Neutro,2551,Exposicao_Face
78368,17,440,320,4.06,1,78368,20,Humano,Neutro,2568,Exposicao_Face
78384,17,458,315,4.15,1,78384,20,Humano,Neutro,2584,Exposicao_Face
78401,17,444,319,4.15,1,78401,20,Humano,Neutro,2601,Exposicao_Face
78418,17,443,315,4.17,1,78418,20,Humano,Neutro,2618,Exposicao_Face
78434,17,442,321,4.12,1,78434,20,Humano,Neutro,2634,Exposicao_Face
78451,17,435,331,4.2,1,78451,20,Humano,Neutro,2651,Exposicao_Face
78468,17,440,326,4.17,1,78468,20,Humano,Neutro,2668,Exposicao_Face
78484,17,439,325,4.15,1,78484,20,Humano,Neutro,2684,Exposicao_Face
78501,17,423,338,4.28,1,78501,20,Humano,Neutro,2701,Exposicao_Face
78517,17,449,323,4.12,1,78517,20,Humano,Neutro,2717,Exposicao_Face
78534,17,450,316,4.14,1,78534,20,Humano,Neutro,2734,Exposicao_Face
78551,17,436,322,4.11,1,78551,20,Humano,Neutro,2751,Exposicao_Face
78567,17,439,324,4.14,1,78567,20,Humano,Neutro,2767,Exposicao_Face
78584,17,436,321,4.12,1,78584,20,Humano,Neutro,2784,Exposicao_Face
78601,17,443,324,4.2,1,78601,20,Humano,Neutro,2801,Exposicao_Face
78617,17,494,340,4.24,1,78617,20,Humano,Neutro,2817,Exposicao_Face
78634,17,545,330,4.14,1,78634,20,Humano,Neutro,2834,Exposicao_Face
78651,17,552,334,4.15,1,78651,20,Humano,Neutro,2851,Exposicao_Face
78667,17,558,335,4.25,1,78667,20,Humano,Neutro,2867,Exposicao_Face
78684,17,556,343,4.32,1,78684,20,Humano,Neutro,2884,Exposicao_Face
78700,17,560,337,4.24,1,78700,20,Humano,Neutro,2900,Exposicao_Face
78717,17,563,323,4.15,1,78717,20,Humano,Neutro,2917,Exposicao_Face
78734,17,558,322,4.28,1,78734,20,Humano,Neutro,2934,Exposicao_Face
78750,17,559,337,4.32,1,78750,20,Humano,Neutro,2950,Exposicao_Face
78767,17,555,341,4.28,1,78767,20,Humano,Neutro,2967,Exposicao_Face
78784,17,552,349,4.17,1,78784,20,Humano,Neutro,2984,Exposicao_Face
78800,17,552,347,4.25,1,78800,20,Humano,Neutro,3000,Exposicao_Face
78817,17,563,327,4.3,1,78817,20,Humano,Neutro,3017,Exposicao_Face
78833,17,549,342,4.35,1,78833,20,Humano,Neutro,3033,Exposicao_Face
78850,17,553,329,4.28,1,78850,20,Humano,Neutro,3050,Exposicao_Face
78867,17,560,334,4.38,1,78867,20,Humano,Neutro,3067,Exposicao_Face
78883,17,556,334,4.35,1,78883,20,Humano,Neutro,3083,Exposicao_Face
78900,17,566,326,4.32,1,78900,20,Humano,Neutro,3100,Exposicao_Face
78967,67,699,503,0.0,3,78967,20,Humano,Neutro,3167,Exposicao_Face
79000,33,411,533,0.0,3,79000,20,Humano,Neutro,3200,Exposicao_Face
79016,17,416,504,4.44,3,79016,20,Humano,Neutro,3216,Exposicao_Face
79033,17,499,343,4.46,1,79033,20,Humano,Neutro,3233,Exposicao_Face
79050,17,514,330,4.32,1,79050,20,Humano,Neutro,3250,Exposicao_Face
79066,17,506,332,4.41,1,79066,20,Humano,Neutro,3266,Exposicao_Face
79083,17,456,455,4.32,3,79083,20,Humano,Neutro,3283,Exposicao_Face
81112,2029,397,341,0.0,1,81112,21,Humano,Raiva,1312,Exposicao_Face
81129,17,394,348,0.0,1,81129,21,Humano,Raiva,1329,Exposicao_Face
81146,17,429,301,4.46,1,81146,21,Humano,Raiva,1346,Exposicao_Face
81162,17,399,318,4.28,1,81162,21,Humano,Raiva,1362,Exposicao_Face
81179,17,416,306,4.33,1,81179,21,Humano,Raiva,1379,Exposicao_Face
81196,17,400,317,4.4,1,81196,21,Humano,Raiva,1396,Exposicao_Face
81212,17,417,306,4.27,1,81212,21,Humano,Raiva,1412,Exposicao_Face
81229,17,400,330,4.28,1,81229,21,Humano,Raiva,1429,Exposicao_Face
81246,17,423,303,4.27,1,81246,21,Humano,Raiva,1446,Exposicao_Face
81262,17,430,295,4.33,1,81262,21,Humano,Raiva,1462,Exposicao_Face
81279,17,410,318,4.32,1,81279,21,Humano,Raiva,1479,Exposicao_Face
81295,17,413,316,4.43,1,81295,21,Humano,Raiva,1495,Exposicao_Face
81312,17,416,323,4.41,1,81312,21,Humano,Raiva,1512,Exposicao_Face
81329,17,417,313,4.4,1,81329,21,Humano,Raiva,1529,Exposicao_Face
81345,17,413,319,4.38,1,81345,21,Humano,Raiva,1545,Exposicao_Face
81362,17,426,314,4.24,1,81362,21,Humano,Raiva,1562,Exposicao_Face
81379,17,411,320,4.46,1,81379,21,Humano,Raiva,1579,Exposicao_Face
81395,17,438,330,4.36,1,81395,21,Humano,Raiva,1595,Exposicao_Face
81412,17,538,320,4.38,1,81412,21,Humano,Raiva,1612,Exposicao_Face
81429,17,548,293,4.38,1,81429,21,Humano,Raiva,1629,Exposicao_Face
81445,17,555,302,4.49,1,81445,21,Humano,Raiva,1645,Exposicao_Face
81462,17,548,313,4.38,1,81462,21,Humano,Raiva,1662,Exposicao_Face
81478,17,560,297,4.38,1,81478,21,Humano,Raiva,1678,Exposicao_Face
81495,17,556,294,4.22,1,81495,21,Humano,Raiva,1695,Exposicao_Face
81512,17,574,297,4.4,1,81512,21,Humano,Raiva,1712,Exposicao_Face
81528,17,539,331,4.4,1,81528,21,Humano,Raiva,1728,Exposicao_Face
81545,17,538,335,4.41,1,81545,21,Humano,Raiva,1745,Exposicao_Face
81595,50,553,336,4.4,1,81595,21,Humano,Raiva,1795,Exposicao_Face
81628,33,545,358,4.64,1,81628,21,Humano,Raiva,1828,Exposicao_Face
81645,17,550,311,4.44,1,81645,21,Humano,Raiva,1845,Exposicao_Face
81661,17,541,334,4.57,1,81661,21,Humano,Raiva,1861,Exposicao_Face
81678,17,546,322,4.4,1,81678,21,Humano,Raiva,1878,Exposicao_Face
81695,17,544,333,4.4,1,81695,21,Humano,Raiva,1895,Exposicao_Face
81711,17,539,326,4.44,1,81711,21,Humano,Raiva,1911,Exposicao_Face
81728,17,542,345,4.4,1,81728,21,Humano,Raiva,1928,Exposicao_Face
81745,17,538,323,4.6,1,81745,21,Humano,Raiva,1945,Exposicao_Face
81778,33,542,328,4.4,1,81778,21,Humano,Raiva,1978,Exposicao_Face
81795,17,544,327,4.49,1,81795,21,Humano,Raiva,1995,Exposicao_Face
81811,17,533,340,4.48,1,81811,21,Humano,Raiva,2011,Exposicao_Face
81828,17,540,338,4.48,1,81828,21,Humano,Raiva,2028,Exposicao_Face
81844,17,539,339,4.46,1,81844,21,Humano,Raiva,2044,Exposicao_Face
81861,17,552,323,4.44,1,81861,21,Humano,Raiva,2061,Exposicao_Face
81878,17,555,331,4.4,1,81878,21,Humano,Raiva,2078,Exposicao_Face
81894,17,490,338,4.54,1,81894,21,Humano,Raiva,2094,Exposicao_Face
81911,17,440,311,4.4,1,81911,21,Humano,Raiva,2111,Exposicao_Face
81928,17,434,318,4.41,1,81928,21,Humano,Raiva,2128,Exposicao_Face
81944,17,425,329,4.49,1,81944,21,Humano,Raiva,2144,Exposicao_Face
81961,17,431,327,4.54,1,81961,21,Humano,Raiva,2161,Exposicao_Face
81978,17,424,322,4.46,1,81978,21,Humano,Raiva,2178,Exposicao_Face
81994,17,434,323,4.43,1,81994,21,Humano,Raiva,2194,Exposicao_Face
82011,17,445,312,4.36,1,82011,21,Humano,Raiva,2211,Exposicao_Face
82027,17,443,314,4.41,1,82027,21,Humano,Raiva,2227,Exposicao_Face
82044,17,432,323,4.48,1,82044,21,Humano,Raiva,2244,Exposicao_Face
82061,17,440,321,4.48,1,82061,21,Humano,Raiva,2261,Exposicao_Face
82094,33,443,317,4.38,1,82094,21,Humano,Raiva,2294,Exposicao_Face
82111,17,439,313,4.48,1,82111,21,Humano,Raiva,2311,Exposicao_Face
82161,50,428,327,4.38,1,82161,21,Humano,Raiva,2361,Exposicao_Face
82177,17,436,328,4.46,1,82177,21,Humano,Raiva,2377,Exposicao_Face
82194,17,438,321,4.4,1,82194,21,Humano,Raiva,2394,Exposicao_Face
82244,50,429,336,4.51,1,82244,21,Humano,Raiva,2444,Exposicao_Face
82260,17,428,330,4.44,1,82260,21,Humano,Raiva,2460,Exposicao_Face
82277,17,431,329,4.44,1,82277,21,Humano,Raiva,2477,Exposicao_Face
82294,17,431,328,4.48,1,82294,21,Humano,Raiva,2494,Exposicao_Face
82310,17,432,325,4.46,1,82310,21,Humano,Raiva,2510,Exposicao_Face
82327,17,430,326,4.49,1,82327,21,Humano,Raiva,2527,Exposicao_Face
82343,17,439,319,4.4,1,82343,21,Humano,Raiva,2543,Exposicao_Face
82360,17,440,312,4.43,1,82360,21,Humano,Raiva,2560,Exposicao_Face
82377,17,436,314,4.56,1,82377,21,Humano,Raiva,2577,Exposicao_Face
82393,17,430,312,4.51,1,82393,21,Humano,Raiva,2593,Exposicao_Face
82410,17,447,316,4.54,1,82410,21,Humano,Raiva,2610,Exposicao_Face
82427,17,429,324,4.56,1,82427,21,Humano,Raiva,2627,Exposicao_Face
82443,17,440,309,4.64,1,82443,21,Humano,Raiva,2643,Exposicao_Face
82460,17,431,317,4.51,1,82460,21,Humano,Raiva,2660,Exposicao_Face
82477,17,424,323,4.54,1,82477,21,Humano,Raiva,2677,Exposicao_Face
82493,17,427,321,4.6,1,82493,21,Humano,Raiva,2693,Exposicao_Face
82510,17,430,325,4.54,1,82510,21,Humano,Raiva,2710,Exposicao_Face
82526,17,427,329,4.68,1,82526,21,Humano,Raiva,2726,Exposicao_Face
82543,17,426,328,4.64,1,82543,21,Humano,Raiva,2743,Exposicao_Face
82560,17,438,317,4.68,1,82560,21,Humano,Raiva,2760,Exposicao_Face
82576,17,433,318,4.56,1,82576,21,Humano,Raiva,2776,Exposicao_Face
82593,17,431,326,4.8,1,82593,21,Humano,Raiva,2793,Exposicao_Face
82610,17,429,330,4.72,1,82610,21,Humano,Raiva,2810,Exposicao_Face
82626,17,430,311,4.68,1,82626,21,Humano,Raiva,2826,Exposicao_Face
82643,17,421,321,4.62,1,82643,21,Humano,Raiva,2843,Exposicao_Face
82660,17,439,312,4.68,1,82660,21,Humano,Raiva,2860,Exposicao_Face
82676,17,435,307,4.7,1,82676,21,Humano,Raiva,2876,Exposicao_Face
82693,17,424,318,4.73,1,82693,21,Humano,Raiva,2893,Exposicao_Face
82709,17,430,322,4.73,1,82709,21,Humano,Raiva,2909,Exposicao_Face
82726,17,442,304,4.76,1,82726,21,Humano,Raiva,2926,Exposicao_Face
82743,17,429,335,4.76,1,82743,21,Humano,Raiva,2943,Exposicao_Face
82793,50,428,316,4.84,1,82793,21,Humano,Raiva,2993,Exposicao_Face
82809,17,428,313,4.7,1,82809,21,Humano,Raiva,3009,Exposicao_Face
82826,17,425,317,4.92,1,82826,21,Humano,Raiva,3026,Exposicao_Face
82843,17,432,312,4.94,1,82843,21,Humano,Raiva,3043,Exposicao_Face
82859,17,423,316,4.81,1,82859,21,Humano,Raiva,3059,Exposicao_Face
82876,17,423,324,4.83,1,82876,21,Humano,Raiva,3076,Exposicao_Face
82892,17,418,319,4.94,1,82892,21,Humano,Raiva,3092,Exposicao_Face
82909,17,404,339,4.96,1,82909,21,Humano,Raiva,3109,Exposicao_Face
82926,17,421,321,4.92,1,82926,21,Humano,Raiva,3126,Exposicao_Face
82942,17,402,343,4.91,1,82942,21,Humano,Raiva,3142,Exposicao_Face
82959,17,403,341,4.96,1,82959,21,Humano,Raiva,3159,Exposicao_Face
82976,17,384,366,4.8,2,82976,21,Humano,Raiva,3176,Exposicao_Face
83059,83,331,598,4.3,3,83059,21,Humano,Raiva,3259,Exposicao_Face
83075,17,400,551,4.64,3,83075,21,Humano,Raiva,3275,Exposicao_Face
83109,33,132,365,-1.0,2,83109,21,Humano,Raiva,3309,Exposicao_Face
83774,665,297,548,4.78,3,83774,21,Humano,Raiva,3974,Exposicao_Face
83791,17,363,415,4.76,2,83791,21,Humano,Raiva,3991,Exposicao_Face
83807,17,419,362,4.75,1,83807,22,Humano,Feliz,7,Janela_Baseline
83824,17,416,359,4.65,1,83824,22,Humano,Feliz,24,Janela_Baseline
83841,17,400,366,4.6,2,83841,22,Humano,Feliz,41,Janela_Baseline
83857,17,406,368,4.64,2,83857,22,Humano,Feliz,57,Janela_Baseline
83874,17,416,371,4.68,2,83874,22,Humano,Feliz,74,Janela_Baseline
83891,17,424,365,4.59,2,83891,22,Humano,Feliz,91,Janela_Baseline
83907,17,436,355,4.57,1,83907,22,Humano,Feliz,107,Janela_Baseline
83924,17,426,374,4.64,2,83924,22,Humano,Feliz,124,Janela_Baseline
83940,17,434,365,4.46,2,83940,22,Humano,Feliz,140,Janela_Baseline
83957,17,450,346,4.51,1,83957,22,Humano,Feliz,157,Janela_Baseline
83974,17,459,339,4.62,1,83974,22,Humano,Feliz,174,Janela_Baseline
83990,17,445,342,4.57,1,83990,22,Humano,Feliz,190,Janela_Baseline
84007,17,476,316,4.56,1,84007,22,Humano,Feliz,207,Janela_Baseline
84024,17,469,316,4.56,1,84024,22,Humano,Feliz,224,Janela_Baseline
84040,17,461,329,4.59,1,84040,22,Humano,Feliz,240,Janela_Baseline
84057,17,467,320,4.44,1,84057,22,Humano,Feliz,257,Janela_Baseline
84074,17,464,327,4.62,1,84074,22,Humano,Feliz,274,Janela_Baseline
84090,17,477,312,4.44,1,84090,22,Humano,Feliz,290,Janela_Baseline
84107,17,480,310,4.52,1,84107,22,Humano,Feliz,307,Janela_Baseline
84123,17,471,313,4.56,1,84123,22,Humano,Feliz,323,Janela_Baseline
84140,17,474,321,4.57,1,84140,22,Humano,Feliz,340,Janela_Baseline
84157,17,477,317,4.48,1,84157,22,Humano,Feliz,357,Janela_Baseline
84173,17,548,313,4.57,1,84173,22,Humano,Feliz,373,Janela_Baseline
84190,17,578,314,4.56,1,84190,22,Humano,Feliz,390,Janela_Baseline
84207,17,566,312,4.51,1,84207,22,Humano,Feliz,407,Janela_Baseline
84223,17,583,303,4.49,1,84223,22,Humano,Feliz,423,Janela_Baseline
84240,17,580,302,4.52,1,84240,22,Humano,Feliz,440,Janela_Baseline
84257,17,579,307,4.38,1,84257,22,Humano,Feliz,457,Janela_Baseline
84273,17,577,316,4.41,1,84273,22,Humano,Feliz,473,Janela_Baseline
84290,17,573,318,4.56,1,84290,22,Humano,Feliz,490,Janela_Baseline
84306,17,580,296,4.38,1,84306,22,Humano,Feliz,506,Janela_Baseline
84323,17,593,311,4.41,1,84323,22,Humano,Feliz,523,Janela_Baseline
84340,17,574,319,4.54,1,84340,22,Humano,Feliz,540,Janela_Baseline
84356,17,569,320,4.51,1,84356,22,Humano,Feliz,556,Janela_Baseline
84373,17,578,301,4.52,1,84373,22,Humano,Feliz,573,Janela_Baseline
84390,17,570,327,4.51,1,84390,22,Humano,Feliz,590,Janela_Baseline
84406,17,574,310,4.64,1,84406,22,Humano,Feliz,606,Janela_Baseline
84423,17,560,319,4.52,1,84423,22,Humano,Feliz,623,Janela_Baseline
84440,17,588,301,4.41,1,84440,22,Humano,Feliz,640,Janela_Baseline
84456,17,570,292,4.51,1,84456,22,Humano,Feliz,656,Janela_Baseline
84473,17,573,299,4.44,1,84473,22,Humano,Feliz,673,Janela_Baseline
84489,17,538,320,4.6,1,84489,22,Humano,Feliz,689,Janela_Baseline
84506,17,503,354,4.6,1,84506,22,Humano,Feliz,706,Janela_Baseline
84523,17,490,340,4.57,1,84523,22,Humano,Feliz,723,Janela_Baseline
84539,17,481,358,4.6,1,84539,22,Humano,Feliz,739,Janela_Baseline
84556,17,490,363,4.67,0,84556,22,Humano,Feliz,756,Janela_Baseline
84573,17,486,343,4.62,1,84573,22,Humano,Feliz,773,Janela_Baseline
84589,17,476,362,4.73,1,84589,22,Humano,Feliz,789,Janela_Baseline
84606,17,482,346,4.84,1,84606,22,Humano,Feliz,806,Janela_Baseline
84622,17,481,366,4.68,2,84622,22,Humano,Feliz,822,Janela_Baseline
84639,17,506,360,4.65,1,84639,22,Humano,Feliz,839,Janela_Baseline
84656,17,487,357,4.68,1,84656,22,Humano,Feliz,856,Janela_Baseline
84672,17,487,357,4.75,1,84672,22,Humano,Feliz,872,Janela_Baseline
84689,17,500,367,4.73,2,84689,22,Humano,Feliz,889,Janela_Baseline
84706,17,439,394,4.67,2,84706,22,Humano,Feliz,906,Janela_Baseline
84722,17,450,380,4.64,2,84722,22,Humano,Feliz,922,Janela_Baseline
84739,17,455,382,4.65,2,84739,22,Humano,Feliz,939,Janela_Baseline
84756,17,444,377,4.68,2,84756,22,Humano,Feliz,956,Janela_Baseline
84772,17,442,392,4.65,2,84772,22,Humano,Feliz,972,Janela_Baseline
84789,17,442,387,4.64,2,84789,22,Humano,Feliz,989,Janela_Baseline
84805,17,445,389,4.81,2,84805,22,Humano,Feliz,1005,Janela_Baseline
84822,17,448,391,4.67,2,84822,22,Humano,Feliz,1022,Janela_Baseline
84839,17,444,379,4.84,2,84839,22,Humano,Feliz,1039,Janela_Baseline
84855,17,449,375,4.68,2,84855,22,Humano,Feliz,1055,Janela_Baseline
84872,17,440,390,4.78,2,84872,22,Humano,Feliz,1072,Janela_Baseline
84889,17,443,387,4.75,2,84889,22,Humano,Feliz,1089,Janela_Baseline
84905,17,439,389,4.68,2,84905,22,Humano,Feliz,1105,Janela_Baseline
84922,17,445,387,4.62,2,84922,22,Humano,Feliz,1122,Janela_Baseline
84939,17,449,375,4.67,2,84939,22,Humano,Feliz,1139,Janela_Baseline
84955,17,447,374,4.73,2,84955,22,Humano,Feliz,1155,Janela_Baseline
84972,17,441,395,4.73,2,84972,22,Humano,Feliz,1172,Janela_Baseline
84988,17,440,393,4.84,2,84988,22,Humano,Feliz,1188,Janela_Baseline
85005,17,443,386,4.75,2,85005,22,Humano,Feliz,1205,Janela_Baseline
85022,17,448,378,4.62,2,85022,22,Humano,Feliz,1222,Janela_Baseline
85038,17,462,362,4.72,1,85038,22,Humano,Feliz,1238,Janela_Baseline
85055,17,442,381,4.67,2,85055,22,Humano,Feliz,1255,Janela_Baseline
85072,17,446,384,4.78,2,85072,22,Humano,Feliz,1272,Janela_Baseline
85088,17,473,326,4.72,1,85088,22,Humano,Feliz,1288,Janela_Baseline
85105,17,464,331,4.78,1,85105,22,Humano,Feliz,1305,Exposicao_Face
85122,17,479,315,4.83,1,85122,22,Humano,Feliz,1322,Exposicao_Face
85138,17,495,310,4.65,1,85138,22,Humano,Feliz,1338,Exposicao_Face
85155,17,482,303,4.73,1,85155,22,Humano,Feliz,1355,Exposicao_Face
85171,17,478,318,4.75,1,85171,22,Humano,Feliz,1371,Exposicao_Face
85188,17,485,308,4.67,1,85188,22,Humano,Feliz,1388,Exposicao_Face
85205,17,472,327,4.73,1,85205,22,Humano,Feliz,1405,Exposicao_Face
85221,17,491,316,4.67,1,85221,22,Humano,Feliz,1421,Exposicao_Face
85238,17,477,325,4.8,1,85238,22,Humano,Feliz,1438,Exposicao_Face
85255,17,484,312,4.73,1,85255,22,Humano,Feliz,1455,Exposicao_Face
85271,17,493,294,4.67,1,85271,22,Humano,Feliz,1471,Exposicao_Face
85288,17,478,314,4.76,1,85288,22,Humano,Feliz,1488,Exposicao_Face
85305,17,489,307,4.75,1,85305,22,Humano,Feliz,1505,Exposicao_Face
85321,17,482,322,4.72,1,85321,22,Humano,Feliz,1521,Exposicao_Face
85338,17,481,311,4.7,1,85338,22,Humano,Feliz,1538,Exposicao_Face
85354,17,493,305,4.8,1,85354,22,Humano,Feliz,1554,Exposicao_Face
85404,50,473,324,4.76,1,85404,22,Humano,Feliz,1604,Exposicao_Face
85421,17,460,326,4.84,1,85421,22,Humano,Feliz,1621,Exposicao_Face
85438,17,479,308,4.7,1,85438,22,Humano,Feliz,1638,Exposicao_Face
85454,17,476,313,4.73,1,85454,22,Humano,Feliz,1654,Exposicao_Face
85471,17,474,317,4.83,1,85471,22,Humano,Feliz,1671,Exposicao_Face
85488,17,477,316,4.78,1,85488,22,Humano,Feliz,1688,Exposicao_Face
85504,17,477,313,4.84,1,85504,22,Humano,Feliz,1704,Exposicao_Face
85521,17,516,333,4.88,1,85521,22,Humano,Feliz,1721,Exposicao_Face
85537,17,543,326,4.75,1,85537,22,Humano,Feliz,1737,Exposicao_Face
85554,17,557,314,4.7,1,85554,22,Humano,Feliz,1754,Exposicao_Face
85571,17,553,328,4.81,1,85571,22,Humano,Feliz,1771,Exposicao_Face
85587,17,546,326,4.75,1,85587,22,Humano,Feliz,1787,Exposicao_Face
85604,17,545,322,4.6,1,85604,22,Humano,Feliz,1804,Exposicao_Face
85621,17,557,334,4.91,1,85621,22,Humano,Feliz,1821,Exposicao_Face
85637,17,567,314,4.8,1,85637,22,Humano,Feliz,1837,Exposicao_Face
85654,17,560,321,4.83,1,85654,22,Humano,Feliz,1854,Exposicao_Face
85671,17,553,338,4.83,1,85671,22,Humano,Feliz,1871,Exposicao_Face
85687,17,544,329,4.92,1,85687,22,Humano,Feliz,1887,Exposicao_Face
85704,17,548,326,4.83,1,85704,22,Humano,Feliz,1904,Exposicao_Face
85720,17,554,315,4.83,1,85720,22,Humano,Feliz,1920,Exposicao_Face
85737,17,558,312,4.84,1,85737,22,Humano,Feliz,1937,Exposicao_Face
85754,17,558,320,4.81,1,85754,22,Humano,Feliz,1954,Exposicao_Face
85770,17,562,320,4.8,1,85770,22,Humano,Feliz,1970,Exposicao_Face
85787,17,558,321,4.88,1,85787,22,Humano,Feliz,1987,Exposicao_Face
85804,17,547,333,4.92,1,85804,22,Humano,Feliz,2004,Exposicao_Face
85820,17,559,326,4.89,1,85820,22,Humano,Feliz,2020,Exposicao_Face
85837,17,550,330,4.81,1,85837,22,Humano,Feliz,2037,Exposicao_Face
85853,17,558,326,4.89,1,85853,22,Humano,Feliz,2053,Exposicao_Face
85870,17,553,328,4.89,1,85870,22,Humano,Feliz,2070,Exposicao_Face
85887,17,562,320,4.83,1,85887,22,Humano,Feliz,2087,Exposicao_Face
85903,17,558,314,4.88,1,85903,22,Humano,Feliz,2103,Exposicao_Face
85920,17,558,322,4.89,1,85920,22,Humano,Feliz,2120,Exposicao_Face
85937,17,548,310,4.81,1,85937,22,Humano,Feliz,2137,Exposicao_Face
85953,17,555,322,4.86,1,85953,22,Humano,Feliz,2153,Exposicao_Face
85970,17,545,330,4.88,1,85970,22,Humano,Feliz,2170,Exposicao_Face
85987,17,537,325,4.81,1,85987,22,Humano,Feliz,2187,Exposicao_Face
86003,17,539,327,4.81,1,86003,22,Humano,Feliz,2203,Exposicao_Face
86020,17,530,343,4.81,1,86020,22,Humano,Feliz,2220,Exposicao_Face
86036,17,551,323,4.8,1,86036,22,Humano,Feliz,2236,Exposicao_Face
86053,17,553,330,4.8,1,86053,22,Humano,Feliz,2253,Exposicao_Face
86086,33,547,337,4.81,1,86086,22,Humano,Feliz,2286,Exposicao_Face
86103,17,556,318,4.84,1,86103,22,Humano,Feliz,2303,Exposicao_Face
86120,17,554,330,4.67,1,86120,22,Humano,Feliz,2320,Exposicao_Face
86136,17,548,330,4.76,1,86136,22,Humano,Feliz,2336,Exposicao_Face
86153,17,555,327,4.76,1,86153,22,Humano,Feliz,2353,Exposicao_Face
86170,17,548,338,4.8,1,86170,22,Humano,Feliz,2370,Exposicao_Face
86186,17,555,321,4.72,1,86186,22,Humano,Feliz,2386,Exposicao_Face
86203,17,541,330,4.81,1,86203,22,Humano,Feliz,2403,Exposicao_Face
86219,17,555,327,4.8,1,86219,22,Humano,Feliz,2419,Exposicao_Face
86236,17,550,320,4.64,1,86236,22,Humano,Feliz,2436,Exposicao_Face
86253,17,548,330,4.68,1,86253,22,Humano,Feliz,2453,Exposicao_Face
86269,17,544,324,4.59,1,86269,22,Humano,Feliz,2469,Exposicao_Face
86286,17,545,329,4.65,1,86286,22,Humano,Feliz,2486,Exposicao_Face
86303,17,549,313,4.64,1,86303,22,Humano,Feliz,2503,Exposicao_Face
86319,17,555,337,4.68,1,86319,22,Humano,Feliz,2519,Exposicao_Face
86336,17,548,307,4.68,1,86336,22,Humano,Feliz,2536,Exposicao_Face
86353,17,562,323,4.72,1,86353,22,Humano,Feliz,2553,Exposicao_Face
86369,17,551,332,4.65,1,86369,22,Humano,Feliz,2569,Exposicao_Face
86386,17,548,327,4.57,1,86386,22,Humano,Feliz,2586,Exposicao_Face
86402,17,551,320,4.67,1,86402,22,Humano,Feliz,2602,Exposicao_Face
86419,17,553,311,4.72,1,86419,22,Humano,Feliz,2619,Exposicao_Face
86436,17,563,316,4.62,1,86436,22,Humano,Feliz,2636,Exposicao_Face
86452,17,552,324,4.76,1,86452,22,Humano,Feliz,2652,Exposicao_Face
86469,17,569,315,4.73,1,86469,22,Humano,Feliz,2669,Exposicao_Face
86486,17,557,322,4.65,1,86486,22,Humano,Feliz,2686,Exposicao_Face
86502,17,558,307,4.73,1,86502,22,Humano,Feliz,2702,Exposicao_Face
86519,17,568,314,4.68,1,86519,22,Humano,Feliz,2719,Exposicao_Face
86536,17,561,324,4.72,1,86536,22,Humano,Feliz,2736,Exposicao_Face
86552,17,556,326,4.59,1,86552,22,Humano,Feliz,2752,Exposicao_Face
86569,17,546,322,4.67,1,86569,22,Humano,Feliz,2769,Exposicao_Face
86585,17,498,331,4.78,1,86585,22,Humano,Feliz,2785,Exposicao_Face
86602,17,438,318,4.8,1,86602,22,Humano,Feliz,2802,Exposicao_Face
86619,17,441,328,4.8,1,86619,22,Humano,Feliz,2819,Exposicao_Face
86635,17,440,310,4.68,1,86635,22,Humano,Feliz,2835,Exposicao_Face
86652,17,433,318,4.68,1,86652,22,Humano,Feliz,2852,Exposicao_Face
86669,17,456,306,4.64,1,86669,22,Humano,Feliz,2869,Exposicao_Face
86685,17,443,300,4.56,1,86685,22,Humano,Feliz,2885,Exposicao_Face
86702,17,431,322,4.73,1,86702,22,Humano,Feliz,2902,Exposicao_Face
86719,17,430,317,4.67,1,86719,22,Humano,Feliz,2919,Exposicao_Face
86735,17,445,316,4.64,1,86735,22,Humano,Feliz,2935,Exposicao_Face
86752,17,433,304,4.65,1,86752,22,Humano,Feliz,2952,Exposicao_Face
86768,17,441,310,4.56,1,86768,22,Humano,Feliz,2968,Exposicao_Face
86785,17,443,310,4.59,1,86785,22,Humano,Feliz,2985,Exposicao_Face
86802,17,443,309,4.59,1,86802,22,Humano,Feliz,3002,Exposicao_Face
86818,17,438,315,4.59,1,86818,22,Humano,Feliz,3018,Exposicao_Face
86835,17,441,308,4.57,1,86835,22,Humano,Feliz,3035,Exposicao_Face
86852,17,450,312,4.57,1,86852,22,Humano,Feliz,3052,Exposicao_Face
86868,17,449,312,4.54,1,86868,22,Humano,Feliz,3068,Exposicao_Face
86885,17,443,320,4.65,1,86885,22,Humano,Feliz,3085,Exposicao_Face
86901,17,434,318,4.67,1,86901,22,Humano,Feliz,3101,Exposicao_Face
86918,17,444,309,4.7,1,86918,22,Humano,Feliz,3118,Exposicao_Face
86935,17,441,309,4.57,1,86935,22,Humano,Feliz,3135,Exposicao_Face
86951,17,447,302,4.56,1,86951,22,Humano,Feliz,3151,Exposicao_Face
86968,17,443,313,4.56,1,86968,22,Humano,Feliz,3168,Exposicao_Face
86985,17,450,312,4.65,1,86985,22,Humano,Feliz,3185,Exposicao_Face
87001,17,448,315,4.54,1,87001,22,Humano,Feliz,3201,Exposicao_Face
87018,17,432,330,4.65,1,87018,22,Humano,Feliz,3218,Exposicao_Face
87035,17,444,318,4.59,1,87035,22,Humano,Feliz,3235,Exposicao_Face
87051,17,431,319,4.57,1,87051,22,Humano,Feliz,3251,Exposicao_Face
87068,17,454,306,4.51,1,87068,22,Humano,Feliz,3268,Exposicao_Face
87084,17,425,321,4.56,1,87084,22,Humano,Feliz,3284,Exposicao_Face
87101,17,259,364,4.56,2,87101,22,Humano,Feliz,3301,Exposicao_Face
87850,749,420,618,4.28,3,87850,23,Humano,Neutro,50,Janela_Baseline
87866,17,487,444,4.36,3,87866,23,Humano,Neutro,66,Janela_Baseline
87883,17,491,424,4.32,3,87883,23,Humano,Neutro,83,Janela_Baseline
87900,17,494,423,4.43,3,87900,23,Humano,Neutro,100,Janela_Baseline
87916,17,483,424,4.4,3,87916,23,Humano,Neutro,116,Janela_Baseline
87933,17,487,435,4.52,3,87933,23,Humano,Neutro,133,Janela_Baseline
87950,17,479,433,4.52,3,87950,23,Humano,Neutro,150,Janela_Baseline
87966,17,498,424,4.44,3,87966,23,Humano,Neutro,166,Janela_Baseline
87983,17,504,426,4.52,3,87983,23,Humano,Neutro,183,Janela_Baseline
87999,17,503,424,4.51,3,87999,23,Humano,Neutro,199,Janela_Baseline
88016,17,502,433,4.46,3,88016,23,Humano,Neutro,216,Janela_Baseline
88033,17,504,432,4.54,3,88033,23,Humano,Neutro,233,Janela_Baseline
88049,17,505,440,4.52,3,88049,23,Humano,Neutro,249,Janela_Baseline
88066,17,506,350,4.46,1,88066,23,Humano,Neutro,266,Janela_Baseline
88083,17,511,326,4.54,1,88083,23,Humano,Neutro,283,Janela_Baseline
88099,17,505,322,4.46,1,88099,23,Humano,Neutro,299,Janela_Baseline
88116,17,506,319,4.54,1,88116,23,Humano,Neutro,316,Janela_Baseline
88132,17,506,326,4.57,1,88132,23,Humano,Neutro,332,Janela_Baseline
88149,17,502,326,4.49,1,88149,23,Humano,Neutro,349,Janela_Baseline
88166,17,505,323,4.49,1,88166,23,Humano,Neutro,366,Janela_Baseline
88182,17,507,326,4.49,1,88182,23,Humano,Neutro,382,Janela_Baseline
88199,17,509,330,4.46,1,88199,23,Humano,Neutro,399,Janela_Baseline
88216,17,507,321,4.54,1,88216,23,Humano,Neutro,416,Janela_Baseline
88232,17,496,330,4.48,1,88232,23,Humano,Neutro,432,Janela_Baseline
88249,17,506,315,4.4,1,88249,23,Humano,Neutro,449,Janela_Baseline
88266,17,507,322,4.38,1,88266,23,Humano,Neutro,466,Janela_Baseline
88282,17,488,318,4.43,1,88282,23,Humano,Neutro,482,Janela_Baseline
88299,17,501,328,4.4,1,88299,23,Humano,Neutro,499,Janela_Baseline
88315,17,511,311,4.46,1,88315,23,Humano,Neutro,515,Janela_Baseline
88332,17,528,317,4.41,1,88332,23,Humano,Neutro,532,Janela_Baseline
88349,17,560,319,4.41,1,88349,23,Humano,Neutro,549,Janela_Baseline
88365,17,555,327,4.4,1,88365,23,Humano,Neutro,565,Janela_Baseline
88382,17,568,316,4.35,1,88382,23,Humano,Neutro,582,Janela_Baseline
88399,17,566,313,4.48,1,88399,23,Humano,Neutro,599,Janela_Baseline
88415,17,563,314,4.43,1,88415,23,Humano,Neutro,615,Janela_Baseline
88432,17,573,312,4.32,1,88432,23,Humano,Neutro,632,Janela_Baseline
88449,17,561,313,4.4,1,88449,23,Humano,Neutro,649,Janela_Baseline
88465,17,564,319,4.48,1,88465,23,Humano,Neutro,665,Janela_Baseline
88482,17,566,316,4.4,1,88482,23,Humano,Neutro,682,Janela_Baseline
88498,17,559,315,4.56,1,88498,23,Humano,Neutro,698,Janela_Baseline
88515,17,554,314,4.51,1,88515,23,Humano,Neutro,715,Janela_Baseline
88532,17,564,313,4.43,1,88532,23,Humano,Neutro,732,Janela_Baseline
88548,17,558,324,4.49,1,88548,23,Humano,Neutro,748,Janela_Baseline
88565,17,563,322,4.51,1,88565,23,Humano,Neutro,765,Janela_Baseline
88582,17,559,319,4.49,1,88582,23,Humano,Neutro,782,Janela_Baseline
88598,17,554,321,4.46,1,88598,23,Humano,Neutro,798,Janela_Baseline
88615,17,559,318,4.48,1,88615,23,Humano,Neutro,815,Janela_Baseline
88632,17,559,324,4.59,1,88632,23,Humano,Neutro,832,Janela_Baseline
88648,17,542,345,4.57,1,88648,23,Humano,Neutro,848,Janela_Baseline
88665,17,491,342,4.54,1,88665,23,Humano,Neutro,865,Janela_Baseline
88681,17,407,306,4.49,1,88681,23,Humano,Neutro,881,Janela_Baseline
88698,17,392,324,4.56,1,88698,23,Humano,Neutro,898,Janela_Baseline
88715,17,377,326,4.54,1,88715,23,Humano,Neutro,915,Janela_Baseline
88731,17,390,309,4.48,1,88731,23,Humano,Neutro,931,Janela_Baseline
88748,17,389,320,4.52,1,88748,23,Humano,Neutro,948,Janela_Baseline
88765,17,380,327,4.35,1,88765,23,Humano,Neutro,965,Janela_Baseline
88781,17,380,320,4.46,1,88781,23,Humano,Neutro,981,Janela_Baseline
88798,17,379,332,4.59,1,88798,23,Humano,Neutro,998,Janela_Baseline
88815,17,378,311,4.56,1,88815,23,Humano,Neutro,1015,Janela_Baseline
88831,17,380,324,4.43,1,88831,23,Humano,Neutro,1031,Janela_Baseline
88848,17,380,319,4.56,1,88848,23,Humano,Neutro,1048,Janela_Baseline
88864,17,369,321,4.48,1,88864,23,Humano,Neutro,1064,Janela_Baseline
88881,17,422,309,4.44,1,88881,23,Humano,Neutro,1081,Janela_Baseline
88898,17,439,316,4.54,1,88898,23,Humano,Neutro,1098,Janela_Baseline
88914,17,429,327,4.51,1,88914,23,Humano,Neutro,1114,Janela_Baseline
88931,17,449,316,4.38,1,88931,23,Humano,Neutro,1131,Janela_Baseline
88948,17,426,335,4.46,1,88948,23,Humano,Neutro,1148,Janela_Baseline
88964,17,428,341,4.52,1,88964,23,Humano,Neutro,1164,Janela_Baseline
88981,17,435,317,4.51,1,88981,23,Humano,Neutro,1181,Janela_Baseline
88998,17,436,322,4.46,1,88998,23,Humano,Neutro,1198,Janela_Baseline
89014,17,433,328,4.56,1,89014,23,Humano,Neutro,1214,Janela_Baseline
89031,17,441,319,4.48,1,89031,23,Humano,Neutro,1231,Janela_Baseline
89047,17,446,318,4.49,1,89047,23,Humano,Neutro,1247,Janela_Baseline
89064,17,428,342,4.43,1,89064,23,Humano,Neutro,1264,Janela_Baseline
89081,17,435,299,4.46,1,89081,23,Humano,Neutro,1281,Janela_Baseline
89097,17,438,306,4.51,1,89097,23,Humano,Neutro,1297,Janela_Baseline
89114,17,433,320,4.49,1,89114,23,Humano,Neutro,1314,Exposicao_Face
89131,17,434,311,4.51,1,89131,23,Humano,Neutro,1331,Exposicao_Face
89147,17,437,301,4.46,1,89147,23,Humano,Neutro,1347,Exposicao_Face
89230,83,439,301,4.44,1,89230,23,Humano,Neutro,1430,Exposicao_Face
89247,17,422,317,4.52,1,89247,23,Humano,Neutro,1447,Exposicao_Face
89264,17,423,313,4.44,1,89264,23,Humano,Neutro,1464,Exposicao_Face
89297,33,422,314,4.46,1,89297,23,Humano,Neutro,1497,Exposicao_Face
89314,17,435,302,4.43,1,89314,23,Humano,Neutro,1514,Exposicao_Face
89330,17,420,306,4.52,1,89330,23,Humano,Neutro,1530,Exposicao_Face
89347,17,423,306,4.43,1,89347,23,Humano,Neutro,1547,Exposicao_Face
89363,17,418,307,4.51,1,89363,23,Humano,Neutro,1563,Exposicao_Face
89380,17,430,312,4.38,1,89380,23,Humano,Neutro,1580,Exposicao_Face
89397,17,421,311,4.54,1,89397,23,Humano,Neutro,1597,Exposicao_Face
89413,17,435,302,4.44,1,89413,23,Humano,Neutro,1613,Exposicao_Face
89430,17,422,301,4.41,1,89430,23,Humano,Neutro,1630,Exposicao_Face
89447,17,422,315,4.46,1,89447,23,Humano,Neutro,1647,Exposicao_Face
89463,17,429,308,4.51,1,89463,23,Humano,Neutro,1663,Exposicao_Face
89480,17,434,313,4.46,1,89480,23,Humano,Neutro,1680,Exposicao_Face
89497,17,412,319,4.38,1,89497,23,Humano,Neutro,1697,Exposicao_Face
89513,17,419,325,4.48,1,89513,23,Humano,Neutro,1713,Exposicao_Face
89530,17,418,314,4.56,1,89530,23,Humano,Neutro,1730,Exposicao_Face
89546,17,416,319,4.51,1,89546,23,Humano,Neutro,1746,Exposicao_Face
89563,17,428,313,4.32,1,89563,23,Humano,Neutro,1763,Exposicao_Face
89580,17,429,307,4.32,1,89580,23,Humano,Neutro,1780,Exposicao_Face
89596,17,426,307,4.46,1,89596,23,Humano,Neutro,1796,Exposicao_Face
89613,17,417,318,4.49,1,89613,23,Humano,Neutro,1813,Exposicao_Face
89630,17,426,311,4.44,1,89630,23,Humano,Neutro,1830,Exposicao_Face
89646,17,425,312,4.43,1,89646,23,Humano,Neutro,1846,Exposicao_Face
89663,17,427,310,4.46,1,89663,23,Humano,Neutro,1863,Exposicao_Face
89680,17,427,309,4.41,1,89680,23,Humano,Neutro,1880,Exposicao_Face
89696,17,523,321,4.51,1,89696,23,Humano,Neutro,1896,Exposicao_Face
89713,17,578,318,4.43,1,89713,23,Humano,Neutro,1913,Exposicao_Face
89729,17,588,323,4.36,1,89729,23,Humano,Neutro,1929,Exposicao_Face
89746,17,598,312,4.38,1,89746,23,Humano,Neutro,1946,Exposicao_Face
89779,33,587,330,4.46,1,89779,23,Humano,Neutro,1979,Exposicao_Face
89779,0,587,330,4.46,1,89779,23,Humano,Neutro,1979,Exposicao_Face
89796,17,585,320,4.46,1,89796,23,Humano,Neutro,1996,Exposicao_Face
89813,17,592,316,4.48,1,89813,23,Humano,Neutro,2013,Exposicao_Face
89829,17,597,301,4.44,1,89829,23,Humano,Neutro,2029,Exposicao_Face
89846,17,600,318,4.49,1,89846,23,Humano,Neutro,2046,Exposicao_Face
89863,17,591,305,4.46,1,89863,23,Humano,Neutro,2063,Exposicao_Face
89879,17,588,312,4.51,1,89879,23,Humano,Neutro,2079,Exposicao_Face
89896,17,592,316,4.43,1,89896,23,Humano,Neutro,2096,Exposicao_Face
89912,17,603,315,4.41,1,89912,23,Humano,Neutro,2112,Exposicao_Face
89929,17,559,320,4.43,1,89929,23,Humano,Neutro,2129,Exposicao_Face
89946,17,574,322,4.43,1,89946,23,Humano,Neutro,2146,Exposicao_Face
89962,17,573,313,4.46,1,89962,23,Humano,Neutro,2162,Exposicao_Face
89979,17,567,332,4.54,1,89979,23,Humano,Neutro,2179,Exposicao_Face
89996,17,563,319,4.49,1,89996,23,Humano,Neutro,2196,Exposicao_Face
90012,17,567,326,4.43,1,90012,23,Humano,Neutro,2212,Exposicao_Face
90029,17,564,319,4.4,1,90029,23,Humano,Neutro,2229,Exposicao_Face
90046,17,566,327,4.43,1,90046,23,Humano,Neutro,2246,Exposicao_Face
90062,17,564,312,4.41,1,90062,23,Humano,Neutro,2262,Exposicao_Face
90079,17,564,331,4.56,1,90079,23,Humano,Neutro,2279,Exposicao_Face
90095,17,559,337,4.54,1,90095,23,Humano,Neutro,2295,Exposicao_Face
90112,17,568,319,4.44,1,90112,23,Humano,Neutro,2312,Exposicao_Face
90129,17,571,325,4.41,1,90129,23,Humano,Neutro,2329,Exposicao_Face
90145,17,566,318,4.38,1,90145,23,Humano,Neutro,2345,Exposicao_Face
90162,17,563,328,4.56,1,90162,23,Humano,Neutro,2362,Exposicao_Face
90179,17,561,334,4.51,1,90179,23,Humano,Neutro,2379,Exposicao_Face
90195,17,563,325,4.48,1,90195,23,Humano,Neutro,2395,Exposicao_Face
90212,17,568,323,4.43,1,90212,23,Humano,Neutro,2412,Exposicao_Face
90229,17,560,323,4.54,1,90229,23,Humano,Neutro,2429,Exposicao_Face
90245,17,561,332,4.49,1,90245,23,Humano,Neutro,2445,Exposicao_Face
90262,17,555,330,4.57,1,90262,23,Humano,Neutro,2462,Exposicao_Face
90278,17,566,317,4.51,1,90278,23,Humano,Neutro,2478,Exposicao_Face
90295,17,566,318,4.52,1,90295,23,Humano,Neutro,2495,Exposicao_Face
90312,17,552,342,4.56,1,90312,23,Humano,Neutro,2512,Exposicao_Face
90328,17,453,397,4.54,2,90328,23,Humano,Neutro,2528,Exposicao_Face
90345,17,455,390,4.54,2,90345,23,Humano,Neutro,2545,Exposicao_Face
90362,17,436,408,4.57,2,90362,23,Humano,Neutro,2562,Exposicao_Face
90378,17,445,403,4.65,2,90378,23,Humano,Neutro,2578,Exposicao_Face
90395,17,437,411,4.59,2,90395,23,Humano,Neutro,2595,Exposicao_Face
90411,17,446,399,4.56,2,90411,23,Humano,Neutro,2611,Exposicao_Face
90428,17,441,407,4.57,2,90428,23,Humano,Neutro,2628,Exposicao_Face
90445,17,440,405,4.52,2,90445,23,Humano,Neutro,2645,Exposicao_Face
90461,17,440,396,4.51,2,90461,23,Humano,Neutro,2661,Exposicao_Face
90478,17,436,400,4.46,2,90478,23,Humano,Neutro,2678,Exposicao_Face
90495,17,441,399,4.38,2,90495,23,Humano,Neutro,2695,Exposicao_Face
90511,17,451,408,4.4,2,90511,23,Humano,Neutro,2711,Exposicao_Face
90528,17,444,394,4.52,2,90528,23,Humano,Neutro,2728,Exposicao_Face
90545,17,441,407,4.59,2,90545,23,Humano,Neutro,2745,Exposicao_Face
90561,17,440,403,4.49,2,90561,23,Humano,Neutro,2761,Exposicao_Face
90578,17,430,413,4.46,2,90578,23,Humano,Neutro,2778,Exposicao_Face
90594,17,437,403,4.49,2,90594,23,Humano,Neutro,2794,Exposicao_Face
90611,17,424,420,4.49,3,90611,23,Humano,Neutro,2811,Exposicao_Face
90628,17,437,410,4.44,2,90628,23,Humano,Neutro,2828,Exposicao_Face
90644,17,440,404,4.38,2,90644,23,Humano,Neutro,2844,Exposicao_Face
90661,17,439,413,4.46,2,90661,23,Humano,Neutro,2861,Exposicao_Face
90678,17,437,407,4.4,2,90678,23,Humano,Neutro,2878,Exposicao_Face
90694,17,438,401,4.32,2,90694,23,Humano,Neutro,2894,Exposicao_Face
90711,17,433,411,4.49,2,90711,23,Humano,Neutro,2911,Exposicao_Face
90728,17,447,388,4.4,2,90728,23,Humano,Neutro,2928,Exposicao_Face
90744,17,455,400,4.46,2,90744,23,Humano,Neutro,2944,Exposicao_Face
90761,17,450,395,4.46,2,90761,23,Humano,Neutro,2961,Exposicao_Face
90777,17,450,384,4.3,2,90777,23,Humano,Neutro,2977,Exposicao_Face
90794,17,442,408,4.36,2,90794,23,Humano,Neutro,2994,Exposicao_Face
90811,17,445,407,4.35,2,90811,23,Humano,Neutro,3011,Exposicao_Face
90827,17,444,406,4.36,2,90827,23,Humano,Neutro,3027,Exposicao_Face
90844,17,440,412,4.32,2,90844,23,Humano,Neutro,3044,Exposicao_Face
90861,17,447,405,4.32,2,90861,23,Humano,Neutro,3061,Exposicao_Face
90877,17,439,397,4.27,2,90877,23,Humano,Neutro,3077,Exposicao_Face
90894,17,446,397,4.27,2,90894,23,Humano,Neutro,3094,Exposicao_Face
90911,17,435,420,4.36,3,90911,23,Humano,Neutro,3111,Exposicao_Face
90927,17,440,408,4.3,2,90927,23,Humano,Neutro,3127,Exposicao_Face
90944,17,436,413,4.3,2,90944,23,Humano,Neutro,3144,Exposicao_Face
90977,33,441,412,4.15,2,90977,23,Humano,Neutro,3177,Exposicao_Face
90994,17,452,410,4.3,2,90994,23,Humano,Neutro,3194,Exposicao_Face
91010,17,439,410,4.35,2,91010,23,Humano,Neutro,3210,Exposicao_Face
91027,17,437,408,4.2,2,91027,23,Humano,Neutro,3227,Exposicao_Face
91044,17,484,358,4.4,1,91044,23,Humano,Neutro,3244,Exposicao_Face
91060,17,498,354,4.2,1,91060,23,Humano,Neutro,3260,Exposicao_Face
91077,17,494,355,4.28,1,91077,23,Humano,Neutro,3277,Exposicao_Face
91094,17,499,349,4.27,1,91094,23,Humano,Neutro,3294,Exposicao_Face
91110,17,489,356,4.28,1,91110,23,Humano,Neutro,3310,Exposicao_Face
91127,17,501,344,4.28,1,91127,23,Humano,Neutro,3327,Exposicao_Face
91143,17,490,346,4.17,1,91143,23,Humano,Neutro,3343,Exposicao_Face
91160,17,491,342,4.17,1,91160,23,Humano,Neutro,3360,Exposicao_Face
91177,17,491,352,4.15,1,91177,23,Humano,Neutro,3377,Exposicao_Face
91193,17,500,337,4.24,1,91193,23,Humano,Neutro,3393,Exposicao_Face
91210,17,490,341,4.17,1,91210,23,Humano,Neutro,3410,Exposicao_Face
91227,17,505,323,4.09,1,91227,23,Humano,Neutro,3427,Exposicao_Face
91243,17,477,352,4.04,1,91243,23,Humano,Neutro,3443,Exposicao_Face
91260,17,490,355,4.07,1,91260,23,Humano,Neutro,3460,Exposicao_Face
91277,17,347,602,0.0,3,91277,23,Humano,Neutro,3477,Exposicao_Face
91343,67,349,573,3.93,3,91343,23,Humano,Neutro,3543,Exposicao_Face
91360,17,462,342,4.01,1,91360,23,Humano,Neutro,3560,Exposicao_Face
91376,17,477,320,4.04,1,91376,23,Humano,Neutro,3576,Exposicao_Face
91426,50,478,320,4.04,1,91426,23,Humano,Neutro,3626,Exposicao_Face
91443,17,474,322,4.04,1,91443,23,Humano,Neutro,3643,Exposicao_Face
91459,17,470,310,4.03,1,91459,23,Humano,Neutro,3659,Exposicao_Face
91476,17,471,306,3.98,1,91476,23,Humano,Neutro,3676,Exposicao_Face
91493,17,467,323,4.07,1,91493,23,Humano,Neutro,3693,Exposicao_Face
91509,17,466,324,4.03,1,91509,23,Humano,Neutro,3709,Exposicao_Face
91526,17,469,317,3.91,1,91526,23,Humano,Neutro,3726,Exposicao_Face
91543,17,468,313,3.96,1,91543,23,Humano,Neutro,3743,Exposicao_Face
91559,17,475,318,4.03,1,91559,23,Humano,Neutro,3759,Exposicao_Face
91576,17,486,304,4.04,1,91576,23,Humano,Neutro,3776,Exposicao_Face
91593,17,465,324,4.07,1,91593,23,Humano,Neutro,3793,Exposicao_Face
91609,17,473,322,4.06,1,91609,23,Humano,Neutro,3809,Exposicao_Face
91626,17,471,318,4.06,1,91626,23,Humano,Neutro,3826,Exposicao_Face
91642,17,473,320,3.99,1,91642,23,Humano,Neutro,3842,Exposicao_Face
91659,17,474,306,4.04,1,91659,23,Humano,Neutro,3859,Exposicao_Face
91676,17,471,327,4.04,1,91676,23,Humano,Neutro,3876,Exposicao_Face
91692,17,471,317,4.01,1,91692,23,Humano,Neutro,3892,Exposicao_Face
91709,17,475,335,4.07,1,91709,23,Humano,Neutro,3909,Exposicao_Face
91726,17,478,325,4.07,1,91726,23,Humano,Neutro,3926,Exposicao_Face
91742,17,477,316,4.07,1,91742,23,Humano,Neutro,3942,Exposicao_Face
91759,17,466,343,4.04,1,91759,23,Humano,Neutro,3959,Exposicao_Face
91776,17,466,331,4.04,1,91776,23,Humano,Neutro,3976,Exposicao_Face
91809,33,470,327,3.98,1,91809,24,Humano,Raiva,9,Janela_Baseline
91809,0,470,327,3.98,1,91809,24,Humano,Raiva,9,Janela_Baseline
91825,17,471,334,4.01,1,91825,24,Humano,Raiva,25,Janela_Baseline
91842,17,466,336,3.99,1,91842,24,Humano,Raiva,42,Janela_Baseline
91859,17,483,310,3.96,1,91859,24,Humano,Raiva,59,Janela_Baseline
91875,17,475,325,4.01,1,91875,24,Humano,Raiva,75,Janela_Baseline
91892,17,474,320,3.9,1,91892,24,Humano,Raiva,92,Janela_Baseline
91909,17,471,329,4.01,1,91909,24,Humano,Raiva,109,Janela_Baseline
91925,17,473,329,3.98,1,91925,24,Humano,Raiva,125,Janela_Baseline
91942,17,482,323,3.95,1,91942,24,Humano,Raiva,142,Janela_Baseline
91959,17,474,324,3.9,1,91959,24,Humano,Raiva,159,Janela_Baseline
91975,17,474,336,3.96,1,91975,24,Humano,Raiva,175,Janela_Baseline
91992,17,478,324,3.95,1,91992,24,Humano,Raiva,192,Janela_Baseline
92008,17,469,345,4.04,1,92008,24,Humano,Raiva,208,Janela_Baseline
92025,17,477,334,4.04,1,92025,24,Humano,Raiva,225,Janela_Baseline
92042,17,461,346,4.09,1,92042,24,Humano,Raiva,242,Janela_Baseline
92058,17,537,328,3.98,1,92058,24,Humano,Raiva,258,Janela_Baseline
92075,17,561,325,4.04,1,92075,24,Humano,Raiva,275,Janela_Baseline
92092,17,570,316,4.03,1,92092,24,Humano,Raiva,292,Janela_Baseline
92108,17,560,321,4.09,1,92108,24,Humano,Raiva,308,Janela_Baseline
92125,17,563,321,4.03,1,92125,24,Humano,Raiva,325,Janela_Baseline
92142,17,573,317,4.07,1,92142,24,Humano,Raiva,342,Janela_Baseline
92158,17,576,301,4.07,1,92158,24,Humano,Raiva,358,Janela_Baseline
92175,17,573,325,4.12,1,92175,24,Humano,Raiva,375,Janela_Baseline
92191,17,578,311,4.2,1,92191,24,Humano,Raiva,391,Janela_Baseline
92208,17,566,319,4.03,1,92208,24,Humano,Raiva,408,Janela_Baseline
92225,17,576,314,4.15,1,92225,24,Humano,Raiva,425,Janela_Baseline
92241,17,567,325,4.15,1,92241,24,Humano,Raiva,441,Janela_Baseline
92258,17,563,316,4.15,1,92258,24,Humano,Raiva,458,Janela_Baseline
92275,17,572,308,4.17,1,92275,24,Humano,Raiva,475,Janela_Baseline
92291,17,567,316,4.15,1,92291,24,Humano,Raiva,491,Janela_Baseline
92308,17,578,324,4.25,1,92308,24,Humano,Raiva,508,Janela_Baseline
92325,17,593,311,4.24,1,92325,24,Humano,Raiva,525,Janela_Baseline
92341,17,590,304,4.15,1,92341,24,Humano,Raiva,541,Janela_Baseline
92358,17,576,319,4.2,1,92358,24,Humano,Raiva,558,Janela_Baseline
92374,17,596,298,4.15,1,92374,24,Humano,Raiva,574,Janela_Baseline
92391,17,586,313,4.3,1,92391,24,Humano,Raiva,591,Janela_Baseline
92408,17,582,317,4.4,1,92408,24,Humano,Raiva,608,Janela_Baseline
92424,17,583,313,4.27,1,92424,24,Humano,Raiva,624,Janela_Baseline
92441,17,584,315,4.27,1,92441,24,Humano,Raiva,641,Janela_Baseline
92458,17,586,307,4.25,1,92458,24,Humano,Raiva,658,Janela_Baseline
92474,17,573,325,4.38,1,92474,24,Humano,Raiva,674,Janela_Baseline
92491,17,587,319,4.35,1,92491,24,Humano,Raiva,691,Janela_Baseline
92508,17,589,297,4.33,1,92508,24,Humano,Raiva,708,Janela_Baseline
92524,17,583,315,4.28,1,92524,24,Humano,Raiva,724,Janela_Baseline
92541,17,576,327,4.32,1,92541,24,Humano,Raiva,741,Janela_Baseline
92557,17,581,311,4.22,1,92557,24,Humano,Raiva,757,Janela_Baseline
92574,17,594,301,4.32,1,92574,24,Humano,Raiva,774,Janela_Baseline
92591,17,574,325,4.46,1,92591,24,Humano,Raiva,791,Janela_Baseline
92607,17,581,323,4.35,1,92607,24,Humano,Raiva,807,Janela_Baseline
92624,17,590,315,4.36,1,92624,24,Humano,Raiva,824,Janela_Baseline
92641,17,580,327,4.33,1,92641,24,Humano,Raiva,841,Janela_Baseline
92657,17,581,318,4.41,1,92657,24,Humano,Raiva,857,Janela_Baseline
92674,17,582,322,4.46,1,92674,24,Humano,Raiva,874,Janela_Baseline
92690,17,536,322,4.4,1,92690,24,Humano,Raiva,890,Janela_Baseline
92707,17,515,333,4.38,1,92707,24,Humano,Raiva,907,Janela_Baseline
92724,17,503,340,4.43,1,92724,24,Humano,Raiva,924,Janela_Baseline
92740,17,515,328,4.27,1,92740,24,Humano,Raiva,940,Janela_Baseline
92757,17,509,339,4.4,1,92757,24,Humano,Raiva,957,Janela_Baseline
92774,17,519,318,4.44,1,92774,24,Humano,Raiva,974,Janela_Baseline
92790,17,517,328,4.41,1,92790,24,Humano,Raiva,990,Janela_Baseline
92807,17,516,324,4.41,1,92807,24,Humano,Raiva,1007,Janela_Baseline
92824,17,506,334,4.44,1,92824,24,Humano,Raiva,1024,Janela_Baseline
92840,17,514,331,4.46,1,92840,24,Humano,Raiva,1040,Janela_Baseline
92857,17,531,319,4.38,1,92857,24,Humano,Raiva,1057,Janela_Baseline
92873,17,513,330,4.48,1,92873,24,Humano,Raiva,1073,Janela_Baseline
92890,17,521,328,4.44,1,92890,24,Humano,Raiva,1090,Janela_Baseline
92907,17,509,330,4.33,1,92907,24,Humano,Raiva,1107,Janela_Baseline
92923,17,514,344,4.43,1,92923,24,Humano,Raiva,1123,Janela_Baseline
92940,17,571,317,4.35,1,92940,24,Humano,Raiva,1140,Janela_Baseline
92957,17,573,339,4.57,1,92957,24,Humano,Raiva,1157,Janela_Baseline
92973,17,590,318,4.49,1,92973,24,Humano,Raiva,1173,Janela_Baseline
93007,33,595,316,4.38,1,93007,24,Humano,Raiva,1207,Janela_Baseline
93007,0,595,316,4.38,1,93007,24,Humano,Raiva,1207,Janela_Baseline
93023,17,581,317,4.46,1,93023,24,Humano,Raiva,1223,Janela_Baseline
93040,17,585,317,4.46,1,93040,24,Humano,Raiva,1240,Janela_Baseline
93056,17,592,307,4.49,1,93056,24,Humano,Raiva,1256,Janela_Baseline
93073,17,583,323,4.48,1,93073,24,Humano,Raiva,1273,Janela_Baseline
93090,17,590,313,4.54,1,93090,24,Humano,Raiva,1290,Janela_Baseline
93106,17,577,330,4.57,1,93106,24,Humano,Raiva,1306,Exposicao_Face
93123,17,585,311,4.52,1,93123,24,Humano,Raiva,1323,Exposicao_Face
93140,17,591,319,4.46,1,93140,24,Humano,Raiva,1340,Exposicao_Face
93156,17,592,324,4.49,1,93156,24,Humano,Raiva,1356,Exposicao_Face
93173,17,568,328,4.57,1,93173,24,Humano,Raiva,1373,Exposicao_Face
93190,17,597,312,4.41,1,93190,24,Humano,Raiva,1390,Exposicao_Face
93206,17,585,313,4.48,1,93206,24,Humano,Raiva,1406,Exposicao_Face
93223,17,583,318,4.51,1,93223,24,Humano,Raiva,1423,Exposicao_Face
93239,17,591,320,4.56,1,93239,24,Humano,Raiva,1439,Exposicao_Face
93256,17,590,320,4.44,1,93256,24,Humano,Raiva,1456,Exposicao_Face
93273,17,585,319,4.49,1,93273,24,Humano,Raiva,1473,Exposicao_Face
93289,17,591,322,4.59,1,93289,24,Humano,Raiva,1489,Exposicao_Face
93306,17,589,324,4.54,1,93306,24,Humano,Raiva,1506,Exposicao_Face
93323,17,588,320,4.44,1,93323,24,Humano,Raiva,1523,Exposicao_Face
93339,17,568,329,4.6,1,93339,24,Humano,Raiva,1539,Exposicao_Face
93356,17,590,311,4.49,1,93356,24,Humano,Raiva,1556,Exposicao_Face
93373,17,581,308,4.56,1,93373,24,Humano,Raiva,1573,Exposicao_Face
93389,17,567,326,4.6,1,93389,24,Humano,Raiva,1589,Exposicao_Face
93406,17,585,318,4.52,1,93406,24,Humano,Raiva,1606,Exposicao_Face
93422,17,605,312,4.49,1,93422,24,Humano,Raiva,1622,Exposicao_Face
93439,17,576,332,4.56,1,93439,24,Humano,Raiva,1639,Exposicao_Face
93456,17,574,329,4.57,1,93456,24,Humano,Raiva,1656,Exposicao_Face
93472,17,579,319,4.48,1,93472,24,Humano,Raiva,1672,Exposicao_Face
93489,17,585,318,4.56,1,93489,24,Humano,Raiva,1689,Exposicao_Face
93506,17,573,315,4.57,1,93506,24,Humano,Raiva,1706,Exposicao_Face
93522,17,581,306,4.51,1,93522,24,Humano,Raiva,1722,Exposicao_Face
93539,17,577,311,4.57,1,93539,24,Humano,Raiva,1739,Exposicao_Face
93556,17,583,320,4.54,1,93556,24,Humano,Raiva,1756,Exposicao_Face
93572,17,581,317,4.51,1,93572,24,Humano,Raiva,1772,Exposicao_Face
93589,17,576,336,4.54,1,93589,24,Humano,Raiva,1789,Exposicao_Face
93605,17,581,325,4.46,1,93605,24,Humano,Raiva,1805,Exposicao_Face
93622,17,571,324,4.59,1,93622,24,Humano,Raiva,1822,Exposicao_Face
93639,17,575,327,4.6,1,93639,24,Humano,Raiva,1839,Exposicao_Face
93655,17,585,317,4.51,1,93655,24,Humano,Raiva,1855,Exposicao_Face
93672,17,663,297,4.46,1,93672,24,Humano,Raiva,1872,Exposicao_Face
93689,17,688,298,4.43,1,93689,24,Humano,Raiva,1889,Exposicao_Face
93705,17,702,307,4.57,1,93705,24,Humano,Raiva,1905,Exposicao_Face
93722,17,713,291,4.52,1,93722,24,Humano,Raiva,1922,Exposicao_Face
93739,17,709,270,4.51,1,93739,24,Humano,Raiva,1939,Exposicao_Face
93755,17,711,296,4.51,1,93755,24,Humano,Raiva,1955,Exposicao_Face
93772,17,710,291,4.54,1,93772,24,Humano,Raiva,1972,Exposicao_Face
93788,17,710,301,4.51,1,93788,24,Humano,Raiva,1988,Exposicao_Face
93805,17,706,308,4.59,1,93805,24,Humano,Raiva,2005,Exposicao_Face
93822,17,698,290,4.6,1,93822,24,Humano,Raiva,2022,Exposicao_Face
93838,17,709,298,4.56,1,93838,24,Humano,Raiva,2038,Exposicao_Face
93855,17,700,302,4.46,1,93855,24,Humano,Raiva,2055,Exposicao_Face
93872,17,693,308,4.56,1,93872,24,Humano,Raiva,2072,Exposicao_Face
93888,17,711,299,4.62,1,93888,24,Humano,Raiva,2088,Exposicao_Face
93905,17,705,308,4.64,1,93905,24,Humano,Raiva,2105,Exposicao_Face
93921,17,687,314,4.65,1,93921,24,Humano,Raiva,2121,Exposicao_Face
93938,17,704,301,4.73,1,93938,24,Humano,Raiva,2138,Exposicao_Face
93955,17,698,308,4.64,1,93955,24,Humano,Raiva,2155,Exposicao_Face
93971,17,706,304,4.6,1,93971,24,Humano,Raiva,2171,Exposicao_Face
93988,17,708,306,4.68,1,93988,24,Humano,Raiva,2188,Exposicao_Face
94005,17,688,306,4.72,1,94005,24,Humano,Raiva,2205,Exposicao_Face
94021,17,703,299,4.7,1,94021,24,Humano,Raiva,2221,Exposicao_Face
94038,17,689,311,4.75,1,94038,24,Humano,Raiva,2238,Exposicao_Face
94055,17,686,306,4.7,1,94055,24,Humano,Raiva,2255,Exposicao_Face
94071,17,705,304,4.67,1,94071,24,Humano,Raiva,2271,Exposicao_Face
94088,17,698,301,4.7,1,94088,24,Humano,Raiva,2288,Exposicao_Face
94104,17,700,300,4.7,1,94104,24,Humano,Raiva,2304,Exposicao_Face
94121,17,698,315,4.7,1,94121,24,Humano,Raiva,2321,Exposicao_Face
94138,17,695,292,4.68,1,94138,24,Humano,Raiva,2338,Exposicao_Face
94154,17,699,301,4.67,1,94154,24,Humano,Raiva,2354,Exposicao_Face
94171,17,699,299,4.73,1,94171,24,Humano,Raiva,2371,Exposicao_Face
94188,17,701,293,4.68,1,94188,24,Humano,Raiva,2388,Exposicao_Face
94204,17,694,303,4.67,1,94204,24,Humano,Raiva,2404,Exposicao_Face
94221,17,702,286,4.76,1,94221,24,Humano,Raiva,2421,Exposicao_Face
94238,17,695,310,4.72,1,94238,24,Humano,Raiva,2438,Exposicao_Face
94254,17,694,309,4.73,1,94254,24,Humano,Raiva,2454,Exposicao_Face
94271,17,681,309,4.7,1,94271,24,Humano,Raiva,2471,Exposicao_Face
94287,17,702,301,4.73,1,94287,24,Humano,Raiva,2487,Exposicao_Face
94304,17,696,296,4.76,1,94304,24,Humano,Raiva,2504,Exposicao_Face
94321,17,691,294,4.7,1,94321,24,Humano,Raiva,2521,Exposicao_Face
94337,17,691,296,4.76,1,94337,24,Humano,Raiva,2537,Exposicao_Face
94354,17,706,288,4.67,1,94354,24,Humano,Raiva,2554,Exposicao_Face
94371,17,705,282,4.64,1,94371,24,Humano,Raiva,2571,Exposicao_Face
94387,17,708,295,4.7,1,94387,24,Humano,Raiva,2587,Exposicao_Face
94404,17,703,291,4.68,1,94404,24,Humano,Raiva,2604,Exposicao_Face
94421,17,712,271,4.65,1,94421,24,Humano,Raiva,2621,Exposicao_Face
94437,17,706,301,4.76,1,94437,24,Humano,Raiva,2637,Exposicao_Face
94454,17,701,290,4.67,1,94454,24,Humano,Raiva,2654,Exposicao_Face
94470,17,704,283,4.65,1,94470,24,Humano,Raiva,2670,Exposicao_Face
94487,17,707,294,4.75,1,94487,24,Humano,Raiva,2687,Exposicao_Face
94504,17,702,289,4.7,1,94504,24,Humano,Raiva,2704,Exposicao_Face
94520,17,696,276,4.68,1,94520,24,Humano,Raiva,2720,Exposicao_Face
94537,17,693,283,4.72,1,94537,24,Humano,Raiva,2737,Exposicao_Face
94554,17,716,280,4.7,1,94554,24,Humano,Raiva,2754,Exposicao_Face
94570,17,700,284,4.72,1,94570,24,Humano,Raiva,2770,Exposicao_Face
94587,17,709,281,4.72,1,94587,24,Humano,Raiva,2787,Exposicao_Face
94604,17,703,286,4.7,1,94604,24,Humano,Raiva,2804,Exposicao_Face
94620,17,709,280,4.65,1,94620,24,Humano,Raiva,2820,Exposicao_Face
94637,17,700,291,4.8,1,94637,24,Humano,Raiva,2837,Exposicao_Face
94653,17,696,288,4.68,1,94653,24,Humano,Raiva,2853,Exposicao_Face
94670,17,705,288,4.76,1,94670,24,Humano,Raiva,2870,Exposicao_Face
94687,17,711,280,4.64,1,94687,24,Humano,Raiva,2887,Exposicao_Face
94703,17,731,306,4.72,1,94703,24,Humano,Raiva,2903,Exposicao_Face
94720,17,809,329,4.57,1,94720,24,Humano,Raiva,2920,Exposicao_Face
94737,17,873,443,4.59,3,94737,24,Humano,Raiva,2937,Exposicao_Face
94753,17,898,763,4.48,3,94753,24,Humano,Raiva,2953,Exposicao_Face
94803,50,1851,735,0.0,0,94803,24,Humano,Raiva,3003,Exposicao_Face
94820,17,1100,521,4.12,0,94820,24,Humano,Raiva,3020,Exposicao_Face
94853,33,1084,507,4.14,0,94853,24,Humano,Raiva,3053,Exposicao_Face
94870,17,1140,500,4.15,0,94870,24,Humano,Raiva,3070,Exposicao_Face
94886,17,1128,495,4.04,0,94886,24,Humano,Raiva,3086,Exposicao_Face
94903,17,1091,483,4.07,0,94903,24,Humano,Raiva,3103,Exposicao_Face
94920,17,1110,494,4.27,0,94920,24,Humano,Raiva,3120,Exposicao_Face
94936,17,1122,489,4.19,0,94936,24,Humano,Raiva,3136,Exposicao_Face
94953,17,1107,486,4.19,0,94953,24,Humano,Raiva,3153,Exposicao_Face
94969,17,1090,494,4.27,0,94969,24,Humano,Raiva,3169,Exposicao_Face
94986,17,1117,497,4.12,0,94986,24,Humano,Raiva,3186,Exposicao_Face
95003,17,1140,485,4.15,0,95003,24,Humano,Raiva,3203,Exposicao_Face
95019,17,1132,494,4.22,0,95019,24,Humano,Raiva,3219,Exposicao_Face
95036,17,1131,490,4.11,0,95036,24,Humano,Raiva,3236,Exposicao_Face
95053,17,1136,488,4.15,0,95053,24,Humano,Raiva,3253,Exposicao_Face
95069,17,1131,484,4.22,0,95069,24,Humano,Raiva,3269,Exposicao_Face
95086,17,1121,479,4.15,0,95086,24,Humano,Raiva,3286,Exposicao_Face
95103,17,1126,486,4.19,0,95103,24,Humano,Raiva,3303,Exposicao_Face
95119,17,1149,482,4.15,0,95119,24,Humano,Raiva,3319,Exposicao_Face
95136,17,1127,486,4.19,0,95136,24,Humano,Raiva,3336,Exposicao_Face
95152,17,1144,481,4.09,0,95152,24,Humano,Raiva,3352,Exposicao_Face
95169,17,1146,487,4.03,0,95169,24,Humano,Raiva,3369,Exposicao_Face
95186,17,1137,499,4.07,0,95186,24,Humano,Raiva,3386,Exposicao_Face
95202,17,1122,498,4.19,0,95202,24,Humano,Raiva,3402,Exposicao_Face
95219,17,1133,495,4.03,0,95219,24,Humano,Raiva,3419,Exposicao_Face
95236,17,1107,568,3.99,0,95236,24,Humano,Raiva,3436,Exposicao_Face
95252,17,1131,701,3.79,0,95252,24,Humano,Raiva,3452,Exposicao_Face
95286,33,1180,736,3.82,0,95286,24,Humano,Raiva,3486,Exposicao_Face
95535,250,1155,748,3.63,0,95535,24,Humano,Raiva,3735,Exposicao_Face
95568,33,1023,685,3.8,0,95568,24,Humano,Raiva,3768,Exposicao_Face
95585,17,904,576,4.09,3,95585,24,Humano,Raiva,3785,Exposicao_Face
95602,17,715,456,4.22,3,95602,24,Humano,Raiva,3802,Exposicao_Face
95618,17,530,429,4.19,3,95618,24,Humano,Raiva,3818,Exposicao_Face
95635,17,395,378,4.15,2,95635,24,Humano,Raiva,3835,Exposicao_Face
95652,17,429,383,4.24,2,95652,24,Humano,Raiva,3852,Exposicao_Face
95668,17,415,376,4.24,2,95668,24,Humano,Raiva,3868,Exposicao_Face
95685,17,416,388,4.32,2,95685,24,Humano,Raiva,3885,Exposicao_Face
95701,17,429,378,4.28,2,95701,24,Humano,Raiva,3901,Exposicao_Face
95718,17,425,390,4.25,2,95718,24,Humano,Raiva,3918,Exposicao_Face
95735,17,418,384,4.3,2,95735,24,Humano,Raiva,3935,Exposicao_Face
95751,17,458,398,4.28,2,95751,24,Humano,Raiva,3951,Exposicao_Face
95768,17,428,368,4.14,2,95768,24,Humano,Raiva,3968,Exposicao_Face
95785,17,442,385,4.09,2,95785,24,Humano,Raiva,3985,Exposicao_Face
95801,17,433,377,4.19,2,95801,25,Humano,Feliz,1,Janela_Baseline
95818,17,430,378,4.2,2,95818,25,Humano,Feliz,18,Janela_Baseline
95835,17,438,375,4.17,2,95835,25,Humano,Feliz,35,Janela_Baseline
95868,33,489,324,4.14,1,95868,25,Humano,Feliz,68,Janela_Baseline
95884,17,490,323,4.12,1,95884,25,Humano,Feliz,84,Janela_Baseline
95901,17,490,325,4.15,1,95901,25,Humano,Feliz,101,Janela_Baseline
95918,17,490,327,4.07,1,95918,25,Humano,Feliz,118,Janela_Baseline
95934,17,487,329,4.12,1,95934,25,Humano,Feliz,134,Janela_Baseline
95951,17,479,338,4.11,1,95951,25,Humano,Feliz,151,Janela_Baseline
95968,17,488,338,4.17,1,95968,25,Humano,Feliz,168,Janela_Baseline
95984,17,483,336,4.14,1,95984,25,Humano,Feliz,184,Janela_Baseline
96001,17,492,319,4.06,1,96001,25,Humano,Feliz,201,Janela_Baseline
96018,17,485,317,4.04,1,96018,25,Humano,Feliz,218,Janela_Baseline
96034,17,475,338,4.11,1,96034,25,Humano,Feliz,234,Janela_Baseline
96051,17,489,326,4.06,1,96051,25,Humano,Feliz,251,Janela_Baseline
96067,17,491,325,4.06,1,96067,25,Humano,Feliz,267,Janela_Baseline
96084,17,489,333,4.04,1,96084,25,Humano,Feliz,284,Janela_Baseline
96101,17,516,331,4.09,1,96101,25,Humano,Feliz,301,Janela_Baseline
96117,17,543,301,4.01,1,96117,25,Humano,Feliz,317,Janela_Baseline
96134,17,545,306,3.96,1,96134,25,Humano,Feliz,334,Janela_Baseline
96151,17,544,315,4.01,1,96151,25,Humano,Feliz,351,Janela_Baseline
96167,17,544,314,4.03,1,96167,25,Humano,Feliz,367,Janela_Baseline
96184,17,547,312,4.01,1,96184,25,Humano,Feliz,384,Janela_Baseline
96200,17,548,299,4.01,1,96200,25,Humano,Feliz,400,Janela_Baseline
96217,17,536,326,4.09,1,96217,25,Humano,Feliz,417,Janela_Baseline
96234,17,530,324,4.11,1,96234,25,Humano,Feliz,434,Janela_Baseline
96250,17,556,312,4.11,1,96250,25,Humano,Feliz,450,Janela_Baseline
96267,17,534,333,4.11,1,96267,25,Humano,Feliz,467,Janela_Baseline
96284,17,538,315,4.19,1,96284,25,Humano,Feliz,484,Janela_Baseline
96300,17,539,317,4.25,1,96300,25,Humano,Feliz,500,Janela_Baseline
96317,17,546,314,4.2,1,96317,25,Humano,Feliz,517,Janela_Baseline
96334,17,542,319,4.2,1,96334,25,Humano,Feliz,534,Janela_Baseline
96350,17,547,314,4.17,1,96350,25,Humano,Feliz,550,Janela_Baseline
96367,17,534,324,4.25,1,96367,25,Humano,Feliz,567,Janela_Baseline
96383,17,539,318,4.22,1,96383,25,Humano,Feliz,583,Janela_Baseline
96400,17,523,340,4.22,1,96400,25,Humano,Feliz,600,Janela_Baseline
96417,17,449,386,4.27,2,96417,25,Humano,Feliz,617,Janela_Baseline
96433,17,473,367,4.28,2,96433,25,Humano,Feliz,633,Janela_Baseline
96450,17,462,385,4.33,2,96450,25,Humano,Feliz,650,Janela_Baseline
96467,17,445,379,4.27,2,96467,25,Humano,Feliz,667,Janela_Baseline
96483,17,453,379,4.41,2,96483,25,Humano,Feliz,683,Janela_Baseline
96500,17,462,369,4.43,2,96500,25,Humano,Feliz,700,Janela_Baseline
96517,17,446,385,4.36,2,96517,25,Humano,Feliz,717,Janela_Baseline
96533,17,477,388,4.44,2,96533,25,Humano,Feliz,733,Janela_Baseline
96550,17,454,381,4.35,2,96550,25,Humano,Feliz,750,Janela_Baseline
96566,17,445,382,4.48,2,96566,25,Humano,Feliz,766,Janela_Baseline
96583,17,451,383,4.38,2,96583,25,Humano,Feliz,783,Janela_Baseline
96600,17,456,371,4.4,2,96600,25,Humano,Feliz,800,Janela_Baseline
96616,17,453,374,4.44,2,96616,25,Humano,Feliz,816,Janela_Baseline
96633,17,453,380,4.41,2,96633,25,Humano,Feliz,833,Janela_Baseline
96650,17,443,396,4.44,2,96650,25,Humano,Feliz,850,Janela_Baseline
96666,17,450,383,4.46,2,96666,25,Humano,Feliz,866,Janela_Baseline
96683,17,465,387,4.43,2,96683,25,Humano,Feliz,883,Janela_Baseline
96700,17,442,390,4.43,2,96700,25,Humano,Feliz,900,Janela_Baseline
96716,17,468,382,4.35,2,96716,25,Humano,Feliz,916,Janela_Baseline
96733,17,452,376,4.4,2,96733,25,Humano,Feliz,933,Janela_Baseline
96749,17,456,386,4.44,2,96749,25,Humano,Feliz,949,Janela_Baseline
96766,17,453,375,4.4,2,96766,25,Humano,Feliz,966,Janela_Baseline
96783,17,443,372,4.4,2,96783,25,Humano,Feliz,983,Janela_Baseline
96833,50,451,387,4.48,2,96833,25,Humano,Feliz,1033,Janela_Baseline
96866,33,456,380,4.33,2,96866,25,Humano,Feliz,1066,Janela_Baseline
96883,17,487,338,4.32,1,96883,25,Humano,Feliz,1083,Janela_Baseline
96899,17,503,317,4.24,1,96899,25,Humano,Feliz,1099,Janela_Baseline
96916,17,505,327,4.4,1,96916,25,Humano,Feliz,1116,Janela_Baseline
96932,17,513,319,4.38,1,96932,25,Humano,Feliz,1132,Janela_Baseline
96949,17,510,314,4.43,1,96949,25,Humano,Feliz,1149,Janela_Baseline
96966,17,510,327,4.43,1,96966,25,Humano,Feliz,1166,Janela_Baseline
96982,17,505,318,4.44,1,96982,25,Humano,Feliz,1182,Janela_Baseline
96999,17,511,317,4.41,1,96999,25,Humano,Feliz,1199,Janela_Baseline
97016,17,507,327,4.44,1,97016,25,Humano,Feliz,1216,Janela_Baseline
97032,17,501,321,4.41,1,97032,25,Humano,Feliz,1232,Janela_Baseline
97049,17,497,337,4.46,1,97049,25,Humano,Feliz,1249,Janela_Baseline
97066,17,519,318,4.44,1,97066,25,Humano,Feliz,1266,Janela_Baseline
97082,17,507,334,4.51,1,97082,25,Humano,Feliz,1282,Janela_Baseline
97099,17,503,322,4.35,1,97099,25,Humano,Feliz,1299,Janela_Baseline
97115,17,511,320,4.41,1,97115,25,Humano,Feliz,1315,Exposicao_Face
97132,17,553,324,4.4,1,97132,25,Humano,Feliz,1332,Exposicao_Face
97149,17,580,296,4.46,1,97149,25,Humano,Feliz,1349,Exposicao_Face
97165,17,573,312,4.44,1,97165,25,Humano,Feliz,1365,Exposicao_Face
97182,17,576,316,4.51,1,97182,25,Humano,Feliz,1382,Exposicao_Face
97199,17,579,298,4.48,1,97199,25,Humano,Feliz,1399,Exposicao_Face
97215,17,570,320,4.43,1,97215,25,Humano,Feliz,1415,Exposicao_Face
97232,17,569,321,4.54,1,97232,25,Humano,Feliz,1432,Exposicao_Face
97248,17,577,312,4.44,1,97248,25,Humano,Feliz,1448,Exposicao_Face
97265,17,567,319,4.41,1,97265,25,Humano,Feliz,1465,Exposicao_Face
97282,17,572,322,4.43,1,97282,25,Humano,Feliz,1482,Exposicao_Face
97298,17,571,311,4.41,1,97298,25,Humano,Feliz,1498,Exposicao_Face
97315,17,575,311,4.41,1,97315,25,Humano,Feliz,1515,Exposicao_Face
97332,17,578,313,4.46,1,97332,25,Humano,Feliz,1532,Exposicao_Face
97348,17,563,331,4.52,1,97348,25,Humano,Feliz,1548,Exposicao_Face
97365,17,565,328,4.52,1,97365,25,Humano,Feliz,1565,Exposicao_Face
97382,17,573,310,4.41,1,97382,25,Humano,Feliz,1582,Exposicao_Face
97398,17,567,326,4.46,1,97398,25,Humano,Feliz,1598,Exposicao_Face
97415,17,574,312,4.56,1,97415,25,Humano,Feliz,1615,Exposicao_Face
97431,17,557,323,4.51,1,97431,25,Humano,Feliz,1631,Exposicao_Face
97448,17,582,309,4.44,1,97448,25,Humano,Feliz,1648,Exposicao_Face
97465,17,565,328,4.4,1,97465,25,Humano,Feliz,1665,Exposicao_Face
97481,17,562,322,4.46,1,97481,25,Humano,Feliz,1681,Exposicao_Face
97498,17,563,335,4.48,1,97498,25,Humano,Feliz,1698,Exposicao_Face
97515,17,564,329,4.48,1,97515,25,Humano,Feliz,1715,Exposicao_Face
97531,17,575,327,4.41,1,97531,25,Humano,Feliz,1731,Exposicao_Face
97548,17,573,312,4.59,1,97548,25,Humano,Feliz,1748,Exposicao_Face
97565,17,568,327,4.57,1,97565,25,Humano,Feliz,1765,Exposicao_Face
97581,17,574,323,4.51,1,97581,25,Humano,Feliz,1781,Exposicao_Face
97598,17,508,341,4.56,1,97598,25,Humano,Feliz,1798,Exposicao_Face
97614,17,412,320,4.44,1,97614,25,Humano,Feliz,1814,Exposicao_Face
97631,17,387,329,4.54,1,97631,25,Humano,Feliz,1831,Exposicao_Face
97648,17,383,315,4.48,1,97648,25,Humano,Feliz,1848,Exposicao_Face
97664,17,398,311,4.43,1,97664,25,Humano,Feliz,1864,Exposicao_Face
97681,17,392,317,4.48,1,97681,25,Humano,Feliz,1881,Exposicao_Face
97698,17,388,323,4.48,1,97698,25,Humano,Feliz,1898,Exposicao_Face
97714,17,385,325,4.56,1,97714,25,Humano,Feliz,1914,Exposicao_Face
97731,17,378,315,4.44,1,97731,25,Humano,Feliz,1931,Exposicao_Face
97748,17,392,320,4.59,1,97748,25,Humano,Feliz,1948,Exposicao_Face
97764,17,379,326,4.44,1,97764,25,Humano,Feliz,1964,Exposicao_Face
97781,17,381,328,4.44,1,97781,25,Humano,Feliz,1981,Exposicao_Face
97797,17,388,324,4.48,1,97797,25,Humano,Feliz,1997,Exposicao_Face
97814,17,401,311,4.54,1,97814,25,Humano,Feliz,2014,Exposicao_Face
97831,17,413,308,4.56,1,97831,25,Humano,Feliz,2031,Exposicao_Face
97847,17,405,311,4.48,1,97847,25,Humano,Feliz,2047,Exposicao_Face
97864,17,417,304,4.43,1,97864,25,Humano,Feliz,2064,Exposicao_Face
97881,17,420,312,4.54,1,97881,25,Humano,Feliz,2081,Exposicao_Face
97897,17,423,301,4.54,1,97897,25,Humano,Feliz,2097,Exposicao_Face
97914,17,416,311,4.57,1,97914,25,Humano,Feliz,2114,Exposicao_Face
97931,17,411,311,4.6,1,97931,25,Humano,Feliz,2131,Exposicao_Face
97947,17,417,311,4.57,1,97947,25,Humano,Feliz,2147,Exposicao_Face
97964,17,415,309,4.57,1,97964,25,Humano,Feliz,2164,Exposicao_Face
97980,17,411,314,4.56,1,97980,25,Humano,Feliz,2180,Exposicao_Face
97997,17,412,309,4.54,1,97997,25,Humano,Feliz,2197,Exposicao_Face
98014,17,409,315,4.46,1,98014,25,Humano,Feliz,2214,Exposicao_Face
98030,17,416,316,4.57,1,98030,25,Humano,Feliz,2230,Exposicao_Face
98047,17,411,309,4.54,1,98047,25,Humano,Feliz,2247,Exposicao_Face
98064,17,413,316,4.54,1,98064,25,Humano,Feliz,2264,Exposicao_Face
98080,17,419,315,4.52,1,98080,25,Humano,Feliz,2280,Exposicao_Face
98097,17,400,318,4.54,1,98097,25,Humano,Feliz,2297,Exposicao_Face
98114,17,412,325,4.46,1,98114,25,Humano,Feliz,2314,Exposicao_Face
98130,17,404,323,4.48,1,98130,25,Humano,Feliz,2330,Exposicao_Face
98147,17,415,321,4.57,1,98147,25,Humano,Feliz,2347,Exposicao_Face
98163,17,409,313,4.43,1,98163,25,Humano,Feliz,2363,Exposicao_Face
98180,17,443,303,4.48,1,98180,25,Humano,Feliz,2380,Exposicao_Face
98197,17,526,354,4.56,1,98197,25,Humano,Feliz,2397,Exposicao_Face
98213,17,548,348,4.54,1,98213,25,Humano,Feliz,2413,Exposicao_Face
98230,17,563,334,4.44,1,98230,25,Humano,Feliz,2430,Exposicao_Face
98247,17,556,341,4.44,1,98247,25,Humano,Feliz,2447,Exposicao_Face
98263,17,542,348,4.52,1,98263,25,Humano,Feliz,2463,Exposicao_Face
98280,17,561,346,4.48,1,98280,25,Humano,Feliz,2480,Exposicao_Face
98297,17,538,369,4.62,2,98297,25,Humano,Feliz,2497,Exposicao_Face
98313,17,533,361,4.59,1,98313,25,Humano,Feliz,2513,Exposicao_Face
98330,17,540,365,4.56,2,98330,25,Humano,Feliz,2530,Exposicao_Face
98346,17,556,342,4.59,1,98346,25,Humano,Feliz,2546,Exposicao_Face
98363,17,554,356,4.65,1,98363,25,Humano,Feliz,2563,Exposicao_Face
98380,17,533,349,4.6,1,98380,25,Humano,Feliz,2580,Exposicao_Face
98396,17,544,346,4.56,1,98396,25,Humano,Feliz,2596,Exposicao_Face
98413,17,553,351,4.57,1,98413,25,Humano,Feliz,2613,Exposicao_Face
98430,17,454,330,4.59,1,98430,25,Humano,Feliz,2630,Exposicao_Face
98446,17,443,343,4.59,1,98446,25,Humano,Feliz,2646,Exposicao_Face
98463,17,433,338,4.52,1,98463,25,Humano,Feliz,2663,Exposicao_Face
98479,17,439,347,4.7,1,98479,25,Humano,Feliz,2679,Exposicao_Face
98496,17,444,337,4.57,1,98496,25,Humano,Feliz,2696,Exposicao_Face
98513,17,433,344,4.6,1,98513,25,Humano,Feliz,2713,Exposicao_Face
98529,17,441,336,4.7,1,98529,25,Humano,Feliz,2729,Exposicao_Face
98546,17,437,340,4.59,1,98546,25,Humano,Feliz,2746,Exposicao_Face
98563,17,429,343,4.67,1,98563,25,Humano,Feliz,2763,Exposicao_Face
98579,17,443,327,4.52,1,98579,25,Humano,Feliz,2779,Exposicao_Face
98596,17,432,339,4.6,1,98596,25,Humano,Feliz,2796,Exposicao_Face
98613,17,446,343,4.64,1,98613,25,Humano,Feliz,2813,Exposicao_Face
98629,17,425,344,4.65,1,98629,25,Humano,Feliz,2829,Exposicao_Face
98646,17,432,348,4.64,1,98646,25,Humano,Feliz,2846,Exposicao_Face
98662,17,421,346,4.68,1,98662,25,Humano,Feliz,2862,Exposicao_Face
98679,17,413,339,4.62,1,98679,25,Humano,Feliz,2879,Exposicao_Face
98696,17,411,325,4.57,1,98696,25,Humano,Feliz,2896,Exposicao_Face
98712,17,425,320,4.6,1,98712,25,Humano,Feliz,2912,Exposicao_Face
98729,17,407,346,4.6,1,98729,25,Humano,Feliz,2929,Exposicao_Face
98746,17,412,332,4.65,1,98746,25,Humano,Feliz,2946,Exposicao_Face
98762,17,402,340,4.67,1,98762,25,Humano,Feliz,2962,Exposicao_Face
98779,17,398,349,4.67,1,98779,25,Humano,Feliz,2979,Exposicao_Face
98796,17,426,341,4.84,1,98796,25,Humano,Feliz,2996,Exposicao_Face
98812,17,406,341,4.68,1,98812,25,Humano,Feliz,3012,Exposicao_Face
98829,17,408,337,4.68,1,98829,25,Humano,Feliz,3029,Exposicao_Face
98845,17,404,331,4.81,1,98845,25,Humano,Feliz,3045,Exposicao_Face
98862,17,416,334,4.76,1,98862,25,Humano,Feliz,3062,Exposicao_Face
98879,17,416,326,4.72,1,98879,25,Humano,Feliz,3079,Exposicao_Face
98895,17,409,341,4.81,1,98895,25,Humano,Feliz,3095,Exposicao_Face
98912,17,401,348,4.76,1,98912,25,Humano,Feliz,3112,Exposicao_Face
98929,17,410,338,4.83,1,98929,25,Humano,Feliz,3129,Exposicao_Face
98945,17,406,347,4.8,1,98945,25,Humano,Feliz,3145,Exposicao_Face
98962,17,414,321,4.67,1,98962,25,Humano,Feliz,3162,Exposicao_Face
98979,17,402,341,4.81,1,98979,25,Humano,Feliz,3179,Exposicao_Face
99012,33,417,333,4.81,1,99012,25,Humano,Feliz,3212,Exposicao_Face
99028,17,421,347,4.89,1,99028,25,Humano,Feliz,3228,Exposicao_Face
99045,17,416,342,4.86,1,99045,25,Humano,Feliz,3245,Exposicao_Face
99062,17,409,348,4.83,1,99062,25,Humano,Feliz,3262,Exposicao_Face
99078,17,456,372,4.78,2,99078,25,Humano,Feliz,3278,Exposicao_Face
99095,17,465,359,4.91,1,99095,25,Humano,Feliz,3295,Exposicao_Face
99112,17,463,369,4.88,2,99112,25,Humano,Feliz,3312,Exposicao_Face
99128,17,464,372,4.89,2,99128,25,Humano,Feliz,3328,Exposicao_Face
99145,17,463,357,4.86,1,99145,25,Humano,Feliz,3345,Exposicao_Face
99162,17,457,378,4.89,2,99162,25,Humano,Feliz,3362,Exposicao_Face
99178,17,448,376,4.94,2,99178,25,Humano,Feliz,3378,Exposicao_Face
99195,17,452,375,4.84,2,99195,25,Humano,Feliz,3395,Exposicao_Face
99211,17,469,365,4.8,2,99211,25,Humano,Feliz,3411,Exposicao_Face
99228,17,467,360,4.83,1,99228,25,Humano,Feliz,3428,Exposicao_Face
99245,17,457,378,4.88,2,99245,25,Humano,Feliz,3445,Exposicao_Face
99261,17,458,364,4.83,2,99261,25,Humano,Feliz,3461,Exposicao_Face
99278,17,466,374,4.72,2,99278,25,Humano,Feliz,3478,Exposicao_Face
99295,17,305,633,4.83,3,99295,25,Humano,Feliz,3495,Exposicao_Face
99943,649,336,605,0.0,3,99943,26,Humano,Neutro,143,Janela_Baseline
99960,17,411,519,4.59,3,99960,26,Humano,Neutro,160,Janela_Baseline
99977,17,456,425,4.51,3,99977,26,Humano,Neutro,177,Janela_Baseline
99993,17,444,415,4.54,5,99993,26,Humano,Neutro,193,Janela_Baseline
100010,17,457,426,4.54,3,100010,26,Humano,Neutro,210,Janela_Baseline
100027,17,446,439,4.51,3,100027,26,Humano,Neutro,227,Janela_Baseline
100043,17,455,421,4.51,3,100043,26,Humano,Neutro,243,Janela_Baseline
100060,17,448,438,4.54,3,100060,26,Humano,Neutro,260,Janela_Baseline
100076,17,465,425,4.41,3,100076,26,Humano,Neutro,276,Janela_Baseline
100093,17,457,425,4.48,3,100093,26,Humano,Neutro,293,Janela_Baseline
100110,17,459,429,4.52,3,100110,26,Humano,Neutro,310,Janela_Baseline
100126,17,452,437,4.48,3,100126,26,Humano,Neutro,326,Janela_Baseline
100143,17,445,432,4.46,3,100143,26,Humano,Neutro,343,Janela_Baseline
100160,17,461,428,4.48,3,100160,26,Humano,Neutro,360,Janela_Baseline
100176,17,471,384,4.33,2,100176,26,Humano,Neutro,376,Janela_Baseline
100193,17,441,352,4.38,1,100193,26,Humano,Neutro,393,Janela_Baseline
100210,17,468,321,4.3,1,100210,26,Humano,Neutro,410,Janela_Baseline
100226,17,451,325,4.27,1,100226,26,Humano,Neutro,426,Janela_Baseline
100243,17,461,325,4.33,1,100243,26,Humano,Neutro,443,Janela_Baseline
100259,17,457,323,4.32,1,100259,26,Humano,Neutro,459,Janela_Baseline
100276,17,471,315,4.27,1,100276,26,Humano,Neutro,476,Janela_Baseline
100293,17,469,312,4.17,1,100293,26,Humano,Neutro,493,Janela_Baseline
100309,17,471,329,4.3,1,100309,26,Humano,Neutro,509,Janela_Baseline
100326,17,461,325,4.27,1,100326,26,Humano,Neutro,526,Janela_Baseline
100343,17,465,337,4.28,1,100343,26,Humano,Neutro,543,Janela_Baseline
100359,17,458,334,4.24,1,100359,26,Humano,Neutro,559,Janela_Baseline
100376,17,467,330,4.14,1,100376,26,Humano,Neutro,576,Janela_Baseline
100393,17,462,327,4.11,1,100393,26,Humano,Neutro,593,Janela_Baseline
100409,17,465,324,4.09,1,100409,26,Humano,Neutro,609,Janela_Baseline
100426,17,446,328,4.07,1,100426,26,Humano,Neutro,626,Janela_Baseline
100442,17,464,322,4.06,1,100442,26,Humano,Neutro,642,Janela_Baseline
100459,17,455,329,4.06,1,100459,26,Humano,Neutro,659,Janela_Baseline
100476,17,460,325,4.14,1,100476,26,Humano,Neutro,676,Janela_Baseline
100509,33,453,333,4.07,1,100509,26,Humano,Neutro,709,Janela_Baseline
100509,0,453,333,4.07,1,100509,26,Humano,Neutro,709,Janela_Baseline
100526,17,448,328,4.2,1,100526,26,Humano,Neutro,726,Janela_Baseline
100542,17,440,344,4.25,1,100542,26,Humano,Neutro,742,Janela_Baseline
100559,17,453,338,4.11,1,100559,26,Humano,Neutro,759,Janela_Baseline
100576,17,432,334,4.06,1,100576,26,Humano,Neutro,776,Janela_Baseline
100592,17,453,323,4.01,1,100592,26,Humano,Neutro,792,Janela_Baseline
100609,17,446,326,3.99,1,100609,26,Humano,Neutro,809,Janela_Baseline
100625,17,453,334,4.25,1,100625,26,Humano,Neutro,825,Janela_Baseline
100642,17,436,343,4.19,1,100642,26,Humano,Neutro,842,Janela_Baseline
100659,17,488,320,4.11,1,100659,26,Humano,Neutro,859,Janela_Baseline
100675,17,528,336,4.25,1,100675,26,Humano,Neutro,875,Janela_Baseline
100692,17,557,322,4.07,1,100692,26,Humano,Neutro,892,Janela_Baseline
100709,17,557,332,4.17,1,100709,26,Humano,Neutro,909,Janela_Baseline
100725,17,559,323,3.98,1,100725,26,Humano,Neutro,925,Janela_Baseline
100742,17,544,337,4.06,1,100742,26,Humano,Neutro,942,Janela_Baseline
100758,17,558,333,4.15,1,100758,26,Humano,Neutro,958,Janela_Baseline
100775,17,543,334,4.07,1,100775,26,Humano,Neutro,975,Janela_Baseline
100792,17,550,338,4.15,1,100792,26,Humano,Neutro,992,Janela_Baseline
100808,17,553,327,3.95,1,100808,26,Humano,Neutro,1008,Janela_Baseline
100825,17,557,331,4.07,1,100825,26,Humano,Neutro,1025,Janela_Baseline
100842,17,563,330,4.03,1,100842,26,Humano,Neutro,1042,Janela_Baseline
100858,17,564,327,4.07,1,100858,26,Humano,Neutro,1058,Janela_Baseline
100875,17,559,330,4.07,1,100875,26,Humano,Neutro,1075,Janela_Baseline
100892,17,560,324,4.12,1,100892,26,Humano,Neutro,1092,Janela_Baseline
100908,17,538,340,4.15,1,100908,26,Humano,Neutro,1108,Janela_Baseline
100925,17,541,340,4.07,1,100925,26,Humano,Neutro,1125,Janela_Baseline
100941,17,560,329,4.06,1,100941,26,Humano,Neutro,1141,Janela_Baseline
100958,17,548,343,3.95,1,100958,26,Humano,Neutro,1158,Janela_Baseline
100975,17,548,340,4.07,1,100975,26,Humano,Neutro,1175,Janela_Baseline
100991,17,552,329,4.07,1,100991,26,Humano,Neutro,1191,Janela_Baseline
101008,17,541,340,4.12,1,101008,26,Humano,Neutro,1208,Janela_Baseline
101025,17,564,319,4.03,1,101025,26,Humano,Neutro,1225,Janela_Baseline
101041,17,555,325,4.04,1,101041,26,Humano,Neutro,1241,Janela_Baseline
101058,17,564,322,3.99,1,101058,26,Humano,Neutro,1258,Janela_Baseline
101075,17,559,335,4.09,1,101075,26,Humano,Neutro,1275,Janela_Baseline
101091,17,554,346,4.14,1,101091,26,Humano,Neutro,1291,Janela_Baseline
101108,17,558,336,4.04,1,101108,26,Humano,Neutro,1308,Exposicao_Face
101124,17,483,395,4.04,2,101124,26,Humano,Neutro,1324,Exposicao_Face
101141,17,460,398,4.04,2,101141,26,Humano,Neutro,1341,Exposicao_Face
101158,17,447,418,4.17,3,101158,26,Humano,Neutro,1358,Exposicao_Face
101174,17,456,411,4.09,2,101174,26,Humano,Neutro,1374,Exposicao_Face
101191,17,454,401,4.04,2,101191,26,Humano,Neutro,1391,Exposicao_Face
101208,17,454,400,4.11,2,101208,26,Humano,Neutro,1408,Exposicao_Face
101224,17,455,422,3.98,3,101224,26,Humano,Neutro,1424,Exposicao_Face
101241,17,443,431,3.95,3,101241,26,Humano,Neutro,1441,Exposicao_Face
101258,17,451,413,3.98,2,101258,26,Humano,Neutro,1458,Exposicao_Face
101274,17,445,422,4.15,3,101274,26,Humano,Neutro,1474,Exposicao_Face
101291,17,453,412,4.01,2,101291,26,Humano,Neutro,1491,Exposicao_Face
101307,17,471,403,4.06,2,101307,26,Humano,Neutro,1507,Exposicao_Face
101324,17,465,417,4.03,3,101324,26,Humano,Neutro,1524,Exposicao_Face
101341,17,462,411,4.07,2,101341,26,Humano,Neutro,1541,Exposicao_Face
101357,17,445,419,4.11,3,101357,26,Humano,Neutro,1557,Exposicao_Face
101374,17,429,427,4.22,3,101374,26,Humano,Neutro,1574,Exposicao_Face
101391,17,441,417,4.19,3,101391,26,Humano,Neutro,1591,Exposicao_Face
101407,17,443,415,4.09,5,101407,26,Humano,Neutro,1607,Exposicao_Face
101424,17,461,420,4.09,3,101424,26,Humano,Neutro,1624,Exposicao_Face
101441,17,439,423,4.07,3,101441,26,Humano,Neutro,1641,Exposicao_Face
101474,33,454,418,4.12,3,101474,26,Humano,Neutro,1674,Exposicao_Face
101490,17,460,414,4.09,2,101490,26,Humano,Neutro,1690,Exposicao_Face
101507,17,472,411,4.06,2,101507,26,Humano,Neutro,1707,Exposicao_Face
101524,17,468,389,4.12,2,101524,26,Humano,Neutro,1724,Exposicao_Face
101574,50,460,407,4.07,2,101574,26,Humano,Neutro,1774,Exposicao_Face
101590,17,456,397,4.15,2,101590,26,Humano,Neutro,1790,Exposicao_Face
101607,17,460,407,4.12,2,101607,26,Humano,Neutro,1807,Exposicao_Face
101624,17,477,396,4.19,2,101624,26,Humano,Neutro,1824,Exposicao_Face
101640,17,447,396,4.06,2,101640,26,Humano,Neutro,1840,Exposicao_Face
101657,17,453,409,4.12,2,101657,26,Humano,Neutro,1857,Exposicao_Face
101673,17,461,392,4.06,2,101673,26,Humano,Neutro,1873,Exposicao_Face
101690,17,465,394,4.07,2,101690,26,Humano,Neutro,1890,Exposicao_Face
101707,17,473,395,4.14,2,101707,26,Humano,Neutro,1907,Exposicao_Face
101723,17,458,406,4.17,2,101723,26,Humano,Neutro,1923,Exposicao_Face
101740,17,490,401,4.14,2,101740,26,Humano,Neutro,1940,Exposicao_Face
101757,17,453,411,4.25,2,101757,26,Humano,Neutro,1957,Exposicao_Face
101773,17,468,381,4.12,2,101773,26,Humano,Neutro,1973,Exposicao_Face
101790,17,465,398,4.3,2,101790,26,Humano,Neutro,1990,Exposicao_Face
101806,17,456,404,4.2,2,101806,26,Humano,Neutro,2006,Exposicao_Face
101823,17,460,394,4.27,2,101823,26,Humano,Neutro,2023,Exposicao_Face
101840,17,444,406,4.25,2,101840,26,Humano,Neutro,2040,Exposicao_Face
101856,17,459,411,4.33,2,101856,26,Humano,Neutro,2056,Exposicao_Face
101873,17,473,408,4.3,2,101873,26,Humano,Neutro,2073,Exposicao_Face
101890,17,475,407,4.28,2,101890,26,Humano,Neutro,2090,Exposicao_Face
101906,17,446,415,4.27,5,101906,26,Humano,Neutro,2106,Exposicao_Face
101923,17,459,406,4.32,2,101923,26,Humano,Neutro,2123,Exposicao_Face
101940,17,468,399,4.32,2,101940,26,Humano,Neutro,2140,Exposicao_Face
101956,17,452,399,4.19,2,101956,26,Humano,Neutro,2156,Exposicao_Face
101973,17,459,406,4.32,2,101973,26,Humano,Neutro,2173,Exposicao_Face
101989,17,445,411,4.32,2,101989,26,Humano,Neutro,2189,Exposicao_Face
102006,17,457,407,4.3,2,102006,26,Humano,Neutro,2206,Exposicao_Face
102023,17,452,401,4.3,2,102023,26,Humano,Neutro,2223,Exposicao_Face
102039,17,456,407,4.27,2,102039,26,Humano,Neutro,2239,Exposicao_Face
102056,17,446,408,4.27,2,102056,26,Humano,Neutro,2256,Exposicao_Face
102073,17,455,400,4.15,2,102073,26,Humano,Neutro,2273,Exposicao_Face
102089,17,458,413,4.3,2,102089,26,Humano,Neutro,2289,Exposicao_Face
102106,17,451,416,4.28,5,102106,26,Humano,Neutro,2306,Exposicao_Face
102123,17,450,402,4.3,2,102123,26,Humano,Neutro,2323,Exposicao_Face
102139,17,447,415,4.25,5,102139,26,Humano,Neutro,2339,Exposicao_Face
102156,17,474,404,4.28,2,102156,26,Humano,Neutro,2356,Exposicao_Face
102172,17,461,415,4.28,5,102172,26,Humano,Neutro,2372,Exposicao_Face
102189,17,473,407,4.25,2,102189,26,Humano,Neutro,2389,Exposicao_Face
102206,17,461,406,4.33,2,102206,26,Humano,Neutro,2406,Exposicao_Face
102222,17,474,407,4.2,2,102222,26,Humano,Neutro,2422,Exposicao_Face
102239,17,459,398,4.36,2,102239,26,Humano,Neutro,2439,Exposicao_Face
102256,17,450,406,4.36,2,102256,26,Humano,Neutro,2456,Exposicao_Face
102272,17,460,404,4.28,2,102272,26,Humano,Neutro,2472,Exposicao_Face
102289,17,455,395,4.28,2,102289,26,Humano,Neutro,2489,Exposicao_Face
102306,17,453,403,4.35,2,102306,26,Humano,Neutro,2506,Exposicao_Face
102322,17,530,365,4.32,2,102322,26,Humano,Neutro,2522,Exposicao_Face
102339,17,566,335,4.27,1,102339,26,Humano,Neutro,2539,Exposicao_Face
102355,17,564,336,4.3,1,102355,26,Humano,Neutro,2555,Exposicao_Face
102372,17,571,331,4.3,1,102372,26,Humano,Neutro,2572,Exposicao_Face
102389,17,558,337,4.33,1,102389,26,Humano,Neutro,2589,Exposicao_Face
102405,17,564,338,4.44,1,102405,26,Humano,Neutro,2605,Exposicao_Face
102422,17,572,328,4.35,1,102422,26,Humano,Neutro,2622,Exposicao_Face
102439,17,562,346,4.41,1,102439,26,Humano,Neutro,2639,Exposicao_Face
102455,17,559,337,4.35,1,102455,26,Humano,Neutro,2655,Exposicao_Face
102472,17,574,313,4.32,1,102472,26,Humano,Neutro,2672,Exposicao_Face
102489,17,565,346,4.43,1,102489,26,Humano,Neutro,2689,Exposicao_Face
102505,17,567,340,4.33,1,102505,26,Humano,Neutro,2705,Exposicao_Face
102522,17,564,327,4.17,1,102522,26,Humano,Neutro,2722,Exposicao_Face
102538,17,539,347,4.27,1,102538,26,Humano,Neutro,2738,Exposicao_Face
102555,17,555,327,4.24,1,102555,26,Humano,Neutro,2755,Exposicao_Face
102572,17,551,340,4.25,1,102572,26,Humano,Neutro,2772,Exposicao_Face
102588,17,550,335,4.28,1,102588,26,Humano,Neutro,2788,Exposicao_Face
102605,17,544,337,4.27,1,102605,26,Humano,Neutro,2805,Exposicao_Face
102622,17,541,349,4.25,1,102622,26,Humano,Neutro,2822,Exposicao_Face
102638,17,528,355,4.27,1,102638,26,Humano,Neutro,2838,Exposicao_Face
102655,17,548,344,4.3,1,102655,26,Humano,Neutro,2855,Exposicao_Face
102672,17,555,315,4.32,1,102672,26,Humano,Neutro,2872,Exposicao_Face
102688,17,543,341,4.3,1,102688,26,Humano,Neutro,2888,Exposicao_Face
102705,17,533,352,4.27,1,102705,26,Humano,Neutro,2905,Exposicao_Face
102721,17,537,348,4.3,1,102721,26,Humano,Neutro,2921,Exposicao_Face
102738,17,541,350,4.27,1,102738,26,Humano,Neutro,2938,Exposicao_Face
102755,17,546,350,4.3,1,102755,26,Humano,Neutro,2955,Exposicao_Face
102771,17,551,345,4.33,1,102771,26,Humano,Neutro,2971,Exposicao_Face
102788,17,550,344,4.24,1,102788,26,Humano,Neutro,2988,Exposicao_Face
102805,17,542,352,4.27,1,102805,26,Humano,Neutro,3005,Exposicao_Face
102821,17,532,356,4.24,1,102821,26,Humano,Neutro,3021,Exposicao_Face
102838,17,543,351,4.32,1,102838,26,Humano,Neutro,3038,Exposicao_Face
102855,17,555,337,4.27,1,102855,26,Humano,Neutro,3055,Exposicao_Face
102871,17,553,338,4.28,1,102871,26,Humano,Neutro,3071,Exposicao_Face
102888,17,552,337,4.36,1,102888,26,Humano,Neutro,3088,Exposicao_Face
102904,17,546,341,4.24,1,102904,26,Humano,Neutro,3104,Exposicao_Face
102921,17,559,340,4.15,1,102921,26,Humano,Neutro,3121,Exposicao_Face
102938,17,562,350,4.43,1,102938,26,Humano,Neutro,3138,Exposicao_Face
102954,17,548,353,4.3,1,102954,26,Humano,Neutro,3154,Exposicao_Face
102971,17,554,339,4.32,1,102971,26,Humano,Neutro,3171,Exposicao_Face
103004,33,551,346,4.28,1,103004,26,Humano,Neutro,3204,Exposicao_Face
103021,17,546,347,4.49,1,103021,26,Humano,Neutro,3221,Exposicao_Face
103037,17,563,335,4.33,1,103037,26,Humano,Neutro,3237,Exposicao_Face
103054,17,542,351,4.4,1,103054,26,Humano,Neutro,3254,Exposicao_Face
103071,17,538,350,4.35,1,103071,26,Humano,Neutro,3271,Exposicao_Face
103087,17,558,337,4.4,1,103087,26,Humano,Neutro,3287,Exposicao_Face
103104,17,540,357,4.44,1,103104,26,Humano,Neutro,3304,Exposicao_Face
103121,17,532,357,4.46,1,103121,26,Humano,Neutro,3321,Exposicao_Face
103137,17,520,368,4.51,2,103137,26,Humano,Neutro,3337,Exposicao_Face
103154,17,528,361,4.46,1,103154,26,Humano,Neutro,3354,Exposicao_Face
103171,17,527,361,4.43,1,103171,26,Humano,Neutro,3371,Exposicao_Face
103187,17,444,396,4.44,2,103187,26,Humano,Neutro,3387,Exposicao_Face
103204,17,484,372,4.51,2,103204,26,Humano,Neutro,3404,Exposicao_Face
103220,17,459,398,4.54,2,103220,26,Humano,Neutro,3420,Exposicao_Face
103237,17,447,386,4.48,2,103237,26,Humano,Neutro,3437,Exposicao_Face
103254,17,444,385,4.48,2,103254,26,Humano,Neutro,3454,Exposicao_Face
103270,17,449,378,4.52,2,103270,26,Humano,Neutro,3470,Exposicao_Face
105300,2029,542,334,4.88,1,105300,27,Humano,Raiva,1500,Exposicao_Face
105316,17,535,360,0.0,1,105316,27,Humano,Raiva,1516,Exposicao_Face
105333,17,558,305,5.07,1,105333,27,Humano,Raiva,1533,Exposicao_Face
105350,17,543,312,4.91,1,105350,27,Humano,Raiva,1550,Exposicao_Face
105366,17,535,313,4.73,1,105366,27,Humano,Raiva,1566,Exposicao_Face
105383,17,549,320,4.81,1,105383,27,Humano,Raiva,1583,Exposicao_Face
105400,17,548,320,4.84,1,105400,27,Humano,Raiva,1600,Exposicao_Face
105416,17,526,327,4.8,1,105416,27,Humano,Raiva,1616,Exposicao_Face
105433,17,543,307,4.76,1,105433,27,Humano,Raiva,1633,Exposicao_Face
105450,17,538,319,4.7,1,105450,27,Humano,Raiva,1650,Exposicao_Face
105466,17,552,305,4.72,1,105466,27,Humano,Raiva,1666,Exposicao_Face
105483,17,543,319,4.64,1,105483,27,Humano,Raiva,1683,Exposicao_Face
105499,17,534,319,4.59,1,105499,27,Humano,Raiva,1699,Exposicao_Face
105516,17,583,328,4.62,1,105516,27,Humano,Raiva,1716,Exposicao_Face
105533,17,565,334,4.56,1,105533,27,Humano,Raiva,1733,Exposicao_Face
105549,17,583,315,4.64,1,105549,27,Humano,Raiva,1749,Exposicao_Face
105566,17,580,304,4.52,1,105566,27,Humano,Raiva,1766,Exposicao_Face
105583,17,576,317,4.57,1,105583,27,Humano,Raiva,1783,Exposicao_Face
105599,17,576,338,4.38,1,105599,27,Humano,Raiva,1799,Exposicao_Face
105616,17,582,321,4.54,1,105616,27,Humano,Raiva,1816,Exposicao_Face
105633,17,576,326,4.56,1,105633,27,Humano,Raiva,1833,Exposicao_Face
105649,17,567,330,4.59,1,105649,27,Humano,Raiva,1849,Exposicao_Face
105666,17,558,334,4.52,1,105666,27,Humano,Raiva,1866,Exposicao_Face
105682,17,558,328,4.52,1,105682,27,Humano,Raiva,1882,Exposicao_Face
105699,17,567,333,4.49,1,105699,27,Humano,Raiva,1899,Exposicao_Face
105716,17,565,327,4.46,1,105716,27,Humano,Raiva,1916,Exposicao_Face
105732,17,572,331,4.51,1,105732,27,Humano,Raiva,1932,Exposicao_Face
105749,17,597,316,4.4,1,105749,27,Humano,Raiva,1949,Exposicao_Face
105766,17,562,339,4.48,1,105766,27,Humano,Raiva,1966,Exposicao_Face
105782,17,570,337,4.48,1,105782,27,Humano,Raiva,1982,Exposicao_Face
105799,17,576,312,4.44,1,105799,27,Humano,Raiva,1999,Exposicao_Face
105816,17,583,317,4.44,1,105816,27,Humano,Raiva,2016,Exposicao_Face
105832,17,570,327,4.52,1,105832,27,Humano,Raiva,2032,Exposicao_Face
105849,17,586,314,4.43,1,105849,27,Humano,Raiva,2049,Exposicao_Face
105865,17,576,329,4.44,1,105865,27,Humano,Raiva,2065,Exposicao_Face
105882,17,458,334,4.41,1,105882,27,Humano,Raiva,2082,Exposicao_Face
105899,17,418,335,4.48,1,105899,27,Humano,Raiva,2099,Exposicao_Face
105915,17,405,326,4.41,1,105915,27,Humano,Raiva,2115,Exposicao_Face
105932,17,421,338,4.49,1,105932,27,Humano,Raiva,2132,Exposicao_Face
105949,17,414,330,4.41,1,105949,27,Humano,Raiva,2149,Exposicao_Face
105965,17,414,331,4.51,1,105965,27,Humano,Raiva,2165,Exposicao_Face
105982,17,421,325,4.43,1,105982,27,Humano,Raiva,2182,Exposicao_Face
105999,17,413,332,4.38,1,105999,27,Humano,Raiva,2199,Exposicao_Face
106015,17,421,324,4.43,1,106015,27,Humano,Raiva,2215,Exposicao_Face
106032,17,404,345,4.48,1,106032,27,Humano,Raiva,2232,Exposicao_Face
106048,17,416,334,4.51,1,106048,27,Humano,Raiva,2248,Exposicao_Face
106065,17,415,332,4.49,1,106065,27,Humano,Raiva,2265,Exposicao_Face
106082,17,417,334,4.38,1,106082,27,Humano,Raiva,2282,Exposicao_Face
106098,17,430,328,4.33,1,106098,27,Humano,Raiva,2298,Exposicao_Face
106115,17,417,333,4.38,1,106115,27,Humano,Raiva,2315,Exposicao_Face
106132,17,418,325,4.35,1,106132,27,Humano,Raiva,2332,Exposicao_Face
106148,17,416,337,4.44,1,106148,27,Humano,Raiva,2348,Exposicao_Face
106165,17,423,328,4.35,1,106165,27,Humano,Raiva,2365,Exposicao_Face
106182,17,428,309,4.28,1,106182,27,Humano,Raiva,2382,Exposicao_Face
106198,17,423,321,4.24,1,106198,27,Humano,Raiva,2398,Exposicao_Face
106215,17,421,318,4.2,1,106215,27,Humano,Raiva,2415,Exposicao_Face
106231,17,424,321,4.28,1,106231,27,Humano,Raiva,2431,Exposicao_Face
106248,17,413,346,4.27,1,106248,27,Humano,Raiva,2448,Exposicao_Face
106265,17,433,316,4.12,1,106265,27,Humano,Raiva,2465,Exposicao_Face
106281,17,427,318,4.15,1,106281,27,Humano,Raiva,2481,Exposicao_Face
106298,17,422,329,4.22,1,106298,27,Humano,Raiva,2498,Exposicao_Face
106315,17,426,321,4.2,1,106315,27,Humano,Raiva,2515,Exposicao_Face
106331,17,426,316,4.17,1,106331,27,Humano,Raiva,2531,Exposicao_Face
106348,17,411,319,4.14,1,106348,27,Humano,Raiva,2548,Exposicao_Face
106365,17,423,330,4.25,1,106365,27,Humano,Raiva,2565,Exposicao_Face
106381,17,410,339,4.25,1,106381,27,Humano,Raiva,2581,Exposicao_Face
106398,17,408,333,4.24,1,106398,27,Humano,Raiva,2598,Exposicao_Face
106414,17,416,333,4.17,1,106414,27,Humano,Raiva,2614,Exposicao_Face
106448,33,421,328,4.14,1,106448,27,Humano,Raiva,2648,Exposicao_Face
106464,17,420,318,3.93,1,106464,27,Humano,Raiva,2664,Exposicao_Face
106481,17,422,318,4.01,1,106481,27,Humano,Raiva,2681,Exposicao_Face
106498,17,417,337,4.06,1,106498,27,Humano,Raiva,2698,Exposicao_Face
106514,17,452,320,4.15,1,106514,27,Humano,Raiva,2714,Exposicao_Face
106531,17,522,321,3.99,1,106531,27,Humano,Raiva,2731,Exposicao_Face
106547,17,561,280,3.9,1,106547,27,Humano,Raiva,2747,Exposicao_Face
106564,17,570,306,3.95,1,106564,27,Humano,Raiva,2764,Exposicao_Face
106581,17,552,320,3.96,1,106581,27,Humano,Raiva,2781,Exposicao_Face
106597,17,552,317,4.03,1,106597,27,Humano,Raiva,2797,Exposicao_Face
106614,17,560,306,3.98,1,106614,27,Humano,Raiva,2814,Exposicao_Face
106631,17,559,301,3.91,1,106631,27,Humano,Raiva,2831,Exposicao_Face
106647,17,551,320,4.03,1,106647,27,Humano,Raiva,2847,Exposicao_Face
106664,17,543,323,3.99,1,106664,27,Humano,Raiva,2864,Exposicao_Face
106681,17,546,319,3.98,1,106681,27,Humano,Raiva,2881,Exposicao_Face
106697,17,551,310,3.91,1,106697,27,Humano,Raiva,2897,Exposicao_Face
106714,17,557,302,3.98,1,106714,27,Humano,Raiva,2914,Exposicao_Face
106730,17,560,314,3.9,1,106730,27,Humano,Raiva,2930,Exposicao_Face
106747,17,553,307,3.93,1,106747,27,Humano,Raiva,2947,Exposicao_Face
106764,17,567,302,3.99,1,106764,27,Humano,Raiva,2964,Exposicao_Face
106780,17,562,306,3.95,1,106780,27,Humano,Raiva,2980,Exposicao_Face
106797,17,553,309,3.9,1,106797,27,Humano,Raiva,2997,Exposicao_Face
106814,17,549,316,3.88,1,106814,27,Humano,Raiva,3014,Exposicao_Face
106830,17,565,304,3.85,1,106830,27,Humano,Raiva,3030,Exposicao_Face
106847,17,545,319,3.9,1,106847,27,Humano,Raiva,3047,Exposicao_Face
106864,17,552,313,3.9,1,106864,27,Humano,Raiva,3064,Exposicao_Face
106880,17,540,310,3.91,1,106880,27,Humano,Raiva,3080,Exposicao_Face
106897,17,548,319,3.95,1,106897,27,Humano,Raiva,3097,Exposicao_Face
106913,17,548,308,3.93,1,106913,27,Humano,Raiva,3113,Exposicao_Face
106930,17,543,312,3.85,1,106930,27,Humano,Raiva,3130,Exposicao_Face
106947,17,537,319,3.9,1,106947,27,Humano,Raiva,3147,Exposicao_Face
106963,17,536,326,3.96,1,106963,27,Humano,Raiva,3163,Exposicao_Face
106980,17,545,312,3.93,1,106980,27,Humano,Raiva,3180,Exposicao_Face
106997,17,549,311,3.8,1,106997,27,Humano,Raiva,3197,Exposicao_Face
107013,17,544,311,4.01,1,107013,27,Humano,Raiva,3213,Exposicao_Face
107030,17,541,318,3.93,1,107030,27,Humano,Raiva,3230,Exposicao_Face
107047,17,544,310,3.98,1,107047,27,Humano,Raiva,3247,Exposicao_Face
107063,17,546,318,3.99,1,107063,27,Humano,Raiva,3263,Exposicao_Face
107080,17,552,305,3.93,1,107080,27,Humano,Raiva,3280,Exposicao_Face
107096,17,557,311,3.95,1,107096,27,Humano,Raiva,3296,Exposicao_Face
107113,17,553,312,3.93,1,107113,27,Humano,Raiva,3313,Exposicao_Face
107130,17,546,313,3.95,1,107130,27,Humano,Raiva,3330,Exposicao_Face
107146,17,545,322,4.03,1,107146,27,Humano,Raiva,3346,Exposicao_Face
107163,17,552,313,3.88,1,107163,27,Humano,Raiva,3363,Exposicao_Face
107180,17,558,300,3.91,1,107180,27,Humano,Raiva,3380,Exposicao_Face
107196,17,550,318,3.96,1,107196,27,Humano,Raiva,3396,Exposicao_Face
107213,17,543,306,3.93,1,107213,27,Humano,Raiva,3413,Exposicao_Face
107230,17,539,325,3.87,1,107230,27,Humano,Raiva,3430,Exposicao_Face
107246,17,551,311,3.96,1,107246,27,Humano,Raiva,3446,Exposicao_Face
107263,17,550,303,3.91,1,107263,27,Humano,Raiva,3463,Exposicao_Face
107279,17,539,323,3.93,1,107279,27,Humano,Raiva,3479,Exposicao_Face
107296,17,542,317,3.93,1,107296,27,Humano,Raiva,3496,Exposicao_Face
107313,17,514,394,3.9,2,107313,27,Humano,Raiva,3513,Exposicao_Face
107329,17,434,524,3.98,3,107329,27,Humano,Raiva,3529,Exposicao_Face
107346,17,341,647,3.88,3,107346,27,Humano,Raiva,3546,Exposicao_Face
107363,17,319,647,3.9,3,107363,27,Humano,Raiva,3563,Exposicao_Face
107379,17,315,662,4.04,3,107379,27,Humano,Raiva,3579,Exposicao_Face
107396,17,327,674,3.82,3,107396,27,Humano,Raiva,3596,Exposicao_Face
107413,17,315,654,4.03,3,107413,27,Humano,Raiva,3613,Exposicao_Face
107429,17,310,651,3.8,3,107429,27,Humano,Raiva,3629,Exposicao_Face
107446,17,303,658,4.01,3,107446,27,Humano,Raiva,3646,Exposicao_Face
107462,17,307,653,4.09,3,107462,27,Humano,Raiva,3662,Exposicao_Face
107479,17,301,659,4.06,3,107479,27,Humano,Raiva,3679,Exposicao_Face
107496,17,301,659,4.04,3,107496,27,Humano,Raiva,3696,Exposicao_Face
107512,17,318,656,4.06,3,107512,27,Humano,Raiva,3712,Exposicao_Face
107529,17,308,653,4.03,3,107529,27,Humano,Raiva,3729,Exposicao_Face
107546,17,176,672,3.98,3,107546,27,Humano,Raiva,3746,Exposicao_Face
107562,17,296,660,4.07,3,107562,27,Humano,Raiva,3762,Exposicao_Face
107579,17,201,682,4.01,3,107579,27,Humano,Raiva,3779,Exposicao_Face
107595,17,234,657,4.01,3,107595,27,Humano,Raiva,3795,Exposicao_Face
107612,17,237,661,4.01,3,107612,27,Humano,Raiva,3812,Exposicao_Face
107629,17,239,664,3.99,3,107629,27,Humano,Raiva,3829,Exposicao_Face
107645,17,239,663,4.04,3,107645,27,Humano,Raiva,3845,Exposicao_Face
107662,17,236,667,4.03,3,107662,27,Humano,Raiva,3862,Exposicao_Face
107679,17,224,657,4.12,3,107679,27,Humano,Raiva,3879,Exposicao_Face
107695,17,242,669,3.98,3,107695,27,Humano,Raiva,3895,Exposicao_Face
107712,17,226,671,4.01,3,107712,27,Humano,Raiva,3912,Exposicao_Face
107729,17,228,671,3.9,3,107729,27,Humano,Raiva,3929,Exposicao_Face
107745,17,237,669,3.96,3,107745,27,Humano,Raiva,3945,Exposicao_Face
107762,17,231,668,3.96,3,107762,27,Humano,Raiva,3962,Exposicao_Face
107778,17,233,669,3.82,3,107778,27,Humano,Raiva,3978,Exposicao_Face
107795,17,237,669,3.95,3,107795,27,Humano,Raiva,3995,Exposicao_Face
107812,17,240,666,3.9,3,107812,28,Humano,Feliz,12,Janela_Baseline
107828,17,241,667,3.88,3,107828,28,Humano,Feliz,28,Janela_Baseline
107845,17,244,663,3.91,3,107845,28,Humano,Feliz,45,Janela_Baseline
107862,17,250,672,3.98,3,107862,28,Humano,Feliz,62,Janela_Baseline
107878,17,236,671,3.93,3,107878,28,Humano,Feliz,78,Janela_Baseline
107895,17,228,641,3.9,3,107895,28,Humano,Feliz,95,Janela_Baseline
107912,17,226,586,3.9,3,107912,28,Humano,Feliz,112,Janela_Baseline
107928,17,221,562,3.9,3,107928,28,Humano,Feliz,128,Janela_Baseline
107945,17,207,566,3.93,3,107945,28,Humano,Feliz,145,Janela_Baseline
107961,17,149,568,3.87,3,107961,28,Humano,Feliz,161,Janela_Baseline
107978,17,219,564,3.83,3,107978,28,Humano,Feliz,178,Janela_Baseline
107995,17,218,568,3.88,3,107995,28,Humano,Feliz,195,Janela_Baseline
108011,17,219,572,3.8,3,108011,28,Humano,Feliz,211,Janela_Baseline
108028,17,220,556,3.9,3,108028,28,Humano,Feliz,228,Janela_Baseline
108045,17,237,554,3.9,3,108045,28,Humano,Feliz,245,Janela_Baseline
108061,17,162,547,3.79,3,108061,28,Humano,Feliz,261,Janela_Baseline
108078,17,164,556,3.82,3,108078,28,Humano,Feliz,278,Janela_Baseline
108095,17,219,556,3.93,3,108095,28,Humano,Feliz,295,Janela_Baseline
108111,17,330,440,3.82,3,108111,28,Humano,Feliz,311,Janela_Baseline
108128,17,405,376,3.8,2,108128,28,Humano,Feliz,328,Janela_Baseline
108144,17,467,303,3.71,1,108144,28,Humano,Feliz,344,Janela_Baseline
108161,17,452,327,3.75,1,108161,28,Humano,Feliz,361,Janela_Baseline
108178,17,445,337,3.74,1,108178,28,Humano,Feliz,378,Janela_Baseline
108194,17,466,319,3.8,1,108194,28,Humano,Feliz,394,Janela_Baseline
108211,17,444,342,3.77,1,108211,28,Humano,Feliz,411,Janela_Baseline
108228,17,448,334,3.9,1,108228,28,Humano,Feliz,428,Janela_Baseline
108244,17,454,332,3.82,1,108244,28,Humano,Feliz,444,Janela_Baseline
108261,17,443,331,3.59,1,108261,28,Humano,Feliz,461,Janela_Baseline
108278,17,456,318,3.77,1,108278,28,Humano,Feliz,478,Janela_Baseline
108294,17,458,317,3.72,1,108294,28,Humano,Feliz,494,Janela_Baseline
108311,17,458,317,3.72,1,108311,28,Humano,Feliz,511,Janela_Baseline
108327,17,457,310,3.79,1,108327,28,Humano,Feliz,527,Janela_Baseline
108344,17,456,324,3.79,1,108344,28,Humano,Feliz,544,Janela_Baseline
108361,17,440,339,3.85,1,108361,28,Humano,Feliz,561,Janela_Baseline
108377,17,455,326,3.77,1,108377,28,Humano,Feliz,577,Janela_Baseline
108394,17,455,331,3.9,1,108394,28,Humano,Feliz,594,Janela_Baseline
108411,17,457,333,3.71,1,108411,28,Humano,Feliz,611,Janela_Baseline
108427,17,453,332,3.83,1,108427,28,Humano,Feliz,627,Janela_Baseline
108444,17,456,315,3.88,1,108444,28,Humano,Feliz,644,Janela_Baseline
108461,17,462,318,3.9,1,108461,28,Humano,Feliz,661,Janela_Baseline
108477,17,452,347,4.01,1,108477,28,Humano,Feliz,677,Janela_Baseline
108494,17,491,332,3.93,1,108494,28,Humano,Feliz,694,Janela_Baseline
108510,17,525,329,3.82,1,108510,28,Humano,Feliz,710,Janela_Baseline
108527,17,547,307,3.82,1,108527,28,Humano,Feliz,727,Janela_Baseline
108544,17,554,320,3.79,1,108544,28,Humano,Feliz,744,Janela_Baseline
108560,17,545,322,3.82,1,108560,28,Humano,Feliz,760,Janela_Baseline
108577,17,539,324,3.93,1,108577,28,Humano,Feliz,777,Janela_Baseline
108594,17,548,324,3.9,1,108594,28,Humano,Feliz,794,Janela_Baseline
108610,17,545,315,3.91,1,108610,28,Humano,Feliz,810,Janela_Baseline
108627,17,547,329,3.95,1,108627,28,Humano,Feliz,827,Janela_Baseline
108644,17,548,313,3.9,1,108644,28,Humano,Feliz,844,Janela_Baseline
108660,17,541,316,4.01,1,108660,28,Humano,Feliz,860,Janela_Baseline
108677,17,546,324,3.96,1,108677,28,Humano,Feliz,877,Janela_Baseline
108693,17,538,330,3.99,1,108693,28,Humano,Feliz,893,Janela_Baseline
108710,17,548,329,4.03,1,108710,28,Humano,Feliz,910,Janela_Baseline
108727,17,557,316,4.01,1,108727,28,Humano,Feliz,927,Janela_Baseline
108743,17,546,320,3.98,1,108743,28,Humano,Feliz,943,Janela_Baseline
108760,17,543,333,4.11,1,108760,28,Humano,Feliz,960,Janela_Baseline
108777,17,547,326,4.06,1,108777,28,Humano,Feliz,977,Janela_Baseline
108793,17,539,332,4.07,1,108793,28,Humano,Feliz,993,Janela_Baseline
108810,17,541,327,4.19,1,108810,28,Humano,Feliz,1010,Janela_Baseline
108826,17,551,315,4.06,1,108826,28,Humano,Feliz,1026,Janela_Baseline
108843,17,544,326,4.09,1,108843,28,Humano,Feliz,1043,Janela_Baseline
108860,17,542,327,4.14,1,108860,28,Humano,Feliz,1060,Janela_Baseline
108876,17,547,329,4.17,1,108876,28,Humano,Feliz,1076,Janela_Baseline
108893,17,527,332,4.15,1,108893,28,Humano,Feliz,1093,Janela_Baseline
108910,17,441,372,4.15,2,108910,28,Humano,Feliz,1110,Janela_Baseline
108926,17,457,361,4.24,1,108926,28,Humano,Feliz,1126,Janela_Baseline
108943,17,456,378,4.14,2,108943,28,Humano,Feliz,1143,Janela_Baseline
108960,17,451,377,4.2,2,108960,28,Humano,Feliz,1160,Janela_Baseline
108976,17,438,389,4.32,2,108976,28,Humano,Feliz,1176,Janela_Baseline
108993,17,441,370,4.19,2,108993,28,Humano,Feliz,1193,Janela_Baseline
109009,17,435,380,4.22,2,109009,28,Humano,Feliz,1209,Janela_Baseline
109026,17,444,376,4.19,2,109026,28,Humano,Feliz,1226,Janela_Baseline
109043,17,441,372,4.25,2,109043,28,Humano,Feliz,1243,Janela_Baseline
109059,17,460,380,4.35,2,109059,28,Humano,Feliz,1259,Janela_Baseline
109076,17,436,383,4.28,2,109076,28,Humano,Feliz,1276,Janela_Baseline
109093,17,430,379,4.27,2,109093,28,Humano,Feliz,1293,Janela_Baseline
109109,17,429,387,4.32,2,109109,28,Humano,Feliz,1309,Exposicao_Face
109126,17,439,379,4.38,2,109126,28,Humano,Feliz,1326,Exposicao_Face
109143,17,402,362,4.27,1,109143,28,Humano,Feliz,1343,Exposicao_Face
109159,17,378,318,4.36,1,109159,28,Humano,Feliz,1359,Exposicao_Face
109176,17,369,307,4.24,1,109176,28,Humano,Feliz,1376,Exposicao_Face
109192,17,380,294,4.32,1,109192,28,Humano,Feliz,1392,Exposicao_Face
109209,17,375,306,4.28,1,109209,28,Humano,Feliz,1409,Exposicao_Face
109226,17,367,303,4.46,1,109226,28,Humano,Feliz,1426,Exposicao_Face
109242,17,360,315,4.4,1,109242,28,Humano,Feliz,1442,Exposicao_Face
109259,17,385,301,4.3,1,109259,28,Humano,Feliz,1459,Exposicao_Face
109276,17,380,298,4.43,1,109276,28,Humano,Feliz,1476,Exposicao_Face
109292,17,383,305,4.38,1,109292,28,Humano,Feliz,1492,Exposicao_Face
109309,17,369,313,4.41,1,109309,28,Humano,Feliz,1509,Exposicao_Face
109326,17,381,306,4.46,1,109326,28,Humano,Feliz,1526,Exposicao_Face
109342,17,381,294,4.41,1,109342,28,Humano,Feliz,1542,Exposicao_Face
109359,17,374,298,4.43,1,109359,28,Humano,Feliz,1559,Exposicao_Face
109375,17,430,311,4.52,1,109375,28,Humano,Feliz,1575,Exposicao_Face
109392,17,465,317,4.44,1,109392,28,Humano,Feliz,1592,Exposicao_Face
109409,17,471,317,4.56,1,109409,28,Humano,Feliz,1609,Exposicao_Face
109425,17,465,329,4.46,1,109425,28,Humano,Feliz,1625,Exposicao_Face
109442,17,466,332,4.54,1,109442,28,Humano,Feliz,1642,Exposicao_Face
109459,17,467,324,4.46,1,109459,28,Humano,Feliz,1659,Exposicao_Face
109475,17,475,319,4.59,1,109475,28,Humano,Feliz,1675,Exposicao_Face
109492,17,471,322,4.46,1,109492,28,Humano,Feliz,1692,Exposicao_Face
109509,17,470,326,4.44,1,109509,28,Humano,Feliz,1709,Exposicao_Face
109525,17,469,326,4.54,1,109525,28,Humano,Feliz,1725,Exposicao_Face
109542,17,458,333,4.57,1,109542,28,Humano,Feliz,1742,Exposicao_Face
109558,17,480,309,4.51,1,109558,28,Humano,Feliz,1758,Exposicao_Face
109575,17,467,333,4.54,1,109575,28,Humano,Feliz,1775,Exposicao_Face
109592,17,474,322,4.57,1,109592,28,Humano,Feliz,1792,Exposicao_Face
109608,17,467,325,4.59,1,109608,28,Humano,Feliz,1808,Exposicao_Face
109625,17,428,323,4.56,1,109625,28,Humano,Feliz,1825,Exposicao_Face
109642,17,439,316,4.52,1,109642,28,Humano,Feliz,1842,Exposicao_Face
109658,17,418,325,4.49,1,109658,28,Humano,Feliz,1858,Exposicao_Face
109675,17,434,323,4.62,1,109675,28,Humano,Feliz,1875,Exposicao_Face
109692,17,431,327,4.65,1,109692,28,Humano,Feliz,1892,Exposicao_Face
109708,17,422,328,4.59,1,109708,28,Humano,Feliz,1908,Exposicao_Face
109725,17,418,334,4.59,1,109725,28,Humano,Feliz,1925,Exposicao_Face
109741,17,421,325,4.65,1,109741,28,Humano,Feliz,1941,Exposicao_Face
109758,17,428,317,4.6,1,109758,28,Humano,Feliz,1958,Exposicao_Face
109791,33,412,343,4.72,1,109791,28,Humano,Feliz,1991,Exposicao_Face
109808,17,422,326,4.6,1,109808,28,Humano,Feliz,2008,Exposicao_Face
109825,17,428,312,4.64,1,109825,28,Humano,Feliz,2025,Exposicao_Face
109841,17,420,324,4.68,1,109841,28,Humano,Feliz,2041,Exposicao_Face
109858,17,422,345,4.88,1,109858,28,Humano,Feliz,2058,Exposicao_Face
109874,17,424,328,4.7,1,109874,28,Humano,Feliz,2074,Exposicao_Face
109891,17,417,336,4.81,1,109891,28,Humano,Feliz,2091,Exposicao_Face
109908,17,444,387,4.81,2,109908,28,Humano,Feliz,2108,Exposicao_Face
109924,17,430,386,4.88,2,109924,28,Humano,Feliz,2124,Exposicao_Face
109941,17,436,401,4.92,2,109941,28,Humano,Feliz,2141,Exposicao_Face
109958,17,425,399,4.89,2,109958,28,Humano,Feliz,2158,Exposicao_Face
109974,17,438,407,4.91,2,109974,28,Humano,Feliz,2174,Exposicao_Face
109991,17,436,393,4.89,2,109991,28,Humano,Feliz,2191,Exposicao_Face
110008,17,446,390,4.72,2,110008,28,Humano,Feliz,2208,Exposicao_Face
110024,17,439,388,4.78,2,110024,28,Humano,Feliz,2224,Exposicao_Face
110041,17,434,396,4.99,2,110041,28,Humano,Feliz,2241,Exposicao_Face
110057,17,440,399,4.89,2,110057,28,Humano,Feliz,2257,Exposicao_Face
110074,17,421,401,4.94,2,110074,28,Humano,Feliz,2274,Exposicao_Face
110091,17,426,408,4.92,2,110091,28,Humano,Feliz,2291,Exposicao_Face
110107,17,435,400,5.04,2,110107,28,Humano,Feliz,2307,Exposicao_Face
110124,17,440,390,4.96,2,110124,28,Humano,Feliz,2324,Exposicao_Face
110141,17,433,398,4.89,2,110141,28,Humano,Feliz,2341,Exposicao_Face
110157,17,438,398,4.94,2,110157,28,Humano,Feliz,2357,Exposicao_Face
110174,17,437,391,4.96,2,110174,28,Humano,Feliz,2374,Exposicao_Face
110191,17,449,389,4.89,2,110191,28,Humano,Feliz,2391,Exposicao_Face
110207,17,498,346,4.84,1,110207,28,Humano,Feliz,2407,Exposicao_Face
110224,17,505,340,4.94,1,110224,28,Humano,Feliz,2424,Exposicao_Face
110240,17,540,346,4.88,1,110240,28,Humano,Feliz,2440,Exposicao_Face
110257,17,499,359,4.92,1,110257,28,Humano,Feliz,2457,Exposicao_Face
110274,17,504,361,5.02,1,110274,28,Humano,Feliz,2474,Exposicao_Face
110290,17,510,357,4.96,1,110290,28,Humano,Feliz,2490,Exposicao_Face
110307,17,523,339,5.07,1,110307,28,Humano,Feliz,2507,Exposicao_Face
110324,17,506,351,5.02,1,110324,28,Humano,Feliz,2524,Exposicao_Face
110340,17,526,362,4.99,1,110340,28,Humano,Feliz,2540,Exposicao_Face
110357,17,508,347,4.96,1,110357,28,Humano,Feliz,2557,Exposicao_Face
110374,17,529,354,4.96,1,110374,28,Humano,Feliz,2574,Exposicao_Face
110390,17,491,362,5.07,1,110390,28,Humano,Feliz,2590,Exposicao_Face
110407,17,523,355,4.99,1,110407,28,Humano,Feliz,2607,Exposicao_Face
110423,17,507,362,5.05,1,110423,28,Humano,Feliz,2623,Exposicao_Face
110440,17,505,358,4.99,1,110440,28,Humano,Feliz,2640,Exposicao_Face
110457,17,532,361,5.12,1,110457,28,Humano,Feliz,2657,Exposicao_Face
110473,17,509,355,4.96,1,110473,28,Humano,Feliz,2673,Exposicao_Face
110490,17,506,356,5.09,1,110490,28,Humano,Feliz,2690,Exposicao_Face
110507,17,508,360,5.12,1,110507,28,Humano,Feliz,2707,Exposicao_Face
110523,17,510,350,5.18,1,110523,28,Humano,Feliz,2723,Exposicao_Face
110540,17,496,369,5.13,2,110540,28,Humano,Feliz,2740,Exposicao_Face
110557,17,506,359,5.15,1,110557,28,Humano,Feliz,2757,Exposicao_Face
110573,17,504,346,5.09,1,110573,28,Humano,Feliz,2773,Exposicao_Face
110590,17,510,354,5.17,1,110590,28,Humano,Feliz,2790,Exposicao_Face
110606,17,510,366,5.2,2,110606,28,Humano,Feliz,2806,Exposicao_Face
110623,17,495,360,5.15,1,110623,28,Humano,Feliz,2823,Exposicao_Face
110640,17,507,358,5.15,1,110640,28,Humano,Feliz,2840,Exposicao_Face
110656,17,498,365,5.17,2,110656,28,Humano,Feliz,2856,Exposicao_Face
110673,17,488,371,5.15,2,110673,28,Humano,Feliz,2873,Exposicao_Face
110690,17,494,365,5.28,2,110690,28,Humano,Feliz,2890,Exposicao_Face
110706,17,494,372,5.26,2,110706,28,Humano,Feliz,2906,Exposicao_Face
110723,17,501,370,5.17,2,110723,28,Humano,Feliz,2923,Exposicao_Face
110740,17,483,371,5.25,2,110740,28,Humano,Feliz,2940,Exposicao_Face
110756,17,500,367,5.25,2,110756,28,Humano,Feliz,2956,Exposicao_Face
110773,17,500,362,5.26,1,110773,28,Humano,Feliz,2973,Exposicao_Face
110789,17,492,377,5.31,2,110789,28,Humano,Feliz,2989,Exposicao_Face
110806,17,496,364,5.23,2,110806,28,Humano,Feliz,3006,Exposicao_Face
110823,17,490,369,5.2,2,110823,28,Humano,Feliz,3023,Exposicao_Face
110839,17,499,360,5.31,1,110839,28,Humano,Feliz,3039,Exposicao_Face
110856,17,493,363,5.26,0,110856,28,Humano,Feliz,3056,Exposicao_Face
110873,17,503,362,5.15,1,110873,28,Humano,Feliz,3073,Exposicao_Face
110889,17,479,374,5.18,2,110889,28,Humano,Feliz,3089,Exposicao_Face
110906,17,491,350,5.29,1,110906,28,Humano,Feliz,3106,Exposicao_Face
110923,17,469,368,5.2,2,110923,28,Humano,Feliz,3123,Exposicao_Face
110939,17,472,370,5.33,2,110939,28,Humano,Feliz,3139,Exposicao_Face
110956,17,487,367,5.21,2,110956,28,Humano,Feliz,3156,Exposicao_Face
110972,17,480,373,5.26,2,110972,28,Humano,Feliz,3172,Exposicao_Face
110989,17,486,367,5.37,2,110989,28,Humano,Feliz,3189,Exposicao_Face
111006,17,486,382,5.28,2,111006,28,Humano,Feliz,3206,Exposicao_Face
111022,17,491,361,5.31,1,111022,28,Humano,Feliz,3222,Exposicao_Face
111039,17,481,362,5.21,1,111039,28,Humano,Feliz,3239,Exposicao_Face
111056,17,482,360,5.33,1,111056,28,Humano,Feliz,3256,Exposicao_Face
111072,17,484,358,5.29,1,111072,28,Humano,Feliz,3272,Exposicao_Face
111089,17,484,370,5.2,2,111089,28,Humano,Feliz,3289,Exposicao_Face
111105,17,487,363,5.18,0,111105,28,Humano,Feliz,3305,Exposicao_Face
111122,17,477,364,5.31,2,111122,28,Humano,Feliz,3322,Exposicao_Face
111139,17,492,365,5.25,2,111139,28,Humano,Feliz,3339,Exposicao_Face
111155,17,490,364,5.2,2,111155,28,Humano,Feliz,3355,Exposicao_Face
111172,17,483,373,5.29,2,111172,28,Humano,Feliz,3372,Exposicao_Face
111189,17,462,369,5.28,2,111189,28,Humano,Feliz,3389,Exposicao_Face
111205,17,494,354,5.21,1,111205,28,Humano,Feliz,3405,Exposicao_Face
111222,17,483,361,5.21,1,111222,28,Humano,Feliz,3422,Exposicao_Face
111239,17,481,357,5.18,1,111239,28,Humano,Feliz,3439,Exposicao_Face
111255,17,465,382,5.28,2,111255,28,Humano,Feliz,3455,Exposicao_Face
111272,17,431,369,5.23,2,111272,28,Humano,Feliz,3472,Exposicao_Face
111288,17,440,373,5.28,2,111288,28,Humano,Feliz,3488,Exposicao_Face
111305,17,321,577,5.29,3,111305,28,Humano,Feliz,3505,Exposicao_Face
111322,17,243,731,4.92,3,111322,28,Humano,Feliz,3522,Exposicao_Face
111338,17,241,731,4.96,3,111338,28,Humano,Feliz,3538,Exposicao_Face
111355,17,283,657,5.2,3,111355,28,Humano,Feliz,3555,Exposicao_Face
111372,17,349,514,5.28,3,111372,28,Humano,Feliz,3572,Exposicao_Face
111388,17,411,408,5.26,2,111388,28,Humano,Feliz,3588,Exposicao_Face
111405,17,417,392,5.2,2,111405,28,Humano,Feliz,3605,Exposicao_Face
111422,17,413,399,5.2,2,111422,28,Humano,Feliz,3622,Exposicao_Face
111438,17,426,380,5.2,2,111438,28,Humano,Feliz,3638,Exposicao_Face
111455,17,425,389,5.12,2,111455,28,Humano,Feliz,3655,Exposicao_Face
111471,17,423,378,5.07,2,111471,28,Humano,Feliz,3671,Exposicao_Face
111488,17,416,391,5.18,2,111488,28,Humano,Feliz,3688,Exposicao_Face
111505,17,412,396,5.12,2,111505,28,Humano,Feliz,3705,Exposicao_Face
111521,17,415,399,5.12,2,111521,28,Humano,Feliz,3721,Exposicao_Face
111538,17,408,415,5.18,0,111538,28,Humano,Feliz,3738,Exposicao_Face
111555,17,422,396,5.01,2,111555,28,Humano,Feliz,3755,Exposicao_Face
111571,17,429,393,5.13,2,111571,28,Humano,Feliz,3771,Exposicao_Face
111588,17,364,438,5.13,3,111588,28,Humano,Feliz,3788,Exposicao_Face
111605,17,201,537,5.13,3,111605,28,Humano,Feliz,3805,Exposicao_Face
111621,17,48,649,5.05,3,111621,28,Humano,Feliz,3821,Exposicao_Face
111638,17,26,668,5.01,3,111638,28,Humano,Feliz,3838,Exposicao_Face
111654,17,18,671,5.12,3,111654,28,Humano,Feliz,3854,Exposicao_Face
111671,17,12,680,5.07,3,111671,28,Humano,Feliz,3871,Exposicao_Face
111688,17,20,680,5.17,3,111688,28,Humano,Feliz,3888,Exposicao_Face
111704,17,21,671,5.13,3,111704,28,Humano,Feliz,3904,Exposicao_Face
111721,17,15,681,5.05,3,111721,28,Humano,Feliz,3921,Exposicao_Face
111738,17,14,680,5.18,3,111738,28,Humano,Feliz,3938,Exposicao_Face
111754,17,20,687,5.04,3,111754,28,Humano,Feliz,3954,Exposicao_Face
111771,17,14,678,5.02,3,111771,28,Humano,Feliz,3971,Exposicao_Face
111788,17,24,677,5.05,3,111788,28,Humano,Feliz,3988,Exposicao_Face
111804,17,19,690,5.05,3,111804,29,Humano,Neutro,4,Janela_Baseline
111854,50,25,669,4.97,3,111854,29,Humano,Neutro,54,Janela_Baseline
111871,17,97,608,5.21,3,111871,29,Humano,Neutro,71,Janela_Baseline
111887,17,140,573,4.92,3,111887,29,Humano,Neutro,87,Janela_Baseline
111904,17,139,582,5.02,3,111904,29,Humano,Neutro,104,Janela_Baseline
111921,17,48,684,-1.0,3,111921,29,Humano,Neutro,121,Janela_Baseline
112087,166,258,636,4.88,3,112087,29,Humano,Neutro,287,Janela_Baseline
112104,17,384,444,4.83,3,112104,29,Humano,Neutro,304,Janela_Baseline
112120,17,449,334,4.78,1,112120,29,Humano,Neutro,320,Janela_Baseline
112137,17,453,321,4.83,1,112137,29,Humano,Neutro,337,Janela_Baseline
112154,17,449,327,4.7,1,112154,29,Humano,Neutro,354,Janela_Baseline
112170,17,453,339,4.7,1,112170,29,Humano,Neutro,370,Janela_Baseline
112187,17,450,334,4.68,1,112187,29,Humano,Neutro,387,Janela_Baseline
112203,17,449,350,4.86,1,112203,29,Humano,Neutro,403,Janela_Baseline
112220,17,463,346,4.78,1,112220,29,Humano,Neutro,420,Janela_Baseline
112237,17,476,337,4.73,1,112237,29,Humano,Neutro,437,Janela_Baseline
112253,17,467,335,4.78,1,112253,29,Humano,Neutro,453,Janela_Baseline
112270,17,461,336,4.67,1,112270,29,Humano,Neutro,470,Janela_Baseline
112287,17,468,339,4.68,1,112287,29,Humano,Neutro,487,Janela_Baseline
112303,17,471,331,4.72,1,112303,29,Humano,Neutro,503,Janela_Baseline
112320,17,459,333,4.78,1,112320,29,Humano,Neutro,520,Janela_Baseline
112336,17,467,337,4.68,1,112336,29,Humano,Neutro,536,Janela_Baseline
112353,17,478,326,4.78,1,112353,29,Humano,Neutro,553,Janela_Baseline
112370,17,474,320,4.64,1,112370,29,Humano,Neutro,570,Janela_Baseline
112386,17,468,331,4.73,1,112386,29,Humano,Neutro,586,Janela_Baseline
112403,17,471,328,4.72,1,112403,29,Humano,Neutro,603,Janela_Baseline
112420,17,534,339,4.76,1,112420,29,Humano,Neutro,620,Janela_Baseline
112436,17,555,332,4.7,1,112436,29,Humano,Neutro,636,Janela_Baseline
112453,17,540,349,4.8,1,112453,29,Humano,Neutro,653,Janela_Baseline
112470,17,570,328,4.72,1,112470,29,Humano,Neutro,670,Janela_Baseline
112486,17,542,332,4.68,1,112486,29,Humano,Neutro,686,Janela_Baseline
112503,17,541,331,4.72,1,112503,29,Humano,Neutro,703,Janela_Baseline
112519,17,550,342,4.64,1,112519,29,Humano,Neutro,719,Janela_Baseline
112536,17,541,335,4.73,1,112536,29,Humano,Neutro,736,Janela_Baseline
112553,17,572,312,4.52,1,112553,29,Humano,Neutro,753,Janela_Baseline
112569,17,545,324,4.7,1,112569,29,Humano,Neutro,769,Janela_Baseline
112586,17,538,328,4.57,1,112586,29,Humano,Neutro,786,Janela_Baseline
112603,17,543,332,4.67,1,112603,29,Humano,Neutro,803,Janela_Baseline
112619,17,547,336,4.78,1,112619,29,Humano,Neutro,819,Janela_Baseline
112636,17,535,345,4.65,1,112636,29,Humano,Neutro,836,Janela_Baseline
112653,17,544,331,4.6,1,112653,29,Humano,Neutro,853,Janela_Baseline
112669,17,565,328,4.64,1,112669,29,Humano,Neutro,869,Janela_Baseline
112686,17,544,329,4.67,1,112686,29,Humano,Neutro,886,Janela_Baseline
112702,17,547,333,4.64,1,112702,29,Humano,Neutro,902,Janela_Baseline
112719,17,542,337,4.72,1,112719,29,Humano,Neutro,919,Janela_Baseline
112736,17,533,340,4.7,1,112736,29,Humano,Neutro,936,Janela_Baseline
112752,17,543,331,4.59,1,112752,29,Humano,Neutro,952,Janela_Baseline
112769,17,549,322,4.68,1,112769,29,Humano,Neutro,969,Janela_Baseline
112786,17,443,325,4.68,1,112786,29,Humano,Neutro,986,Janela_Baseline
112802,17,364,300,4.6,1,112802,29,Humano,Neutro,1002,Janela_Baseline
112819,17,360,309,4.68,1,112819,29,Humano,Neutro,1019,Janela_Baseline
112836,17,338,305,4.57,1,112836,29,Humano,Neutro,1036,Janela_Baseline
112852,17,356,298,4.64,1,112852,29,Humano,Neutro,1052,Janela_Baseline
112869,17,340,311,4.65,1,112869,29,Humano,Neutro,1069,Janela_Baseline
112885,17,343,303,4.64,1,112885,29,Humano,Neutro,1085,Janela_Baseline
112902,17,355,310,4.59,1,112902,29,Humano,Neutro,1102,Janela_Baseline
112919,17,356,298,4.6,1,112919,29,Humano,Neutro,1119,Janela_Baseline
112935,17,356,293,4.64,1,112935,29,Humano,Neutro,1135,Janela_Baseline
112952,17,341,299,4.65,1,112952,29,Humano,Neutro,1152,Janela_Baseline
112969,17,344,305,4.59,1,112969,29,Humano,Neutro,1169,Janela_Baseline
112985,17,347,311,4.65,1,112985,29,Humano,Neutro,1185,Janela_Baseline
113002,17,354,283,4.52,1,113002,29,Humano,Neutro,1202,Janela_Baseline
113019,17,355,307,4.56,1,113019,29,Humano,Neutro,1219,Janela_Baseline
113035,17,342,317,4.65,1,113035,29,Humano,Neutro,1235,Janela_Baseline
113052,17,345,296,4.57,1,113052,29,Humano,Neutro,1252,Janela_Baseline
113068,17,310,284,4.65,1,113068,29,Humano,Neutro,1268,Janela_Baseline
113085,17,297,286,4.73,1,113085,29,Humano,Neutro,1285,Janela_Baseline
113102,17,290,283,4.65,1,113102,29,Humano,Neutro,1302,Exposicao_Face
113118,17,303,285,4.72,1,113118,29,Humano,Neutro,1318,Exposicao_Face
113135,17,317,273,4.59,1,113135,29,Humano,Neutro,1335,Exposicao_Face
113152,17,309,281,4.52,1,113152,29,Humano,Neutro,1352,Exposicao_Face
113168,17,308,282,4.65,1,113168,29,Humano,Neutro,1368,Exposicao_Face
113185,17,303,280,4.7,1,113185,29,Humano,Neutro,1385,Exposicao_Face
113218,33,312,276,4.56,1,113218,29,Humano,Neutro,1418,Exposicao_Face
113218,0,312,276,4.56,1,113218,29,Humano,Neutro,1418,Exposicao_Face
113235,17,308,280,4.64,1,113235,29,Humano,Neutro,1435,Exposicao_Face
113251,17,297,290,4.59,1,113251,29,Humano,Neutro,1451,Exposicao_Face
113268,17,303,282,4.7,1,113268,29,Humano,Neutro,1468,Exposicao_Face
113285,17,310,287,4.68,1,113285,29,Humano,Neutro,1485,Exposicao_Face
113301,17,292,281,4.67,1,113301,29,Humano,Neutro,1501,Exposicao_Face
113318,17,289,285,4.67,1,113318,29,Humano,Neutro,1518,Exposicao_Face
113335,17,298,285,4.68,1,113335,29,Humano,Neutro,1535,Exposicao_Face
113351,17,290,283,4.81,1,113351,29,Humano,Neutro,1551,Exposicao_Face
113368,17,290,286,4.72,1,113368,29,Humano,Neutro,1568,Exposicao_Face
113384,17,284,285,4.67,1,113384,29,Humano,Neutro,1584,Exposicao_Face
113401,17,288,276,4.6,1,113401,29,Humano,Neutro,1601,Exposicao_Face
113418,17,285,285,4.65,1,113418,29,Humano,Neutro,1618,Exposicao_Face
113434,17,291,276,4.65,1,113434,29,Humano,Neutro,1634,Exposicao_Face
113451,17,279,285,4.67,1,113451,29,Humano,Neutro,1651,Exposicao_Face
113468,17,294,279,4.62,1,113468,29,Humano,Neutro,1668,Exposicao_Face
113484,17,279,286,4.68,1,113484,29,Humano,Neutro,1684,Exposicao_Face
113501,17,280,289,4.68,1,113501,29,Humano,Neutro,1701,Exposicao_Face
113518,17,302,280,4.6,1,113518,29,Humano,Neutro,1718,Exposicao_Face
113534,17,284,281,4.65,1,113534,29,Humano,Neutro,1734,Exposicao_Face
113551,17,294,277,4.72,1,113551,29,Humano,Neutro,1751,Exposicao_Face
113567,17,289,279,4.6,1,113567,29,Humano,Neutro,1767,Exposicao_Face
113584,17,294,274,4.65,1,113584,29,Humano,Neutro,1784,Exposicao_Face
113601,17,412,325,4.76,1,113601,29,Humano,Neutro,1801,Exposicao_Face
113617,17,485,328,4.7,1,113617,29,Humano,Neutro,1817,Exposicao_Face
113634,17,489,330,4.64,1,113634,29,Humano,Neutro,1834,Exposicao_Face
113651,17,493,335,4.81,1,113651,29,Humano,Neutro,1851,Exposicao_Face
113667,17,495,336,4.7,1,113667,29,Humano,Neutro,1867,Exposicao_Face
113684,17,491,347,4.68,1,113684,29,Humano,Neutro,1884,Exposicao_Face
113701,17,497,326,4.72,1,113701,29,Humano,Neutro,1901,Exposicao_Face
113717,17,488,349,4.76,1,113717,29,Humano,Neutro,1917,Exposicao_Face
113734,17,487,340,4.75,1,113734,29,Humano,Neutro,1934,Exposicao_Face
113750,17,492,350,4.83,1,113750,29,Humano,Neutro,1950,Exposicao_Face
113800,50,493,346,4.68,1,113800,29,Humano,Neutro,2000,Exposicao_Face
113817,17,497,349,4.72,1,113817,29,Humano,Neutro,2017,Exposicao_Face
113884,67,473,353,4.64,1,113884,29,Humano,Neutro,2084,Exposicao_Face
113900,17,493,342,4.67,1,113900,29,Humano,Neutro,2100,Exposicao_Face
113917,17,498,339,4.67,1,113917,29,Humano,Neutro,2117,Exposicao_Face
113933,17,486,335,4.67,1,113933,29,Humano,Neutro,2133,Exposicao_Face
113950,17,501,336,4.68,1,113950,29,Humano,Neutro,2150,Exposicao_Face
113967,17,495,329,4.65,1,113967,29,Humano,Neutro,2167,Exposicao_Face
113983,17,478,356,4.76,1,113983,29,Humano,Neutro,2183,Exposicao_Face
114000,17,502,338,4.6,1,114000,29,Humano,Neutro,2200,Exposicao_Face
114017,17,482,343,4.75,1,114017,29,Humano,Neutro,2217,Exposicao_Face
114033,17,485,347,4.75,1,114033,29,Humano,Neutro,2233,Exposicao_Face
114050,17,494,347,4.64,1,114050,29,Humano,Neutro,2250,Exposicao_Face
114067,17,484,340,4.72,1,114067,29,Humano,Neutro,2267,Exposicao_Face
114083,17,481,337,4.7,1,114083,29,Humano,Neutro,2283,Exposicao_Face
114100,17,495,346,4.75,1,114100,29,Humano,Neutro,2300,Exposicao_Face
114116,17,481,350,4.8,1,114116,29,Humano,Neutro,2316,Exposicao_Face
114133,17,493,348,4.7,1,114133,29,Humano,Neutro,2333,Exposicao_Face
114150,17,487,343,4.78,1,114150,29,Humano,Neutro,2350,Exposicao_Face
114166,17,502,333,4.84,1,114166,29,Humano,Neutro,2366,Exposicao_Face
114183,17,468,358,4.78,1,114183,29,Humano,Neutro,2383,Exposicao_Face
114200,17,493,331,4.68,1,114200,29,Humano,Neutro,2400,Exposicao_Face
114216,17,481,343,4.89,1,114216,29,Humano,Neutro,2416,Exposicao_Face
114233,17,489,346,4.76,1,114233,29,Humano,Neutro,2433,Exposicao_Face
114250,17,476,347,4.7,1,114250,29,Humano,Neutro,2450,Exposicao_Face
114283,33,480,343,4.73,1,114283,29,Humano,Neutro,2483,Exposicao_Face
114299,17,481,354,4.83,1,114299,29,Humano,Neutro,2499,Exposicao_Face
114316,17,477,346,4.72,1,114316,29,Humano,Neutro,2516,Exposicao_Face
114333,17,471,364,4.89,2,114333,29,Humano,Neutro,2533,Exposicao_Face
114349,17,484,346,4.83,1,114349,29,Humano,Neutro,2549,Exposicao_Face
114366,17,496,360,4.83,1,114366,29,Humano,Neutro,2566,Exposicao_Face
114383,17,488,339,4.84,1,114383,29,Humano,Neutro,2583,Exposicao_Face
114399,17,476,348,4.86,1,114399,29,Humano,Neutro,2599,Exposicao_Face
114416,17,468,354,4.84,1,114416,29,Humano,Neutro,2616,Exposicao_Face
114433,17,481,360,4.81,1,114433,29,Humano,Neutro,2633,Exposicao_Face
114449,17,482,346,4.86,1,114449,29,Humano,Neutro,2649,Exposicao_Face
114466,17,480,342,4.84,1,114466,29,Humano,Neutro,2666,Exposicao_Face
114482,17,508,346,4.81,1,114482,29,Humano,Neutro,2682,Exposicao_Face
114499,17,488,350,4.68,1,114499,29,Humano,Neutro,2699,Exposicao_Face
114516,17,467,355,4.88,1,114516,29,Humano,Neutro,2716,Exposicao_Face
114532,17,488,336,4.75,1,114532,29,Humano,Neutro,2732,Exposicao_Face
114549,17,482,352,4.8,1,114549,29,Humano,Neutro,2749,Exposicao_Face
114566,17,473,352,4.83,1,114566,29,Humano,Neutro,2766,Exposicao_Face
114582,17,474,345,4.88,1,114582,29,Humano,Neutro,2782,Exposicao_Face
114599,17,487,338,4.78,1,114599,29,Humano,Neutro,2799,Exposicao_Face
114615,17,477,344,4.81,1,114615,29,Humano,Neutro,2815,Exposicao_Face
114632,17,481,329,4.8,1,114632,29,Humano,Neutro,2832,Exposicao_Face
114649,17,467,358,4.81,1,114649,29,Humano,Neutro,2849,Exposicao_Face
114665,17,476,347,4.73,1,114665,29,Humano,Neutro,2865,Exposicao_Face
114682,17,460,360,4.81,1,114682,29,Humano,Neutro,2882,Exposicao_Face
114699,17,473,355,4.76,1,114699,29,Humano,Neutro,2899,Exposicao_Face
114715,17,469,350,4.83,1,114715,29,Humano,Neutro,2915,Exposicao_Face
114732,17,486,336,4.75,1,114732,29,Humano,Neutro,2932,Exposicao_Face
114749,17,471,346,4.84,1,114749,29,Humano,Neutro,2949,Exposicao_Face
114765,17,462,353,4.78,1,114765,29,Humano,Neutro,2965,Exposicao_Face
114782,17,477,338,4.88,1,114782,29,Humano,Neutro,2982,Exposicao_Face
114798,17,473,346,4.8,1,114798,29,Humano,Neutro,2998,Exposicao_Face
114815,17,472,345,4.72,1,114815,29,Humano,Neutro,3015,Exposicao_Face
114832,17,478,337,4.8,1,114832,29,Humano,Neutro,3032,Exposicao_Face
114848,17,468,341,4.81,1,114848,29,Humano,Neutro,3048,Exposicao_Face
114865,17,468,342,4.8,1,114865,29,Humano,Neutro,3065,Exposicao_Face
114882,17,479,348,4.75,1,114882,29,Humano,Neutro,3082,Exposicao_Face
114898,17,465,349,4.73,1,114898,29,Humano,Neutro,3098,Exposicao_Face
114915,17,476,342,4.7,1,114915,29,Humano,Neutro,3115,Exposicao_Face
114932,17,489,330,4.76,1,114932,29,Humano,Neutro,3132,Exposicao_Face
114948,17,476,344,4.81,1,114948,29,Humano,Neutro,3148,Exposicao_Face
114965,17,471,343,4.73,1,114965,29,Humano,Neutro,3165,Exposicao_Face
114981,17,468,345,4.68,1,114981,29,Humano,Neutro,3181,Exposicao_Face
114998,17,497,326,4.68,1,114998,29,Humano,Neutro,3198,Exposicao_Face
115015,17,484,333,4.64,1,115015,29,Humano,Neutro,3215,Exposicao_Face
115031,17,478,349,4.81,1,115031,29,Humano,Neutro,3231,Exposicao_Face
115048,17,479,334,4.76,1,115048,29,Humano,Neutro,3248,Exposicao_Face
115065,17,478,334,4.64,1,115065,29,Humano,Neutro,3265,Exposicao_Face
115081,17,478,334,4.65,1,115081,29,Humano,Neutro,3281,Exposicao_Face
115098,17,469,345,4.68,1,115098,29,Humano,Neutro,3298,Exposicao_Face
115115,17,482,335,4.72,1,115115,29,Humano,Neutro,3315,Exposicao_Face
115131,17,479,356,4.7,1,115131,29,Humano,Neutro,3331,Exposicao_Face
115148,17,479,334,4.67,1,115148,29,Humano,Neutro,3348,Exposicao_Face
115164,17,484,329,4.62,1,115164,29,Humano,Neutro,3364,Exposicao_Face
115181,17,473,353,4.68,1,115181,29,Humano,Neutro,3381,Exposicao_Face
115198,17,489,337,4.75,1,115198,29,Humano,Neutro,3398,Exposicao_Face
115214,17,481,343,4.59,1,115214,29,Humano,Neutro,3414,Exposicao_Face
115231,17,478,347,4.73,1,115231,29,Humano,Neutro,3431,Exposicao_Face
115248,17,477,359,4.7,1,115248,29,Humano,Neutro,3448,Exposicao_Face
115264,17,484,344,4.75,1,115264,29,Humano,Neutro,3464,Exposicao_Face
115281,17,494,333,4.75,1,115281,29,Humano,Neutro,3481,Exposicao_Face
115298,17,474,340,4.76,1,115298,29,Humano,Neutro,3498,Exposicao_Face
115314,17,481,348,4.76,1,115314,29,Humano,Neutro,3514,Exposicao_Face
115331,17,490,347,4.67,1,115331,29,Humano,Neutro,3531,Exposicao_Face
115347,17,478,345,4.7,1,115347,29,Humano,Neutro,3547,Exposicao_Face
115364,17,487,325,4.65,1,115364,29,Humano,Neutro,3564,Exposicao_Face
115381,17,483,330,4.78,1,115381,29,Humano,Neutro,3581,Exposicao_Face
115397,17,470,349,4.68,1,115397,29,Humano,Neutro,3597,Exposicao_Face
115414,17,405,475,4.59,3,115414,29,Humano,Neutro,3614,Exposicao_Face
115580,166,394,457,4.48,3,115580,29,Humano,Neutro,3780,Exposicao_Face
115597,17,463,339,4.59,1,115597,29,Humano,Neutro,3797,Exposicao_Face
115614,17,454,329,4.52,1,115614,29,Humano,Neutro,3814,Exposicao_Face
115630,17,455,334,4.44,1,115630,29,Humano,Neutro,3830,Exposicao_Face
115647,17,462,325,4.49,1,115647,29,Humano,Neutro,3847,Exposicao_Face
115663,17,457,317,4.44,1,115663,29,Humano,Neutro,3863,Exposicao_Face
115680,17,473,324,4.49,1,115680,29,Humano,Neutro,3880,Exposicao_Face
115697,17,463,317,4.49,1,115697,29,Humano,Neutro,3897,Exposicao_Face
115713,17,460,321,4.46,1,115713,29,Humano,Neutro,3913,Exposicao_Face
115730,17,466,331,4.54,1,115730,29,Humano,Neutro,3930,Exposicao_Face
115747,17,464,334,4.51,1,115747,29,Humano,Neutro,3947,Exposicao_Face
115763,17,465,332,4.57,1,115763,29,Humano,Neutro,3963,Exposicao_Face
115780,17,452,340,4.54,1,115780,29,Humano,Neutro,3980,Exposicao_Face
115797,17,466,320,4.33,1,115797,29,Humano,Neutro,3997,Exposicao_Face
115813,17,465,322,4.52,1,115813,30,Humano,Raiva,13,Janela_Baseline
115830,17,465,324,4.41,1,115830,30,Humano,Raiva,30,Janela_Baseline
115846,17,462,327,4.43,1,115846,30,Humano,Raiva,46,Janela_Baseline
115863,17,458,332,4.36,1,115863,30,Humano,Raiva,63,Janela_Baseline
115880,17,462,328,4.51,1,115880,30,Humano,Raiva,80,Janela_Baseline
115913,33,473,322,4.43,1,115913,30,Humano,Raiva,113,Janela_Baseline
115930,17,461,325,4.52,1,115930,30,Humano,Raiva,130,Janela_Baseline
115946,17,456,312,4.36,1,115946,30,Humano,Raiva,146,Janela_Baseline
115963,17,467,327,4.57,1,115963,30,Humano,Raiva,163,Janela_Baseline
115980,17,469,317,4.46,1,115980,30,Humano,Raiva,180,Janela_Baseline
115996,17,459,328,4.38,1,115996,30,Humano,Raiva,196,Janela_Baseline
116013,17,464,328,4.41,1,116013,30,Humano,Raiva,213,Janela_Baseline
116029,17,458,329,4.36,1,116029,30,Humano,Raiva,229,Janela_Baseline
116046,17,459,332,4.4,1,116046,30,Humano,Raiva,246,Janela_Baseline
116063,17,454,331,4.4,1,116063,30,Humano,Raiva,263,Janela_Baseline
116079,17,469,325,4.36,1,116079,30,Humano,Raiva,279,Janela_Baseline
116096,17,466,331,4.4,1,116096,30,Humano,Raiva,296,Janela_Baseline
116113,17,497,325,4.36,1,116113,30,Humano,Raiva,313,Janela_Baseline
116129,17,492,320,4.38,1,116129,30,Humano,Raiva,329,Janela_Baseline
116146,17,497,331,4.38,1,116146,30,Humano,Raiva,346,Janela_Baseline
116163,17,477,327,4.38,1,116163,30,Humano,Raiva,363,Janela_Baseline
116179,17,491,323,4.38,1,116179,30,Humano,Raiva,379,Janela_Baseline
116196,17,495,320,4.36,1,116196,30,Humano,Raiva,396,Janela_Baseline
116212,17,493,329,4.41,1,116212,30,Humano,Raiva,412,Janela_Baseline
116229,17,494,327,4.36,1,116229,30,Humano,Raiva,429,Janela_Baseline
116246,17,496,329,4.4,1,116246,30,Humano,Raiva,446,Janela_Baseline
116262,17,490,326,4.44,1,116262,30,Humano,Raiva,462,Janela_Baseline
116279,17,500,315,4.41,1,116279,30,Humano,Raiva,479,Janela_Baseline
116296,17,505,321,4.38,1,116296,30,Humano,Raiva,496,Janela_Baseline
116312,17,547,314,4.46,1,116312,30,Humano,Raiva,512,Janela_Baseline
116329,17,559,318,4.46,1,116329,30,Humano,Raiva,529,Janela_Baseline
116346,17,556,321,4.43,1,116346,30,Humano,Raiva,546,Janela_Baseline
116362,17,554,319,4.36,1,116362,30,Humano,Raiva,562,Janela_Baseline
116379,17,555,315,4.33,1,116379,30,Humano,Raiva,579,Janela_Baseline
116395,17,560,314,4.48,1,116395,30,Humano,Raiva,595,Janela_Baseline
116412,17,547,315,4.44,1,116412,30,Humano,Raiva,612,Janela_Baseline
116429,17,578,284,4.38,1,116429,30,Humano,Raiva,629,Janela_Baseline
116445,17,560,303,4.51,1,116445,30,Humano,Raiva,645,Janela_Baseline
116462,17,566,305,4.54,1,116462,30,Humano,Raiva,662,Janela_Baseline
116479,17,553,315,4.49,1,116479,30,Humano,Raiva,679,Janela_Baseline
116495,17,560,312,4.49,1,116495,30,Humano,Raiva,695,Janela_Baseline
116512,17,561,309,4.46,1,116512,30,Humano,Raiva,712,Janela_Baseline
116529,17,560,322,4.54,1,116529,30,Humano,Raiva,729,Janela_Baseline
116545,17,568,307,4.54,1,116545,30,Humano,Raiva,745,Janela_Baseline
116562,17,564,304,4.48,1,116562,30,Humano,Raiva,762,Janela_Baseline
116578,17,561,310,4.44,1,116578,30,Humano,Raiva,778,Janela_Baseline
116595,17,562,310,4.49,1,116595,30,Humano,Raiva,795,Janela_Baseline
116612,17,520,342,4.54,1,116612,30,Humano,Raiva,812,Janela_Baseline
116628,17,465,378,4.57,2,116628,30,Humano,Raiva,828,Janela_Baseline
116645,17,466,376,4.49,2,116645,30,Humano,Raiva,845,Janela_Baseline
116662,17,461,370,4.52,2,116662,30,Humano,Raiva,862,Janela_Baseline
116678,17,455,384,4.52,2,116678,30,Humano,Raiva,878,Janela_Baseline
116695,17,455,383,4.48,2,116695,30,Humano,Raiva,895,Janela_Baseline
116712,17,456,381,4.44,2,116712,30,Humano,Raiva,912,Janela_Baseline
116728,17,451,387,4.49,2,116728,30,Humano,Raiva,928,Janela_Baseline
116745,17,447,376,4.62,2,116745,30,Humano,Raiva,945,Janela_Baseline
116761,17,452,383,4.51,2,116761,30,Humano,Raiva,961,Janela_Baseline
116778,17,465,358,4.48,1,116778,30,Humano,Raiva,978,Janela_Baseline
116795,17,455,378,4.57,2,116795,30,Humano,Raiva,995,Janela_Baseline
116811,17,453,386,4.44,2,116811,30,Humano,Raiva,1011,Janela_Baseline
116828,17,451,381,4.36,2,116828,30,Humano,Raiva,1028,Janela_Baseline
116845,17,451,383,4.44,2,116845,30,Humano,Raiva,1045,Janela_Baseline
116861,17,471,374,4.43,2,116861,30,Humano,Raiva,1061,Janela_Baseline
116878,17,458,374,4.52,2,116878,30,Humano,Raiva,1078,Janela_Baseline
116894,17,452,379,4.54,2,116894,30,Humano,Raiva,1094,Janela_Baseline
116911,17,450,385,4.38,2,116911,30,Humano,Raiva,1111,Janela_Baseline
116928,17,457,396,4.49,2,116928,30,Humano,Raiva,1128,Janela_Baseline
116944,17,448,380,4.43,2,116944,30,Humano,Raiva,1144,Janela_Baseline
116961,17,447,380,4.46,2,116961,30,Humano,Raiva,1161,Janela_Baseline
116978,17,437,388,4.41,2,116978,30,Humano,Raiva,1178,Janela_Baseline
116994,17,430,391,4.44,2,116994,30,Humano,Raiva,1194,Janela_Baseline
117011,17,430,388,4.43,2,117011,30,Humano,Raiva,1211,Janela_Baseline
117028,17,430,380,4.48,2,117028,30,Humano,Raiva,1228,Janela_Baseline
117044,17,435,388,4.32,2,117044,30,Humano,Raiva,1244,Janela_Baseline
117061,17,429,383,4.38,2,117061,30,Humano,Raiva,1261,Janela_Baseline
117077,17,425,386,4.43,2,117077,30,Humano,Raiva,1277,Janela_Baseline
117094,17,430,385,4.4,2,117094,30,Humano,Raiva,1294,Janela_Baseline
117111,17,421,391,4.4,2,117111,30,Humano,Raiva,1311,Exposicao_Face
117127,17,433,381,4.32,2,117127,30,Humano,Raiva,1327,Exposicao_Face
117144,17,428,377,4.38,2,117144,30,Humano,Raiva,1344,Exposicao_Face
117161,17,420,395,4.4,2,117161,30,Humano,Raiva,1361,Exposicao_Face
117177,17,431,386,4.3,2,117177,30,Humano,Raiva,1377,Exposicao_Face
117194,17,427,389,4.38,2,117194,30,Humano,Raiva,1394,Exposicao_Face
117211,17,427,397,4.3,2,117211,30,Humano,Raiva,1411,Exposicao_Face
117227,17,416,403,4.51,2,117227,30,Humano,Raiva,1427,Exposicao_Face
117244,17,419,398,4.36,2,117244,30,Humano,Raiva,1444,Exposicao_Face
117260,17,425,393,4.32,2,117260,30,Humano,Raiva,1460,Exposicao_Face
117277,17,425,394,4.27,2,117277,30,Humano,Raiva,1477,Exposicao_Face
117294,17,423,389,4.3,2,117294,30,Humano,Raiva,1494,Exposicao_Face
117310,17,426,386,4.28,2,117310,30,Humano,Raiva,1510,Exposicao_Face
117327,17,419,398,4.27,2,117327,30,Humano,Raiva,1527,Exposicao_Face
117344,17,430,381,4.3,2,117344,30,Humano,Raiva,1544,Exposicao_Face
117360,17,417,388,4.32,2,117360,30,Humano,Raiva,1560,Exposicao_Face
117377,17,431,396,4.3,2,117377,30,Humano,Raiva,1577,Exposicao_Face
117394,17,423,397,4.28,2,117394,30,Humano,Raiva,1594,Exposicao_Face
117410,17,431,378,4.25,2,117410,30,Humano,Raiva,1610,Exposicao_Face
117427,17,422,391,4.25,2,117427,30,Humano,Raiva,1627,Exposicao_Face
117443,17,479,369,4.33,2,117443,30,Humano,Raiva,1643,Exposicao_Face
117460,17,468,352,4.28,1,117460,30,Humano,Raiva,1660,Exposicao_Face
117477,17,495,358,4.32,1,117477,30,Humano,Raiva,1677,Exposicao_Face
117493,17,399,568,4.22,3,117493,30,Humano,Raiva,1693,Exposicao_Face
117543,50,458,481,4.25,3,117543,30,Humano,Raiva,1743,Exposicao_Face
117560,17,516,341,4.27,1,117560,30,Humano,Raiva,1760,Exposicao_Face
117577,17,531,301,4.28,1,117577,30,Humano,Raiva,1777,Exposicao_Face
117593,17,531,314,4.38,1,117593,30,Humano,Raiva,1793,Exposicao_Face
117610,17,527,321,4.33,1,117610,30,Humano,Raiva,1810,Exposicao_Face
117626,17,526,327,4.36,1,117626,30,Humano,Raiva,1826,Exposicao_Face
117643,17,528,317,4.43,1,117643,30,Humano,Raiva,1843,Exposicao_Face
117660,17,530,315,4.28,1,117660,30,Humano,Raiva,1860,Exposicao_Face
117676,17,521,318,4.17,1,117676,30,Humano,Raiva,1876,Exposicao_Face
117710,33,525,318,4.28,1,117710,30,Humano,Raiva,1910,Exposicao_Face
117726,17,536,299,4.25,1,117726,30,Humano,Raiva,1926,Exposicao_Face
117743,17,534,300,4.3,1,117743,30,Humano,Raiva,1943,Exposicao_Face
117760,17,560,313,4.33,1,117760,30,Humano,Raiva,1960,Exposicao_Face
117776,17,556,320,4.28,1,117776,30,Humano,Raiva,1976,Exposicao_Face
117793,17,567,324,4.36,1,117793,30,Humano,Raiva,1993,Exposicao_Face
117809,17,544,340,4.22,1,117809,30,Humano,Raiva,2009,Exposicao_Face
117826,17,566,308,4.3,1,117826,30,Humano,Raiva,2026,Exposicao_Face
117843,17,563,323,4.33,1,117843,30,Humano,Raiva,2043,Exposicao_Face
117859,17,562,321,4.41,1,117859,30,Humano,Raiva,2059,Exposicao_Face
117876,17,561,328,4.35,1,117876,30,Humano,Raiva,2076,Exposicao_Face
117893,17,563,323,4.35,1,117893,30,Humano,Raiva,2093,Exposicao_Face
117909,17,549,346,4.43,1,117909,30,Humano,Raiva,2109,Exposicao_Face
117926,17,559,315,4.4,1,117926,30,Humano,Raiva,2126,Exposicao_Face
117942,17,563,318,4.35,1,117942,30,Humano,Raiva,2142,Exposicao_Face
117959,17,570,308,4.35,1,117959,30,Humano,Raiva,2159,Exposicao_Face
117976,17,558,327,4.36,1,117976,30,Humano,Raiva,2176,Exposicao_Face
117992,17,556,323,4.38,1,117992,30,Humano,Raiva,2192,Exposicao_Face
118009,17,570,301,4.2,1,118009,30,Humano,Raiva,2209,Exposicao_Face
118026,17,558,324,4.35,1,118026,30,Humano,Raiva,2226,Exposicao_Face
118059,33,562,313,4.3,1,118059,30,Humano,Raiva,2259,Exposicao_Face
118076,17,556,335,4.44,1,118076,30,Humano,Raiva,2276,Exposicao_Face
118092,17,565,320,4.28,1,118092,30,Humano,Raiva,2292,Exposicao_Face
118109,17,567,318,4.4,1,118109,30,Humano,Raiva,2309,Exposicao_Face
118125,17,562,310,4.25,1,118125,30,Humano,Raiva,2325,Exposicao_Face
118142,17,561,330,4.32,1,118142,30,Humano,Raiva,2342,Exposicao_Face
118159,17,575,309,4.41,1,118159,30,Humano,Raiva,2359,Exposicao_Face
118175,17,565,326,4.35,1,118175,30,Humano,Raiva,2375,Exposicao_Face
118192,17,567,319,4.33,1,118192,30,Humano,Raiva,2392,Exposicao_Face
118209,17,564,327,4.36,1,118209,30,Humano,Raiva,2409,Exposicao_Face
118225,17,574,302,4.35,1,118225,30,Humano,Raiva,2425,Exposicao_Face
118242,17,569,312,4.33,1,118242,30,Humano,Raiva,2442,Exposicao_Face
118259,17,569,303,4.24,1,118259,30,Humano,Raiva,2459,Exposicao_Face
118275,17,569,315,4.35,1,118275,30,Humano,Raiva,2475,Exposicao_Face
118292,17,563,316,4.41,1,118292,30,Humano,Raiva,2492,Exposicao_Face
118308,17,559,319,4.36,1,118308,30,Humano,Raiva,2508,Exposicao_Face
118325,17,563,319,4.33,1,118325,30,Humano,Raiva,2525,Exposicao_Face
118342,17,567,321,4.24,1,118342,30,Humano,Raiva,2542,Exposicao_Face
118358,17,561,329,4.3,1,118358,30,Humano,Raiva,2558,Exposicao_Face
118375,17,563,332,4.3,1,118375,30,Humano,Raiva,2575,Exposicao_Face
118392,17,568,330,4.33,1,118392,30,Humano,Raiva,2592,Exposicao_Face
118408,17,568,315,4.33,1,118408,30,Humano,Raiva,2608,Exposicao_Face
118425,17,566,317,4.35,1,118425,30,Humano,Raiva,2625,Exposicao_Face
118442,17,567,318,4.24,1,118442,30,Humano,Raiva,2642,Exposicao_Face
118458,17,553,335,4.33,1,118458,30,Humano,Raiva,2658,Exposicao_Face
118475,17,562,331,4.38,1,118475,30,Humano,Raiva,2675,Exposicao_Face
118491,17,561,326,4.33,1,118491,30,Humano,Raiva,2691,Exposicao_Face
118508,17,550,335,4.14,1,118508,30,Humano,Raiva,2708,Exposicao_Face
118525,17,565,320,4.3,1,118525,30,Humano,Raiva,2725,Exposicao_Face
118541,17,459,552,4.32,3,118541,30,Humano,Raiva,2741,Exposicao_Face
118658,116,475,455,4.33,3,118658,30,Humano,Raiva,2858,Exposicao_Face
118674,17,522,355,4.3,1,118674,30,Humano,Raiva,2874,Exposicao_Face
118691,17,530,367,4.35,2,118691,30,Humano,Raiva,2891,Exposicao_Face
118708,17,524,373,4.4,2,118708,30,Humano,Raiva,2908,Exposicao_Face
118724,17,531,364,4.33,2,118724,30,Humano,Raiva,2924,Exposicao_Face
118741,17,525,370,4.38,2,118741,30,Humano,Raiva,2941,Exposicao_Face
118758,17,514,378,4.44,2,118758,30,Humano,Raiva,2958,Exposicao_Face
118774,17,518,374,4.41,2,118774,30,Humano,Raiva,2974,Exposicao_Face
118791,17,536,366,4.4,2,118791,30,Humano,Raiva,2991,Exposicao_Face
118808,17,533,363,4.3,0,118808,30,Humano,Raiva,3008,Exposicao_Face
118824,17,526,357,4.32,1,118824,30,Humano,Raiva,3024,Exposicao_Face
118841,17,526,375,4.49,2,118841,30,Humano,Raiva,3041,Exposicao_Face
118857,17,516,376,4.52,2,118857,30,Humano,Raiva,3057,Exposicao_Face
118874,17,529,379,4.36,2,118874,30,Humano,Raiva,3074,Exposicao_Face
118891,17,525,376,4.38,2,118891,30,Humano,Raiva,3091,Exposicao_Face
118907,17,531,366,4.38,2,118907,30,Humano,Raiva,3107,Exposicao_Face
118924,17,523,370,4.4,2,118924,30,Humano,Raiva,3124,Exposicao_Face
118941,17,515,381,4.48,2,118941,30,Humano,Raiva,3141,Exposicao_Face
118957,17,521,381,4.46,2,118957,30,Humano,Raiva,3157,Exposicao_Face
118974,17,521,385,4.3,2,118974,30,Humano,Raiva,3174,Exposicao_Face
118991,17,521,375,4.46,2,118991,30,Humano,Raiva,3191,Exposicao_Face
119007,17,519,381,4.36,2,119007,30,Humano,Raiva,3207,Exposicao_Face
119024,17,532,370,4.44,2,119024,30,Humano,Raiva,3224,Exposicao_Face
119040,17,518,382,4.44,2,119040,30,Humano,Raiva,3240,Exposicao_Face
119057,17,520,382,4.46,2,119057,30,Humano,Raiva,3257,Exposicao_Face
119074,17,505,387,4.36,2,119074,30,Humano,Raiva,3274,Exposicao_Face
119090,17,514,378,4.36,2,119090,30,Humano,Raiva,3290,Exposicao_Face
119107,17,516,393,4.41,2,119107,30,Humano,Raiva,3307,Exposicao_Face
119124,17,518,375,4.41,2,119124,30,Humano,Raiva,3324,Exposicao_Face
119140,17,523,371,4.35,2,119140,30,Humano,Raiva,3340,Exposicao_Face
119157,17,523,368,4.25,2,119157,30,Humano,Raiva,3357,Exposicao_Face
119173,17,523,376,4.38,2,119173,30,Humano,Raiva,3373,Exposicao_Face
119190,17,518,375,4.44,2,119190,30,Humano,Raiva,3390,Exposicao_Face
119207,17,517,379,4.35,2,119207,30,Humano,Raiva,3407,Exposicao_Face
119223,17,518,378,4.41,2,119223,30,Humano,Raiva,3423,Exposicao_Face
119240,17,519,385,4.43,2,119240,30,Humano,Raiva,3440,Exposicao_Face
119257,17,511,379,4.4,2,119257,30,Humano,Raiva,3457,Exposicao_Face
119273,17,510,377,4.36,2,119273,30,Humano,Raiva,3473,Exposicao_Face
119290,17,496,383,4.41,2,119290,30,Humano,Raiva,3490,Exposicao_Face
119307,17,486,388,4.41,2,119307,30,Humano,Raiva,3507,Exposicao_Face
119323,17,493,348,4.4,1,119323,30,Humano,Raiva,3523,Exposicao_Face
119340,17,494,359,4.38,1,119340,30,Humano,Raiva,3540,Exposicao_Face
119356,17,495,342,4.44,1,119356,30,Humano,Raiva,3556,Exposicao_Face
119373,17,486,344,4.46,1,119373,30,Humano,Raiva,3573,Exposicao_Face
119390,17,489,349,4.44,1,119390,30,Humano,Raiva,3590,Exposicao_Face
119406,17,488,344,4.38,1,119406,30,Humano,Raiva,3606,Exposicao_Face
119423,17,482,368,4.4,2,119423,30,Humano,Raiva,3623,Exposicao_Face
119440,17,360,610,4.43,3,119440,30,Humano,Raiva,3640,Exposicao_Face
119639,200,880,989,3.95,0,119639,30,Humano,Raiva,3839,Exposicao_Face
119656,17,907,1023,3.88,0,119656,30,Humano,Raiva,3856,Exposicao_Face
119673,17,864,1014,3.88,0,119673,30,Humano,Raiva,3873,Exposicao_Face
119689,17,886,1026,3.83,0,119689,30,Humano,Raiva,3889,Exposicao_Face
119706,17,889,1013,3.9,0,119706,30,Humano,Raiva,3906,Exposicao_Face
119722,17,851,1048,3.91,0,119722,30,Humano,Raiva,3922,Exposicao_Face
119739,17,862,1013,3.91,0,119739,30,Humano,Raiva,3939,Exposicao_Face
119756,17,888,1012,3.87,0,119756,30,Humano,Raiva,3956,Exposicao_Face
119772,17,872,1001,3.98,0,119772,30,Humano,Raiva,3972,Exposicao_Face
119789,17,887,1005,3.83,0,119789,30,Humano,Raiva,3989,Exposicao_Face
119806,17,898,994,3.93,0,119806,31,Desenho,Feliz,6,Janela_Baseline
119822,17,923,857,3.95,0,119822,31,Desenho,Feliz,22,Janela_Baseline
119839,17,865,719,4.12,3,119839,31,Desenho,Feliz,39,Janela_Baseline
119856,17,792,533,4.2,3,119856,31,Desenho,Feliz,56,Janela_Baseline
119872,17,635,437,4.44,3,119872,31,Desenho,Feliz,72,Janela_Baseline
119889,17,569,391,4.32,2,119889,31,Desenho,Feliz,89,Janela_Baseline
119905,17,563,394,4.4,2,119905,31,Desenho,Feliz,105,Janela_Baseline
119922,17,555,381,4.36,2,119922,31,Desenho,Feliz,122,Janela_Baseline
119939,17,575,371,4.22,2,119939,31,Desenho,Feliz,139,Janela_Baseline
119955,17,553,397,4.38,2,119955,31,Desenho,Feliz,155,Janela_Baseline
119972,17,564,390,4.33,2,119972,31,Desenho,Feliz,172,Janela_Baseline
119989,17,562,385,4.32,2,119989,31,Desenho,Feliz,189,Janela_Baseline
120005,17,568,383,4.33,2,120005,31,Desenho,Feliz,205,Janela_Baseline
120022,17,569,385,4.32,2,120022,31,Desenho,Feliz,222,Janela_Baseline
120039,17,563,380,4.3,2,120039,31,Desenho,Feliz,239,Janela_Baseline
120055,17,557,391,4.28,2,120055,31,Desenho,Feliz,255,Janela_Baseline
120072,17,482,296,4.24,1,120072,31,Desenho,Feliz,272,Janela_Baseline
120088,17,448,302,4.3,1,120088,31,Desenho,Feliz,288,Janela_Baseline
120105,17,459,292,4.11,1,120105,31,Desenho,Feliz,305,Janela_Baseline
120122,17,444,310,4.25,1,120122,31,Desenho,Feliz,322,Janela_Baseline
120138,17,464,297,4.25,1,120138,31,Desenho,Feliz,338,Janela_Baseline
120155,17,466,305,4.09,1,120155,31,Desenho,Feliz,355,Janela_Baseline
120172,17,461,294,4.06,1,120172,31,Desenho,Feliz,372,Janela_Baseline
120188,17,465,293,4.11,1,120188,31,Desenho,Feliz,388,Janela_Baseline
120205,17,449,305,4.12,1,120205,31,Desenho,Feliz,405,Janela_Baseline
120221,17,443,312,4.12,1,120221,31,Desenho,Feliz,421,Janela_Baseline
120238,17,456,303,4.07,1,120238,31,Desenho,Feliz,438,Janela_Baseline
120255,17,464,302,4.14,1,120255,31,Desenho,Feliz,455,Janela_Baseline
120271,17,461,301,4.06,1,120271,31,Desenho,Feliz,471,Janela_Baseline
120288,17,461,292,4.15,1,120288,31,Desenho,Feliz,488,Janela_Baseline
120305,17,455,307,4.11,1,120305,31,Desenho,Feliz,505,Janela_Baseline
120321,17,455,313,4.15,1,120321,31,Desenho,Feliz,521,Janela_Baseline
120338,17,455,299,4.06,1,120338,31,Desenho,Feliz,538,Janela_Baseline
120355,17,483,344,4.14,1,120355,31,Desenho,Feliz,555,Janela_Baseline
120371,17,470,350,4.14,1,120371,31,Desenho,Feliz,571,Janela_Baseline
120388,17,461,365,4.19,2,120388,31,Desenho,Feliz,588,Janela_Baseline
120404,17,474,359,4.11,1,120404,31,Desenho,Feliz,604,Janela_Baseline
120421,17,469,353,4.17,1,120421,31,Desenho,Feliz,621,Janela_Baseline
120438,17,471,354,4.22,1,120438,31,Desenho,Feliz,638,Janela_Baseline
120454,17,470,348,4.11,1,120454,31,Desenho,Feliz,654,Janela_Baseline
120471,17,467,358,4.19,1,120471,31,Desenho,Feliz,671,Janela_Baseline
120488,17,468,354,4.19,1,120488,31,Desenho,Feliz,688,Janela_Baseline
120504,17,463,355,4.14,1,120504,31,Desenho,Feliz,704,Janela_Baseline
120521,17,476,357,4.28,1,120521,31,Desenho,Feliz,721,Janela_Baseline
120538,17,475,350,4.19,1,120538,31,Desenho,Feliz,738,Janela_Baseline
120554,17,468,352,4.11,1,120554,31,Desenho,Feliz,754,Janela_Baseline
120571,17,475,344,4.2,1,120571,31,Desenho,Feliz,771,Janela_Baseline
120587,17,467,348,4.15,1,120587,31,Desenho,Feliz,787,Janela_Baseline
120604,17,480,331,4.35,1,120604,31,Desenho,Feliz,804,Janela_Baseline
120621,17,488,318,4.41,1,120621,31,Desenho,Feliz,821,Janela_Baseline
120637,17,486,319,4.4,1,120637,31,Desenho,Feliz,837,Janela_Baseline
120654,17,480,322,4.43,1,120654,31,Desenho,Feliz,854,Janela_Baseline
120671,17,492,317,4.46,1,120671,31,Desenho,Feliz,871,Janela_Baseline
120687,17,489,319,4.38,1,120687,31,Desenho,Feliz,887,Janela_Baseline
120704,17,483,309,4.4,1,120704,31,Desenho,Feliz,904,Janela_Baseline
120721,17,473,322,4.59,1,120721,31,Desenho,Feliz,921,Janela_Baseline
120737,17,482,312,4.44,1,120737,31,Desenho,Feliz,937,Janela_Baseline
120754,17,480,322,4.46,1,120754,31,Desenho,Feliz,954,Janela_Baseline
120770,17,478,334,4.51,1,120770,31,Desenho,Feliz,970,Janela_Baseline
120787,17,485,317,4.52,1,120787,31,Desenho,Feliz,987,Janela_Baseline
120804,17,477,326,4.46,1,120804,31,Desenho,Feliz,1004,Janela_Baseline
120820,17,536,324,4.57,1,120820,31,Desenho,Feliz,1020,Janela_Baseline
120837,17,549,311,4.54,1,120837,31,Desenho,Feliz,1037,Janela_Baseline
120854,17,540,320,4.52,1,120854,31,Desenho,Feliz,1054,Janela_Baseline
120870,17,543,305,4.54,1,120870,31,Desenho,Feliz,1070,Janela_Baseline
120887,17,539,324,4.56,1,120887,31,Desenho,Feliz,1087,Janela_Baseline
120904,17,537,327,4.48,1,120904,31,Desenho,Feliz,1104,Janela_Baseline
120920,17,538,327,4.52,1,120920,31,Desenho,Feliz,1120,Janela_Baseline
120937,17,531,329,4.49,1,120937,31,Desenho,Feliz,1137,Janela_Baseline
120953,17,536,335,4.57,1,120953,31,Desenho,Feliz,1153,Janela_Baseline
120970,17,525,335,4.59,1,120970,31,Desenho,Feliz,1170,Janela_Baseline
120987,17,524,344,4.62,1,120987,31,Desenho,Feliz,1187,Janela_Baseline
121003,17,539,336,4.64,1,121003,31,Desenho,Feliz,1203,Janela_Baseline
121020,17,536,342,4.62,1,121020,31,Desenho,Feliz,1220,Janela_Baseline
121037,17,527,332,4.7,1,121037,31,Desenho,Feliz,1237,Janela_Baseline
121053,17,503,344,4.7,1,121053,31,Desenho,Feliz,1253,Janela_Baseline
121070,17,523,329,4.68,1,121070,31,Desenho,Feliz,1270,Janela_Baseline
121087,17,533,356,4.8,1,121087,31,Desenho,Feliz,1287,Janela_Baseline
121103,17,521,337,4.72,1,121103,31,Desenho,Feliz,1303,Exposicao_Face
121120,17,530,318,4.67,1,121120,31,Desenho,Feliz,1320,Exposicao_Face
121136,17,533,322,4.64,1,121136,31,Desenho,Feliz,1336,Exposicao_Face
121153,17,532,338,4.83,1,121153,31,Desenho,Feliz,1353,Exposicao_Face
121170,17,517,323,4.81,1,121170,31,Desenho,Feliz,1370,Exposicao_Face
121186,17,447,312,4.78,1,121186,31,Desenho,Feliz,1386,Exposicao_Face
121203,17,447,327,4.72,1,121203,31,Desenho,Feliz,1403,Exposicao_Face
121220,17,434,326,4.62,1,121220,31,Desenho,Feliz,1420,Exposicao_Face
121236,17,431,322,4.8,1,121236,31,Desenho,Feliz,1436,Exposicao_Face
121253,17,435,324,4.84,1,121253,31,Desenho,Feliz,1453,Exposicao_Face
121270,17,444,319,4.8,1,121270,31,Desenho,Feliz,1470,Exposicao_Face
121286,17,434,329,4.73,1,121286,31,Desenho,Feliz,1486,Exposicao_Face
121303,17,438,311,4.76,1,121303,31,Desenho,Feliz,1503,Exposicao_Face
121319,17,408,333,4.81,1,121319,31,Desenho,Feliz,1519,Exposicao_Face
121336,17,431,332,4.86,1,121336,31,Desenho,Feliz,1536,Exposicao_Face
121353,17,440,323,4.92,1,121353,31,Desenho,Feliz,1553,Exposicao_Face
121403,50,426,326,4.84,1,121403,31,Desenho,Feliz,1603,Exposicao_Face
121419,17,436,325,4.89,1,121419,31,Desenho,Feliz,1619,Exposicao_Face
121436,17,416,329,4.86,1,121436,31,Desenho,Feliz,1636,Exposicao_Face
121452,17,424,332,4.91,1,121452,31,Desenho,Feliz,1652,Exposicao_Face
121469,17,455,300,4.91,1,121469,31,Desenho,Feliz,1669,Exposicao_Face
121486,17,408,338,4.94,1,121486,31,Desenho,Feliz,1686,Exposicao_Face
121502,17,427,327,4.89,1,121502,31,Desenho,Feliz,1702,Exposicao_Face
121519,17,433,335,5.04,1,121519,31,Desenho,Feliz,1719,Exposicao_Face
121536,17,421,334,4.97,1,121536,31,Desenho,Feliz,1736,Exposicao_Face
121552,17,415,343,4.92,1,121552,31,Desenho,Feliz,1752,Exposicao_Face
121569,17,410,348,5.02,1,121569,31,Desenho,Feliz,1769,Exposicao_Face
121586,17,404,346,5.04,1,121586,31,Desenho,Feliz,1786,Exposicao_Face
121602,17,399,348,4.94,1,121602,31,Desenho,Feliz,1802,Exposicao_Face
121619,17,471,343,5.07,1,121619,31,Desenho,Feliz,1819,Exposicao_Face
121635,17,532,343,5.05,1,121635,31,Desenho,Feliz,1835,Exposicao_Face
121652,17,509,353,5.01,1,121652,31,Desenho,Feliz,1852,Exposicao_Face
121669,17,512,357,5.04,1,121669,31,Desenho,Feliz,1869,Exposicao_Face
121685,17,489,361,4.91,1,121685,31,Desenho,Feliz,1885,Exposicao_Face
121702,17,511,364,5.18,2,121702,31,Desenho,Feliz,1902,Exposicao_Face
121752,50,524,361,5.02,1,121752,31,Desenho,Feliz,1952,Exposicao_Face
121785,33,529,349,5.07,1,121785,31,Desenho,Feliz,1985,Exposicao_Face
121802,17,525,349,5.09,1,121802,31,Desenho,Feliz,2002,Exposicao_Face
121835,33,513,359,5.07,1,121835,31,Desenho,Feliz,2035,Exposicao_Face
121868,33,531,359,5.01,1,121868,31,Desenho,Feliz,2068,Exposicao_Face
121885,17,519,342,4.97,1,121885,31,Desenho,Feliz,2085,Exposicao_Face
121902,17,485,369,5.18,2,121902,31,Desenho,Feliz,2102,Exposicao_Face
121918,17,478,374,5.17,2,121918,31,Desenho,Feliz,2118,Exposicao_Face
121935,17,500,373,5.18,2,121935,31,Desenho,Feliz,2135,Exposicao_Face
121952,17,499,358,5.2,1,121952,31,Desenho,Feliz,2152,Exposicao_Face
121968,17,492,364,5.09,2,121968,31,Desenho,Feliz,2168,Exposicao_Face
121985,17,508,371,5.25,2,121985,31,Desenho,Feliz,2185,Exposicao_Face
122001,17,517,338,5.15,1,122001,31,Desenho,Feliz,2201,Exposicao_Face
122018,17,459,387,5.18,2,122018,31,Desenho,Feliz,2218,Exposicao_Face
122035,17,432,392,5.23,2,122035,31,Desenho,Feliz,2235,Exposicao_Face
122051,17,443,405,5.17,2,122051,31,Desenho,Feliz,2251,Exposicao_Face
122068,17,432,413,5.23,2,122068,31,Desenho,Feliz,2268,Exposicao_Face
122085,17,429,400,5.13,2,122085,31,Desenho,Feliz,2285,Exposicao_Face
122101,17,418,417,5.15,3,122101,31,Desenho,Feliz,2301,Exposicao_Face
122118,17,428,408,5.18,2,122118,31,Desenho,Feliz,2318,Exposicao_Face
122135,17,419,409,5.12,2,122135,31,Desenho,Feliz,2335,Exposicao_Face
122151,17,435,406,5.18,2,122151,31,Desenho,Feliz,2351,Exposicao_Face
122168,17,419,417,5.15,3,122168,31,Desenho,Feliz,2368,Exposicao_Face
122184,17,434,407,5.28,2,122184,31,Desenho,Feliz,2384,Exposicao_Face
122201,17,426,414,5.18,2,122201,31,Desenho,Feliz,2401,Exposicao_Face
122218,17,418,406,5.21,2,122218,31,Desenho,Feliz,2418,Exposicao_Face
122234,17,432,400,5.15,2,122234,31,Desenho,Feliz,2434,Exposicao_Face
122251,17,437,398,5.2,2,122251,31,Desenho,Feliz,2451,Exposicao_Face
122268,17,428,409,5.21,2,122268,31,Desenho,Feliz,2468,Exposicao_Face
122284,17,431,403,5.17,2,122284,31,Desenho,Feliz,2484,Exposicao_Face
122301,17,436,399,5.26,2,122301,31,Desenho,Feliz,2501,Exposicao_Face
122318,17,436,407,5.31,2,122318,31,Desenho,Feliz,2518,Exposicao_Face
122334,17,428,418,5.29,3,122334,31,Desenho,Feliz,2534,Exposicao_Face
122351,17,424,416,5.13,3,122351,31,Desenho,Feliz,2551,Exposicao_Face
122367,17,458,388,5.15,2,122367,31,Desenho,Feliz,2567,Exposicao_Face
122384,17,443,405,5.18,2,122384,31,Desenho,Feliz,2584,Exposicao_Face
122401,17,431,413,5.17,2,122401,31,Desenho,Feliz,2601,Exposicao_Face
122417,17,435,399,5.18,2,122417,31,Desenho,Feliz,2617,Exposicao_Face
122434,17,422,408,5.1,2,122434,31,Desenho,Feliz,2634,Exposicao_Face
122451,17,443,401,5.2,2,122451,31,Desenho,Feliz,2651,Exposicao_Face
122467,17,416,423,5.15,3,122467,31,Desenho,Feliz,2667,Exposicao_Face
122484,17,429,413,5.2,2,122484,31,Desenho,Feliz,2684,Exposicao_Face
122501,17,441,411,5.12,2,122501,31,Desenho,Feliz,2701,Exposicao_Face
122517,17,424,415,5.13,6,122517,31,Desenho,Feliz,2717,Exposicao_Face
122534,17,449,401,5.13,2,122534,31,Desenho,Feliz,2734,Exposicao_Face
122550,17,430,395,5.09,2,122550,31,Desenho,Feliz,2750,Exposicao_Face
122567,17,440,422,5.1,3,122567,31,Desenho,Feliz,2767,Exposicao_Face
122584,17,439,409,5.12,2,122584,31,Desenho,Feliz,2784,Exposicao_Face
122600,17,440,412,5.12,2,122600,31,Desenho,Feliz,2800,Exposicao_Face
122617,17,462,406,5.21,2,122617,31,Desenho,Feliz,2817,Exposicao_Face
122634,17,431,412,5.12,2,122634,31,Desenho,Feliz,2834,Exposicao_Face
122650,17,444,407,4.99,2,122650,31,Desenho,Feliz,2850,Exposicao_Face
122667,17,427,419,5.07,3,122667,31,Desenho,Feliz,2867,Exposicao_Face
122683,17,429,418,5.09,3,122683,31,Desenho,Feliz,2883,Exposicao_Face
122700,17,433,415,5.12,6,122700,31,Desenho,Feliz,2900,Exposicao_Face
122717,17,432,411,4.97,2,122717,31,Desenho,Feliz,2917,Exposicao_Face
122733,17,437,414,5.15,2,122733,31,Desenho,Feliz,2933,Exposicao_Face
122750,17,427,427,4.97,3,122750,31,Desenho,Feliz,2950,Exposicao_Face
122767,17,428,426,5.04,3,122767,31,Desenho,Feliz,2967,Exposicao_Face
122783,17,429,411,5.05,2,122783,31,Desenho,Feliz,2983,Exposicao_Face
122800,17,439,411,5.01,2,122800,31,Desenho,Feliz,3000,Exposicao_Face
122817,17,417,419,4.91,3,122817,31,Desenho,Feliz,3017,Exposicao_Face
122833,17,438,415,5.02,6,122833,31,Desenho,Feliz,3033,Exposicao_Face
122850,17,448,408,4.96,2,122850,31,Desenho,Feliz,3050,Exposicao_Face
122866,17,428,423,4.96,3,122866,31,Desenho,Feliz,3066,Exposicao_Face
122883,17,431,423,4.99,3,122883,31,Desenho,Feliz,3083,Exposicao_Face
122900,17,450,416,4.97,3,122900,31,Desenho,Feliz,3100,Exposicao_Face
122916,17,462,400,4.96,2,122916,31,Desenho,Feliz,3116,Exposicao_Face
122933,17,436,412,4.99,2,122933,31,Desenho,Feliz,3133,Exposicao_Face
122950,17,469,404,4.92,2,122950,31,Desenho,Feliz,3150,Exposicao_Face
122966,17,483,374,4.94,2,122966,31,Desenho,Feliz,3166,Exposicao_Face
122983,17,496,348,4.91,1,122983,31,Desenho,Feliz,3183,Exposicao_Face
123000,17,503,368,4.86,2,123000,31,Desenho,Feliz,3200,Exposicao_Face
123016,17,512,329,4.91,1,123016,31,Desenho,Feliz,3216,Exposicao_Face
123033,17,516,340,4.81,1,123033,31,Desenho,Feliz,3233,Exposicao_Face
123049,17,502,360,4.89,1,123049,31,Desenho,Feliz,3249,Exposicao_Face
123066,17,520,353,4.83,1,123066,31,Desenho,Feliz,3266,Exposicao_Face
123083,17,495,362,4.91,1,123083,31,Desenho,Feliz,3283,Exposicao_Face
123099,17,519,342,4.89,1,123099,31,Desenho,Feliz,3299,Exposicao_Face
123116,17,499,344,4.91,1,123116,31,Desenho,Feliz,3316,Exposicao_Face
123133,17,504,343,4.73,1,123133,31,Desenho,Feliz,3333,Exposicao_Face
123149,17,499,341,4.86,1,123149,31,Desenho,Feliz,3349,Exposicao_Face
123166,17,499,345,4.94,1,123166,31,Desenho,Feliz,3366,Exposicao_Face
123183,17,518,347,4.84,1,123183,31,Desenho,Feliz,3383,Exposicao_Face
123199,17,502,343,4.83,1,123199,31,Desenho,Feliz,3399,Exposicao_Face
123216,17,513,345,4.89,1,123216,31,Desenho,Feliz,3416,Exposicao_Face
123232,17,497,342,4.89,1,123232,31,Desenho,Feliz,3432,Exposicao_Face
123249,17,493,344,4.81,1,123249,31,Desenho,Feliz,3449,Exposicao_Face
123266,17,501,348,4.8,1,123266,31,Desenho,Feliz,3466,Exposicao_Face
123282,17,517,341,4.96,1,123282,31,Desenho,Feliz,3482,Exposicao_Face
123299,17,491,356,5.01,1,123299,31,Desenho,Feliz,3499,Exposicao_Face
123316,17,502,341,4.91,1,123316,31,Desenho,Feliz,3516,Exposicao_Face
123332,17,495,354,4.84,1,123332,31,Desenho,Feliz,3532,Exposicao_Face
123349,17,493,362,4.88,1,123349,31,Desenho,Feliz,3549,Exposicao_Face
123366,17,535,339,4.94,1,123366,31,Desenho,Feliz,3566,Exposicao_Face
123382,17,511,352,4.83,1,123382,31,Desenho,Feliz,3582,Exposicao_Face
123399,17,509,345,4.89,1,123399,31,Desenho,Feliz,3599,Exposicao_Face
123415,17,430,515,4.92,3,123415,31,Desenho,Feliz,3615,Exposicao_Face
123748,333,61,713,4.91,3,123748,31,Desenho,Feliz,3948,Exposicao_Face
123765,17,181,695,4.86,3,123765,31,Desenho,Feliz,3965,Exposicao_Face
123781,17,204,694,4.84,3,123781,31,Desenho,Feliz,3981,Exposicao_Face
123798,17,219,702,4.89,3,123798,31,Desenho,Feliz,3998,Exposicao_Face
123815,17,203,696,4.81,3,123815,32,Desenho,Neutro,15,Janela_Baseline
123831,17,181,689,4.75,3,123831,32,Desenho,Neutro,31,Janela_Baseline
123848,17,189,689,4.76,3,123848,32,Desenho,Neutro,48,Janela_Baseline
123865,17,205,692,4.91,3,123865,32,Desenho,Neutro,65,Janela_Baseline
123881,17,211,691,5.05,3,123881,32,Desenho,Neutro,81,Janela_Baseline
123898,17,191,703,4.96,3,123898,32,Desenho,Neutro,98,Janela_Baseline
123914,17,204,699,5.05,3,123914,32,Desenho,Neutro,114,Janela_Baseline
123931,17,189,691,4.84,3,123931,32,Desenho,Neutro,131,Janela_Baseline
123948,17,190,702,4.91,3,123948,32,Desenho,Neutro,148,Janela_Baseline
123964,17,192,693,4.97,3,123964,32,Desenho,Neutro,164,Janela_Baseline
123981,17,209,689,4.89,3,123981,32,Desenho,Neutro,181,Janela_Baseline
123998,17,203,697,4.86,3,123998,32,Desenho,Neutro,198,Janela_Baseline
124014,17,219,692,4.91,3,124014,32,Desenho,Neutro,214,Janela_Baseline
124031,17,201,651,4.83,3,124031,32,Desenho,Neutro,231,Janela_Baseline
124048,17,194,652,4.83,3,124048,32,Desenho,Neutro,248,Janela_Baseline
124064,17,201,648,4.7,3,124064,32,Desenho,Neutro,264,Janela_Baseline
124081,17,184,660,4.67,3,124081,32,Desenho,Neutro,281,Janela_Baseline
124097,17,179,668,4.75,3,124097,32,Desenho,Neutro,297,Janela_Baseline
124114,17,208,643,4.81,3,124114,32,Desenho,Neutro,314,Janela_Baseline
124147,33,177,655,4.73,3,124147,32,Desenho,Neutro,347,Janela_Baseline
124164,17,194,664,4.68,3,124164,32,Desenho,Neutro,364,Janela_Baseline
124181,17,176,660,4.7,3,124181,32,Desenho,Neutro,381,Janela_Baseline
124197,17,184,649,4.73,3,124197,32,Desenho,Neutro,397,Janela_Baseline
124214,17,188,653,4.64,3,124214,32,Desenho,Neutro,414,Janela_Baseline
124231,17,184,662,4.65,3,124231,32,Desenho,Neutro,431,Janela_Baseline
124247,17,190,665,4.68,3,124247,32,Desenho,Neutro,447,Janela_Baseline
124264,17,204,622,4.62,3,124264,32,Desenho,Neutro,464,Janela_Baseline
124280,17,267,507,4.68,3,124280,32,Desenho,Neutro,480,Janela_Baseline
124297,17,342,437,4.57,3,124297,32,Desenho,Neutro,497,Janela_Baseline
124314,17,386,401,4.56,2,124314,32,Desenho,Neutro,514,Janela_Baseline
124330,17,376,398,4.64,2,124330,32,Desenho,Neutro,530,Janela_Baseline
124347,17,384,397,4.64,2,124347,32,Desenho,Neutro,547,Janela_Baseline
124364,17,384,398,4.57,2,124364,32,Desenho,Neutro,564,Janela_Baseline
124380,17,390,402,4.68,2,124380,32,Desenho,Neutro,580,Janela_Baseline
124397,17,394,394,4.62,2,124397,32,Desenho,Neutro,597,Janela_Baseline
124414,17,387,393,4.73,2,124414,32,Desenho,Neutro,614,Janela_Baseline
124430,17,392,402,4.67,2,124430,32,Desenho,Neutro,630,Janela_Baseline
124447,17,387,404,4.59,2,124447,32,Desenho,Neutro,647,Janela_Baseline
124463,17,405,376,4.64,2,124463,32,Desenho,Neutro,663,Janela_Baseline
124480,17,422,398,4.67,2,124480,32,Desenho,Neutro,680,Janela_Baseline
124497,17,468,338,4.52,1,124497,32,Desenho,Neutro,697,Janela_Baseline
124513,17,467,354,4.64,1,124513,32,Desenho,Neutro,713,Janela_Baseline
124530,17,466,365,4.75,2,124530,32,Desenho,Neutro,730,Janela_Baseline
124547,17,475,359,4.6,1,124547,32,Desenho,Neutro,747,Janela_Baseline
124563,17,464,364,4.65,2,124563,32,Desenho,Neutro,763,Janela_Baseline
124580,17,467,352,4.68,1,124580,32,Desenho,Neutro,780,Janela_Baseline
124597,17,464,355,4.62,1,124597,32,Desenho,Neutro,797,Janela_Baseline
124613,17,459,355,4.62,1,124613,32,Desenho,Neutro,813,Janela_Baseline
124630,17,467,361,4.68,1,124630,32,Desenho,Neutro,830,Janela_Baseline
124646,17,474,338,4.64,1,124646,32,Desenho,Neutro,846,Janela_Baseline
124663,17,483,345,4.65,1,124663,32,Desenho,Neutro,863,Janela_Baseline
124680,17,485,343,4.65,1,124680,32,Desenho,Neutro,880,Janela_Baseline
124696,17,512,340,4.67,1,124696,32,Desenho,Neutro,896,Janela_Baseline
124713,17,526,334,4.57,1,124713,32,Desenho,Neutro,913,Janela_Baseline
124730,17,513,344,4.59,1,124730,32,Desenho,Neutro,930,Janela_Baseline
124746,17,516,339,4.46,1,124746,32,Desenho,Neutro,946,Janela_Baseline
124763,17,514,340,4.6,1,124763,32,Desenho,Neutro,963,Janela_Baseline
124780,17,526,341,4.52,1,124780,32,Desenho,Neutro,980,Janela_Baseline
124796,17,536,331,4.62,1,124796,32,Desenho,Neutro,996,Janela_Baseline
124813,17,539,338,4.65,1,124813,32,Desenho,Neutro,1013,Janela_Baseline
124829,17,516,343,4.57,1,124829,32,Desenho,Neutro,1029,Janela_Baseline
124846,17,524,340,4.65,1,124846,32,Desenho,Neutro,1046,Janela_Baseline
124863,17,515,330,4.54,1,124863,32,Desenho,Neutro,1063,Janela_Baseline
124879,17,513,346,4.62,1,124879,32,Desenho,Neutro,1079,Janela_Baseline
124896,17,523,338,4.57,1,124896,32,Desenho,Neutro,1096,Janela_Baseline
124913,17,515,342,4.64,1,124913,32,Desenho,Neutro,1113,Janela_Baseline
124929,17,523,334,4.56,1,124929,32,Desenho,Neutro,1129,Janela_Baseline
124946,17,531,331,4.62,1,124946,32,Desenho,Neutro,1146,Janela_Baseline
124962,17,529,339,4.62,1,124962,32,Desenho,Neutro,1162,Janela_Baseline
124979,17,518,347,4.65,1,124979,32,Desenho,Neutro,1179,Janela_Baseline
124996,17,532,341,4.78,1,124996,32,Desenho,Neutro,1196,Janela_Baseline
125012,17,505,331,4.62,1,125012,32,Desenho,Neutro,1212,Janela_Baseline
125029,17,528,341,4.91,1,125029,32,Desenho,Neutro,1229,Janela_Baseline
125046,17,535,313,4.7,1,125046,32,Desenho,Neutro,1246,Janela_Baseline
125062,17,509,338,4.62,1,125062,32,Desenho,Neutro,1262,Janela_Baseline
125079,17,536,331,4.7,1,125079,32,Desenho,Neutro,1279,Janela_Baseline
125096,17,517,336,4.75,1,125096,32,Desenho,Neutro,1296,Janela_Baseline
125112,17,536,332,4.86,1,125112,32,Desenho,Neutro,1312,Exposicao_Face
125129,17,539,333,4.76,1,125129,32,Desenho,Neutro,1329,Exposicao_Face
125145,17,523,338,4.73,1,125145,32,Desenho,Neutro,1345,Exposicao_Face
125162,17,526,324,4.67,1,125162,32,Desenho,Neutro,1362,Exposicao_Face
125179,17,521,326,4.72,1,125179,32,Desenho,Neutro,1379,Exposicao_Face
125195,17,532,341,4.73,1,125195,32,Desenho,Neutro,1395,Exposicao_Face
125212,17,535,345,4.81,1,125212,32,Desenho,Neutro,1412,Exposicao_Face
125229,17,513,337,4.76,1,125229,32,Desenho,Neutro,1429,Exposicao_Face
125245,17,542,335,4.76,1,125245,32,Desenho,Neutro,1445,Exposicao_Face
125262,17,524,328,4.64,1,125262,32,Desenho,Neutro,1462,Exposicao_Face
125279,17,522,336,4.65,1,125279,32,Desenho,Neutro,1479,Exposicao_Face
125295,17,526,324,4.68,1,125295,32,Desenho,Neutro,1495,Exposicao_Face
125312,17,521,331,4.72,1,125312,32,Desenho,Neutro,1512,Exposicao_Face
125328,17,534,327,4.65,1,125328,32,Desenho,Neutro,1528,Exposicao_Face
125345,17,518,325,4.72,1,125345,32,Desenho,Neutro,1545,Exposicao_Face
125362,17,522,323,4.68,1,125362,32,Desenho,Neutro,1562,Exposicao_Face
125378,17,510,331,4.62,1,125378,32,Desenho,Neutro,1578,Exposicao_Face
125395,17,523,325,4.65,1,125395,32,Desenho,Neutro,1595,Exposicao_Face
125412,17,539,328,4.7,1,125412,32,Desenho,Neutro,1612,Exposicao_Face
125428,17,528,324,4.57,1,125428,32,Desenho,Neutro,1628,Exposicao_Face
125445,17,521,331,4.52,1,125445,32,Desenho,Neutro,1645,Exposicao_Face
125462,17,530,340,4.62,1,125462,32,Desenho,Neutro,1662,Exposicao_Face
125478,17,531,338,4.57,1,125478,32,Desenho,Neutro,1678,Exposicao_Face
125495,17,533,331,4.62,1,125495,32,Desenho,Neutro,1695,Exposicao_Face
125511,17,516,335,4.62,1,125511,32,Desenho,Neutro,1711,Exposicao_Face
125528,17,445,328,4.73,1,125528,32,Desenho,Neutro,1728,Exposicao_Face
125545,17,439,321,4.64,1,125545,32,Desenho,Neutro,1745,Exposicao_Face
125561,17,443,327,4.6,1,125561,32,Desenho,Neutro,1761,Exposicao_Face
125578,17,438,327,4.72,1,125578,32,Desenho,Neutro,1778,Exposicao_Face
125595,17,436,334,4.72,1,125595,32,Desenho,Neutro,1795,Exposicao_Face
125611,17,439,327,4.62,1,125611,32,Desenho,Neutro,1811,Exposicao_Face
125628,17,436,315,4.67,1,125628,32,Desenho,Neutro,1828,Exposicao_Face
125645,17,428,335,4.67,1,125645,32,Desenho,Neutro,1845,Exposicao_Face
125661,17,430,332,4.59,1,125661,32,Desenho,Neutro,1861,Exposicao_Face
125678,17,445,323,4.7,1,125678,32,Desenho,Neutro,1878,Exposicao_Face
125694,17,436,327,4.59,1,125694,32,Desenho,Neutro,1894,Exposicao_Face
125711,17,438,318,4.7,1,125711,32,Desenho,Neutro,1911,Exposicao_Face
125728,17,429,327,4.68,1,125728,32,Desenho,Neutro,1928,Exposicao_Face
125744,17,441,324,4.72,1,125744,32,Desenho,Neutro,1944,Exposicao_Face
125761,17,443,314,4.65,1,125761,32,Desenho,Neutro,1961,Exposicao_Face
125778,17,443,306,4.65,1,125778,32,Desenho,Neutro,1978,Exposicao_Face
125794,17,435,315,4.78,1,125794,32,Desenho,Neutro,1994,Exposicao_Face
125811,17,463,321,4.72,1,125811,32,Desenho,Neutro,2011,Exposicao_Face
125828,17,554,331,4.67,1,125828,32,Desenho,Neutro,2028,Exposicao_Face
125844,17,558,322,4.68,1,125844,32,Desenho,Neutro,2044,Exposicao_Face
125861,17,538,323,4.68,1,125861,32,Desenho,Neutro,2061,Exposicao_Face
125877,17,556,348,4.73,1,125877,32,Desenho,Neutro,2077,Exposicao_Face
125894,17,550,333,4.78,1,125894,32,Desenho,Neutro,2094,Exposicao_Face
125911,17,547,321,4.67,1,125911,32,Desenho,Neutro,2111,Exposicao_Face
125927,17,534,338,4.78,1,125927,32,Desenho,Neutro,2127,Exposicao_Face
125944,17,541,344,4.75,1,125944,32,Desenho,Neutro,2144,Exposicao_Face
125961,17,542,330,4.64,1,125961,32,Desenho,Neutro,2161,Exposicao_Face
125977,17,561,335,4.81,1,125977,32,Desenho,Neutro,2177,Exposicao_Face
125994,17,533,332,4.72,1,125994,32,Desenho,Neutro,2194,Exposicao_Face
126010,17,541,326,4.72,1,126010,32,Desenho,Neutro,2210,Exposicao_Face
126027,17,542,337,4.75,1,126027,32,Desenho,Neutro,2227,Exposicao_Face
126044,17,545,328,4.7,1,126044,32,Desenho,Neutro,2244,Exposicao_Face
126060,17,527,349,4.81,1,126060,32,Desenho,Neutro,2260,Exposicao_Face
126077,17,540,337,4.75,1,126077,32,Desenho,Neutro,2277,Exposicao_Face
126094,17,539,338,4.81,1,126094,32,Desenho,Neutro,2294,Exposicao_Face
126110,17,557,334,4.89,1,126110,32,Desenho,Neutro,2310,Exposicao_Face
126127,17,556,323,4.8,1,126127,32,Desenho,Neutro,2327,Exposicao_Face
126144,17,549,318,4.84,1,126144,32,Desenho,Neutro,2344,Exposicao_Face
126160,17,538,338,4.83,1,126160,32,Desenho,Neutro,2360,Exposicao_Face
126177,17,537,328,4.84,1,126177,32,Desenho,Neutro,2377,Exposicao_Face
126193,17,532,342,4.91,1,126193,32,Desenho,Neutro,2393,Exposicao_Face
126210,17,564,336,4.91,1,126210,32,Desenho,Neutro,2410,Exposicao_Face
126227,17,557,326,4.83,1,126227,32,Desenho,Neutro,2427,Exposicao_Face
126243,17,567,327,4.84,1,126243,32,Desenho,Neutro,2443,Exposicao_Face
126260,17,542,328,4.84,1,126260,32,Desenho,Neutro,2460,Exposicao_Face
126277,17,556,333,4.89,1,126277,32,Desenho,Neutro,2477,Exposicao_Face
126293,17,561,329,4.96,1,126293,32,Desenho,Neutro,2493,Exposicao_Face
126310,17,555,325,4.92,1,126310,32,Desenho,Neutro,2510,Exposicao_Face
126327,17,539,344,5.01,1,126327,32,Desenho,Neutro,2527,Exposicao_Face
126343,17,567,318,4.83,1,126343,32,Desenho,Neutro,2543,Exposicao_Face
126360,17,565,329,4.91,1,126360,32,Desenho,Neutro,2560,Exposicao_Face
126376,17,542,342,4.96,1,126376,32,Desenho,Neutro,2576,Exposicao_Face
126393,17,543,331,4.97,1,126393,32,Desenho,Neutro,2593,Exposicao_Face
126410,17,531,340,4.89,1,126410,32,Desenho,Neutro,2610,Exposicao_Face
126426,17,555,320,4.84,1,126426,32,Desenho,Neutro,2626,Exposicao_Face
126443,17,532,338,4.92,1,126443,32,Desenho,Neutro,2643,Exposicao_Face
126460,17,560,334,4.97,1,126460,32,Desenho,Neutro,2660,Exposicao_Face
126476,17,545,328,4.94,1,126476,32,Desenho,Neutro,2676,Exposicao_Face
126493,17,547,333,4.91,1,126493,32,Desenho,Neutro,2693,Exposicao_Face
126510,17,533,333,4.92,1,126510,32,Desenho,Neutro,2710,Exposicao_Face
126526,17,550,330,4.96,1,126526,32,Desenho,Neutro,2726,Exposicao_Face
126543,17,545,343,5.02,1,126543,32,Desenho,Neutro,2743,Exposicao_Face
126559,17,565,328,5.01,1,126559,32,Desenho,Neutro,2759,Exposicao_Face
126576,17,646,294,4.97,1,126576,32,Desenho,Neutro,2776,Exposicao_Face
126593,17,677,299,5.04,1,126593,32,Desenho,Neutro,2793,Exposicao_Face
126609,17,681,297,5.01,1,126609,32,Desenho,Neutro,2809,Exposicao_Face
126626,17,677,275,4.96,1,126626,32,Desenho,Neutro,2826,Exposicao_Face
126643,17,674,315,5.05,1,126643,32,Desenho,Neutro,2843,Exposicao_Face
126659,17,679,295,5.02,1,126659,32,Desenho,Neutro,2859,Exposicao_Face
126676,17,685,288,4.89,1,126676,32,Desenho,Neutro,2876,Exposicao_Face
126693,17,699,296,5.05,1,126693,32,Desenho,Neutro,2893,Exposicao_Face
126709,17,702,284,5.09,1,126709,32,Desenho,Neutro,2909,Exposicao_Face
126726,17,683,288,5.04,1,126726,32,Desenho,Neutro,2926,Exposicao_Face
126742,17,693,295,5.05,1,126742,32,Desenho,Neutro,2942,Exposicao_Face
126759,17,695,282,5.01,1,126759,32,Desenho,Neutro,2959,Exposicao_Face
126776,17,692,294,5.15,1,126776,32,Desenho,Neutro,2976,Exposicao_Face
126792,17,683,303,5.04,1,126792,32,Desenho,Neutro,2992,Exposicao_Face
126809,17,694,294,5.02,1,126809,32,Desenho,Neutro,3009,Exposicao_Face
126826,17,682,309,5.18,1,126826,32,Desenho,Neutro,3026,Exposicao_Face
126842,17,664,305,5.09,1,126842,32,Desenho,Neutro,3042,Exposicao_Face
126859,17,676,300,5.07,1,126859,32,Desenho,Neutro,3059,Exposicao_Face
126876,17,678,292,5.1,1,126876,32,Desenho,Neutro,3076,Exposicao_Face
126892,17,686,306,5.05,1,126892,32,Desenho,Neutro,3092,Exposicao_Face
126909,17,682,299,5.05,1,126909,32,Desenho,Neutro,3109,Exposicao_Face
126925,17,690,282,4.96,1,126925,32,Desenho,Neutro,3125,Exposicao_Face
126942,17,684,281,5.01,1,126942,32,Desenho,Neutro,3142,Exposicao_Face
126959,17,587,308,5.1,1,126959,32,Desenho,Neutro,3159,Exposicao_Face
126975,17,520,318,5.05,1,126975,32,Desenho,Neutro,3175,Exposicao_Face
126992,17,497,323,5.13,1,126992,32,Desenho,Neutro,3192,Exposicao_Face
127009,17,482,330,5.13,1,127009,32,Desenho,Neutro,3209,Exposicao_Face
127025,17,478,327,5.09,1,127025,32,Desenho,Neutro,3225,Exposicao_Face
127042,17,486,330,5.12,1,127042,32,Desenho,Neutro,3242,Exposicao_Face
127059,17,486,342,5.13,1,127059,32,Desenho,Neutro,3259,Exposicao_Face
127075,17,480,334,5.2,1,127075,32,Desenho,Neutro,3275,Exposicao_Face
127092,17,483,328,5.12,1,127092,32,Desenho,Neutro,3292,Exposicao_Face
127108,17,484,326,5.09,1,127108,32,Desenho,Neutro,3308,Exposicao_Face
127125,17,488,320,5.1,1,127125,32,Desenho,Neutro,3325,Exposicao_Face
127142,17,482,326,5.04,1,127142,32,Desenho,Neutro,3342,Exposicao_Face
127158,17,482,322,5.09,1,127158,32,Desenho,Neutro,3358,Exposicao_Face
127175,17,485,316,5.04,1,127175,32,Desenho,Neutro,3375,Exposicao_Face
127192,17,481,323,5.1,1,127192,32,Desenho,Neutro,3392,Exposicao_Face
127208,17,479,326,5.05,1,127208,32,Desenho,Neutro,3408,Exposicao_Face
127225,17,484,321,5.1,1,127225,32,Desenho,Neutro,3425,Exposicao_Face
127241,17,474,333,5.1,1,127241,32,Desenho,Neutro,3441,Exposicao_Face
127258,17,474,334,5.09,1,127258,32,Desenho,Neutro,3458,Exposicao_Face
127275,17,475,329,5.07,1,127275,32,Desenho,Neutro,3475,Exposicao_Face
127291,17,481,327,5.2,1,127291,32,Desenho,Neutro,3491,Exposicao_Face
127308,17,488,324,5.13,1,127308,32,Desenho,Neutro,3508,Exposicao_Face
127325,17,478,333,5.12,1,127325,32,Desenho,Neutro,3525,Exposicao_Face
127341,17,479,332,5.2,1,127341,32,Desenho,Neutro,3541,Exposicao_Face
127358,17,471,339,5.09,1,127358,32,Desenho,Neutro,3558,Exposicao_Face
127375,17,491,334,5.09,1,127375,32,Desenho,Neutro,3575,Exposicao_Face
127391,17,469,335,5.2,1,127391,32,Desenho,Neutro,3591,Exposicao_Face
127408,17,482,315,5.21,1,127408,32,Desenho,Neutro,3608,Exposicao_Face
127424,17,485,323,5.07,1,127424,32,Desenho,Neutro,3624,Exposicao_Face
127441,17,482,317,5.1,1,127441,32,Desenho,Neutro,3641,Exposicao_Face
127458,17,470,364,5.12,2,127458,32,Desenho,Neutro,3658,Exposicao_Face
127474,17,771,523,0.0,3,127474,32,Desenho,Neutro,3674,Exposicao_Face
127774,299,250,674,4.59,3,127774,32,Desenho,Neutro,3974,Exposicao_Face
127790,17,355,506,4.94,3,127790,32,Desenho,Neutro,3990,Exposicao_Face
127807,17,437,378,4.8,2,127807,33,Desenho,Raiva,7,Janela_Baseline
127824,17,450,339,4.75,1,127824,33,Desenho,Raiva,24,Janela_Baseline
127840,17,450,345,4.72,1,127840,33,Desenho,Raiva,40,Janela_Baseline
127857,17,460,330,4.76,1,127857,33,Desenho,Raiva,57,Janela_Baseline
127874,17,463,328,4.72,1,127874,33,Desenho,Raiva,74,Janela_Baseline
127890,17,458,335,4.78,1,127890,33,Desenho,Raiva,90,Janela_Baseline
127907,17,456,334,4.75,1,127907,33,Desenho,Raiva,107,Janela_Baseline
127924,17,453,355,4.86,1,127924,33,Desenho,Raiva,124,Janela_Baseline
127940,17,446,351,4.81,1,127940,33,Desenho,Raiva,140,Janela_Baseline
127957,17,457,355,4.8,1,127957,33,Desenho,Raiva,157,Janela_Baseline
127973,17,465,337,4.88,1,127973,33,Desenho,Raiva,173,Janela_Baseline
127990,17,466,338,4.83,1,127990,33,Desenho,Raiva,190,Janela_Baseline
128007,17,461,346,4.84,1,128007,33,Desenho,Raiva,207,Janela_Baseline
128023,17,455,346,4.89,1,128023,33,Desenho,Raiva,223,Janela_Baseline
128040,17,457,350,4.86,1,128040,33,Desenho,Raiva,240,Janela_Baseline
128057,17,464,337,4.73,1,128057,33,Desenho,Raiva,257,Janela_Baseline
128073,17,456,346,4.84,1,128073,33,Desenho,Raiva,273,Janela_Baseline
128090,17,454,350,4.83,1,128090,33,Desenho,Raiva,290,Janela_Baseline
128107,17,461,347,4.99,1,128107,33,Desenho,Raiva,307,Janela_Baseline
128123,17,460,353,4.78,1,128123,33,Desenho,Raiva,323,Janela_Baseline
128140,17,459,338,4.67,1,128140,33,Desenho,Raiva,340,Janela_Baseline
128156,17,454,358,4.68,1,128156,33,Desenho,Raiva,356,Janela_Baseline
128173,17,461,341,4.65,1,128173,33,Desenho,Raiva,373,Janela_Baseline
128190,17,457,346,4.68,1,128190,33,Desenho,Raiva,390,Janela_Baseline
128206,17,460,357,4.64,1,128206,33,Desenho,Raiva,406,Janela_Baseline
128223,17,472,330,4.49,1,128223,33,Desenho,Raiva,423,Janela_Baseline
128240,17,457,351,4.48,1,128240,33,Desenho,Raiva,440,Janela_Baseline
128256,17,468,358,4.51,1,128256,33,Desenho,Raiva,456,Janela_Baseline
128273,17,458,349,4.43,1,128273,33,Desenho,Raiva,473,Janela_Baseline
128289,17,452,360,4.46,1,128289,33,Desenho,Raiva,489,Janela_Baseline
128306,17,450,351,4.4,1,128306,33,Desenho,Raiva,506,Janela_Baseline
128323,17,457,355,4.54,1,128323,33,Desenho,Raiva,523,Janela_Baseline
128339,17,454,353,4.52,1,128339,33,Desenho,Raiva,539,Janela_Baseline
128356,17,459,353,4.44,1,128356,33,Desenho,Raiva,556,Janela_Baseline
128373,17,460,355,4.38,1,128373,33,Desenho,Raiva,573,Janela_Baseline
128389,17,457,359,4.46,1,128389,33,Desenho,Raiva,589,Janela_Baseline
128406,17,524,351,4.48,1,128406,33,Desenho,Raiva,606,Janela_Baseline
128423,17,519,354,4.46,1,128423,33,Desenho,Raiva,623,Janela_Baseline
128439,17,534,341,4.52,1,128439,33,Desenho,Raiva,639,Janela_Baseline
128456,17,529,337,4.54,1,128456,33,Desenho,Raiva,656,Janela_Baseline
128472,17,527,341,4.48,1,128472,33,Desenho,Raiva,672,Janela_Baseline
128489,17,524,341,4.43,1,128489,33,Desenho,Raiva,689,Janela_Baseline
128506,17,530,343,4.52,1,128506,33,Desenho,Raiva,706,Janela_Baseline
128522,17,530,347,4.46,1,128522,33,Desenho,Raiva,722,Janela_Baseline
128539,17,530,343,4.46,1,128539,33,Desenho,Raiva,739,Janela_Baseline
128556,17,529,357,4.52,1,128556,33,Desenho,Raiva,756,Janela_Baseline
128572,17,524,363,4.57,0,128572,33,Desenho,Raiva,772,Janela_Baseline
128589,17,535,336,4.46,1,128589,33,Desenho,Raiva,789,Janela_Baseline
128606,17,527,351,4.52,1,128606,33,Desenho,Raiva,806,Janela_Baseline
128622,17,521,361,4.57,1,128622,33,Desenho,Raiva,822,Janela_Baseline
128639,17,531,358,4.54,1,128639,33,Desenho,Raiva,839,Janela_Baseline
128655,17,541,340,4.48,1,128655,33,Desenho,Raiva,855,Janela_Baseline
128672,17,531,343,4.54,1,128672,33,Desenho,Raiva,872,Janela_Baseline
128689,17,552,326,4.54,1,128689,33,Desenho,Raiva,889,Janela_Baseline
128705,17,541,343,4.54,1,128705,33,Desenho,Raiva,905,Janela_Baseline
128722,17,547,338,4.57,1,128722,33,Desenho,Raiva,922,Janela_Baseline
128739,17,561,333,4.52,1,128739,33,Desenho,Raiva,939,Janela_Baseline
128755,17,561,320,4.44,1,128755,33,Desenho,Raiva,955,Janela_Baseline
128772,17,554,346,4.62,1,128772,33,Desenho,Raiva,972,Janela_Baseline
128789,17,559,339,4.54,1,128789,33,Desenho,Raiva,989,Janela_Baseline
128805,17,550,337,4.57,1,128805,33,Desenho,Raiva,1005,Janela_Baseline
128822,17,539,340,4.64,1,128822,33,Desenho,Raiva,1022,Janela_Baseline
128838,17,547,339,4.64,1,128838,33,Desenho,Raiva,1038,Janela_Baseline
128855,17,550,337,4.56,1,128855,33,Desenho,Raiva,1055,Janela_Baseline
128872,17,551,331,4.49,1,128872,33,Desenho,Raiva,1072,Janela_Baseline
128888,17,551,338,4.6,1,128888,33,Desenho,Raiva,1088,Janela_Baseline
128905,17,547,342,4.46,1,128905,33,Desenho,Raiva,1105,Janela_Baseline
128922,17,561,332,4.54,1,128922,33,Desenho,Raiva,1122,Janela_Baseline
128938,17,485,325,4.62,1,128938,33,Desenho,Raiva,1138,Janela_Baseline
128955,17,460,334,4.7,1,128955,33,Desenho,Raiva,1155,Janela_Baseline
128972,17,453,345,4.62,1,128972,33,Desenho,Raiva,1172,Janela_Baseline
128988,17,460,326,4.51,1,128988,33,Desenho,Raiva,1188,Janela_Baseline
129005,17,447,334,4.6,1,129005,33,Desenho,Raiva,1205,Janela_Baseline
129021,17,444,342,4.57,1,129021,33,Desenho,Raiva,1221,Janela_Baseline
129038,17,461,321,4.59,1,129038,33,Desenho,Raiva,1238,Janela_Baseline
129055,17,453,323,4.52,1,129055,33,Desenho,Raiva,1255,Janela_Baseline
129071,17,438,338,4.65,1,129071,33,Desenho,Raiva,1271,Janela_Baseline
129088,17,460,328,4.48,1,129088,33,Desenho,Raiva,1288,Janela_Baseline
129105,17,449,328,4.57,1,129105,33,Desenho,Raiva,1305,Exposicao_Face
129121,17,445,337,4.68,1,129121,33,Desenho,Raiva,1321,Exposicao_Face
129138,17,455,332,4.56,1,129138,33,Desenho,Raiva,1338,Exposicao_Face
129155,17,440,334,4.57,1,129155,33,Desenho,Raiva,1355,Exposicao_Face
129171,17,451,337,4.57,1,129171,33,Desenho,Raiva,1371,Exposicao_Face
129188,17,454,326,4.54,1,129188,33,Desenho,Raiva,1388,Exposicao_Face
129204,17,444,330,4.67,1,129204,33,Desenho,Raiva,1404,Exposicao_Face
129221,17,479,330,4.52,1,129221,33,Desenho,Raiva,1421,Exposicao_Face
129238,17,511,356,4.54,1,129238,33,Desenho,Raiva,1438,Exposicao_Face
129254,17,524,345,4.62,1,129254,33,Desenho,Raiva,1454,Exposicao_Face
129271,17,532,337,4.6,1,129271,33,Desenho,Raiva,1471,Exposicao_Face
129288,17,519,342,4.62,1,129288,33,Desenho,Raiva,1488,Exposicao_Face
129304,17,525,342,4.56,1,129304,33,Desenho,Raiva,1504,Exposicao_Face
129321,17,512,350,4.67,1,129321,33,Desenho,Raiva,1521,Exposicao_Face
129338,17,524,345,4.68,1,129338,33,Desenho,Raiva,1538,Exposicao_Face
129354,17,530,356,4.64,1,129354,33,Desenho,Raiva,1554,Exposicao_Face
129371,17,519,338,4.6,1,129371,33,Desenho,Raiva,1571,Exposicao_Face
129387,17,527,327,4.67,1,129387,33,Desenho,Raiva,1587,Exposicao_Face
129404,17,519,336,4.64,1,129404,33,Desenho,Raiva,1604,Exposicao_Face
129421,17,529,328,4.64,1,129421,33,Desenho,Raiva,1621,Exposicao_Face
129437,17,524,329,4.65,1,129437,33,Desenho,Raiva,1637,Exposicao_Face
129454,17,509,344,4.59,1,129454,33,Desenho,Raiva,1654,Exposicao_Face
129471,17,537,321,4.64,1,129471,33,Desenho,Raiva,1671,Exposicao_Face
129487,17,521,335,4.62,1,129487,33,Desenho,Raiva,1687,Exposicao_Face
129504,17,531,346,4.68,1,129504,33,Desenho,Raiva,1704,Exposicao_Face
129520,17,530,321,4.64,1,129520,33,Desenho,Raiva,1720,Exposicao_Face
129537,17,529,323,4.67,1,129537,33,Desenho,Raiva,1737,Exposicao_Face
129554,17,521,348,4.7,1,129554,33,Desenho,Raiva,1754,Exposicao_Face
129570,17,529,329,4.62,1,129570,33,Desenho,Raiva,1770,Exposicao_Face
129587,17,531,342,4.65,1,129587,33,Desenho,Raiva,1787,Exposicao_Face
129604,17,534,320,4.78,1,129604,33,Desenho,Raiva,1804,Exposicao_Face
129620,17,524,345,4.64,1,129620,33,Desenho,Raiva,1820,Exposicao_Face
129637,17,521,349,4.59,1,129637,33,Desenho,Raiva,1837,Exposicao_Face
129654,17,531,341,4.67,1,129654,33,Desenho,Raiva,1854,Exposicao_Face
129670,17,502,337,4.65,1,129670,33,Desenho,Raiva,1870,Exposicao_Face
129687,17,525,337,4.57,1,129687,33,Desenho,Raiva,1887,Exposicao_Face
129703,17,436,329,4.64,1,129703,33,Desenho,Raiva,1903,Exposicao_Face
129720,17,398,333,4.59,1,129720,33,Desenho,Raiva,1920,Exposicao_Face
129737,17,404,334,4.64,1,129737,33,Desenho,Raiva,1937,Exposicao_Face
129753,17,406,335,4.7,1,129753,33,Desenho,Raiva,1953,Exposicao_Face
129770,17,404,337,4.67,1,129770,33,Desenho,Raiva,1970,Exposicao_Face
129787,17,403,325,4.67,1,129787,33,Desenho,Raiva,1987,Exposicao_Face
129803,17,412,324,4.6,1,129803,33,Desenho,Raiva,2003,Exposicao_Face
129820,17,408,323,4.67,1,129820,33,Desenho,Raiva,2020,Exposicao_Face
129837,17,408,323,4.62,1,129837,33,Desenho,Raiva,2037,Exposicao_Face
129853,17,410,324,4.72,1,129853,33,Desenho,Raiva,2053,Exposicao_Face
129870,17,406,323,4.75,1,129870,33,Desenho,Raiva,2070,Exposicao_Face
129886,17,402,338,4.7,1,129886,33,Desenho,Raiva,2086,Exposicao_Face
129903,17,413,323,4.73,1,129903,33,Desenho,Raiva,2103,Exposicao_Face
129920,17,405,330,4.73,1,129920,33,Desenho,Raiva,2120,Exposicao_Face
129936,17,413,312,4.67,1,129936,33,Desenho,Raiva,2136,Exposicao_Face
129953,17,386,304,4.75,1,129953,33,Desenho,Raiva,2153,Exposicao_Face
129970,17,347,291,4.62,1,129970,33,Desenho,Raiva,2170,Exposicao_Face
129986,17,361,276,4.65,1,129986,33,Desenho,Raiva,2186,Exposicao_Face
130003,17,357,264,4.68,1,130003,33,Desenho,Raiva,2203,Exposicao_Face
130020,17,347,284,4.75,1,130020,33,Desenho,Raiva,2220,Exposicao_Face
130036,17,354,282,4.67,1,130036,33,Desenho,Raiva,2236,Exposicao_Face
130053,17,347,292,4.8,1,130053,33,Desenho,Raiva,2253,Exposicao_Face
130069,17,358,278,4.65,1,130069,33,Desenho,Raiva,2269,Exposicao_Face
130086,17,356,278,4.72,1,130086,33,Desenho,Raiva,2286,Exposicao_Face
130103,17,355,294,4.73,1,130103,33,Desenho,Raiva,2303,Exposicao_Face
130119,17,365,271,4.65,1,130119,33,Desenho,Raiva,2319,Exposicao_Face
130136,17,349,283,4.7,1,130136,33,Desenho,Raiva,2336,Exposicao_Face
130153,17,332,264,4.67,1,130153,33,Desenho,Raiva,2353,Exposicao_Face
130169,17,333,274,4.7,1,130169,33,Desenho,Raiva,2369,Exposicao_Face
130186,17,331,272,4.67,1,130186,33,Desenho,Raiva,2386,Exposicao_Face
130203,17,331,280,4.72,1,130203,33,Desenho,Raiva,2403,Exposicao_Face
130219,17,336,263,4.67,1,130219,33,Desenho,Raiva,2419,Exposicao_Face
130236,17,318,274,4.67,1,130236,33,Desenho,Raiva,2436,Exposicao_Face
130252,17,325,263,4.64,1,130252,33,Desenho,Raiva,2452,Exposicao_Face
130269,17,344,262,4.68,1,130269,33,Desenho,Raiva,2469,Exposicao_Face
130286,17,340,264,4.68,1,130286,33,Desenho,Raiva,2486,Exposicao_Face
130302,17,320,274,4.68,1,130302,33,Desenho,Raiva,2502,Exposicao_Face
130319,17,321,266,4.56,1,130319,33,Desenho,Raiva,2519,Exposicao_Face
130336,17,327,266,4.67,1,130336,33,Desenho,Raiva,2536,Exposicao_Face
130352,17,332,265,4.62,1,130352,33,Desenho,Raiva,2552,Exposicao_Face
130369,17,328,268,4.65,1,130369,33,Desenho,Raiva,2569,Exposicao_Face
130386,17,325,264,4.62,1,130386,33,Desenho,Raiva,2586,Exposicao_Face
130402,17,333,261,4.64,1,130402,33,Desenho,Raiva,2602,Exposicao_Face
130419,17,376,298,4.7,1,130419,33,Desenho,Raiva,2619,Exposicao_Face
130435,17,505,305,4.68,1,130435,33,Desenho,Raiva,2635,Exposicao_Face
130452,17,504,314,4.64,1,130452,33,Desenho,Raiva,2652,Exposicao_Face
130469,17,507,322,4.56,1,130469,33,Desenho,Raiva,2669,Exposicao_Face
130485,17,511,308,4.59,1,130485,33,Desenho,Raiva,2685,Exposicao_Face
130502,17,514,316,4.68,1,130502,33,Desenho,Raiva,2702,Exposicao_Face
130519,17,517,313,4.64,1,130519,33,Desenho,Raiva,2719,Exposicao_Face
130535,17,518,317,4.59,1,130535,33,Desenho,Raiva,2735,Exposicao_Face
130552,17,520,312,4.62,1,130552,33,Desenho,Raiva,2752,Exposicao_Face
130568,17,482,306,4.73,1,130568,33,Desenho,Raiva,2768,Exposicao_Face
130585,17,501,325,4.65,1,130585,33,Desenho,Raiva,2785,Exposicao_Face
130602,17,513,317,4.72,1,130602,33,Desenho,Raiva,2802,Exposicao_Face
130618,17,511,324,4.75,1,130618,33,Desenho,Raiva,2818,Exposicao_Face
130635,17,516,303,4.7,1,130635,33,Desenho,Raiva,2835,Exposicao_Face
130652,17,507,322,4.65,1,130652,33,Desenho,Raiva,2852,Exposicao_Face
130668,17,516,321,4.64,1,130668,33,Desenho,Raiva,2868,Exposicao_Face
130685,17,516,321,4.83,1,130685,33,Desenho,Raiva,2885,Exposicao_Face
130702,17,520,315,4.76,1,130702,33,Desenho,Raiva,2902,Exposicao_Face
130718,17,519,308,4.76,1,130718,33,Desenho,Raiva,2918,Exposicao_Face
130735,17,519,312,4.78,1,130735,33,Desenho,Raiva,2935,Exposicao_Face
130751,17,498,329,4.78,1,130751,33,Desenho,Raiva,2951,Exposicao_Face
130768,17,521,318,4.7,1,130768,33,Desenho,Raiva,2968,Exposicao_Face
130785,17,550,280,4.65,1,130785,33,Desenho,Raiva,2985,Exposicao_Face
130801,17,556,294,4.75,1,130801,33,Desenho,Raiva,3001,Exposicao_Face
130818,17,562,271,4.62,1,130818,33,Desenho,Raiva,3018,Exposicao_Face
130835,17,553,285,4.7,1,130835,33,Desenho,Raiva,3035,Exposicao_Face
130851,17,566,282,4.64,1,130851,33,Desenho,Raiva,3051,Exposicao_Face
130868,17,567,267,4.65,1,130868,33,Desenho,Raiva,3068,Exposicao_Face
130885,17,571,268,4.65,1,130885,33,Desenho,Raiva,3085,Exposicao_Face
130901,17,547,287,4.72,1,130901,33,Desenho,Raiva,3101,Exposicao_Face
130918,17,562,270,4.67,1,130918,33,Desenho,Raiva,3118,Exposicao_Face
130934,17,561,274,4.67,1,130934,33,Desenho,Raiva,3134,Exposicao_Face
130951,17,565,269,4.78,1,130951,33,Desenho,Raiva,3151,Exposicao_Face
130968,17,549,284,4.8,1,130968,33,Desenho,Raiva,3168,Exposicao_Face
130984,17,566,278,4.73,1,130984,33,Desenho,Raiva,3184,Exposicao_Face
131001,17,557,285,4.73,1,131001,33,Desenho,Raiva,3201,Exposicao_Face
131018,17,546,295,4.75,1,131018,33,Desenho,Raiva,3218,Exposicao_Face
131034,17,559,286,4.88,1,131034,33,Desenho,Raiva,3234,Exposicao_Face
131051,17,566,273,4.8,1,131051,33,Desenho,Raiva,3251,Exposicao_Face
131068,17,555,286,4.94,1,131068,33,Desenho,Raiva,3268,Exposicao_Face
131084,17,558,293,4.81,1,131084,33,Desenho,Raiva,3284,Exposicao_Face
131101,17,551,287,4.91,1,131101,33,Desenho,Raiva,3301,Exposicao_Face
131117,17,552,286,4.81,1,131117,33,Desenho,Raiva,3317,Exposicao_Face
131134,17,564,281,4.91,1,131134,33,Desenho,Raiva,3334,Exposicao_Face
131151,17,551,290,4.76,1,131151,33,Desenho,Raiva,3351,Exposicao_Face
131167,17,556,277,4.91,1,131167,33,Desenho,Raiva,3367,Exposicao_Face
131184,17,508,277,4.76,1,131184,33,Desenho,Raiva,3384,Exposicao_Face
131201,17,509,291,4.81,1,131201,33,Desenho,Raiva,3401,Exposicao_Face
131217,17,509,283,4.86,1,131217,33,Desenho,Raiva,3417,Exposicao_Face
131234,17,507,274,4.81,1,131234,33,Desenho,Raiva,3434,Exposicao_Face
131251,17,514,293,4.94,1,131251,33,Desenho,Raiva,3451,Exposicao_Face
131267,17,510,286,4.76,1,131267,33,Desenho,Raiva,3467,Exposicao_Face
131284,17,513,279,4.81,1,131284,33,Desenho,Raiva,3484,Exposicao_Face
131300,17,510,289,4.84,1,131300,33,Desenho,Raiva,3500,Exposicao_Face
131317,17,508,289,4.83,1,131317,33,Desenho,Raiva,3517,Exposicao_Face
131334,17,503,287,4.86,1,131334,33,Desenho,Raiva,3534,Exposicao_Face
131350,17,505,294,4.83,1,131350,33,Desenho,Raiva,3550,Exposicao_Face
131367,17,521,285,4.89,1,131367,33,Desenho,Raiva,3567,Exposicao_Face
131384,17,512,284,4.83,1,131384,33,Desenho,Raiva,3584,Exposicao_Face
131400,17,509,287,4.92,1,131400,33,Desenho,Raiva,3600,Exposicao_Face
131417,17,520,287,4.91,1,131417,33,Desenho,Raiva,3617,Exposicao_Face
131434,17,512,296,5.01,1,131434,33,Desenho,Raiva,3634,Exposicao_Face
131450,17,523,284,4.97,1,131450,33,Desenho,Raiva,3650,Exposicao_Face
131467,17,510,292,4.86,1,131467,33,Desenho,Raiva,3667,Exposicao_Face
131483,17,504,293,4.99,1,131483,33,Desenho,Raiva,3683,Exposicao_Face
131500,17,514,292,4.99,1,131500,33,Desenho,Raiva,3700,Exposicao_Face
131517,17,517,288,4.91,1,131517,33,Desenho,Raiva,3717,Exposicao_Face
131533,17,511,291,4.86,1,131533,33,Desenho,Raiva,3733,Exposicao_Face
131550,17,359,576,4.88,3,131550,33,Desenho,Raiva,3750,Exposicao_Face
131966,416,47,524,4.8,3,131966,34,Desenho,Feliz,166,Janela_Baseline
131982,17,66,511,4.96,3,131982,34,Desenho,Feliz,182,Janela_Baseline
131999,17,88,514,4.78,3,131999,34,Desenho,Feliz,199,Janela_Baseline
132016,17,84,511,4.78,3,132016,34,Desenho,Feliz,216,Janela_Baseline
132032,17,86,520,4.84,3,132032,34,Desenho,Feliz,232,Janela_Baseline
132049,17,77,522,4.75,3,132049,34,Desenho,Feliz,249,Janela_Baseline
132066,17,75,513,4.7,3,132066,34,Desenho,Feliz,266,Janela_Baseline
132082,17,99,521,4.8,3,132082,34,Desenho,Feliz,282,Janela_Baseline
132099,17,89,519,4.67,3,132099,34,Desenho,Feliz,299,Janela_Baseline
132116,17,89,519,4.81,3,132116,34,Desenho,Feliz,316,Janela_Baseline
132132,17,74,521,4.7,3,132132,34,Desenho,Feliz,332,Janela_Baseline
132149,17,264,401,4.67,2,132149,34,Desenho,Feliz,349,Janela_Baseline
132165,17,356,392,4.73,2,132165,34,Desenho,Feliz,365,Janela_Baseline
132182,17,457,343,4.7,1,132182,34,Desenho,Feliz,382,Janela_Baseline
132199,17,461,349,4.7,1,132199,34,Desenho,Feliz,399,Janela_Baseline
132215,17,463,349,4.67,1,132215,34,Desenho,Feliz,415,Janela_Baseline
132232,17,470,360,4.68,1,132232,34,Desenho,Feliz,432,Janela_Baseline
132249,17,497,351,4.6,1,132249,34,Desenho,Feliz,449,Janela_Baseline
132265,17,467,363,4.59,0,132265,34,Desenho,Feliz,465,Janela_Baseline
132282,17,460,365,4.64,2,132282,34,Desenho,Feliz,482,Janela_Baseline
132299,17,473,362,4.51,1,132299,34,Desenho,Feliz,499,Janela_Baseline
132332,33,475,359,4.46,1,132332,34,Desenho,Feliz,532,Janela_Baseline
132348,17,478,364,4.44,2,132348,34,Desenho,Feliz,548,Janela_Baseline
132365,17,487,351,4.41,1,132365,34,Desenho,Feliz,565,Janela_Baseline
132382,17,476,353,4.46,1,132382,34,Desenho,Feliz,582,Janela_Baseline
132398,17,496,353,4.28,1,132398,34,Desenho,Feliz,598,Janela_Baseline
132415,17,480,365,4.41,2,132415,34,Desenho,Feliz,615,Janela_Baseline
132432,17,487,351,4.28,1,132432,34,Desenho,Feliz,632,Janela_Baseline
132448,17,479,359,4.28,1,132448,34,Desenho,Feliz,648,Janela_Baseline
132465,17,480,355,4.3,1,132465,34,Desenho,Feliz,665,Janela_Baseline
132482,17,504,346,4.35,1,132482,34,Desenho,Feliz,682,Janela_Baseline
132498,17,503,350,4.32,1,132498,34,Desenho,Feliz,698,Janela_Baseline
132515,17,513,349,4.36,1,132515,34,Desenho,Feliz,715,Janela_Baseline
132531,17,509,344,4.3,1,132531,34,Desenho,Feliz,731,Janela_Baseline
132548,17,517,338,4.32,1,132548,34,Desenho,Feliz,748,Janela_Baseline
132565,17,514,340,4.32,1,132565,34,Desenho,Feliz,765,Janela_Baseline
132581,17,518,341,4.28,1,132581,34,Desenho,Feliz,781,Janela_Baseline
132598,17,512,355,4.32,1,132598,34,Desenho,Feliz,798,Janela_Baseline
132615,17,504,344,4.36,1,132615,34,Desenho,Feliz,815,Janela_Baseline
132631,17,508,338,4.27,1,132631,34,Desenho,Feliz,831,Janela_Baseline
132648,17,517,338,4.33,1,132648,34,Desenho,Feliz,848,Janela_Baseline
132665,17,510,337,4.35,1,132665,34,Desenho,Feliz,865,Janela_Baseline
132681,17,492,345,4.38,1,132681,34,Desenho,Feliz,881,Janela_Baseline
132698,17,556,311,4.22,1,132698,34,Desenho,Feliz,898,Janela_Baseline
132714,17,556,326,4.25,1,132714,34,Desenho,Feliz,914,Janela_Baseline
132731,17,556,328,4.32,1,132731,34,Desenho,Feliz,931,Janela_Baseline
132748,17,552,336,4.4,1,132748,34,Desenho,Feliz,948,Janela_Baseline
132764,17,560,324,4.24,1,132764,34,Desenho,Feliz,964,Janela_Baseline
132781,17,569,311,4.27,1,132781,34,Desenho,Feliz,981,Janela_Baseline
132798,17,556,333,4.27,1,132798,34,Desenho,Feliz,998,Janela_Baseline
132814,17,556,324,4.27,1,132814,34,Desenho,Feliz,1014,Janela_Baseline
132831,17,567,317,4.28,1,132831,34,Desenho,Feliz,1031,Janela_Baseline
132848,17,567,320,4.24,1,132848,34,Desenho,Feliz,1048,Janela_Baseline
132864,17,559,328,4.28,1,132864,34,Desenho,Feliz,1064,Janela_Baseline
132881,17,560,319,4.2,1,132881,34,Desenho,Feliz,1081,Janela_Baseline
132897,17,550,318,4.24,1,132897,34,Desenho,Feliz,1097,Janela_Baseline
132914,17,440,319,4.25,1,132914,34,Desenho,Feliz,1114,Janela_Baseline
132931,17,414,312,4.15,1,132931,34,Desenho,Feliz,1131,Janela_Baseline
132947,17,422,319,4.3,1,132947,34,Desenho,Feliz,1147,Janela_Baseline
132964,17,406,303,4.19,1,132964,34,Desenho,Feliz,1164,Janela_Baseline
132981,17,416,311,4.2,1,132981,34,Desenho,Feliz,1181,Janela_Baseline
132997,17,402,314,4.25,1,132997,34,Desenho,Feliz,1197,Janela_Baseline
133014,17,418,329,4.14,1,133014,34,Desenho,Feliz,1214,Janela_Baseline
133030,17,414,323,4.24,1,133030,34,Desenho,Feliz,1230,Janela_Baseline
133047,17,423,305,4.15,1,133047,34,Desenho,Feliz,1247,Janela_Baseline
133064,17,420,319,4.19,1,133064,34,Desenho,Feliz,1264,Janela_Baseline
133080,17,422,314,4.12,1,133080,34,Desenho,Feliz,1280,Janela_Baseline
133097,17,410,325,4.17,1,133097,34,Desenho,Feliz,1297,Janela_Baseline
133114,17,410,327,4.19,1,133114,34,Desenho,Feliz,1314,Exposicao_Face
133130,17,414,320,4.15,1,133130,34,Desenho,Feliz,1330,Exposicao_Face
133147,17,412,323,4.27,1,133147,34,Desenho,Feliz,1347,Exposicao_Face
133164,17,401,332,4.2,1,133164,34,Desenho,Feliz,1364,Exposicao_Face
133180,17,410,324,4.2,1,133180,34,Desenho,Feliz,1380,Exposicao_Face
133197,17,409,328,4.2,1,133197,34,Desenho,Feliz,1397,Exposicao_Face
133213,17,418,317,4.19,1,133213,34,Desenho,Feliz,1413,Exposicao_Face
133230,17,414,330,4.24,1,133230,34,Desenho,Feliz,1430,Exposicao_Face
133247,17,407,329,4.12,1,133247,34,Desenho,Feliz,1447,Exposicao_Face
133263,17,416,323,4.22,1,133263,34,Desenho,Feliz,1463,Exposicao_Face
133280,17,420,326,4.25,1,133280,34,Desenho,Feliz,1480,Exposicao_Face
133297,17,412,312,4.27,1,133297,34,Desenho,Feliz,1497,Exposicao_Face
133313,17,358,336,4.24,1,133313,34,Desenho,Feliz,1513,Exposicao_Face
133330,17,291,358,4.17,1,133330,34,Desenho,Feliz,1530,Exposicao_Face
133347,17,283,376,4.17,2,133347,34,Desenho,Feliz,1547,Exposicao_Face
133363,17,276,386,4.3,2,133363,34,Desenho,Feliz,1563,Exposicao_Face
133380,17,286,371,4.24,2,133380,34,Desenho,Feliz,1580,Exposicao_Face
133396,17,284,371,4.27,2,133396,34,Desenho,Feliz,1596,Exposicao_Face
133413,17,283,370,4.15,2,133413,34,Desenho,Feliz,1613,Exposicao_Face
133430,17,306,371,4.24,2,133430,34,Desenho,Feliz,1630,Exposicao_Face
133446,17,286,384,4.25,2,133446,34,Desenho,Feliz,1646,Exposicao_Face
133463,17,278,390,4.35,2,133463,34,Desenho,Feliz,1663,Exposicao_Face
133480,17,284,385,4.14,2,133480,34,Desenho,Feliz,1680,Exposicao_Face
133496,17,303,383,4.3,2,133496,34,Desenho,Feliz,1696,Exposicao_Face
133513,17,285,379,4.25,2,133513,34,Desenho,Feliz,1713,Exposicao_Face
133530,17,285,384,4.24,2,133530,34,Desenho,Feliz,1730,Exposicao_Face
133546,17,294,383,4.27,2,133546,34,Desenho,Feliz,1746,Exposicao_Face
133563,17,289,381,4.28,2,133563,34,Desenho,Feliz,1763,Exposicao_Face
133579,17,283,387,4.25,2,133579,34,Desenho,Feliz,1779,Exposicao_Face
133596,17,279,392,4.2,2,133596,34,Desenho,Feliz,1796,Exposicao_Face
133613,17,260,410,4.3,2,133613,34,Desenho,Feliz,1813,Exposicao_Face
133629,17,266,396,4.17,2,133629,34,Desenho,Feliz,1829,Exposicao_Face
133646,17,257,414,4.3,0,133646,34,Desenho,Feliz,1846,Exposicao_Face
133663,17,275,399,4.33,2,133663,34,Desenho,Feliz,1863,Exposicao_Face
133679,17,265,412,4.3,2,133679,34,Desenho,Feliz,1879,Exposicao_Face
133696,17,265,396,4.2,2,133696,34,Desenho,Feliz,1896,Exposicao_Face
133713,17,265,407,4.24,2,133713,34,Desenho,Feliz,1913,Exposicao_Face
133729,17,256,413,4.24,2,133729,34,Desenho,Feliz,1929,Exposicao_Face
133746,17,259,409,4.2,2,133746,34,Desenho,Feliz,1946,Exposicao_Face
133762,17,271,402,4.32,2,133762,34,Desenho,Feliz,1962,Exposicao_Face
133779,17,265,412,4.35,2,133779,34,Desenho,Feliz,1979,Exposicao_Face
133796,17,266,407,4.32,2,133796,34,Desenho,Feliz,1996,Exposicao_Face
133812,17,256,411,4.35,2,133812,34,Desenho,Feliz,2012,Exposicao_Face
133829,17,259,406,4.28,2,133829,34,Desenho,Feliz,2029,Exposicao_Face
133846,17,309,406,4.38,2,133846,34,Desenho,Feliz,2046,Exposicao_Face
133862,17,357,410,4.24,2,133862,34,Desenho,Feliz,2062,Exposicao_Face
133879,17,375,412,4.27,2,133879,34,Desenho,Feliz,2079,Exposicao_Face
133896,17,378,402,4.27,2,133896,34,Desenho,Feliz,2096,Exposicao_Face
133912,17,378,400,4.32,2,133912,34,Desenho,Feliz,2112,Exposicao_Face
133929,17,362,406,4.25,2,133929,34,Desenho,Feliz,2129,Exposicao_Face
133945,17,364,414,4.25,0,133945,34,Desenho,Feliz,2145,Exposicao_Face
133962,17,364,412,4.28,2,133962,34,Desenho,Feliz,2162,Exposicao_Face
133979,17,355,419,4.19,3,133979,34,Desenho,Feliz,2179,Exposicao_Face
133995,17,372,407,4.25,2,133995,34,Desenho,Feliz,2195,Exposicao_Face
134012,17,367,406,4.28,2,134012,34,Desenho,Feliz,2212,Exposicao_Face
134029,17,373,408,4.33,2,134029,34,Desenho,Feliz,2229,Exposicao_Face
134045,17,372,413,4.33,2,134045,34,Desenho,Feliz,2245,Exposicao_Face
134062,17,418,425,4.3,3,134062,34,Desenho,Feliz,2262,Exposicao_Face
134078,17,432,413,4.27,2,134078,34,Desenho,Feliz,2278,Exposicao_Face
134095,17,437,421,4.32,3,134095,34,Desenho,Feliz,2295,Exposicao_Face
134112,17,426,429,4.3,3,134112,34,Desenho,Feliz,2312,Exposicao_Face
134128,17,434,414,4.22,0,134128,34,Desenho,Feliz,2328,Exposicao_Face
134145,17,436,425,4.27,3,134145,34,Desenho,Feliz,2345,Exposicao_Face
134162,17,435,436,4.41,3,134162,34,Desenho,Feliz,2362,Exposicao_Face
134178,17,426,437,4.32,3,134178,34,Desenho,Feliz,2378,Exposicao_Face
134195,17,435,436,4.35,3,134195,34,Desenho,Feliz,2395,Exposicao_Face
134212,17,433,423,4.25,3,134212,34,Desenho,Feliz,2412,Exposicao_Face
134228,17,431,438,4.33,3,134228,34,Desenho,Feliz,2428,Exposicao_Face
134245,17,423,437,4.32,3,134245,34,Desenho,Feliz,2445,Exposicao_Face
134261,17,428,433,4.22,3,134261,34,Desenho,Feliz,2461,Exposicao_Face
134278,17,422,429,4.32,3,134278,34,Desenho,Feliz,2478,Exposicao_Face
134295,17,429,422,4.33,3,134295,34,Desenho,Feliz,2495,Exposicao_Face
134311,17,417,438,4.4,3,134311,34,Desenho,Feliz,2511,Exposicao_Face
134328,17,432,425,4.24,3,134328,34,Desenho,Feliz,2528,Exposicao_Face
134345,17,428,429,4.36,3,134345,34,Desenho,Feliz,2545,Exposicao_Face
134361,17,438,428,4.28,3,134361,34,Desenho,Feliz,2561,Exposicao_Face
134378,17,427,426,4.32,3,134378,34,Desenho,Feliz,2578,Exposicao_Face
134395,17,428,433,4.41,3,134395,34,Desenho,Feliz,2595,Exposicao_Face
134411,17,448,418,4.28,3,134411,34,Desenho,Feliz,2611,Exposicao_Face
134428,17,445,414,4.33,5,134428,34,Desenho,Feliz,2628,Exposicao_Face
134444,17,451,425,4.32,3,134444,34,Desenho,Feliz,2644,Exposicao_Face
134461,17,460,434,4.41,3,134461,34,Desenho,Feliz,2661,Exposicao_Face
134478,17,466,424,4.3,3,134478,34,Desenho,Feliz,2678,Exposicao_Face
134494,17,462,425,4.41,3,134494,34,Desenho,Feliz,2694,Exposicao_Face
134511,17,456,430,4.3,3,134511,34,Desenho,Feliz,2711,Exposicao_Face
134528,17,451,433,4.44,3,134528,34,Desenho,Feliz,2728,Exposicao_Face
134544,17,471,423,4.36,3,134544,34,Desenho,Feliz,2744,Exposicao_Face
134561,17,458,426,4.38,3,134561,34,Desenho,Feliz,2761,Exposicao_Face
134578,17,454,423,4.3,3,134578,34,Desenho,Feliz,2778,Exposicao_Face
134594,17,471,425,4.38,3,134594,34,Desenho,Feliz,2794,Exposicao_Face
134611,17,473,413,4.46,2,134611,34,Desenho,Feliz,2811,Exposicao_Face
134627,17,491,374,4.35,2,134627,34,Desenho,Feliz,2827,Exposicao_Face
134644,17,533,339,4.35,1,134644,34,Desenho,Feliz,2844,Exposicao_Face
134661,17,538,332,4.27,1,134661,34,Desenho,Feliz,2861,Exposicao_Face
134677,17,540,329,4.36,1,134677,34,Desenho,Feliz,2877,Exposicao_Face
134694,17,535,334,4.36,1,134694,34,Desenho,Feliz,2894,Exposicao_Face
134711,17,539,335,4.43,1,134711,34,Desenho,Feliz,2911,Exposicao_Face
134727,17,541,323,4.33,1,134727,34,Desenho,Feliz,2927,Exposicao_Face
134744,17,544,318,4.28,1,134744,34,Desenho,Feliz,2944,Exposicao_Face
134761,17,535,322,4.38,1,134761,34,Desenho,Feliz,2961,Exposicao_Face
134777,17,538,325,4.38,1,134777,34,Desenho,Feliz,2977,Exposicao_Face
134794,17,536,332,4.35,1,134794,34,Desenho,Feliz,2994,Exposicao_Face
134810,17,534,336,4.4,1,134810,34,Desenho,Feliz,3010,Exposicao_Face
134827,17,542,326,4.44,1,134827,34,Desenho,Feliz,3027,Exposicao_Face
134844,17,542,313,4.28,1,134844,34,Desenho,Feliz,3044,Exposicao_Face
134860,17,533,327,4.33,1,134860,34,Desenho,Feliz,3060,Exposicao_Face
134877,17,533,312,4.38,1,134877,34,Desenho,Feliz,3077,Exposicao_Face
134894,17,530,326,4.33,1,134894,34,Desenho,Feliz,3094,Exposicao_Face
134910,17,538,323,4.38,1,134910,34,Desenho,Feliz,3110,Exposicao_Face
134927,17,540,322,4.51,1,134927,34,Desenho,Feliz,3127,Exposicao_Face
134944,17,514,394,4.4,2,134944,34,Desenho,Feliz,3144,Exposicao_Face
134960,17,507,383,4.4,2,134960,34,Desenho,Feliz,3160,Exposicao_Face
134977,17,483,413,4.48,2,134977,34,Desenho,Feliz,3177,Exposicao_Face
134993,17,497,398,4.33,2,134993,34,Desenho,Feliz,3193,Exposicao_Face
135010,17,500,399,4.49,2,135010,34,Desenho,Feliz,3210,Exposicao_Face
135027,17,492,397,4.35,2,135027,34,Desenho,Feliz,3227,Exposicao_Face
135043,17,499,409,4.52,2,135043,34,Desenho,Feliz,3243,Exposicao_Face
135060,17,490,403,4.38,2,135060,34,Desenho,Feliz,3260,Exposicao_Face
135077,17,495,408,4.36,2,135077,34,Desenho,Feliz,3277,Exposicao_Face
135093,17,498,403,4.52,2,135093,34,Desenho,Feliz,3293,Exposicao_Face
135110,17,507,404,4.49,2,135110,34,Desenho,Feliz,3310,Exposicao_Face
135127,17,494,402,4.36,2,135127,34,Desenho,Feliz,3327,Exposicao_Face
135143,17,495,411,4.43,2,135143,34,Desenho,Feliz,3343,Exposicao_Face
135160,17,494,401,4.4,2,135160,34,Desenho,Feliz,3360,Exposicao_Face
135176,17,487,417,4.54,3,135176,34,Desenho,Feliz,3376,Exposicao_Face
135193,17,470,406,4.41,2,135193,34,Desenho,Feliz,3393,Exposicao_Face
135210,17,468,406,4.57,2,135210,34,Desenho,Feliz,3410,Exposicao_Face
135226,17,456,408,4.51,2,135226,34,Desenho,Feliz,3426,Exposicao_Face
135243,17,467,408,4.48,2,135243,34,Desenho,Feliz,3443,Exposicao_Face
135260,17,470,399,4.35,2,135260,34,Desenho,Feliz,3460,Exposicao_Face
135276,17,456,414,4.62,5,135276,34,Desenho,Feliz,3476,Exposicao_Face
135293,17,459,391,4.46,2,135293,34,Desenho,Feliz,3493,Exposicao_Face
135309,17,477,389,4.54,2,135309,34,Desenho,Feliz,3509,Exposicao_Face
135326,17,450,411,4.51,2,135326,34,Desenho,Feliz,3526,Exposicao_Face
135343,17,444,418,4.57,3,135343,34,Desenho,Feliz,3543,Exposicao_Face
135359,17,458,410,4.59,2,135359,34,Desenho,Feliz,3559,Exposicao_Face
135376,17,461,402,4.57,2,135376,34,Desenho,Feliz,3576,Exposicao_Face
135393,17,474,391,4.67,2,135393,34,Desenho,Feliz,3593,Exposicao_Face
135409,17,476,396,4.54,2,135409,34,Desenho,Feliz,3609,Exposicao_Face
135426,17,465,388,4.57,2,135426,34,Desenho,Feliz,3626,Exposicao_Face
135443,17,454,381,4.56,2,135443,34,Desenho,Feliz,3643,Exposicao_Face
135459,17,478,357,4.59,1,135459,34,Desenho,Feliz,3659,Exposicao_Face
135476,17,470,353,4.59,1,135476,34,Desenho,Feliz,3676,Exposicao_Face
135492,17,463,357,4.72,1,135492,34,Desenho,Feliz,3692,Exposicao_Face
135509,17,483,342,4.59,1,135509,34,Desenho,Feliz,3709,Exposicao_Face
135526,17,468,343,4.54,1,135526,34,Desenho,Feliz,3726,Exposicao_Face
135542,17,478,348,4.62,1,135542,34,Desenho,Feliz,3742,Exposicao_Face
135559,17,452,353,4.59,1,135559,34,Desenho,Feliz,3759,Exposicao_Face
135576,17,484,342,4.57,1,135576,34,Desenho,Feliz,3776,Exposicao_Face
135592,17,486,351,4.6,1,135592,34,Desenho,Feliz,3792,Exposicao_Face
135609,17,469,349,4.49,1,135609,34,Desenho,Feliz,3809,Exposicao_Face
135626,17,458,352,4.52,1,135626,34,Desenho,Feliz,3826,Exposicao_Face
135642,17,462,366,4.52,2,135642,34,Desenho,Feliz,3842,Exposicao_Face
136158,516,25,476,4.52,3,136158,35,Desenho,Neutro,358,Janela_Baseline
136175,17,151,422,4.51,3,136175,35,Desenho,Neutro,375,Janela_Baseline
136191,17,325,378,4.56,2,136191,35,Desenho,Neutro,391,Janela_Baseline
136208,17,458,341,4.59,1,136208,35,Desenho,Neutro,408,Janela_Baseline
136224,17,465,359,4.49,1,136224,35,Desenho,Neutro,424,Janela_Baseline
136241,17,480,358,4.46,1,136241,35,Desenho,Neutro,441,Janela_Baseline
136258,17,476,363,4.49,0,136258,35,Desenho,Neutro,458,Janela_Baseline
136274,17,471,366,4.52,2,136274,35,Desenho,Neutro,474,Janela_Baseline
136291,17,465,359,4.49,1,136291,35,Desenho,Neutro,491,Janela_Baseline
136308,17,492,359,4.49,1,136308,35,Desenho,Neutro,508,Janela_Baseline
136324,17,473,358,4.48,1,136324,35,Desenho,Neutro,524,Janela_Baseline
136341,17,468,353,4.46,1,136341,35,Desenho,Neutro,541,Janela_Baseline
136357,17,469,363,4.51,0,136357,35,Desenho,Neutro,557,Janela_Baseline
136374,17,479,361,4.49,1,136374,35,Desenho,Neutro,574,Janela_Baseline
136391,17,466,373,4.49,2,136391,35,Desenho,Neutro,591,Janela_Baseline
136407,17,465,363,4.62,0,136407,35,Desenho,Neutro,607,Janela_Baseline
136424,17,473,362,4.54,1,136424,35,Desenho,Neutro,624,Janela_Baseline
136441,17,483,363,4.51,0,136441,35,Desenho,Neutro,641,Janela_Baseline
136457,17,474,359,4.51,1,136457,35,Desenho,Neutro,657,Janela_Baseline
136474,17,471,364,4.49,2,136474,35,Desenho,Neutro,674,Janela_Baseline
136491,17,482,361,4.49,1,136491,35,Desenho,Neutro,691,Janela_Baseline
136507,17,455,369,4.48,2,136507,35,Desenho,Neutro,707,Janela_Baseline
136524,17,474,363,4.43,0,136524,35,Desenho,Neutro,724,Janela_Baseline
136540,17,487,346,4.38,1,136540,35,Desenho,Neutro,740,Janela_Baseline
136557,17,484,355,4.44,1,136557,35,Desenho,Neutro,757,Janela_Baseline
136574,17,475,374,4.41,2,136574,35,Desenho,Neutro,774,Janela_Baseline
136590,17,517,334,4.33,1,136590,35,Desenho,Neutro,790,Janela_Baseline
136607,17,528,338,4.43,1,136607,35,Desenho,Neutro,807,Janela_Baseline
136624,17,558,323,4.4,1,136624,35,Desenho,Neutro,824,Janela_Baseline
136640,17,547,326,4.4,1,136640,35,Desenho,Neutro,840,Janela_Baseline
136657,17,541,327,4.38,1,136657,35,Desenho,Neutro,857,Janela_Baseline
136674,17,542,333,4.4,1,136674,35,Desenho,Neutro,874,Janela_Baseline
136740,67,551,324,4.36,1,136740,35,Desenho,Neutro,940,Janela_Baseline
136757,17,544,324,4.32,1,136757,35,Desenho,Neutro,957,Janela_Baseline
136773,17,541,333,4.28,1,136773,35,Desenho,Neutro,973,Janela_Baseline
136790,17,546,325,4.25,1,136790,35,Desenho,Neutro,990,Janela_Baseline
136807,17,544,325,4.38,1,136807,35,Desenho,Neutro,1007,Janela_Baseline
136823,17,542,341,4.32,1,136823,35,Desenho,Neutro,1023,Janela_Baseline
136840,17,556,326,4.32,1,136840,35,Desenho,Neutro,1040,Janela_Baseline
136857,17,551,319,4.4,1,136857,35,Desenho,Neutro,1057,Janela_Baseline
136873,17,548,320,4.28,1,136873,35,Desenho,Neutro,1073,Janela_Baseline
136890,17,548,318,4.33,1,136890,35,Desenho,Neutro,1090,Janela_Baseline
136906,17,551,319,4.32,1,136906,35,Desenho,Neutro,1106,Janela_Baseline
136923,17,553,318,4.38,1,136923,35,Desenho,Neutro,1123,Janela_Baseline
136940,17,537,329,4.33,1,136940,35,Desenho,Neutro,1140,Janela_Baseline
136956,17,550,314,4.28,1,136956,35,Desenho,Neutro,1156,Janela_Baseline
136973,17,552,315,4.28,1,136973,35,Desenho,Neutro,1173,Janela_Baseline
136990,17,546,325,4.3,1,136990,35,Desenho,Neutro,1190,Janela_Baseline
137006,17,546,322,4.36,1,137006,35,Desenho,Neutro,1206,Janela_Baseline
137023,17,534,331,4.4,1,137023,35,Desenho,Neutro,1223,Janela_Baseline
137040,17,546,325,4.41,1,137040,35,Desenho,Neutro,1240,Janela_Baseline
137056,17,549,318,4.28,1,137056,35,Desenho,Neutro,1256,Janela_Baseline
137073,17,496,343,4.46,1,137073,35,Desenho,Neutro,1273,Janela_Baseline
137089,17,351,365,4.35,2,137089,35,Desenho,Neutro,1289,Janela_Baseline
137106,17,325,380,4.36,2,137106,35,Desenho,Neutro,1306,Exposicao_Face
137123,17,315,377,4.41,2,137123,35,Desenho,Neutro,1323,Exposicao_Face
137139,17,320,379,4.4,2,137139,35,Desenho,Neutro,1339,Exposicao_Face
137156,17,309,379,4.46,2,137156,35,Desenho,Neutro,1356,Exposicao_Face
137173,17,328,367,4.38,2,137173,35,Desenho,Neutro,1373,Exposicao_Face
137189,17,313,387,4.33,2,137189,35,Desenho,Neutro,1389,Exposicao_Face
137206,17,318,386,4.4,2,137206,35,Desenho,Neutro,1406,Exposicao_Face
137223,17,309,383,4.56,2,137223,35,Desenho,Neutro,1423,Exposicao_Face
137239,17,314,373,4.4,2,137239,35,Desenho,Neutro,1439,Exposicao_Face
137256,17,318,391,4.44,2,137256,35,Desenho,Neutro,1456,Exposicao_Face
137272,17,322,378,4.44,2,137272,35,Desenho,Neutro,1472,Exposicao_Face
137289,17,314,375,4.3,2,137289,35,Desenho,Neutro,1489,Exposicao_Face
137306,17,309,388,4.4,2,137306,35,Desenho,Neutro,1506,Exposicao_Face
137322,17,307,379,4.35,2,137322,35,Desenho,Neutro,1522,Exposicao_Face
137339,17,327,380,4.44,2,137339,35,Desenho,Neutro,1539,Exposicao_Face
137356,17,303,378,4.49,2,137356,35,Desenho,Neutro,1556,Exposicao_Face
137372,17,306,379,4.35,2,137372,35,Desenho,Neutro,1572,Exposicao_Face
137389,17,324,382,4.32,2,137389,35,Desenho,Neutro,1589,Exposicao_Face
137406,17,318,395,4.44,2,137406,35,Desenho,Neutro,1606,Exposicao_Face
137422,17,344,400,4.43,2,137422,35,Desenho,Neutro,1622,Exposicao_Face
137439,17,423,424,4.4,3,137439,35,Desenho,Neutro,1639,Exposicao_Face
137455,17,432,424,4.4,3,137455,35,Desenho,Neutro,1655,Exposicao_Face
137472,17,426,419,4.43,3,137472,35,Desenho,Neutro,1672,Exposicao_Face
137489,17,421,439,4.44,3,137489,35,Desenho,Neutro,1689,Exposicao_Face
137505,17,419,434,4.43,3,137505,35,Desenho,Neutro,1705,Exposicao_Face
137522,17,420,444,4.4,3,137522,35,Desenho,Neutro,1722,Exposicao_Face
137539,17,423,431,4.41,3,137539,35,Desenho,Neutro,1739,Exposicao_Face
137555,17,419,442,4.33,3,137555,35,Desenho,Neutro,1755,Exposicao_Face
137572,17,422,436,4.36,3,137572,35,Desenho,Neutro,1772,Exposicao_Face
137588,17,437,427,4.41,3,137588,35,Desenho,Neutro,1788,Exposicao_Face
137605,17,429,433,4.46,3,137605,35,Desenho,Neutro,1805,Exposicao_Face
137622,17,429,447,4.46,3,137622,35,Desenho,Neutro,1822,Exposicao_Face
137638,17,431,435,4.41,3,137638,35,Desenho,Neutro,1838,Exposicao_Face
137655,17,439,422,4.28,3,137655,35,Desenho,Neutro,1855,Exposicao_Face
137672,17,426,426,4.33,3,137672,35,Desenho,Neutro,1872,Exposicao_Face
137688,17,432,440,4.35,3,137688,35,Desenho,Neutro,1888,Exposicao_Face
137705,17,420,443,4.32,3,137705,35,Desenho,Neutro,1905,Exposicao_Face
137722,17,427,446,4.4,3,137722,35,Desenho,Neutro,1922,Exposicao_Face
137738,17,424,437,4.41,3,137738,35,Desenho,Neutro,1938,Exposicao_Face
137755,17,422,438,4.38,3,137755,35,Desenho,Neutro,1955,Exposicao_Face
137771,17,434,425,4.38,3,137771,35,Desenho,Neutro,1971,Exposicao_Face
137821,50,424,434,4.43,3,137821,35,Desenho,Neutro,2021,Exposicao_Face
137821,0,424,434,4.43,3,137821,35,Desenho,Neutro,2021,Exposicao_Face
137838,17,416,440,4.41,3,137838,35,Desenho,Neutro,2038,Exposicao_Face
137855,17,421,439,4.32,3,137855,35,Desenho,Neutro,2055,Exposicao_Face
137871,17,421,428,4.35,3,137871,35,Desenho,Neutro,2071,Exposicao_Face
137888,17,441,443,4.44,3,137888,35,Desenho,Neutro,2088,Exposicao_Face
137905,17,450,412,4.36,2,137905,35,Desenho,Neutro,2105,Exposicao_Face
137921,17,434,437,4.35,3,137921,35,Desenho,Neutro,2121,Exposicao_Face
137938,17,452,451,4.48,3,137938,35,Desenho,Neutro,2138,Exposicao_Face
137954,17,425,457,4.54,3,137954,35,Desenho,Neutro,2154,Exposicao_Face
137971,17,463,421,4.4,3,137971,35,Desenho,Neutro,2171,Exposicao_Face
137988,17,452,420,4.46,3,137988,35,Desenho,Neutro,2188,Exposicao_Face
138004,17,432,429,4.38,3,138004,35,Desenho,Neutro,2204,Exposicao_Face
138021,17,426,447,4.4,3,138021,35,Desenho,Neutro,2221,Exposicao_Face
138038,17,439,441,4.35,3,138038,35,Desenho,Neutro,2238,Exposicao_Face
138054,17,457,413,4.41,2,138054,35,Desenho,Neutro,2254,Exposicao_Face
138071,17,442,441,4.38,3,138071,35,Desenho,Neutro,2271,Exposicao_Face
138088,17,456,434,4.4,3,138088,35,Desenho,Neutro,2288,Exposicao_Face
138104,17,452,444,4.33,3,138104,35,Desenho,Neutro,2304,Exposicao_Face
138121,17,427,442,4.3,3,138121,35,Desenho,Neutro,2321,Exposicao_Face
138137,17,474,392,4.22,2,138137,35,Desenho,Neutro,2337,Exposicao_Face
138204,67,600,437,0.0,3,138204,35,Desenho,Neutro,2404,Exposicao_Face
138221,17,469,494,4.32,3,138221,35,Desenho,Neutro,2421,Exposicao_Face
138237,17,511,370,4.3,2,138237,35,Desenho,Neutro,2437,Exposicao_Face
138254,17,523,369,4.3,2,138254,35,Desenho,Neutro,2454,Exposicao_Face
138271,17,512,380,4.4,2,138271,35,Desenho,Neutro,2471,Exposicao_Face
138287,17,510,374,4.28,2,138287,35,Desenho,Neutro,2487,Exposicao_Face
138304,17,513,374,4.32,2,138304,35,Desenho,Neutro,2504,Exposicao_Face
138320,17,514,370,4.32,2,138320,35,Desenho,Neutro,2520,Exposicao_Face
138337,17,521,376,4.32,2,138337,35,Desenho,Neutro,2537,Exposicao_Face
138354,17,517,377,4.28,2,138354,35,Desenho,Neutro,2554,Exposicao_Face
138370,17,499,371,4.36,2,138370,35,Desenho,Neutro,2570,Exposicao_Face
138387,17,516,374,4.36,2,138387,35,Desenho,Neutro,2587,Exposicao_Face
138404,17,503,378,4.41,2,138404,35,Desenho,Neutro,2604,Exposicao_Face
138420,17,523,375,4.35,2,138420,35,Desenho,Neutro,2620,Exposicao_Face
138437,17,514,375,4.28,2,138437,35,Desenho,Neutro,2637,Exposicao_Face
138454,17,509,386,4.32,2,138454,35,Desenho,Neutro,2654,Exposicao_Face
138470,17,513,361,4.32,1,138470,35,Desenho,Neutro,2670,Exposicao_Face
138487,17,515,375,4.35,2,138487,35,Desenho,Neutro,2687,Exposicao_Face
138503,17,513,373,4.33,2,138503,35,Desenho,Neutro,2703,Exposicao_Face
138520,17,507,374,4.38,2,138520,35,Desenho,Neutro,2720,Exposicao_Face
138537,17,528,368,4.36,2,138537,35,Desenho,Neutro,2737,Exposicao_Face
138553,17,499,381,4.36,2,138553,35,Desenho,Neutro,2753,Exposicao_Face
138570,17,519,363,4.35,0,138570,35,Desenho,Neutro,2770,Exposicao_Face
138587,17,527,350,4.32,1,138587,35,Desenho,Neutro,2787,Exposicao_Face
138603,17,503,376,4.38,2,138603,35,Desenho,Neutro,2803,Exposicao_Face
138620,17,514,372,4.25,2,138620,35,Desenho,Neutro,2820,Exposicao_Face
138636,17,514,376,4.22,2,138636,35,Desenho,Neutro,2836,Exposicao_Face
138653,17,503,372,4.3,2,138653,35,Desenho,Neutro,2853,Exposicao_Face
138670,17,516,372,4.35,2,138670,35,Desenho,Neutro,2870,Exposicao_Face
138686,17,498,381,4.33,2,138686,35,Desenho,Neutro,2886,Exposicao_Face
138703,17,520,364,4.33,2,138703,35,Desenho,Neutro,2903,Exposicao_Face
138720,17,519,359,4.35,1,138720,35,Desenho,Neutro,2920,Exposicao_Face
138736,17,515,370,4.25,2,138736,35,Desenho,Neutro,2936,Exposicao_Face
138753,17,524,368,4.28,2,138753,35,Desenho,Neutro,2953,Exposicao_Face
138770,17,526,362,4.32,1,138770,35,Desenho,Neutro,2970,Exposicao_Face
138786,17,514,363,4.27,0,138786,35,Desenho,Neutro,2986,Exposicao_Face
138803,17,532,311,4.4,1,138803,35,Desenho,Neutro,3003,Exposicao_Face
138819,17,546,299,4.3,1,138819,35,Desenho,Neutro,3019,Exposicao_Face
138836,17,543,298,4.38,1,138836,35,Desenho,Neutro,3036,Exposicao_Face
138853,17,548,304,4.35,1,138853,35,Desenho,Neutro,3053,Exposicao_Face
138869,17,541,307,4.38,1,138869,35,Desenho,Neutro,3069,Exposicao_Face
138886,17,547,306,4.41,1,138886,35,Desenho,Neutro,3086,Exposicao_Face
138903,17,543,303,4.4,1,138903,35,Desenho,Neutro,3103,Exposicao_Face
138919,17,545,302,4.33,1,138919,35,Desenho,Neutro,3119,Exposicao_Face
138936,17,541,297,4.32,1,138936,35,Desenho,Neutro,3136,Exposicao_Face
138953,17,545,299,4.35,1,138953,35,Desenho,Neutro,3153,Exposicao_Face
138969,17,550,295,4.4,1,138969,35,Desenho,Neutro,3169,Exposicao_Face
138986,17,548,294,4.33,1,138986,35,Desenho,Neutro,3186,Exposicao_Face
139002,17,542,296,4.44,1,139002,35,Desenho,Neutro,3202,Exposicao_Face
139019,17,543,295,4.38,1,139019,35,Desenho,Neutro,3219,Exposicao_Face
139036,17,536,310,4.41,1,139036,35,Desenho,Neutro,3236,Exposicao_Face
139052,17,543,305,4.46,1,139052,35,Desenho,Neutro,3252,Exposicao_Face
139069,17,542,301,4.44,1,139069,35,Desenho,Neutro,3269,Exposicao_Face
139086,17,547,297,4.36,1,139086,35,Desenho,Neutro,3286,Exposicao_Face
139102,17,550,294,4.36,1,139102,35,Desenho,Neutro,3302,Exposicao_Face
139119,17,545,301,4.46,1,139119,35,Desenho,Neutro,3319,Exposicao_Face
139136,17,543,295,4.28,1,139136,35,Desenho,Neutro,3336,Exposicao_Face
139152,17,542,306,4.32,1,139152,35,Desenho,Neutro,3352,Exposicao_Face
139169,17,545,305,4.41,1,139169,35,Desenho,Neutro,3369,Exposicao_Face
139185,17,540,302,4.4,1,139185,35,Desenho,Neutro,3385,Exposicao_Face
139202,17,548,301,4.4,1,139202,35,Desenho,Neutro,3402,Exposicao_Face
139219,17,539,311,4.49,1,139219,35,Desenho,Neutro,3419,Exposicao_Face
139235,17,550,281,4.32,1,139235,35,Desenho,Neutro,3435,Exposicao_Face
139269,33,539,303,4.48,1,139269,35,Desenho,Neutro,3469,Exposicao_Face
139269,0,539,303,4.48,1,139269,35,Desenho,Neutro,3469,Exposicao_Face
139285,17,540,300,4.38,1,139285,35,Desenho,Neutro,3485,Exposicao_Face
139302,17,543,310,4.44,1,139302,35,Desenho,Neutro,3502,Exposicao_Face
139319,17,546,301,4.44,1,139319,35,Desenho,Neutro,3519,Exposicao_Face
139335,17,554,288,4.38,1,139335,35,Desenho,Neutro,3535,Exposicao_Face
139352,17,546,296,4.43,1,139352,35,Desenho,Neutro,3552,Exposicao_Face
139368,17,541,305,4.46,1,139368,35,Desenho,Neutro,3568,Exposicao_Face
139385,17,541,305,4.49,1,139385,35,Desenho,Neutro,3585,Exposicao_Face
139402,17,546,307,4.49,1,139402,35,Desenho,Neutro,3602,Exposicao_Face
139418,17,556,296,4.43,1,139418,35,Desenho,Neutro,3618,Exposicao_Face
139435,17,548,288,4.41,1,139435,35,Desenho,Neutro,3635,Exposicao_Face
139452,17,552,299,4.43,1,139452,35,Desenho,Neutro,3652,Exposicao_Face
139468,17,550,290,4.46,1,139468,35,Desenho,Neutro,3668,Exposicao_Face
139485,17,551,296,4.43,1,139485,35,Desenho,Neutro,3685,Exposicao_Face
139502,17,558,309,4.4,1,139502,35,Desenho,Neutro,3702,Exposicao_Face
139518,17,545,295,4.35,1,139518,35,Desenho,Neutro,3718,Exposicao_Face
139535,17,427,339,4.36,1,139535,35,Desenho,Neutro,3735,Exposicao_Face
139551,17,219,357,4.38,1,139551,35,Desenho,Neutro,3751,Exposicao_Face
140932,1381,450,748,4.73,3,140932,36,Desenho,Raiva,1132,Janela_Baseline
140949,17,523,543,4.52,3,140949,36,Desenho,Raiva,1149,Janela_Baseline
140965,17,561,428,4.7,3,140965,36,Desenho,Raiva,1165,Janela_Baseline
140982,17,563,418,4.72,3,140982,36,Desenho,Raiva,1182,Janela_Baseline
140999,17,571,420,4.72,3,140999,36,Desenho,Raiva,1199,Janela_Baseline
141015,17,565,413,4.67,2,141015,36,Desenho,Raiva,1215,Janela_Baseline
141032,17,554,419,4.64,3,141032,36,Desenho,Raiva,1232,Janela_Baseline
141049,17,572,408,4.64,2,141049,36,Desenho,Raiva,1249,Janela_Baseline
141065,17,568,400,4.67,2,141065,36,Desenho,Raiva,1265,Janela_Baseline
141082,17,567,415,4.62,5,141082,36,Desenho,Raiva,1282,Janela_Baseline
141115,33,570,401,4.64,2,141115,36,Desenho,Raiva,1315,Exposicao_Face
141132,17,565,410,4.78,2,141132,36,Desenho,Raiva,1332,Exposicao_Face
141148,17,560,405,4.6,2,141148,36,Desenho,Raiva,1348,Exposicao_Face
141165,17,571,401,4.59,2,141165,36,Desenho,Raiva,1365,Exposicao_Face
141182,17,563,411,4.67,2,141182,36,Desenho,Raiva,1382,Exposicao_Face
141198,17,567,413,4.64,2,141198,36,Desenho,Raiva,1398,Exposicao_Face
141215,17,562,416,4.57,3,141215,36,Desenho,Raiva,1415,Exposicao_Face
141232,17,578,402,4.56,2,141232,36,Desenho,Raiva,1432,Exposicao_Face
141248,17,572,402,4.62,2,141248,36,Desenho,Raiva,1448,Exposicao_Face
141265,17,569,410,4.56,2,141265,36,Desenho,Raiva,1465,Exposicao_Face
141331,67,497,353,4.48,1,141331,36,Desenho,Raiva,1531,Exposicao_Face
141331,0,497,353,4.48,1,141331,36,Desenho,Raiva,1531,Exposicao_Face
141348,17,488,353,4.54,1,141348,36,Desenho,Raiva,1548,Exposicao_Face
141398,50,485,340,4.49,1,141398,36,Desenho,Raiva,1598,Exposicao_Face
141415,17,499,337,4.52,1,141415,36,Desenho,Raiva,1615,Exposicao_Face
141431,17,476,351,4.46,1,141431,36,Desenho,Raiva,1631,Exposicao_Face
141448,17,488,355,4.54,1,141448,36,Desenho,Raiva,1648,Exposicao_Face
141464,17,478,350,4.6,1,141464,36,Desenho,Raiva,1664,Exposicao_Face
141481,17,498,343,4.56,1,141481,36,Desenho,Raiva,1681,Exposicao_Face
141498,17,504,338,4.51,1,141498,36,Desenho,Raiva,1698,Exposicao_Face
141514,17,491,349,4.59,1,141514,36,Desenho,Raiva,1714,Exposicao_Face
141531,17,494,351,4.59,1,141531,36,Desenho,Raiva,1731,Exposicao_Face
141548,17,492,358,4.6,1,141548,36,Desenho,Raiva,1748,Exposicao_Face
141564,17,496,351,4.6,1,141564,36,Desenho,Raiva,1764,Exposicao_Face
141581,17,496,352,4.59,1,141581,36,Desenho,Raiva,1781,Exposicao_Face
141598,17,493,339,4.62,1,141598,36,Desenho,Raiva,1798,Exposicao_Face
141614,17,528,343,4.57,1,141614,36,Desenho,Raiva,1814,Exposicao_Face
141631,17,525,347,4.56,1,141631,36,Desenho,Raiva,1831,Exposicao_Face
141647,17,535,346,4.65,1,141647,36,Desenho,Raiva,1847,Exposicao_Face
141664,17,525,344,4.65,1,141664,36,Desenho,Raiva,1864,Exposicao_Face
141681,17,521,363,4.57,0,141681,36,Desenho,Raiva,1881,Exposicao_Face
141697,17,532,343,4.62,1,141697,36,Desenho,Raiva,1897,Exposicao_Face
141714,17,512,355,4.59,1,141714,36,Desenho,Raiva,1914,Exposicao_Face
141731,17,527,347,4.57,1,141731,36,Desenho,Raiva,1931,Exposicao_Face
141747,17,524,335,4.56,1,141747,36,Desenho,Raiva,1947,Exposicao_Face
141764,17,531,348,4.59,1,141764,36,Desenho,Raiva,1964,Exposicao_Face
141781,17,523,347,4.56,1,141781,36,Desenho,Raiva,1981,Exposicao_Face
141797,17,530,344,4.51,1,141797,36,Desenho,Raiva,1997,Exposicao_Face
141814,17,515,358,4.59,1,141814,36,Desenho,Raiva,2014,Exposicao_Face
141830,17,520,333,4.56,1,141830,36,Desenho,Raiva,2030,Exposicao_Face
141847,17,532,343,4.46,1,141847,36,Desenho,Raiva,2047,Exposicao_Face
141864,17,529,341,4.46,1,141864,36,Desenho,Raiva,2064,Exposicao_Face
141880,17,532,339,4.48,1,141880,36,Desenho,Raiva,2080,Exposicao_Face
141897,17,526,349,4.41,1,141897,36,Desenho,Raiva,2097,Exposicao_Face
141914,17,531,343,4.49,1,141914,36,Desenho,Raiva,2114,Exposicao_Face
141930,17,539,325,4.44,1,141930,36,Desenho,Raiva,2130,Exposicao_Face
141947,17,535,335,4.56,1,141947,36,Desenho,Raiva,2147,Exposicao_Face
141964,17,530,346,4.57,1,141964,36,Desenho,Raiva,2164,Exposicao_Face
141980,17,536,349,4.54,1,141980,36,Desenho,Raiva,2180,Exposicao_Face
141997,17,538,342,4.44,1,141997,36,Desenho,Raiva,2197,Exposicao_Face
142013,17,458,343,4.38,1,142013,36,Desenho,Raiva,2213,Exposicao_Face
142030,17,437,353,4.46,1,142030,36,Desenho,Raiva,2230,Exposicao_Face
142047,17,433,332,4.41,1,142047,36,Desenho,Raiva,2247,Exposicao_Face
142063,17,435,335,4.41,1,142063,36,Desenho,Raiva,2263,Exposicao_Face
142080,17,422,350,4.54,1,142080,36,Desenho,Raiva,2280,Exposicao_Face
142097,17,422,344,4.48,1,142097,36,Desenho,Raiva,2297,Exposicao_Face
142113,17,428,340,4.46,1,142113,36,Desenho,Raiva,2313,Exposicao_Face
142130,17,432,324,4.4,1,142130,36,Desenho,Raiva,2330,Exposicao_Face
142146,17,428,335,4.41,1,142146,36,Desenho,Raiva,2346,Exposicao_Face
142163,17,430,338,4.41,1,142163,36,Desenho,Raiva,2363,Exposicao_Face
142180,17,440,345,4.48,1,142180,36,Desenho,Raiva,2380,Exposicao_Face
142196,17,428,343,4.51,1,142196,36,Desenho,Raiva,2396,Exposicao_Face
142213,17,428,332,4.46,1,142213,36,Desenho,Raiva,2413,Exposicao_Face
142230,17,433,340,4.48,1,142230,36,Desenho,Raiva,2430,Exposicao_Face
142246,17,425,337,4.43,1,142246,36,Desenho,Raiva,2446,Exposicao_Face
142263,17,429,337,4.44,1,142263,36,Desenho,Raiva,2463,Exposicao_Face
142280,17,428,323,4.33,1,142280,36,Desenho,Raiva,2480,Exposicao_Face
142296,17,479,343,4.51,1,142296,36,Desenho,Raiva,2496,Exposicao_Face
142313,17,504,354,4.51,1,142313,36,Desenho,Raiva,2513,Exposicao_Face
142329,17,519,334,4.4,1,142329,36,Desenho,Raiva,2529,Exposicao_Face
142346,17,511,359,4.51,1,142346,36,Desenho,Raiva,2546,Exposicao_Face
142363,17,513,351,4.56,1,142363,36,Desenho,Raiva,2563,Exposicao_Face
142379,17,519,340,4.52,1,142379,36,Desenho,Raiva,2579,Exposicao_Face
142396,17,514,349,4.48,1,142396,36,Desenho,Raiva,2596,Exposicao_Face
142413,17,513,355,4.48,1,142413,36,Desenho,Raiva,2613,Exposicao_Face
142429,17,503,353,4.54,1,142429,36,Desenho,Raiva,2629,Exposicao_Face
142446,17,516,364,4.54,2,142446,36,Desenho,Raiva,2646,Exposicao_Face
142463,17,517,357,4.6,1,142463,36,Desenho,Raiva,2663,Exposicao_Face
142479,17,502,351,4.54,1,142479,36,Desenho,Raiva,2679,Exposicao_Face
142496,17,506,353,4.7,1,142496,36,Desenho,Raiva,2696,Exposicao_Face
142512,17,512,356,4.56,1,142512,36,Desenho,Raiva,2712,Exposicao_Face
142529,17,496,360,4.65,1,142529,36,Desenho,Raiva,2729,Exposicao_Face
142546,17,504,368,4.68,2,142546,36,Desenho,Raiva,2746,Exposicao_Face
142562,17,504,340,4.56,1,142562,36,Desenho,Raiva,2762,Exposicao_Face
142579,17,514,356,4.59,1,142579,36,Desenho,Raiva,2779,Exposicao_Face
142596,17,502,350,4.67,1,142596,36,Desenho,Raiva,2796,Exposicao_Face
142612,17,514,353,4.65,1,142612,36,Desenho,Raiva,2812,Exposicao_Face
142629,17,509,354,4.68,1,142629,36,Desenho,Raiva,2829,Exposicao_Face
142646,17,498,351,4.65,1,142646,36,Desenho,Raiva,2846,Exposicao_Face
142662,17,514,360,4.6,1,142662,36,Desenho,Raiva,2862,Exposicao_Face
142679,17,505,340,4.7,1,142679,36,Desenho,Raiva,2879,Exposicao_Face
142695,17,509,347,4.67,1,142695,36,Desenho,Raiva,2895,Exposicao_Face
142712,17,520,347,4.8,1,142712,36,Desenho,Raiva,2912,Exposicao_Face
142729,17,516,366,4.72,2,142729,36,Desenho,Raiva,2929,Exposicao_Face
142745,17,498,358,4.68,1,142745,36,Desenho,Raiva,2945,Exposicao_Face
142762,17,507,358,4.72,1,142762,36,Desenho,Raiva,2962,Exposicao_Face
142779,17,433,369,4.8,2,142779,36,Desenho,Raiva,2979,Exposicao_Face
142795,17,443,358,4.78,1,142795,36,Desenho,Raiva,2995,Exposicao_Face
142812,17,434,354,4.78,1,142812,36,Desenho,Raiva,3012,Exposicao_Face
142829,17,446,346,4.72,1,142829,36,Desenho,Raiva,3029,Exposicao_Face
142845,17,443,357,4.78,1,142845,36,Desenho,Raiva,3045,Exposicao_Face
142862,17,442,351,4.81,1,142862,36,Desenho,Raiva,3062,Exposicao_Face
142878,17,438,352,4.84,1,142878,36,Desenho,Raiva,3078,Exposicao_Face
142895,17,433,359,4.83,1,142895,36,Desenho,Raiva,3095,Exposicao_Face
142912,17,440,351,4.86,1,142912,36,Desenho,Raiva,3112,Exposicao_Face
142928,17,437,344,4.81,1,142928,36,Desenho,Raiva,3128,Exposicao_Face
142945,17,433,356,4.73,1,142945,36,Desenho,Raiva,3145,Exposicao_Face
142962,17,429,359,4.84,1,142962,36,Desenho,Raiva,3162,Exposicao_Face
142978,17,432,360,4.86,1,142978,36,Desenho,Raiva,3178,Exposicao_Face
142995,17,441,351,4.78,1,142995,36,Desenho,Raiva,3195,Exposicao_Face
143012,17,438,346,4.86,1,143012,36,Desenho,Raiva,3212,Exposicao_Face
143028,17,430,359,4.88,1,143028,36,Desenho,Raiva,3228,Exposicao_Face
143045,17,439,352,4.76,1,143045,36,Desenho,Raiva,3245,Exposicao_Face
143061,17,435,353,4.75,1,143061,36,Desenho,Raiva,3261,Exposicao_Face
143078,17,431,363,4.83,2,143078,36,Desenho,Raiva,3278,Exposicao_Face
143095,17,442,355,4.78,1,143095,36,Desenho,Raiva,3295,Exposicao_Face
143111,17,424,368,4.92,2,143111,36,Desenho,Raiva,3311,Exposicao_Face
143128,17,453,358,4.86,1,143128,36,Desenho,Raiva,3328,Exposicao_Face
143145,17,506,337,4.84,1,143145,36,Desenho,Raiva,3345,Exposicao_Face
143161,17,533,331,4.91,1,143161,36,Desenho,Raiva,3361,Exposicao_Face
143178,17,519,334,4.86,1,143178,36,Desenho,Raiva,3378,Exposicao_Face
143195,17,503,350,4.88,1,143195,36,Desenho,Raiva,3395,Exposicao_Face
143211,17,521,347,4.99,1,143211,36,Desenho,Raiva,3411,Exposicao_Face
143228,17,505,340,4.99,1,143228,36,Desenho,Raiva,3428,Exposicao_Face
143244,17,532,334,4.81,1,143244,36,Desenho,Raiva,3444,Exposicao_Face
143261,17,517,339,4.96,1,143261,36,Desenho,Raiva,3461,Exposicao_Face
143278,17,525,339,4.99,1,143278,36,Desenho,Raiva,3478,Exposicao_Face
143294,17,497,354,4.92,1,143294,36,Desenho,Raiva,3494,Exposicao_Face
143311,17,549,340,4.97,1,143311,36,Desenho,Raiva,3511,Exposicao_Face
143328,17,492,342,4.99,1,143328,36,Desenho,Raiva,3528,Exposicao_Face
143344,17,503,342,4.92,1,143344,36,Desenho,Raiva,3544,Exposicao_Face
143361,17,485,364,5.01,2,143361,36,Desenho,Raiva,3561,Exposicao_Face
143394,33,507,346,4.97,1,143394,36,Desenho,Raiva,3594,Exposicao_Face
143427,33,505,349,4.92,1,143427,36,Desenho,Raiva,3627,Exposicao_Face
143444,17,517,338,4.97,1,143444,36,Desenho,Raiva,3644,Exposicao_Face
143477,33,512,357,4.97,1,143477,36,Desenho,Raiva,3677,Exposicao_Face
143494,17,510,347,5.04,1,143494,36,Desenho,Raiva,3694,Exposicao_Face
143511,17,504,355,4.96,1,143511,36,Desenho,Raiva,3711,Exposicao_Face
143527,17,497,349,4.96,1,143527,36,Desenho,Raiva,3727,Exposicao_Face
143544,17,504,350,4.91,1,143544,36,Desenho,Raiva,3744,Exposicao_Face
143560,17,551,338,4.96,1,143560,36,Desenho,Raiva,3760,Exposicao_Face
143577,17,512,345,5.01,1,143577,36,Desenho,Raiva,3777,Exposicao_Face
143594,17,524,344,4.97,1,143594,36,Desenho,Raiva,3794,Exposicao_Face
143610,17,495,358,4.96,1,143610,36,Desenho,Raiva,3810,Exposicao_Face
143627,17,519,346,4.94,1,143627,36,Desenho,Raiva,3827,Exposicao_Face
143644,17,472,363,4.96,0,143644,36,Desenho,Raiva,3844,Exposicao_Face
143660,17,435,398,5.07,2,143660,36,Desenho,Raiva,3860,Exposicao_Face
143677,17,438,384,5.05,2,143677,36,Desenho,Raiva,3877,Exposicao_Face
143694,17,467,363,4.96,0,143694,36,Desenho,Raiva,3894,Exposicao_Face
143710,17,431,383,4.92,2,143710,36,Desenho,Raiva,3910,Exposicao_Face
143727,17,425,400,5.05,2,143727,36,Desenho,Raiva,3927,Exposicao_Face
143743,17,430,392,5.01,2,143743,36,Desenho,Raiva,3943,Exposicao_Face
143760,17,419,394,4.96,2,143760,36,Desenho,Raiva,3960,Exposicao_Face
143777,17,439,384,4.94,2,143777,36,Desenho,Raiva,3977,Exposicao_Face
143793,17,432,384,4.96,2,143793,36,Desenho,Raiva,3993,Exposicao_Face
143810,17,440,384,4.94,2,143810,37,Desenho,Feliz,10,Janela_Baseline
143827,17,429,393,4.96,2,143827,37,Desenho,Feliz,27,Janela_Baseline
143843,17,453,377,4.88,2,143843,37,Desenho,Feliz,43,Janela_Baseline
143860,17,429,383,4.86,2,143860,37,Desenho,Feliz,60,Janela_Baseline
143877,17,437,385,4.84,2,143877,37,Desenho,Feliz,77,Janela_Baseline
143893,17,428,391,4.88,2,143893,37,Desenho,Feliz,93,Janela_Baseline
143910,17,427,413,4.84,2,143910,37,Desenho,Feliz,110,Janela_Baseline
143926,17,250,685,4.75,3,143926,37,Desenho,Feliz,126,Janela_Baseline
144043,116,165,454,0.0,3,144043,37,Desenho,Feliz,243,Janela_Baseline
144060,17,185,495,4.96,3,144060,37,Desenho,Feliz,260,Janela_Baseline
144076,17,193,601,4.92,3,144076,37,Desenho,Feliz,276,Janela_Baseline
144093,17,232,540,4.84,3,144093,37,Desenho,Feliz,293,Janela_Baseline
144109,17,246,511,4.91,3,144109,37,Desenho,Feliz,309,Janela_Baseline
144126,17,247,518,4.88,3,144126,37,Desenho,Feliz,326,Janela_Baseline
144143,17,259,515,4.89,3,144143,37,Desenho,Feliz,343,Janela_Baseline
144159,17,238,516,4.96,3,144159,37,Desenho,Feliz,359,Janela_Baseline
144176,17,244,516,4.86,3,144176,37,Desenho,Feliz,376,Janela_Baseline
144193,17,248,516,4.89,3,144193,37,Desenho,Feliz,393,Janela_Baseline
144209,17,244,503,4.91,3,144209,37,Desenho,Feliz,409,Janela_Baseline
144226,17,233,513,4.86,3,144226,37,Desenho,Feliz,426,Janela_Baseline
144243,17,262,518,4.75,3,144243,37,Desenho,Feliz,443,Janela_Baseline
144259,17,249,513,4.81,3,144259,37,Desenho,Feliz,459,Janela_Baseline
144276,17,255,517,4.91,3,144276,37,Desenho,Feliz,476,Janela_Baseline
144292,17,14,574,4.78,3,144292,37,Desenho,Feliz,492,Janela_Baseline
144492,200,132,420,4.67,3,144492,37,Desenho,Feliz,692,Janela_Baseline
144509,17,275,358,4.67,1,144509,37,Desenho,Feliz,709,Janela_Baseline
144525,17,315,361,4.64,1,144525,37,Desenho,Feliz,725,Janela_Baseline
144542,17,320,356,4.67,1,144542,37,Desenho,Feliz,742,Janela_Baseline
144559,17,327,338,4.49,1,144559,37,Desenho,Feliz,759,Janela_Baseline
144575,17,328,360,4.73,1,144575,37,Desenho,Feliz,775,Janela_Baseline
144592,17,324,355,4.73,1,144592,37,Desenho,Feliz,792,Janela_Baseline
144608,17,305,354,4.62,1,144608,37,Desenho,Feliz,808,Janela_Baseline
144625,17,320,366,4.65,2,144625,37,Desenho,Feliz,825,Janela_Baseline
144642,17,393,356,4.65,1,144642,37,Desenho,Feliz,842,Janela_Baseline
144658,17,464,365,4.67,2,144658,37,Desenho,Feliz,858,Janela_Baseline
144675,17,474,377,4.64,2,144675,37,Desenho,Feliz,875,Janela_Baseline
144692,17,475,374,4.64,2,144692,37,Desenho,Feliz,892,Janela_Baseline
144708,17,480,362,4.64,1,144708,37,Desenho,Feliz,908,Janela_Baseline
144725,17,481,361,4.65,1,144725,37,Desenho,Feliz,925,Janela_Baseline
144742,17,490,359,4.64,1,144742,37,Desenho,Feliz,942,Janela_Baseline
144758,17,486,360,4.62,1,144758,37,Desenho,Feliz,958,Janela_Baseline
144775,17,473,363,4.62,0,144775,37,Desenho,Feliz,975,Janela_Baseline
144791,17,474,365,4.51,2,144791,37,Desenho,Feliz,991,Janela_Baseline
144808,17,483,369,4.46,2,144808,37,Desenho,Feliz,1008,Janela_Baseline
144825,17,476,368,4.62,2,144825,37,Desenho,Feliz,1025,Janela_Baseline
144841,17,492,363,4.62,0,144841,37,Desenho,Feliz,1041,Janela_Baseline
144858,17,474,343,4.56,1,144858,37,Desenho,Feliz,1058,Janela_Baseline
144875,17,420,338,4.57,1,144875,37,Desenho,Feliz,1075,Janela_Baseline
144891,17,426,331,4.56,1,144891,37,Desenho,Feliz,1091,Janela_Baseline
144908,17,419,354,4.68,1,144908,37,Desenho,Feliz,1108,Janela_Baseline
144925,17,433,321,4.65,1,144925,37,Desenho,Feliz,1125,Janela_Baseline
144941,17,426,320,4.52,1,144941,37,Desenho,Feliz,1141,Janela_Baseline
144958,17,421,329,4.49,1,144958,37,Desenho,Feliz,1158,Janela_Baseline
144974,17,416,334,4.62,1,144974,37,Desenho,Feliz,1174,Janela_Baseline
144991,17,420,332,4.6,1,144991,37,Desenho,Feliz,1191,Janela_Baseline
145008,17,422,335,4.65,1,145008,37,Desenho,Feliz,1208,Janela_Baseline
145024,17,424,332,4.57,1,145024,37,Desenho,Feliz,1224,Janela_Baseline
145041,17,415,345,4.57,1,145041,37,Desenho,Feliz,1241,Janela_Baseline
145058,17,423,329,4.65,1,145058,37,Desenho,Feliz,1258,Janela_Baseline
145074,17,416,340,4.54,1,145074,37,Desenho,Feliz,1274,Janela_Baseline
145091,17,403,329,4.64,1,145091,37,Desenho,Feliz,1291,Janela_Baseline
145108,17,219,314,4.6,1,145108,37,Desenho,Feliz,1308,Exposicao_Face
145124,17,123,303,4.54,1,145124,37,Desenho,Feliz,1324,Exposicao_Face
145141,17,135,305,4.65,1,145141,37,Desenho,Feliz,1341,Exposicao_Face
145157,17,112,317,4.49,1,145157,37,Desenho,Feliz,1357,Exposicao_Face
145174,17,128,308,4.44,1,145174,37,Desenho,Feliz,1374,Exposicao_Face
145191,17,116,311,4.6,1,145191,37,Desenho,Feliz,1391,Exposicao_Face
145207,17,114,313,4.54,1,145207,37,Desenho,Feliz,1407,Exposicao_Face
145224,17,119,318,4.6,1,145224,37,Desenho,Feliz,1424,Exposicao_Face
145241,17,138,306,4.46,1,145241,37,Desenho,Feliz,1441,Exposicao_Face
145257,17,104,316,4.54,1,145257,37,Desenho,Feliz,1457,Exposicao_Face
145274,17,120,311,4.49,1,145274,37,Desenho,Feliz,1474,Exposicao_Face
145291,17,120,305,4.24,1,145291,37,Desenho,Feliz,1491,Exposicao_Face
145307,17,121,309,4.48,1,145307,37,Desenho,Feliz,1507,Exposicao_Face
145324,17,120,304,4.27,1,145324,37,Desenho,Feliz,1524,Exposicao_Face
145357,33,122,311,4.44,1,145357,37,Desenho,Feliz,1557,Exposicao_Face
145357,0,122,311,4.44,1,145357,37,Desenho,Feliz,1557,Exposicao_Face
145374,17,72,302,4.41,1,145374,37,Desenho,Feliz,1574,Exposicao_Face
145390,17,81,295,4.35,1,145390,37,Desenho,Feliz,1590,Exposicao_Face
145407,17,58,298,4.4,1,145407,37,Desenho,Feliz,1607,Exposicao_Face
145424,17,75,300,4.36,1,145424,37,Desenho,Feliz,1624,Exposicao_Face
145440,17,58,310,4.36,1,145440,37,Desenho,Feliz,1640,Exposicao_Face
145457,17,70,306,4.36,1,145457,37,Desenho,Feliz,1657,Exposicao_Face
145474,17,69,303,4.4,1,145474,37,Desenho,Feliz,1674,Exposicao_Face
145490,17,69,304,4.33,1,145490,37,Desenho,Feliz,1690,Exposicao_Face
145507,17,95,317,4.35,1,145507,37,Desenho,Feliz,1707,Exposicao_Face
145523,17,277,337,4.54,1,145523,37,Desenho,Feliz,1723,Exposicao_Face
145540,17,409,327,4.54,1,145540,37,Desenho,Feliz,1740,Exposicao_Face
145557,17,427,347,4.48,1,145557,37,Desenho,Feliz,1757,Exposicao_Face
145573,17,424,347,4.4,1,145573,37,Desenho,Feliz,1773,Exposicao_Face
145590,17,428,344,4.44,1,145590,37,Desenho,Feliz,1790,Exposicao_Face
145607,17,434,336,4.43,1,145607,37,Desenho,Feliz,1807,Exposicao_Face
145623,17,431,337,4.41,1,145623,37,Desenho,Feliz,1823,Exposicao_Face
145640,17,421,339,4.41,1,145640,37,Desenho,Feliz,1840,Exposicao_Face
145656,17,428,347,4.4,1,145656,37,Desenho,Feliz,1856,Exposicao_Face
145673,17,444,327,4.44,1,145673,37,Desenho,Feliz,1873,Exposicao_Face
145690,17,418,342,4.36,1,145690,37,Desenho,Feliz,1890,Exposicao_Face
145706,17,430,346,4.28,1,145706,37,Desenho,Feliz,1906,Exposicao_Face
145723,17,430,345,4.4,1,145723,37,Desenho,Feliz,1923,Exposicao_Face
145740,17,427,341,4.36,1,145740,37,Desenho,Feliz,1940,Exposicao_Face
145756,17,472,333,4.35,1,145756,37,Desenho,Feliz,1956,Exposicao_Face
145790,33,540,326,4.35,1,145790,37,Desenho,Feliz,1990,Exposicao_Face
145790,0,540,326,4.35,1,145790,37,Desenho,Feliz,1990,Exposicao_Face
145806,17,507,357,4.27,1,145806,37,Desenho,Feliz,2006,Exposicao_Face
145823,17,534,334,4.35,1,145823,37,Desenho,Feliz,2023,Exposicao_Face
145839,17,532,342,4.25,1,145839,37,Desenho,Feliz,2039,Exposicao_Face
145856,17,518,354,4.28,1,145856,37,Desenho,Feliz,2056,Exposicao_Face
145873,17,541,332,4.27,1,145873,37,Desenho,Feliz,2073,Exposicao_Face
145889,17,534,335,4.22,1,145889,37,Desenho,Feliz,2089,Exposicao_Face
145906,17,535,329,4.2,1,145906,37,Desenho,Feliz,2106,Exposicao_Face
145923,17,542,336,4.27,1,145923,37,Desenho,Feliz,2123,Exposicao_Face
145939,17,536,334,4.19,1,145939,37,Desenho,Feliz,2139,Exposicao_Face
145956,17,527,352,4.24,1,145956,37,Desenho,Feliz,2156,Exposicao_Face
145973,17,515,364,4.24,2,145973,37,Desenho,Feliz,2173,Exposicao_Face
146006,33,525,353,4.28,1,146006,37,Desenho,Feliz,2206,Exposicao_Face
146022,17,528,345,4.28,1,146022,37,Desenho,Feliz,2222,Exposicao_Face
146039,17,526,358,4.32,1,146039,37,Desenho,Feliz,2239,Exposicao_Face
146056,17,529,356,4.14,1,146056,37,Desenho,Feliz,2256,Exposicao_Face
146072,17,532,341,4.22,1,146072,37,Desenho,Feliz,2272,Exposicao_Face
146089,17,523,352,4.24,1,146089,37,Desenho,Feliz,2289,Exposicao_Face
146106,17,543,332,4.11,1,146106,37,Desenho,Feliz,2306,Exposicao_Face
146122,17,532,351,4.2,1,146122,37,Desenho,Feliz,2322,Exposicao_Face
146139,17,526,355,4.27,1,146139,37,Desenho,Feliz,2339,Exposicao_Face
146156,17,523,354,4.25,1,146156,37,Desenho,Feliz,2356,Exposicao_Face
146172,17,469,343,4.24,1,146172,37,Desenho,Feliz,2372,Exposicao_Face
146189,17,400,336,4.28,1,146189,37,Desenho,Feliz,2389,Exposicao_Face
146205,17,398,333,4.27,1,146205,37,Desenho,Feliz,2405,Exposicao_Face
146222,17,401,330,4.2,1,146222,37,Desenho,Feliz,2422,Exposicao_Face
146239,17,389,346,4.3,1,146239,37,Desenho,Feliz,2439,Exposicao_Face
146255,17,388,340,4.27,1,146255,37,Desenho,Feliz,2455,Exposicao_Face
146272,17,406,335,4.24,1,146272,37,Desenho,Feliz,2472,Exposicao_Face
146289,17,407,330,4.33,1,146289,37,Desenho,Feliz,2489,Exposicao_Face
146305,17,392,341,4.33,1,146305,37,Desenho,Feliz,2505,Exposicao_Face
146322,17,408,332,4.32,1,146322,37,Desenho,Feliz,2522,Exposicao_Face
146339,17,385,341,4.38,1,146339,37,Desenho,Feliz,2539,Exposicao_Face
146355,17,408,333,4.24,1,146355,37,Desenho,Feliz,2555,Exposicao_Face
146372,17,407,331,4.35,1,146372,37,Desenho,Feliz,2572,Exposicao_Face
146388,17,399,334,4.27,1,146388,37,Desenho,Feliz,2588,Exposicao_Face
146405,17,328,327,4.35,1,146405,37,Desenho,Feliz,2605,Exposicao_Face
146422,17,324,309,4.25,1,146422,37,Desenho,Feliz,2622,Exposicao_Face
146438,17,317,317,4.35,1,146438,37,Desenho,Feliz,2638,Exposicao_Face
146455,17,312,325,4.24,1,146455,37,Desenho,Feliz,2655,Exposicao_Face
146472,17,318,323,4.3,1,146472,37,Desenho,Feliz,2672,Exposicao_Face
146488,17,317,326,4.3,1,146488,37,Desenho,Feliz,2688,Exposicao_Face
146571,83,306,329,4.49,1,146571,37,Desenho,Feliz,2771,Exposicao_Face
146571,0,306,329,4.49,1,146571,37,Desenho,Feliz,2771,Exposicao_Face
146588,17,307,332,4.27,1,146588,37,Desenho,Feliz,2788,Exposicao_Face
146605,17,314,338,4.49,1,146605,37,Desenho,Feliz,2805,Exposicao_Face
146621,17,321,310,4.43,1,146621,37,Desenho,Feliz,2821,Exposicao_Face
146655,33,308,323,4.51,1,146655,37,Desenho,Feliz,2855,Exposicao_Face
146671,17,311,322,4.4,1,146671,37,Desenho,Feliz,2871,Exposicao_Face
146688,17,315,312,4.38,1,146688,37,Desenho,Feliz,2888,Exposicao_Face
146704,17,393,320,4.35,1,146704,37,Desenho,Feliz,2904,Exposicao_Face
146721,17,444,339,4.44,1,146721,37,Desenho,Feliz,2921,Exposicao_Face
146738,17,457,328,4.41,1,146738,37,Desenho,Feliz,2938,Exposicao_Face
146754,17,445,337,4.36,1,146754,37,Desenho,Feliz,2954,Exposicao_Face
146771,17,460,333,4.57,1,146771,37,Desenho,Feliz,2971,Exposicao_Face
146788,17,450,342,4.43,1,146788,37,Desenho,Feliz,2988,Exposicao_Face
146804,17,450,334,4.38,1,146804,37,Desenho,Feliz,3004,Exposicao_Face
146821,17,450,335,4.41,1,146821,37,Desenho,Feliz,3021,Exposicao_Face
146838,17,449,343,4.41,1,146838,37,Desenho,Feliz,3038,Exposicao_Face
146854,17,450,336,4.38,1,146854,37,Desenho,Feliz,3054,Exposicao_Face
146871,17,451,331,4.3,1,146871,37,Desenho,Feliz,3071,Exposicao_Face
146887,17,442,334,4.41,1,146887,37,Desenho,Feliz,3087,Exposicao_Face
146904,17,449,337,4.41,1,146904,37,Desenho,Feliz,3104,Exposicao_Face
146921,17,494,336,4.41,1,146921,37,Desenho,Feliz,3121,Exposicao_Face
146937,17,537,337,4.38,1,146937,37,Desenho,Feliz,3137,Exposicao_Face
146954,17,540,330,4.44,1,146954,37,Desenho,Feliz,3154,Exposicao_Face
146971,17,551,335,4.43,1,146971,37,Desenho,Feliz,3171,Exposicao_Face
146987,17,538,342,4.35,1,146987,37,Desenho,Feliz,3187,Exposicao_Face
147004,17,544,345,4.48,1,147004,37,Desenho,Feliz,3204,Exposicao_Face
147021,17,546,335,4.38,1,147021,37,Desenho,Feliz,3221,Exposicao_Face
147037,17,533,347,4.44,1,147037,37,Desenho,Feliz,3237,Exposicao_Face
147054,17,543,326,4.4,1,147054,37,Desenho,Feliz,3254,Exposicao_Face
147070,17,541,342,4.28,1,147070,37,Desenho,Feliz,3270,Exposicao_Face
147087,17,540,335,4.43,1,147087,37,Desenho,Feliz,3287,Exposicao_Face
147104,17,556,323,4.32,1,147104,37,Desenho,Feliz,3304,Exposicao_Face
147120,17,554,321,4.36,1,147120,37,Desenho,Feliz,3320,Exposicao_Face
147137,17,522,334,4.32,1,147137,37,Desenho,Feliz,3337,Exposicao_Face
147154,17,322,317,4.46,1,147154,37,Desenho,Feliz,3354,Exposicao_Face
147170,17,244,304,4.32,1,147170,37,Desenho,Feliz,3370,Exposicao_Face
147187,17,239,311,4.38,1,147187,37,Desenho,Feliz,3387,Exposicao_Face
147204,17,228,312,4.38,1,147204,37,Desenho,Feliz,3404,Exposicao_Face
147220,17,246,306,4.28,1,147220,37,Desenho,Feliz,3420,Exposicao_Face
147237,17,248,310,4.36,1,147237,37,Desenho,Feliz,3437,Exposicao_Face
147253,17,229,325,4.44,1,147253,37,Desenho,Feliz,3453,Exposicao_Face
147270,17,228,313,4.43,1,147270,37,Desenho,Feliz,3470,Exposicao_Face
147287,17,242,316,4.35,1,147287,37,Desenho,Feliz,3487,Exposicao_Face
147303,17,238,311,4.33,1,147303,37,Desenho,Feliz,3503,Exposicao_Face
147320,17,223,322,4.4,1,147320,37,Desenho,Feliz,3520,Exposicao_Face
147337,17,248,312,4.49,1,147337,37,Desenho,Feliz,3537,Exposicao_Face
147353,17,239,330,4.35,1,147353,37,Desenho,Feliz,3553,Exposicao_Face
147370,17,234,309,4.43,1,147370,37,Desenho,Feliz,3570,Exposicao_Face
147387,17,243,303,4.4,1,147387,37,Desenho,Feliz,3587,Exposicao_Face
147403,17,241,307,4.41,1,147403,37,Desenho,Feliz,3603,Exposicao_Face
147420,17,238,306,4.51,1,147420,37,Desenho,Feliz,3620,Exposicao_Face
147436,17,253,303,4.49,1,147436,37,Desenho,Feliz,3636,Exposicao_Face
147453,17,250,307,4.36,1,147453,37,Desenho,Feliz,3653,Exposicao_Face
147470,17,241,311,4.41,1,147470,37,Desenho,Feliz,3670,Exposicao_Face
147486,17,254,306,4.51,1,147486,37,Desenho,Feliz,3686,Exposicao_Face
147503,17,245,317,4.48,1,147503,37,Desenho,Feliz,3703,Exposicao_Face
147520,17,247,324,4.54,1,147520,37,Desenho,Feliz,3720,Exposicao_Face
147536,17,242,330,4.64,1,147536,37,Desenho,Feliz,3736,Exposicao_Face
147553,17,250,312,4.44,1,147553,37,Desenho,Feliz,3753,Exposicao_Face
147570,17,235,319,4.44,1,147570,37,Desenho,Feliz,3770,Exposicao_Face
147586,17,233,321,4.46,1,147586,37,Desenho,Feliz,3786,Exposicao_Face
147603,17,243,319,4.44,1,147603,37,Desenho,Feliz,3803,Exposicao_Face
147619,17,233,327,4.41,1,147619,37,Desenho,Feliz,3819,Exposicao_Face
147636,17,113,454,4.35,3,147636,37,Desenho,Feliz,3836,Exposicao_Face
147935,299,73,411,4.25,2,147935,38,Desenho,Neutro,135,Janela_Baseline
147952,17,269,386,4.3,2,147952,38,Desenho,Neutro,152,Janela_Baseline
147969,17,398,391,4.3,2,147969,38,Desenho,Neutro,169,Janela_Baseline
147985,17,383,389,4.44,2,147985,38,Desenho,Neutro,185,Janela_Baseline
148002,17,414,377,4.36,2,148002,38,Desenho,Neutro,202,Janela_Baseline
148019,17,399,402,4.51,2,148019,38,Desenho,Neutro,219,Janela_Baseline
148035,17,387,387,4.36,2,148035,38,Desenho,Neutro,235,Janela_Baseline
148052,17,401,384,4.32,2,148052,38,Desenho,Neutro,252,Janela_Baseline
148069,17,399,390,4.43,2,148069,38,Desenho,Neutro,269,Janela_Baseline
148085,17,398,386,4.3,2,148085,38,Desenho,Neutro,285,Janela_Baseline
148102,17,400,373,4.4,2,148102,38,Desenho,Neutro,302,Janela_Baseline
148118,17,401,376,4.33,2,148118,38,Desenho,Neutro,318,Janela_Baseline
148135,17,393,380,4.27,2,148135,38,Desenho,Neutro,335,Janela_Baseline
148152,17,407,374,4.2,2,148152,38,Desenho,Neutro,352,Janela_Baseline
148168,17,457,365,4.28,2,148168,38,Desenho,Neutro,368,Janela_Baseline
148185,17,503,331,4.27,1,148185,38,Desenho,Neutro,385,Janela_Baseline
148202,17,492,326,4.2,1,148202,38,Desenho,Neutro,402,Janela_Baseline
148218,17,508,342,4.27,1,148218,38,Desenho,Neutro,418,Janela_Baseline
148235,17,503,333,4.27,1,148235,38,Desenho,Neutro,435,Janela_Baseline
148252,17,500,333,4.24,1,148252,38,Desenho,Neutro,452,Janela_Baseline
148268,17,509,329,4.15,1,148268,38,Desenho,Neutro,468,Janela_Baseline
148285,17,509,334,4.2,1,148285,38,Desenho,Neutro,485,Janela_Baseline
148301,17,500,324,4.14,1,148301,38,Desenho,Neutro,501,Janela_Baseline
148318,17,502,337,4.17,1,148318,38,Desenho,Neutro,518,Janela_Baseline
148335,17,510,332,4.24,1,148335,38,Desenho,Neutro,535,Janela_Baseline
148351,17,482,326,4.27,1,148351,38,Desenho,Neutro,551,Janela_Baseline
148368,17,508,331,4.19,1,148368,38,Desenho,Neutro,568,Janela_Baseline
148385,17,511,332,4.2,1,148385,38,Desenho,Neutro,585,Janela_Baseline
148401,17,491,335,4.06,1,148401,38,Desenho,Neutro,601,Janela_Baseline
148418,17,505,339,4.17,1,148418,38,Desenho,Neutro,618,Janela_Baseline
148435,17,503,330,4.17,1,148435,38,Desenho,Neutro,635,Janela_Baseline
148451,17,502,341,4.17,1,148451,38,Desenho,Neutro,651,Janela_Baseline
148468,17,497,335,4.14,1,148468,38,Desenho,Neutro,668,Janela_Baseline
148484,17,509,337,4.07,1,148484,38,Desenho,Neutro,684,Janela_Baseline
148501,17,513,332,4.12,1,148501,38,Desenho,Neutro,701,Janela_Baseline
148518,17,505,330,4.24,1,148518,38,Desenho,Neutro,718,Janela_Baseline
148534,17,508,334,4.17,1,148534,38,Desenho,Neutro,734,Janela_Baseline
148551,17,537,324,4.22,1,148551,38,Desenho,Neutro,751,Janela_Baseline
148568,17,568,316,4.19,1,148568,38,Desenho,Neutro,768,Janela_Baseline
148584,17,566,320,4.14,1,148584,38,Desenho,Neutro,784,Janela_Baseline
148601,17,559,324,4.15,1,148601,38,Desenho,Neutro,801,Janela_Baseline
148618,17,560,319,4.12,1,148618,38,Desenho,Neutro,818,Janela_Baseline
148634,17,561,315,4.14,1,148634,38,Desenho,Neutro,834,Janela_Baseline
148651,17,548,319,4.14,1,148651,38,Desenho,Neutro,851,Janela_Baseline
148667,17,571,307,4.2,1,148667,38,Desenho,Neutro,867,Janela_Baseline
148684,17,561,315,4.22,1,148684,38,Desenho,Neutro,884,Janela_Baseline
148701,17,566,319,4.24,1,148701,38,Desenho,Neutro,901,Janela_Baseline
148717,17,570,321,4.24,1,148717,38,Desenho,Neutro,917,Janela_Baseline
148734,17,544,320,4.22,1,148734,38,Desenho,Neutro,934,Janela_Baseline
148751,17,569,310,4.15,1,148751,38,Desenho,Neutro,951,Janela_Baseline
148767,17,566,315,4.25,1,148767,38,Desenho,Neutro,967,Janela_Baseline
148784,17,554,333,4.3,1,148784,38,Desenho,Neutro,984,Janela_Baseline
148801,17,563,305,4.27,1,148801,38,Desenho,Neutro,1001,Janela_Baseline
148817,17,560,332,4.35,1,148817,38,Desenho,Neutro,1017,Janela_Baseline
148834,17,561,323,4.33,1,148834,38,Desenho,Neutro,1034,Janela_Baseline
148850,17,573,316,4.36,1,148850,38,Desenho,Neutro,1050,Janela_Baseline
148867,17,566,312,4.35,1,148867,38,Desenho,Neutro,1067,Janela_Baseline
148884,17,562,314,4.38,1,148884,38,Desenho,Neutro,1084,Janela_Baseline
148900,17,557,321,4.38,1,148900,38,Desenho,Neutro,1100,Janela_Baseline
148917,17,573,301,4.33,1,148917,38,Desenho,Neutro,1117,Janela_Baseline
148934,17,569,304,4.28,1,148934,38,Desenho,Neutro,1134,Janela_Baseline
148950,17,572,307,4.3,1,148950,38,Desenho,Neutro,1150,Janela_Baseline
148967,17,550,328,4.33,1,148967,38,Desenho,Neutro,1167,Janela_Baseline
148983,17,544,337,4.41,1,148983,38,Desenho,Neutro,1183,Janela_Baseline
149000,17,482,311,4.3,1,149000,38,Desenho,Neutro,1200,Janela_Baseline
149017,17,472,298,4.4,1,149017,38,Desenho,Neutro,1217,Janela_Baseline
149033,17,466,305,4.44,1,149033,38,Desenho,Neutro,1233,Janela_Baseline
149050,17,469,301,4.35,1,149050,38,Desenho,Neutro,1250,Janela_Baseline
149067,17,445,317,4.4,1,149067,38,Desenho,Neutro,1267,Janela_Baseline
149083,17,459,314,4.36,1,149083,38,Desenho,Neutro,1283,Janela_Baseline
149100,17,454,312,4.36,1,149100,38,Desenho,Neutro,1300,Exposicao_Face
149117,17,461,302,4.27,1,149117,38,Desenho,Neutro,1317,Exposicao_Face
149133,17,465,305,4.44,1,149133,38,Desenho,Neutro,1333,Exposicao_Face
149150,17,458,309,4.4,1,149150,38,Desenho,Neutro,1350,Exposicao_Face
149166,17,457,322,4.27,1,149166,38,Desenho,Neutro,1366,Exposicao_Face
149183,17,464,301,4.35,1,149183,38,Desenho,Neutro,1383,Exposicao_Face
149200,17,453,320,4.4,1,149200,38,Desenho,Neutro,1400,Exposicao_Face
149216,17,458,311,4.4,1,149216,38,Desenho,Neutro,1416,Exposicao_Face
149233,17,462,305,4.3,1,149233,38,Desenho,Neutro,1433,Exposicao_Face
149250,17,451,310,4.25,1,149250,38,Desenho,Neutro,1450,Exposicao_Face
149266,17,489,304,4.32,1,149266,38,Desenho,Neutro,1466,Exposicao_Face
149283,17,556,309,4.25,1,149283,38,Desenho,Neutro,1483,Exposicao_Face
149300,17,554,327,4.28,1,149300,38,Desenho,Neutro,1500,Exposicao_Face
149316,17,575,306,4.35,1,149316,38,Desenho,Neutro,1516,Exposicao_Face
149333,17,573,306,4.36,1,149333,38,Desenho,Neutro,1533,Exposicao_Face
149349,17,582,289,4.24,1,149349,38,Desenho,Neutro,1549,Exposicao_Face
149366,17,573,302,4.33,1,149366,38,Desenho,Neutro,1566,Exposicao_Face
149383,17,554,322,4.35,1,149383,38,Desenho,Neutro,1583,Exposicao_Face
149399,17,563,316,4.41,1,149399,38,Desenho,Neutro,1599,Exposicao_Face
149416,17,574,299,4.33,1,149416,38,Desenho,Neutro,1616,Exposicao_Face
149433,17,579,288,4.3,1,149433,38,Desenho,Neutro,1633,Exposicao_Face
149449,17,563,308,4.32,1,149449,38,Desenho,Neutro,1649,Exposicao_Face
149466,17,574,314,4.38,1,149466,38,Desenho,Neutro,1666,Exposicao_Face
149483,17,576,295,4.4,1,149483,38,Desenho,Neutro,1683,Exposicao_Face
149499,17,571,304,4.36,1,149499,38,Desenho,Neutro,1699,Exposicao_Face
149516,17,622,303,4.44,1,149516,38,Desenho,Neutro,1716,Exposicao_Face
149532,17,682,278,4.35,1,149532,38,Desenho,Neutro,1732,Exposicao_Face
149549,17,700,287,4.36,1,149549,38,Desenho,Neutro,1749,Exposicao_Face
149566,17,695,287,4.27,1,149566,38,Desenho,Neutro,1766,Exposicao_Face
149582,17,699,292,4.35,1,149582,38,Desenho,Neutro,1782,Exposicao_Face
149599,17,690,289,4.33,1,149599,38,Desenho,Neutro,1799,Exposicao_Face
149616,17,724,274,4.43,1,149616,38,Desenho,Neutro,1816,Exposicao_Face
149632,17,697,272,4.36,1,149632,38,Desenho,Neutro,1832,Exposicao_Face
149649,17,699,286,4.35,1,149649,38,Desenho,Neutro,1849,Exposicao_Face
149666,17,695,290,4.4,1,149666,38,Desenho,Neutro,1866,Exposicao_Face
149682,17,712,260,4.24,1,149682,38,Desenho,Neutro,1882,Exposicao_Face
149699,17,696,272,4.38,1,149699,38,Desenho,Neutro,1899,Exposicao_Face
149715,17,628,299,4.32,1,149715,38,Desenho,Neutro,1915,Exposicao_Face
149732,17,481,337,4.43,1,149732,38,Desenho,Neutro,1932,Exposicao_Face
149749,17,495,330,4.36,1,149749,38,Desenho,Neutro,1949,Exposicao_Face
149765,17,472,319,4.38,1,149765,38,Desenho,Neutro,1965,Exposicao_Face
149782,17,491,318,4.48,1,149782,38,Desenho,Neutro,1982,Exposicao_Face
149799,17,473,333,4.38,1,149799,38,Desenho,Neutro,1999,Exposicao_Face
149815,17,475,334,4.4,1,149815,38,Desenho,Neutro,2015,Exposicao_Face
149832,17,473,326,4.33,1,149832,38,Desenho,Neutro,2032,Exposicao_Face
149849,17,471,329,4.46,1,149849,38,Desenho,Neutro,2049,Exposicao_Face
149865,17,472,328,4.43,1,149865,38,Desenho,Neutro,2065,Exposicao_Face
149882,17,474,334,4.49,1,149882,38,Desenho,Neutro,2082,Exposicao_Face
149898,17,471,339,4.44,1,149898,38,Desenho,Neutro,2098,Exposicao_Face
149915,17,462,334,4.4,1,149915,38,Desenho,Neutro,2115,Exposicao_Face
149932,17,466,325,4.52,1,149932,38,Desenho,Neutro,2132,Exposicao_Face
149948,17,473,335,4.59,1,149948,38,Desenho,Neutro,2148,Exposicao_Face
149965,17,477,318,4.4,1,149965,38,Desenho,Neutro,2165,Exposicao_Face
149982,17,470,327,4.41,1,149982,38,Desenho,Neutro,2182,Exposicao_Face
149998,17,475,329,4.52,1,149998,38,Desenho,Neutro,2198,Exposicao_Face
150015,17,539,307,4.43,1,150015,38,Desenho,Neutro,2215,Exposicao_Face
150032,17,557,307,4.52,1,150032,38,Desenho,Neutro,2232,Exposicao_Face
150048,17,554,300,4.57,1,150048,38,Desenho,Neutro,2248,Exposicao_Face
150065,17,559,299,4.46,1,150065,38,Desenho,Neutro,2265,Exposicao_Face
150081,17,561,299,4.56,1,150081,38,Desenho,Neutro,2281,Exposicao_Face
150098,17,558,303,4.41,1,150098,38,Desenho,Neutro,2298,Exposicao_Face
150115,17,554,309,4.41,1,150115,38,Desenho,Neutro,2315,Exposicao_Face
150131,17,551,294,4.52,1,150131,38,Desenho,Neutro,2331,Exposicao_Face
150148,17,553,315,4.52,1,150148,38,Desenho,Neutro,2348,Exposicao_Face
150165,17,554,300,4.57,1,150165,38,Desenho,Neutro,2365,Exposicao_Face
150181,17,549,314,4.44,1,150181,38,Desenho,Neutro,2381,Exposicao_Face
150198,17,555,302,4.51,1,150198,38,Desenho,Neutro,2398,Exposicao_Face
150214,17,558,302,4.49,1,150214,38,Desenho,Neutro,2414,Exposicao_Face
150231,17,564,299,4.52,1,150231,38,Desenho,Neutro,2431,Exposicao_Face
150248,17,553,316,4.56,1,150248,38,Desenho,Neutro,2448,Exposicao_Face
150264,17,554,318,4.54,1,150264,38,Desenho,Neutro,2464,Exposicao_Face
150281,17,545,321,4.64,1,150281,38,Desenho,Neutro,2481,Exposicao_Face
150298,17,592,320,4.49,1,150298,38,Desenho,Neutro,2498,Exposicao_Face
150314,17,555,334,4.57,1,150314,38,Desenho,Neutro,2514,Exposicao_Face
150331,17,563,321,4.54,1,150331,38,Desenho,Neutro,2531,Exposicao_Face
150348,17,565,305,4.54,1,150348,38,Desenho,Neutro,2548,Exposicao_Face
150364,17,563,320,4.56,1,150364,38,Desenho,Neutro,2564,Exposicao_Face
150381,17,565,304,4.57,1,150381,38,Desenho,Neutro,2581,Exposicao_Face
150397,17,568,321,4.54,1,150397,38,Desenho,Neutro,2597,Exposicao_Face
150414,17,558,328,4.51,1,150414,38,Desenho,Neutro,2614,Exposicao_Face
150431,17,563,303,4.56,1,150431,38,Desenho,Neutro,2631,Exposicao_Face
150447,17,564,317,4.51,1,150447,38,Desenho,Neutro,2647,Exposicao_Face
150464,17,560,325,4.59,1,150464,38,Desenho,Neutro,2664,Exposicao_Face
150481,17,568,318,4.59,1,150481,38,Desenho,Neutro,2681,Exposicao_Face
150497,17,580,305,4.59,1,150497,38,Desenho,Neutro,2697,Exposicao_Face
150514,17,555,319,4.62,1,150514,38,Desenho,Neutro,2714,Exposicao_Face
150531,17,583,298,4.56,1,150531,38,Desenho,Neutro,2731,Exposicao_Face
150547,17,563,311,4.59,1,150547,38,Desenho,Neutro,2747,Exposicao_Face
150564,17,546,325,4.62,1,150564,38,Desenho,Neutro,2764,Exposicao_Face
150580,17,577,327,4.67,1,150580,38,Desenho,Neutro,2780,Exposicao_Face
150597,17,554,316,4.57,1,150597,38,Desenho,Neutro,2797,Exposicao_Face
150614,17,543,334,4.65,1,150614,38,Desenho,Neutro,2814,Exposicao_Face
150630,17,571,304,4.64,1,150630,38,Desenho,Neutro,2830,Exposicao_Face
150647,17,563,309,4.59,1,150647,38,Desenho,Neutro,2847,Exposicao_Face
150664,17,556,329,4.64,1,150664,38,Desenho,Neutro,2864,Exposicao_Face
150680,17,557,326,4.68,1,150680,38,Desenho,Neutro,2880,Exposicao_Face
150697,17,557,320,4.59,1,150697,38,Desenho,Neutro,2897,Exposicao_Face
150714,17,510,335,4.68,1,150714,38,Desenho,Neutro,2914,Exposicao_Face
150730,17,429,316,4.72,1,150730,38,Desenho,Neutro,2930,Exposicao_Face
150747,17,393,321,4.64,1,150747,38,Desenho,Neutro,2947,Exposicao_Face
150763,17,388,321,4.65,1,150763,38,Desenho,Neutro,2963,Exposicao_Face
150780,17,382,312,4.67,1,150780,38,Desenho,Neutro,2980,Exposicao_Face
150797,17,382,335,4.65,1,150797,38,Desenho,Neutro,2997,Exposicao_Face
150813,17,370,329,4.68,1,150813,38,Desenho,Neutro,3013,Exposicao_Face
150830,17,364,339,4.75,1,150830,38,Desenho,Neutro,3030,Exposicao_Face
150847,17,375,331,4.67,1,150847,38,Desenho,Neutro,3047,Exposicao_Face
150863,17,373,340,4.7,1,150863,38,Desenho,Neutro,3063,Exposicao_Face
150880,17,375,330,4.72,1,150880,38,Desenho,Neutro,3080,Exposicao_Face
150897,17,376,331,4.6,1,150897,38,Desenho,Neutro,3097,Exposicao_Face
150913,17,371,328,4.8,1,150913,38,Desenho,Neutro,3113,Exposicao_Face
150930,17,283,370,4.68,2,150930,38,Desenho,Neutro,3130,Exposicao_Face
150946,17,254,375,4.64,2,150946,38,Desenho,Neutro,3146,Exposicao_Face
150963,17,252,371,4.65,2,150963,38,Desenho,Neutro,3163,Exposicao_Face
150980,17,240,380,4.59,2,150980,38,Desenho,Neutro,3180,Exposicao_Face
150996,17,253,381,4.64,2,150996,38,Desenho,Neutro,3196,Exposicao_Face
151013,17,243,374,4.6,2,151013,38,Desenho,Neutro,3213,Exposicao_Face
151030,17,239,379,4.65,2,151030,38,Desenho,Neutro,3230,Exposicao_Face
151046,17,250,387,4.62,2,151046,38,Desenho,Neutro,3246,Exposicao_Face
151063,17,243,383,4.64,2,151063,38,Desenho,Neutro,3263,Exposicao_Face
151080,17,247,379,4.7,2,151080,38,Desenho,Neutro,3280,Exposicao_Face
151096,17,243,373,4.62,2,151096,38,Desenho,Neutro,3296,Exposicao_Face
151113,17,244,372,4.65,2,151113,38,Desenho,Neutro,3313,Exposicao_Face
151129,17,242,375,4.57,2,151129,38,Desenho,Neutro,3329,Exposicao_Face
151146,17,252,371,4.62,2,151146,38,Desenho,Neutro,3346,Exposicao_Face
151163,17,239,380,4.7,2,151163,38,Desenho,Neutro,3363,Exposicao_Face
151179,17,254,369,4.62,2,151179,38,Desenho,Neutro,3379,Exposicao_Face
151196,17,240,383,4.64,2,151196,38,Desenho,Neutro,3396,Exposicao_Face
151213,17,251,363,4.62,2,151213,38,Desenho,Neutro,3413,Exposicao_Face
151229,17,245,375,4.6,2,151229,38,Desenho,Neutro,3429,Exposicao_Face
151246,17,243,371,4.62,2,151246,38,Desenho,Neutro,3446,Exposicao_Face
151263,17,253,376,4.65,2,151263,38,Desenho,Neutro,3463,Exposicao_Face
151279,17,233,377,4.62,2,151279,38,Desenho,Neutro,3479,Exposicao_Face
151296,17,245,370,4.59,2,151296,38,Desenho,Neutro,3496,Exposicao_Face
151312,17,241,377,4.65,2,151312,38,Desenho,Neutro,3512,Exposicao_Face
151329,17,244,383,4.64,2,151329,38,Desenho,Neutro,3529,Exposicao_Face
151346,17,255,373,4.7,2,151346,38,Desenho,Neutro,3546,Exposicao_Face
151362,17,240,382,4.6,2,151362,38,Desenho,Neutro,3562,Exposicao_Face
151379,17,311,383,4.62,2,151379,38,Desenho,Neutro,3579,Exposicao_Face
151396,17,336,391,4.67,2,151396,38,Desenho,Neutro,3596,Exposicao_Face
151412,17,340,403,4.65,2,151412,38,Desenho,Neutro,3612,Exposicao_Face
151429,17,347,395,4.73,2,151429,38,Desenho,Neutro,3629,Exposicao_Face
151445,17,350,384,4.62,2,151445,38,Desenho,Neutro,3645,Exposicao_Face
151462,17,345,396,4.64,2,151462,38,Desenho,Neutro,3662,Exposicao_Face
151479,17,348,384,4.65,2,151479,38,Desenho,Neutro,3679,Exposicao_Face
151495,17,342,406,4.65,2,151495,38,Desenho,Neutro,3695,Exposicao_Face
151512,17,339,411,4.65,2,151512,38,Desenho,Neutro,3712,Exposicao_Face
151529,17,344,406,4.7,2,151529,38,Desenho,Neutro,3729,Exposicao_Face
151545,17,355,388,4.6,2,151545,38,Desenho,Neutro,3745,Exposicao_Face
151562,17,460,352,4.64,1,151562,38,Desenho,Neutro,3762,Exposicao_Face
151579,17,471,351,4.67,1,151579,38,Desenho,Neutro,3779,Exposicao_Face
151595,17,471,359,4.62,1,151595,38,Desenho,Neutro,3795,Exposicao_Face
151612,17,488,340,4.6,1,151612,38,Desenho,Neutro,3812,Exposicao_Face
151628,17,486,360,4.57,1,151628,38,Desenho,Neutro,3828,Exposicao_Face
151645,17,479,365,4.62,2,151645,38,Desenho,Neutro,3845,Exposicao_Face
151662,17,485,368,4.67,2,151662,38,Desenho,Neutro,3862,Exposicao_Face
151678,17,485,350,4.51,1,151678,38,Desenho,Neutro,3878,Exposicao_Face
151695,17,485,363,4.65,0,151695,38,Desenho,Neutro,3895,Exposicao_Face
151712,17,474,355,4.52,1,151712,38,Desenho,Neutro,3912,Exposicao_Face
151728,17,484,350,4.56,1,151728,38,Desenho,Neutro,3928,Exposicao_Face
151745,17,488,344,4.54,1,151745,38,Desenho,Neutro,3945,Exposicao_Face
151762,17,489,347,4.52,1,151762,38,Desenho,Neutro,3962,Exposicao_Face
151778,17,451,399,4.35,2,151778,38,Desenho,Neutro,3978,Exposicao_Face
151978,200,313,527,4.33,3,151978,39,Desenho,Raiva,178,Janela_Baseline
151994,17,395,401,4.41,2,151994,39,Desenho,Raiva,194,Janela_Baseline
152011,17,429,345,4.32,1,152011,39,Desenho,Raiva,211,Janela_Baseline
152028,17,417,361,4.33,1,152028,39,Desenho,Raiva,228,Janela_Baseline
152044,17,425,342,4.33,1,152044,39,Desenho,Raiva,244,Janela_Baseline
152061,17,407,355,4.41,1,152061,39,Desenho,Raiva,261,Janela_Baseline
152078,17,424,346,4.38,1,152078,39,Desenho,Raiva,278,Janela_Baseline
152094,17,426,354,4.32,1,152094,39,Desenho,Raiva,294,Janela_Baseline
152111,17,423,361,4.33,1,152111,39,Desenho,Raiva,311,Janela_Baseline
152128,17,420,355,4.3,1,152128,39,Desenho,Raiva,328,Janela_Baseline
152144,17,430,339,4.28,1,152144,39,Desenho,Raiva,344,Janela_Baseline
152161,17,425,350,4.35,1,152161,39,Desenho,Raiva,361,Janela_Baseline
152177,17,432,332,4.35,1,152177,39,Desenho,Raiva,377,Janela_Baseline
152194,17,433,340,4.36,1,152194,39,Desenho,Raiva,394,Janela_Baseline
152211,17,421,356,4.35,1,152211,39,Desenho,Raiva,411,Janela_Baseline
152227,17,431,346,4.32,1,152227,39,Desenho,Raiva,427,Janela_Baseline
152244,17,432,351,4.49,1,152244,39,Desenho,Raiva,444,Janela_Baseline
152261,17,435,339,4.33,1,152261,39,Desenho,Raiva,461,Janela_Baseline
152277,17,438,349,4.38,1,152277,39,Desenho,Raiva,477,Janela_Baseline
152294,17,473,327,4.48,1,152294,39,Desenho,Raiva,494,Janela_Baseline
152311,17,509,316,4.4,1,152311,39,Desenho,Raiva,511,Janela_Baseline
152327,17,526,301,4.33,1,152327,39,Desenho,Raiva,527,Janela_Baseline
152344,17,535,291,4.3,1,152344,39,Desenho,Raiva,544,Janela_Baseline
152360,17,527,311,4.24,1,152360,39,Desenho,Raiva,560,Janela_Baseline
152377,17,534,297,4.27,1,152377,39,Desenho,Raiva,577,Janela_Baseline
152394,17,530,297,4.2,1,152394,39,Desenho,Raiva,594,Janela_Baseline
152410,17,523,306,4.3,1,152410,39,Desenho,Raiva,610,Janela_Baseline
152427,17,531,293,4.27,1,152427,39,Desenho,Raiva,627,Janela_Baseline
152444,17,529,305,4.27,1,152444,39,Desenho,Raiva,644,Janela_Baseline
152460,17,527,306,4.15,1,152460,39,Desenho,Raiva,660,Janela_Baseline
152477,17,525,290,4.17,1,152477,39,Desenho,Raiva,677,Janela_Baseline
152493,17,527,294,4.22,1,152493,39,Desenho,Raiva,693,Janela_Baseline
152510,17,526,301,4.2,1,152510,39,Desenho,Raiva,710,Janela_Baseline
152527,17,526,300,4.15,1,152527,39,Desenho,Raiva,727,Janela_Baseline
152543,17,517,309,4.17,1,152543,39,Desenho,Raiva,743,Janela_Baseline
152560,17,530,302,4.19,1,152560,39,Desenho,Raiva,760,Janela_Baseline
152577,17,522,304,4.19,1,152577,39,Desenho,Raiva,777,Janela_Baseline
152593,17,527,299,4.15,1,152593,39,Desenho,Raiva,793,Janela_Baseline
152610,17,524,298,4.14,1,152610,39,Desenho,Raiva,810,Janela_Baseline
152627,17,528,303,4.22,1,152627,39,Desenho,Raiva,827,Janela_Baseline
152643,17,523,316,4.33,1,152643,39,Desenho,Raiva,843,Janela_Baseline
152660,17,466,324,4.25,1,152660,39,Desenho,Raiva,860,Janela_Baseline
152676,17,496,317,4.19,1,152676,39,Desenho,Raiva,876,Janela_Baseline
152693,17,481,330,4.3,1,152693,39,Desenho,Raiva,893,Janela_Baseline
152710,17,470,330,4.33,1,152710,39,Desenho,Raiva,910,Janela_Baseline
152726,17,483,318,4.22,1,152726,39,Desenho,Raiva,926,Janela_Baseline
152743,17,482,315,4.2,1,152743,39,Desenho,Raiva,943,Janela_Baseline
152760,17,479,328,4.28,1,152760,39,Desenho,Raiva,960,Janela_Baseline
152776,17,466,326,4.2,1,152776,39,Desenho,Raiva,976,Janela_Baseline
152793,17,482,313,4.32,1,152793,39,Desenho,Raiva,993,Janela_Baseline
152810,17,464,337,4.32,1,152810,39,Desenho,Raiva,1010,Janela_Baseline
152843,33,479,336,4.33,1,152843,39,Desenho,Raiva,1043,Janela_Baseline
152843,0,479,336,4.33,1,152843,39,Desenho,Raiva,1043,Janela_Baseline
152859,17,465,319,4.35,1,152859,39,Desenho,Raiva,1059,Janela_Baseline
152876,17,457,320,4.38,1,152876,39,Desenho,Raiva,1076,Janela_Baseline
152893,17,451,317,4.32,1,152893,39,Desenho,Raiva,1093,Janela_Baseline
152909,17,452,316,4.33,1,152909,39,Desenho,Raiva,1109,Janela_Baseline
152926,17,452,312,4.33,1,152926,39,Desenho,Raiva,1126,Janela_Baseline
152943,17,440,325,4.35,1,152943,39,Desenho,Raiva,1143,Janela_Baseline
152959,17,445,323,4.38,1,152959,39,Desenho,Raiva,1159,Janela_Baseline
152976,17,448,319,4.46,1,152976,39,Desenho,Raiva,1176,Janela_Baseline
152993,17,447,317,4.32,1,152993,39,Desenho,Raiva,1193,Janela_Baseline
153009,17,458,321,4.43,1,153009,39,Desenho,Raiva,1209,Janela_Baseline
153026,17,439,322,4.46,1,153026,39,Desenho,Raiva,1226,Janela_Baseline
153042,17,463,305,4.4,1,153042,39,Desenho,Raiva,1242,Janela_Baseline
153059,17,503,332,4.44,1,153059,39,Desenho,Raiva,1259,Janela_Baseline
153076,17,545,317,4.4,1,153076,39,Desenho,Raiva,1276,Janela_Baseline
153092,17,545,320,4.32,1,153092,39,Desenho,Raiva,1292,Janela_Baseline
153109,17,555,314,4.44,1,153109,39,Desenho,Raiva,1309,Exposicao_Face
153126,17,555,323,4.52,1,153126,39,Desenho,Raiva,1326,Exposicao_Face
153142,17,556,306,4.4,1,153142,39,Desenho,Raiva,1342,Exposicao_Face
153159,17,546,320,4.4,1,153159,39,Desenho,Raiva,1359,Exposicao_Face
153176,17,546,314,4.59,1,153176,39,Desenho,Raiva,1376,Exposicao_Face
153192,17,557,310,4.48,1,153192,39,Desenho,Raiva,1392,Exposicao_Face
153209,17,556,317,4.52,1,153209,39,Desenho,Raiva,1409,Exposicao_Face
153225,17,560,314,4.44,1,153225,39,Desenho,Raiva,1425,Exposicao_Face
153242,17,550,322,4.57,1,153242,39,Desenho,Raiva,1442,Exposicao_Face
153259,17,548,302,4.48,1,153259,39,Desenho,Raiva,1459,Exposicao_Face
153275,17,547,312,4.38,1,153275,39,Desenho,Raiva,1475,Exposicao_Face
153292,17,554,311,4.57,1,153292,39,Desenho,Raiva,1492,Exposicao_Face
153309,17,545,313,4.48,1,153309,39,Desenho,Raiva,1509,Exposicao_Face
153325,17,558,309,4.46,1,153325,39,Desenho,Raiva,1525,Exposicao_Face
153342,17,559,305,4.49,1,153342,39,Desenho,Raiva,1542,Exposicao_Face
153359,17,517,349,4.49,1,153359,39,Desenho,Raiva,1559,Exposicao_Face
153375,17,492,354,4.49,1,153375,39,Desenho,Raiva,1575,Exposicao_Face
153392,17,448,384,4.52,2,153392,39,Desenho,Raiva,1592,Exposicao_Face
153408,17,455,374,4.41,2,153408,39,Desenho,Raiva,1608,Exposicao_Face
153425,17,452,377,4.48,2,153425,39,Desenho,Raiva,1625,Exposicao_Face
153442,17,460,364,4.51,2,153442,39,Desenho,Raiva,1642,Exposicao_Face
153458,17,447,366,4.44,2,153458,39,Desenho,Raiva,1658,Exposicao_Face
153475,17,457,372,4.52,2,153475,39,Desenho,Raiva,1675,Exposicao_Face
153492,17,454,380,4.56,2,153492,39,Desenho,Raiva,1692,Exposicao_Face
153508,17,475,361,4.54,1,153508,39,Desenho,Raiva,1708,Exposicao_Face
153525,17,444,385,4.54,2,153525,39,Desenho,Raiva,1725,Exposicao_Face
153542,17,451,376,4.57,2,153542,39,Desenho,Raiva,1742,Exposicao_Face
153558,17,447,371,4.56,2,153558,39,Desenho,Raiva,1758,Exposicao_Face
153575,17,460,375,4.62,2,153575,39,Desenho,Raiva,1775,Exposicao_Face
153591,17,440,377,4.51,2,153591,39,Desenho,Raiva,1791,Exposicao_Face
153608,17,503,391,4.59,2,153608,39,Desenho,Raiva,1808,Exposicao_Face
153625,17,627,415,4.56,3,153625,39,Desenho,Raiva,1825,Exposicao_Face
153641,17,684,478,4.59,3,153641,39,Desenho,Raiva,1841,Exposicao_Face
153658,17,679,473,4.54,3,153658,39,Desenho,Raiva,1858,Exposicao_Face
153675,17,677,467,4.46,3,153675,39,Desenho,Raiva,1875,Exposicao_Face
153691,17,668,466,4.56,3,153691,39,Desenho,Raiva,1891,Exposicao_Face
153724,33,689,463,4.51,3,153724,39,Desenho,Raiva,1924,Exposicao_Face
153741,17,691,479,4.52,3,153741,39,Desenho,Raiva,1941,Exposicao_Face
153758,17,683,471,4.51,3,153758,39,Desenho,Raiva,1958,Exposicao_Face
153774,17,671,465,4.43,3,153774,39,Desenho,Raiva,1974,Exposicao_Face
153791,17,677,462,4.48,3,153791,39,Desenho,Raiva,1991,Exposicao_Face
153808,17,697,467,4.43,3,153808,39,Desenho,Raiva,2008,Exposicao_Face
153824,17,661,442,4.54,3,153824,39,Desenho,Raiva,2024,Exposicao_Face
153858,33,488,342,4.59,1,153858,39,Desenho,Raiva,2058,Exposicao_Face
153874,17,488,347,4.6,1,153874,39,Desenho,Raiva,2074,Exposicao_Face
153891,17,499,335,4.6,1,153891,39,Desenho,Raiva,2091,Exposicao_Face
153907,17,506,330,4.48,1,153907,39,Desenho,Raiva,2107,Exposicao_Face
153924,17,489,345,4.52,1,153924,39,Desenho,Raiva,2124,Exposicao_Face
153941,17,495,345,4.52,1,153941,39,Desenho,Raiva,2141,Exposicao_Face
153957,17,496,348,4.54,1,153957,39,Desenho,Raiva,2157,Exposicao_Face
153974,17,510,328,4.52,1,153974,39,Desenho,Raiva,2174,Exposicao_Face
153991,17,489,339,4.59,1,153991,39,Desenho,Raiva,2191,Exposicao_Face
154007,17,485,346,4.64,1,154007,39,Desenho,Raiva,2207,Exposicao_Face
154024,17,494,341,4.54,1,154024,39,Desenho,Raiva,2224,Exposicao_Face
154041,17,495,339,4.6,1,154041,39,Desenho,Raiva,2241,Exposicao_Face
154057,17,498,341,4.64,1,154057,39,Desenho,Raiva,2257,Exposicao_Face
154074,17,460,336,4.6,1,154074,39,Desenho,Raiva,2274,Exposicao_Face
154090,17,427,321,4.57,1,154090,39,Desenho,Raiva,2290,Exposicao_Face
154107,17,445,302,4.49,1,154107,39,Desenho,Raiva,2307,Exposicao_Face
154124,17,429,316,4.52,1,154124,39,Desenho,Raiva,2324,Exposicao_Face
154140,17,429,321,4.56,1,154140,39,Desenho,Raiva,2340,Exposicao_Face
154157,17,434,312,4.52,1,154157,39,Desenho,Raiva,2357,Exposicao_Face
154174,17,426,316,4.57,1,154174,39,Desenho,Raiva,2374,Exposicao_Face
154224,50,426,323,4.49,1,154224,39,Desenho,Raiva,2424,Exposicao_Face
154224,0,426,323,4.49,1,154224,39,Desenho,Raiva,2424,Exposicao_Face
154240,17,430,317,4.64,1,154240,39,Desenho,Raiva,2440,Exposicao_Face
154257,17,439,301,4.43,1,154257,39,Desenho,Raiva,2457,Exposicao_Face
154273,17,426,321,4.59,1,154273,39,Desenho,Raiva,2473,Exposicao_Face
154290,17,425,322,4.59,1,154290,39,Desenho,Raiva,2490,Exposicao_Face
154307,17,326,310,4.72,1,154307,39,Desenho,Raiva,2507,Exposicao_Face
154323,17,219,292,4.54,1,154323,39,Desenho,Raiva,2523,Exposicao_Face
154340,17,220,285,4.54,1,154340,39,Desenho,Raiva,2540,Exposicao_Face
154357,17,208,279,4.48,1,154357,39,Desenho,Raiva,2557,Exposicao_Face
154373,17,213,279,4.6,1,154373,39,Desenho,Raiva,2573,Exposicao_Face
154390,17,212,275,4.65,1,154390,39,Desenho,Raiva,2590,Exposicao_Face
154407,17,215,288,4.54,1,154407,39,Desenho,Raiva,2607,Exposicao_Face
154423,17,206,280,4.62,1,154423,39,Desenho,Raiva,2623,Exposicao_Face
154440,17,202,293,4.59,1,154440,39,Desenho,Raiva,2640,Exposicao_Face
154456,17,199,286,4.6,1,154456,39,Desenho,Raiva,2656,Exposicao_Face
154473,17,211,282,4.67,1,154473,39,Desenho,Raiva,2673,Exposicao_Face
154490,17,196,290,4.64,1,154490,39,Desenho,Raiva,2690,Exposicao_Face
154506,17,200,294,4.56,1,154506,39,Desenho,Raiva,2706,Exposicao_Face
154523,17,218,276,4.56,1,154523,39,Desenho,Raiva,2723,Exposicao_Face
154540,17,352,310,4.64,1,154540,39,Desenho,Raiva,2740,Exposicao_Face
154556,17,423,318,4.7,1,154556,39,Desenho,Raiva,2756,Exposicao_Face
154573,17,428,326,4.72,1,154573,39,Desenho,Raiva,2773,Exposicao_Face
154590,17,444,317,4.62,1,154590,39,Desenho,Raiva,2790,Exposicao_Face
154606,17,437,339,4.72,1,154606,39,Desenho,Raiva,2806,Exposicao_Face
154623,17,444,315,4.6,1,154623,39,Desenho,Raiva,2823,Exposicao_Face
154639,17,448,320,4.67,1,154639,39,Desenho,Raiva,2839,Exposicao_Face
154656,17,444,315,4.67,1,154656,39,Desenho,Raiva,2856,Exposicao_Face
154673,17,434,322,4.62,1,154673,39,Desenho,Raiva,2873,Exposicao_Face
154689,17,450,307,4.56,1,154689,39,Desenho,Raiva,2889,Exposicao_Face
154706,17,434,339,4.73,1,154706,39,Desenho,Raiva,2906,Exposicao_Face
154723,17,430,334,4.62,1,154723,39,Desenho,Raiva,2923,Exposicao_Face
154739,17,434,333,4.62,1,154739,39,Desenho,Raiva,2939,Exposicao_Face
154756,17,436,339,4.51,1,154756,39,Desenho,Raiva,2956,Exposicao_Face
154772,17,438,322,4.54,1,154772,39,Desenho,Raiva,2972,Exposicao_Face
154789,17,435,326,4.6,1,154789,39,Desenho,Raiva,2989,Exposicao_Face
154806,17,440,321,4.62,1,154806,39,Desenho,Raiva,3006,Exposicao_Face
154822,17,502,335,4.57,1,154822,39,Desenho,Raiva,3022,Exposicao_Face
154839,17,536,327,4.49,1,154839,39,Desenho,Raiva,3039,Exposicao_Face
154856,17,548,331,4.46,1,154856,39,Desenho,Raiva,3056,Exposicao_Face
154872,17,546,324,4.52,1,154872,39,Desenho,Raiva,3072,Exposicao_Face
154889,17,531,334,4.6,1,154889,39,Desenho,Raiva,3089,Exposicao_Face
154906,17,540,329,4.44,1,154906,39,Desenho,Raiva,3106,Exposicao_Face
154922,17,528,351,4.56,1,154922,39,Desenho,Raiva,3122,Exposicao_Face
154939,17,535,335,4.46,1,154939,39,Desenho,Raiva,3139,Exposicao_Face
154955,17,547,321,4.43,1,154955,39,Desenho,Raiva,3155,Exposicao_Face
154972,17,544,319,4.41,1,154972,39,Desenho,Raiva,3172,Exposicao_Face
154989,17,542,331,4.48,1,154989,39,Desenho,Raiva,3189,Exposicao_Face
155005,17,524,341,4.62,1,155005,39,Desenho,Raiva,3205,Exposicao_Face
155022,17,533,341,4.54,1,155022,39,Desenho,Raiva,3222,Exposicao_Face
155039,17,552,319,4.51,1,155039,39,Desenho,Raiva,3239,Exposicao_Face
155055,17,540,337,4.54,1,155055,39,Desenho,Raiva,3255,Exposicao_Face
155072,17,550,317,4.52,1,155072,39,Desenho,Raiva,3272,Exposicao_Face
155089,17,541,329,4.54,1,155089,39,Desenho,Raiva,3289,Exposicao_Face
155105,17,547,329,4.44,1,155105,39,Desenho,Raiva,3305,Exposicao_Face
155122,17,548,319,4.44,1,155122,39,Desenho,Raiva,3322,Exposicao_Face
155138,17,540,320,4.52,1,155138,39,Desenho,Raiva,3338,Exposicao_Face
155155,17,545,320,4.6,1,155155,39,Desenho,Raiva,3355,Exposicao_Face
155172,17,541,334,4.46,1,155172,39,Desenho,Raiva,3372,Exposicao_Face
155188,17,535,327,4.62,1,155188,39,Desenho,Raiva,3388,Exposicao_Face
155205,17,541,329,4.48,1,155205,39,Desenho,Raiva,3405,Exposicao_Face
155222,17,546,327,4.59,1,155222,39,Desenho,Raiva,3422,Exposicao_Face
155238,17,458,370,4.56,2,155238,39,Desenho,Raiva,3438,Exposicao_Face
155255,17,447,386,4.54,2,155255,39,Desenho,Raiva,3455,Exposicao_Face
155272,17,440,384,4.51,2,155272,39,Desenho,Raiva,3472,Exposicao_Face
155288,17,447,385,4.54,2,155288,39,Desenho,Raiva,3488,Exposicao_Face
155305,17,448,376,4.44,2,155305,39,Desenho,Raiva,3505,Exposicao_Face
155321,17,442,386,4.43,2,155321,39,Desenho,Raiva,3521,Exposicao_Face
155338,17,477,389,4.44,2,155338,39,Desenho,Raiva,3538,Exposicao_Face
155355,17,445,381,4.54,2,155355,39,Desenho,Raiva,3555,Exposicao_Face
155371,17,442,373,4.44,2,155371,39,Desenho,Raiva,3571,Exposicao_Face
155388,17,442,377,4.44,2,155388,39,Desenho,Raiva,3588,Exposicao_Face
155405,17,433,391,4.48,2,155405,39,Desenho,Raiva,3605,Exposicao_Face
155421,17,441,388,4.51,2,155421,39,Desenho,Raiva,3621,Exposicao_Face
155438,17,439,385,4.41,2,155438,39,Desenho,Raiva,3638,Exposicao_Face
155455,17,443,384,4.49,2,155455,39,Desenho,Raiva,3655,Exposicao_Face
155471,17,429,392,4.54,2,155471,39,Desenho,Raiva,3671,Exposicao_Face
155488,17,444,385,4.57,2,155488,39,Desenho,Raiva,3688,Exposicao_Face
155504,17,442,389,4.48,2,155504,39,Desenho,Raiva,3704,Exposicao_Face
155521,17,460,368,4.44,2,155521,39,Desenho,Raiva,3721,Exposicao_Face
155538,17,441,383,4.43,2,155538,39,Desenho,Raiva,3738,Exposicao_Face
155554,17,442,379,4.51,2,155554,39,Desenho,Raiva,3754,Exposicao_Face
155571,17,440,390,4.38,2,155571,39,Desenho,Raiva,3771,Exposicao_Face
155588,17,440,383,4.43,2,155588,39,Desenho,Raiva,3788,Exposicao_Face
155604,17,439,376,4.52,2,155604,39,Desenho,Raiva,3804,Exposicao_Face
155621,17,439,378,4.43,2,155621,39,Desenho,Raiva,3821,Exposicao_Face
155638,17,437,390,4.43,2,155638,39,Desenho,Raiva,3838,Exposicao_Face
155654,17,441,390,4.49,2,155654,39,Desenho,Raiva,3854,Exposicao_Face
155671,17,379,511,4.59,3,155671,39,Desenho,Raiva,3871,Exposicao_Face
156220,549,356,492,4.19,3,156220,40,Desenho,Feliz,420,Janela_Baseline
156236,17,441,319,4.19,1,156236,40,Desenho,Feliz,436,Janela_Baseline
156253,17,443,330,4.2,1,156253,40,Desenho,Feliz,453,Janela_Baseline
156270,17,438,325,4.07,1,156270,40,Desenho,Feliz,470,Janela_Baseline
156286,17,456,324,4.15,1,156286,40,Desenho,Feliz,486,Janela_Baseline
156303,17,432,336,4.2,1,156303,40,Desenho,Feliz,503,Janela_Baseline
156320,17,451,323,4.14,1,156320,40,Desenho,Feliz,520,Janela_Baseline
156336,17,454,312,4.07,1,156336,40,Desenho,Feliz,536,Janela_Baseline
156353,17,436,340,4.15,1,156353,40,Desenho,Feliz,553,Janela_Baseline
156369,17,445,323,4.03,1,156369,40,Desenho,Feliz,569,Janela_Baseline
156386,17,462,330,4.09,1,156386,40,Desenho,Feliz,586,Janela_Baseline
156403,17,444,329,4.15,1,156403,40,Desenho,Feliz,603,Janela_Baseline
156419,17,459,328,4.04,1,156419,40,Desenho,Feliz,619,Janela_Baseline
156436,17,447,320,4.06,1,156436,40,Desenho,Feliz,636,Janela_Baseline
156453,17,440,320,3.98,1,156453,40,Desenho,Feliz,653,Janela_Baseline
156469,17,450,313,4.12,1,156469,40,Desenho,Feliz,669,Janela_Baseline
156486,17,455,317,4.07,1,156486,40,Desenho,Feliz,686,Janela_Baseline
156503,17,463,308,4.15,1,156503,40,Desenho,Feliz,703,Janela_Baseline
156519,17,451,329,4.14,1,156519,40,Desenho,Feliz,719,Janela_Baseline
156536,17,459,319,4.01,1,156536,40,Desenho,Feliz,736,Janela_Baseline
156552,17,452,326,4.03,1,156552,40,Desenho,Feliz,752,Janela_Baseline
156569,17,470,322,4.09,1,156569,40,Desenho,Feliz,769,Janela_Baseline
156586,17,447,326,4.04,1,156586,40,Desenho,Feliz,786,Janela_Baseline
156602,17,449,328,4.09,1,156602,40,Desenho,Feliz,802,Janela_Baseline
156619,17,458,323,4.03,1,156619,40,Desenho,Feliz,819,Janela_Baseline
156636,17,454,321,4.15,1,156636,40,Desenho,Feliz,836,Janela_Baseline
156652,17,462,326,4.15,1,156652,40,Desenho,Feliz,852,Janela_Baseline
156669,17,454,329,4.03,1,156669,40,Desenho,Feliz,869,Janela_Baseline
156686,17,455,331,4.12,1,156686,40,Desenho,Feliz,886,Janela_Baseline
156702,17,457,320,4.01,1,156702,40,Desenho,Feliz,902,Janela_Baseline
156719,17,454,325,4.03,1,156719,40,Desenho,Feliz,919,Janela_Baseline
156735,17,458,329,3.96,1,156735,40,Desenho,Feliz,935,Janela_Baseline
156752,17,508,321,3.99,1,156752,40,Desenho,Feliz,952,Janela_Baseline
156769,17,507,340,4.06,1,156769,40,Desenho,Feliz,969,Janela_Baseline
156785,17,512,326,4.09,1,156785,40,Desenho,Feliz,985,Janela_Baseline
156802,17,515,321,3.98,1,156802,40,Desenho,Feliz,1002,Janela_Baseline
156819,17,519,329,3.98,1,156819,40,Desenho,Feliz,1019,Janela_Baseline
156835,17,530,308,3.99,1,156835,40,Desenho,Feliz,1035,Janela_Baseline
156852,17,524,314,4.09,1,156852,40,Desenho,Feliz,1052,Janela_Baseline
156869,17,502,329,4.04,1,156869,40,Desenho,Feliz,1069,Janela_Baseline
156885,17,533,329,4.07,1,156885,40,Desenho,Feliz,1085,Janela_Baseline
156902,17,519,318,4.07,1,156902,40,Desenho,Feliz,1102,Janela_Baseline
156918,17,513,328,4.07,1,156918,40,Desenho,Feliz,1118,Janela_Baseline
156935,17,519,325,4.11,1,156935,40,Desenho,Feliz,1135,Janela_Baseline
156952,17,509,334,3.93,1,156952,40,Desenho,Feliz,1152,Janela_Baseline
156968,17,532,316,4.01,1,156968,40,Desenho,Feliz,1168,Janela_Baseline
156985,17,509,339,4.11,1,156985,40,Desenho,Feliz,1185,Janela_Baseline
157002,17,513,328,4.03,1,157002,40,Desenho,Feliz,1202,Janela_Baseline
157018,17,513,339,4.03,1,157018,40,Desenho,Feliz,1218,Janela_Baseline
157035,17,507,335,4.09,1,157035,40,Desenho,Feliz,1235,Janela_Baseline
157051,17,525,315,3.93,1,157051,40,Desenho,Feliz,1251,Janela_Baseline
157068,17,463,341,4.03,1,157068,40,Desenho,Feliz,1268,Janela_Baseline
157085,17,432,328,3.99,1,157085,40,Desenho,Feliz,1285,Janela_Baseline
157101,17,434,326,3.93,1,157101,40,Desenho,Feliz,1301,Exposicao_Face
157118,17,432,333,3.98,1,157118,40,Desenho,Feliz,1318,Exposicao_Face
157135,17,431,338,4.03,1,157135,40,Desenho,Feliz,1335,Exposicao_Face
157151,17,426,341,4.04,1,157151,40,Desenho,Feliz,1351,Exposicao_Face
157168,17,432,331,3.99,1,157168,40,Desenho,Feliz,1368,Exposicao_Face
157185,17,437,345,3.82,1,157185,40,Desenho,Feliz,1385,Exposicao_Face
157218,33,441,327,4.01,1,157218,40,Desenho,Feliz,1418,Exposicao_Face
157234,17,438,328,3.99,1,157234,40,Desenho,Feliz,1434,Exposicao_Face
157251,17,431,329,3.9,1,157251,40,Desenho,Feliz,1451,Exposicao_Face
157268,17,440,331,3.91,1,157268,40,Desenho,Feliz,1468,Exposicao_Face
157284,17,436,327,3.96,1,157284,40,Desenho,Feliz,1484,Exposicao_Face
157301,17,428,333,3.91,1,157301,40,Desenho,Feliz,1501,Exposicao_Face
157318,17,298,381,3.91,2,157318,40,Desenho,Feliz,1518,Exposicao_Face
157334,17,214,403,3.88,2,157334,40,Desenho,Feliz,1534,Exposicao_Face
157351,17,195,406,3.93,2,157351,40,Desenho,Feliz,1551,Exposicao_Face
157368,17,172,415,3.87,3,157368,40,Desenho,Feliz,1568,Exposicao_Face
157384,17,186,412,3.93,2,157384,40,Desenho,Feliz,1584,Exposicao_Face
157401,17,182,411,3.85,2,157401,40,Desenho,Feliz,1601,Exposicao_Face
157417,17,182,409,3.93,2,157417,40,Desenho,Feliz,1617,Exposicao_Face
157434,17,189,420,3.99,3,157434,40,Desenho,Feliz,1634,Exposicao_Face
157451,17,183,412,3.87,2,157451,40,Desenho,Feliz,1651,Exposicao_Face
157467,17,192,417,3.91,3,157467,40,Desenho,Feliz,1667,Exposicao_Face
157484,17,175,419,4.01,3,157484,40,Desenho,Feliz,1684,Exposicao_Face
157501,17,188,422,4.03,3,157501,40,Desenho,Feliz,1701,Exposicao_Face
157517,17,184,421,3.98,3,157517,40,Desenho,Feliz,1717,Exposicao_Face
157534,17,218,406,3.93,2,157534,40,Desenho,Feliz,1734,Exposicao_Face
157551,17,354,383,3.95,2,157551,40,Desenho,Feliz,1751,Exposicao_Face
157567,17,437,371,4.06,2,157567,40,Desenho,Feliz,1767,Exposicao_Face
157584,17,454,363,4.03,0,157584,40,Desenho,Feliz,1784,Exposicao_Face
157600,17,458,359,4.03,1,157600,40,Desenho,Feliz,1800,Exposicao_Face
157617,17,478,357,4.01,1,157617,40,Desenho,Feliz,1817,Exposicao_Face
157634,17,455,368,4.04,2,157634,40,Desenho,Feliz,1834,Exposicao_Face
157650,17,448,378,3.98,2,157650,40,Desenho,Feliz,1850,Exposicao_Face
157667,17,458,366,3.96,2,157667,40,Desenho,Feliz,1867,Exposicao_Face
157684,17,470,370,3.87,2,157684,40,Desenho,Feliz,1884,Exposicao_Face
157700,17,456,372,3.93,2,157700,40,Desenho,Feliz,1900,Exposicao_Face
157717,17,468,366,3.99,2,157717,40,Desenho,Feliz,1917,Exposicao_Face
157734,17,472,342,3.9,1,157734,40,Desenho,Feliz,1934,Exposicao_Face
157750,17,472,364,3.96,2,157750,40,Desenho,Feliz,1950,Exposicao_Face
157767,17,462,374,3.98,2,157767,40,Desenho,Feliz,1967,Exposicao_Face
157783,17,455,381,4.04,2,157783,40,Desenho,Feliz,1983,Exposicao_Face
157800,17,467,363,3.91,0,157800,40,Desenho,Feliz,2000,Exposicao_Face
157817,17,472,359,4.01,1,157817,40,Desenho,Feliz,2017,Exposicao_Face
157833,17,465,372,3.93,2,157833,40,Desenho,Feliz,2033,Exposicao_Face
157850,17,457,380,3.98,2,157850,40,Desenho,Feliz,2050,Exposicao_Face
157867,17,472,357,3.87,1,157867,40,Desenho,Feliz,2067,Exposicao_Face
157883,17,470,359,3.96,1,157883,40,Desenho,Feliz,2083,Exposicao_Face
157900,17,456,376,3.98,2,157900,40,Desenho,Feliz,2100,Exposicao_Face
157917,17,477,365,3.95,2,157917,40,Desenho,Feliz,2117,Exposicao_Face
157933,17,453,378,3.96,2,157933,40,Desenho,Feliz,2133,Exposicao_Face
157950,17,467,371,3.96,2,157950,40,Desenho,Feliz,2150,Exposicao_Face
157966,17,472,365,3.91,2,157966,40,Desenho,Feliz,2166,Exposicao_Face
157983,17,468,375,3.95,2,157983,40,Desenho,Feliz,2183,Exposicao_Face
158000,17,467,354,3.87,1,158000,40,Desenho,Feliz,2200,Exposicao_Face
158016,17,463,373,3.91,2,158016,40,Desenho,Feliz,2216,Exposicao_Face
158033,17,474,362,3.93,1,158033,40,Desenho,Feliz,2233,Exposicao_Face
158050,17,462,375,3.88,2,158050,40,Desenho,Feliz,2250,Exposicao_Face
158066,17,466,373,3.95,2,158066,40,Desenho,Feliz,2266,Exposicao_Face
158083,17,471,323,3.93,1,158083,40,Desenho,Feliz,2283,Exposicao_Face
158100,17,473,332,3.96,1,158100,40,Desenho,Feliz,2300,Exposicao_Face
158116,17,462,327,3.87,1,158116,40,Desenho,Feliz,2316,Exposicao_Face
158133,17,461,335,3.91,1,158133,40,Desenho,Feliz,2333,Exposicao_Face
158149,17,468,328,3.95,1,158149,40,Desenho,Feliz,2349,Exposicao_Face
158183,33,460,329,4.04,1,158183,40,Desenho,Feliz,2383,Exposicao_Face
158183,0,460,329,4.04,1,158183,40,Desenho,Feliz,2383,Exposicao_Face
158199,17,468,331,3.91,1,158199,40,Desenho,Feliz,2399,Exposicao_Face
158216,17,466,331,3.93,1,158216,40,Desenho,Feliz,2416,Exposicao_Face
158233,17,464,339,3.98,1,158233,40,Desenho,Feliz,2433,Exposicao_Face
158249,17,468,330,3.88,1,158249,40,Desenho,Feliz,2449,Exposicao_Face
158266,17,471,326,3.96,1,158266,40,Desenho,Feliz,2466,Exposicao_Face
158282,17,467,329,4.03,1,158282,40,Desenho,Feliz,2482,Exposicao_Face
158299,17,459,347,3.99,1,158299,40,Desenho,Feliz,2499,Exposicao_Face
158316,17,465,342,4.04,1,158316,40,Desenho,Feliz,2516,Exposicao_Face
158332,17,545,304,4.04,1,158332,40,Desenho,Feliz,2532,Exposicao_Face
158349,17,562,309,4.07,1,158349,40,Desenho,Feliz,2549,Exposicao_Face
158366,17,560,319,3.83,1,158366,40,Desenho,Feliz,2566,Exposicao_Face
158382,17,560,314,3.93,1,158382,40,Desenho,Feliz,2582,Exposicao_Face
158399,17,553,318,4.01,1,158399,40,Desenho,Feliz,2599,Exposicao_Face
158416,17,557,316,4.06,1,158416,40,Desenho,Feliz,2616,Exposicao_Face
158432,17,542,323,4.04,1,158432,40,Desenho,Feliz,2632,Exposicao_Face
158449,17,563,309,3.99,1,158449,40,Desenho,Feliz,2649,Exposicao_Face
158465,17,564,316,3.93,1,158465,40,Desenho,Feliz,2665,Exposicao_Face
158482,17,556,312,3.95,1,158482,40,Desenho,Feliz,2682,Exposicao_Face
158499,17,559,317,3.98,1,158499,40,Desenho,Feliz,2699,Exposicao_Face
158515,17,562,329,4.03,1,158515,40,Desenho,Feliz,2715,Exposicao_Face
158532,17,569,324,3.96,1,158532,40,Desenho,Feliz,2732,Exposicao_Face
158549,17,615,267,3.99,1,158549,40,Desenho,Feliz,2749,Exposicao_Face
158565,17,630,277,4.03,1,158565,40,Desenho,Feliz,2765,Exposicao_Face
158582,17,634,275,3.99,1,158582,40,Desenho,Feliz,2782,Exposicao_Face
158599,17,626,282,4.07,1,158599,40,Desenho,Feliz,2799,Exposicao_Face
158615,17,643,269,4.01,1,158615,40,Desenho,Feliz,2815,Exposicao_Face
158632,17,632,260,4.06,1,158632,40,Desenho,Feliz,2832,Exposicao_Face
158648,17,625,280,4.03,1,158648,40,Desenho,Feliz,2848,Exposicao_Face
158665,17,626,284,4.17,1,158665,40,Desenho,Feliz,2865,Exposicao_Face
158682,17,617,287,4.11,1,158682,40,Desenho,Feliz,2882,Exposicao_Face
158698,17,623,292,4.04,1,158698,40,Desenho,Feliz,2898,Exposicao_Face
158715,17,616,283,4.04,1,158715,40,Desenho,Feliz,2915,Exposicao_Face
158732,17,629,286,4.07,1,158732,40,Desenho,Feliz,2932,Exposicao_Face
158748,17,620,293,4.09,1,158748,40,Desenho,Feliz,2948,Exposicao_Face
158765,17,612,295,4.12,1,158765,40,Desenho,Feliz,2965,Exposicao_Face
158782,17,626,285,4.11,1,158782,40,Desenho,Feliz,2982,Exposicao_Face
158798,17,601,289,4.01,1,158798,40,Desenho,Feliz,2998,Exposicao_Face
158815,17,514,334,4.01,1,158815,40,Desenho,Feliz,3015,Exposicao_Face
158831,17,502,349,4.19,1,158831,40,Desenho,Feliz,3031,Exposicao_Face
158848,17,488,342,4.01,1,158848,40,Desenho,Feliz,3048,Exposicao_Face
158865,17,501,334,4.09,1,158865,40,Desenho,Feliz,3065,Exposicao_Face
158881,17,495,359,4.12,1,158881,40,Desenho,Feliz,3081,Exposicao_Face
158898,17,495,347,4.07,1,158898,40,Desenho,Feliz,3098,Exposicao_Face
158915,17,512,354,4.14,1,158915,40,Desenho,Feliz,3115,Exposicao_Face
158931,17,501,346,4.19,1,158931,40,Desenho,Feliz,3131,Exposicao_Face
158948,17,490,359,4.11,1,158948,40,Desenho,Feliz,3148,Exposicao_Face
158965,17,486,360,4.12,1,158965,40,Desenho,Feliz,3165,Exposicao_Face
158981,17,493,338,4.06,1,158981,40,Desenho,Feliz,3181,Exposicao_Face
158998,17,481,358,4.17,1,158998,40,Desenho,Feliz,3198,Exposicao_Face
159014,17,502,358,4.07,1,159014,40,Desenho,Feliz,3214,Exposicao_Face
159031,17,482,361,4.22,1,159031,40,Desenho,Feliz,3231,Exposicao_Face
159048,17,505,338,4.17,1,159048,40,Desenho,Feliz,3248,Exposicao_Face
159064,17,508,338,4.24,1,159064,40,Desenho,Feliz,3264,Exposicao_Face
159081,17,499,352,4.24,1,159081,40,Desenho,Feliz,3281,Exposicao_Face
159098,17,493,357,4.15,1,159098,40,Desenho,Feliz,3298,Exposicao_Face
159164,67,496,350,4.04,1,159164,40,Desenho,Feliz,3364,Exposicao_Face
159181,17,492,356,4.2,1,159181,40,Desenho,Feliz,3381,Exposicao_Face
159197,17,474,362,4.15,1,159197,40,Desenho,Feliz,3397,Exposicao_Face
159214,17,480,353,4.17,1,159214,40,Desenho,Feliz,3414,Exposicao_Face
159231,17,500,352,4.11,1,159231,40,Desenho,Feliz,3431,Exposicao_Face
159247,17,484,341,4.15,1,159247,40,Desenho,Feliz,3447,Exposicao_Face
159264,17,507,348,4.15,1,159264,40,Desenho,Feliz,3464,Exposicao_Face
159281,17,490,349,4.11,1,159281,40,Desenho,Feliz,3481,Exposicao_Face
159297,17,496,342,4.14,1,159297,40,Desenho,Feliz,3497,Exposicao_Face
159314,17,503,351,4.04,1,159314,40,Desenho,Feliz,3514,Exposicao_Face
159330,17,497,339,4.03,1,159330,40,Desenho,Feliz,3530,Exposicao_Face
159347,17,495,354,4.14,1,159347,40,Desenho,Feliz,3547,Exposicao_Face
159364,17,493,350,4.09,1,159364,40,Desenho,Feliz,3564,Exposicao_Face
159380,17,491,351,4.12,1,159380,40,Desenho,Feliz,3580,Exposicao_Face
159397,17,488,358,4.2,1,159397,40,Desenho,Feliz,3597,Exposicao_Face
159414,17,483,363,4.15,0,159414,40,Desenho,Feliz,3614,Exposicao_Face
159430,17,507,359,4.19,1,159430,40,Desenho,Feliz,3630,Exposicao_Face
159447,17,496,361,4.17,1,159447,40,Desenho,Feliz,3647,Exposicao_Face
159464,17,490,319,4.2,1,159464,40,Desenho,Feliz,3664,Exposicao_Face
159480,17,483,329,4.12,1,159480,40,Desenho,Feliz,3680,Exposicao_Face
159497,17,483,311,4.09,1,159497,40,Desenho,Feliz,3697,Exposicao_Face
159513,17,482,334,4.11,1,159513,40,Desenho,Feliz,3713,Exposicao_Face
159530,17,490,316,4.12,1,159530,40,Desenho,Feliz,3730,Exposicao_Face
159547,17,498,299,4.07,1,159547,40,Desenho,Feliz,3747,Exposicao_Face
159563,17,496,309,4.01,1,159563,40,Desenho,Feliz,3763,Exposicao_Face
159580,17,479,316,4.17,1,159580,40,Desenho,Feliz,3780,Exposicao_Face
159597,17,493,320,4.14,1,159597,40,Desenho,Feliz,3797,Exposicao_Face
159613,17,478,329,4.14,1,159613,40,Desenho,Feliz,3813,Exposicao_Face
159630,17,491,314,4.07,1,159630,40,Desenho,Feliz,3830,Exposicao_Face
159647,17,498,316,4.17,1,159647,40,Desenho,Feliz,3847,Exposicao_Face
159663,17,482,324,4.11,1,159663,40,Desenho,Feliz,3863,Exposicao_Face
159680,17,465,337,4.19,1,159680,40,Desenho,Feliz,3880,Exposicao_Face
159696,17,486,322,4.17,1,159696,40,Desenho,Feliz,3896,Exposicao_Face
159713,17,488,319,4.19,1,159713,40,Desenho,Feliz,3913,Exposicao_Face
159730,17,490,328,4.19,1,159730,40,Desenho,Feliz,3930,Exposicao_Face
159746,17,481,329,4.22,1,159746,40,Desenho,Feliz,3946,Exposicao_Face
159763,17,480,330,4.17,1,159763,40,Desenho,Feliz,3963,Exposicao_Face
159780,17,487,331,4.11,1,159780,40,Desenho,Feliz,3980,Exposicao_Face
159796,17,475,333,4.2,1,159796,40,Desenho,Feliz,3996,Exposicao_Face
159813,17,477,340,4.17,1,159813,41,Desenho,Neutro,13,Janela_Baseline
159830,17,491,334,4.19,1,159830,41,Desenho,Neutro,30,Janela_Baseline
159846,17,468,349,4.32,1,159846,41,Desenho,Neutro,46,Janela_Baseline
159863,17,471,339,4.2,1,159863,41,Desenho,Neutro,63,Janela_Baseline
159879,17,470,338,4.19,1,159879,41,Desenho,Neutro,79,Janela_Baseline
159896,17,499,333,4.2,1,159896,41,Desenho,Neutro,96,Janela_Baseline
159913,17,491,329,4.3,1,159913,41,Desenho,Neutro,113,Janela_Baseline
159929,17,465,348,4.32,1,159929,41,Desenho,Neutro,129,Janela_Baseline
159946,17,492,343,4.28,1,159946,41,Desenho,Neutro,146,Janela_Baseline
159963,17,477,328,4.28,1,159963,41,Desenho,Neutro,163,Janela_Baseline
159979,17,480,339,4.32,1,159979,41,Desenho,Neutro,179,Janela_Baseline
159996,17,482,333,4.33,1,159996,41,Desenho,Neutro,196,Janela_Baseline
160013,17,474,336,4.35,1,160013,41,Desenho,Neutro,213,Janela_Baseline
160029,17,513,327,4.35,1,160029,41,Desenho,Neutro,229,Janela_Baseline
160046,17,499,339,4.33,1,160046,41,Desenho,Neutro,246,Janela_Baseline
160062,17,462,353,4.33,1,160062,41,Desenho,Neutro,262,Janela_Baseline
160079,17,483,339,4.24,1,160079,41,Desenho,Neutro,279,Janela_Baseline
160096,17,468,335,4.28,1,160096,41,Desenho,Neutro,296,Janela_Baseline
160112,17,487,330,4.32,1,160112,41,Desenho,Neutro,312,Janela_Baseline
160129,17,479,346,4.4,1,160129,41,Desenho,Neutro,329,Janela_Baseline
160146,17,479,353,4.41,1,160146,41,Desenho,Neutro,346,Janela_Baseline
160162,17,476,344,4.38,1,160162,41,Desenho,Neutro,362,Janela_Baseline
160179,17,495,327,4.38,1,160179,41,Desenho,Neutro,379,Janela_Baseline
160196,17,480,348,4.36,1,160196,41,Desenho,Neutro,396,Janela_Baseline
160212,17,478,342,4.33,1,160212,41,Desenho,Neutro,412,Janela_Baseline
160229,17,505,338,4.35,1,160229,41,Desenho,Neutro,429,Janela_Baseline
160279,50,486,328,4.27,1,160279,41,Desenho,Neutro,479,Janela_Baseline
160295,17,495,335,4.36,1,160295,41,Desenho,Neutro,495,Janela_Baseline
160329,33,520,330,4.41,1,160329,41,Desenho,Neutro,529,Janela_Baseline
160345,17,532,320,4.41,1,160345,41,Desenho,Neutro,545,Janela_Baseline
160362,17,532,329,4.4,1,160362,41,Desenho,Neutro,562,Janela_Baseline
160379,17,531,326,4.41,1,160379,41,Desenho,Neutro,579,Janela_Baseline
160395,17,524,327,4.4,1,160395,41,Desenho,Neutro,595,Janela_Baseline
160412,17,524,332,4.4,1,160412,41,Desenho,Neutro,612,Janela_Baseline
160428,17,528,325,4.41,1,160428,41,Desenho,Neutro,628,Janela_Baseline
160445,17,519,344,4.56,1,160445,41,Desenho,Neutro,645,Janela_Baseline
160462,17,532,322,4.46,1,160462,41,Desenho,Neutro,662,Janela_Baseline
160478,17,520,333,4.48,1,160478,41,Desenho,Neutro,678,Janela_Baseline
160495,17,516,336,4.44,1,160495,41,Desenho,Neutro,695,Janela_Baseline
160512,17,514,344,4.46,1,160512,41,Desenho,Neutro,712,Janela_Baseline
160528,17,518,345,4.52,1,160528,41,Desenho,Neutro,728,Janela_Baseline
160545,17,523,325,4.51,1,160545,41,Desenho,Neutro,745,Janela_Baseline
160561,17,518,346,4.52,1,160561,41,Desenho,Neutro,761,Janela_Baseline
160578,17,521,336,4.51,1,160578,41,Desenho,Neutro,778,Janela_Baseline
160595,17,490,348,4.67,1,160595,41,Desenho,Neutro,795,Janela_Baseline
160611,17,511,339,4.59,1,160611,41,Desenho,Neutro,811,Janela_Baseline
160628,17,519,331,4.54,1,160628,41,Desenho,Neutro,828,Janela_Baseline
160645,17,521,328,4.52,1,160645,41,Desenho,Neutro,845,Janela_Baseline
160661,17,516,341,4.54,1,160661,41,Desenho,Neutro,861,Janela_Baseline
160678,17,510,332,4.54,1,160678,41,Desenho,Neutro,878,Janela_Baseline
160695,17,514,330,4.59,1,160695,41,Desenho,Neutro,895,Janela_Baseline
160711,17,516,343,4.52,1,160711,41,Desenho,Neutro,911,Janela_Baseline
160728,17,514,331,4.48,1,160728,41,Desenho,Neutro,928,Janela_Baseline
160744,17,517,334,4.49,1,160744,41,Desenho,Neutro,944,Janela_Baseline
160761,17,527,329,4.54,1,160761,41,Desenho,Neutro,961,Janela_Baseline
160778,17,483,340,4.64,1,160778,41,Desenho,Neutro,978,Janela_Baseline
160794,17,461,323,4.56,1,160794,41,Desenho,Neutro,994,Janela_Baseline
160811,17,462,314,4.49,1,160811,41,Desenho,Neutro,1011,Janela_Baseline
160828,17,447,328,4.46,1,160828,41,Desenho,Neutro,1028,Janela_Baseline
160844,17,460,317,4.44,1,160844,41,Desenho,Neutro,1044,Janela_Baseline
160861,17,472,299,4.51,1,160861,41,Desenho,Neutro,1061,Janela_Baseline
160878,17,465,302,4.38,1,160878,41,Desenho,Neutro,1078,Janela_Baseline
160894,17,469,314,4.43,1,160894,41,Desenho,Neutro,1094,Janela_Baseline
160911,17,466,306,4.46,1,160911,41,Desenho,Neutro,1111,Janela_Baseline
160927,17,463,313,4.44,1,160927,41,Desenho,Neutro,1127,Janela_Baseline
160944,17,452,325,4.56,1,160944,41,Desenho,Neutro,1144,Janela_Baseline
160961,17,472,297,4.46,1,160961,41,Desenho,Neutro,1161,Janela_Baseline
160977,17,381,303,4.49,1,160977,41,Desenho,Neutro,1177,Janela_Baseline
160994,17,375,282,4.41,1,160994,41,Desenho,Neutro,1194,Janela_Baseline
161011,17,370,283,4.4,1,161011,41,Desenho,Neutro,1211,Janela_Baseline
161027,17,366,282,4.43,1,161027,41,Desenho,Neutro,1227,Janela_Baseline
161044,17,371,285,4.46,1,161044,41,Desenho,Neutro,1244,Janela_Baseline
161061,17,357,280,4.43,1,161061,41,Desenho,Neutro,1261,Janela_Baseline
161077,17,368,283,4.44,1,161077,41,Desenho,Neutro,1277,Janela_Baseline
161094,17,363,288,4.49,1,161094,41,Desenho,Neutro,1294,Janela_Baseline
161110,17,362,282,4.44,1,161110,41,Desenho,Neutro,1310,Exposicao_Face
161127,17,350,299,4.46,1,161127,41,Desenho,Neutro,1327,Exposicao_Face
161144,17,359,284,4.46,1,161144,41,Desenho,Neutro,1344,Exposicao_Face
161160,17,349,302,4.49,1,161160,41,Desenho,Neutro,1360,Exposicao_Face
161177,17,370,286,4.51,1,161177,41,Desenho,Neutro,1377,Exposicao_Face
161194,17,356,290,4.44,1,161194,41,Desenho,Neutro,1394,Exposicao_Face
161210,17,348,301,4.51,1,161210,41,Desenho,Neutro,1410,Exposicao_Face
161227,17,351,290,4.51,1,161227,41,Desenho,Neutro,1427,Exposicao_Face
161244,17,351,301,4.52,1,161244,41,Desenho,Neutro,1444,Exposicao_Face
161260,17,350,302,4.46,1,161260,41,Desenho,Neutro,1460,Exposicao_Face
161277,17,352,300,4.49,1,161277,41,Desenho,Neutro,1477,Exposicao_Face
161293,17,361,293,4.46,1,161293,41,Desenho,Neutro,1493,Exposicao_Face
161310,17,356,284,4.24,1,161310,41,Desenho,Neutro,1510,Exposicao_Face
161327,17,355,295,4.44,1,161327,41,Desenho,Neutro,1527,Exposicao_Face
161343,17,366,292,4.38,1,161343,41,Desenho,Neutro,1543,Exposicao_Face
161360,17,386,284,4.32,1,161360,41,Desenho,Neutro,1560,Exposicao_Face
161377,17,365,284,4.28,1,161377,41,Desenho,Neutro,1577,Exposicao_Face
161393,17,393,295,4.48,1,161393,41,Desenho,Neutro,1593,Exposicao_Face
161410,17,440,313,4.28,1,161410,41,Desenho,Neutro,1610,Exposicao_Face
161427,17,473,321,4.38,1,161427,41,Desenho,Neutro,1627,Exposicao_Face
161443,17,475,304,4.33,1,161443,41,Desenho,Neutro,1643,Exposicao_Face
161460,17,467,324,4.36,1,161460,41,Desenho,Neutro,1660,Exposicao_Face
161476,17,465,316,4.41,1,161476,41,Desenho,Neutro,1676,Exposicao_Face
161493,17,465,328,4.44,1,161493,41,Desenho,Neutro,1693,Exposicao_Face
161510,17,468,322,4.33,1,161510,41,Desenho,Neutro,1710,Exposicao_Face
161526,17,467,320,4.33,1,161526,41,Desenho,Neutro,1726,Exposicao_Face
161543,17,480,300,4.32,1,161543,41,Desenho,Neutro,1743,Exposicao_Face
161560,17,472,313,4.4,1,161560,41,Desenho,Neutro,1760,Exposicao_Face
161576,17,470,314,4.28,1,161576,41,Desenho,Neutro,1776,Exposicao_Face
161593,17,469,329,4.35,1,161593,41,Desenho,Neutro,1793,Exposicao_Face
161610,17,458,302,4.22,1,161610,41,Desenho,Neutro,1810,Exposicao_Face
161626,17,379,273,4.32,1,161626,41,Desenho,Neutro,1826,Exposicao_Face
161643,17,332,266,4.3,1,161643,41,Desenho,Neutro,1843,Exposicao_Face
161659,17,324,273,4.27,1,161659,41,Desenho,Neutro,1859,Exposicao_Face
161676,17,316,253,4.24,1,161676,41,Desenho,Neutro,1876,Exposicao_Face
161693,17,327,257,4.35,1,161693,41,Desenho,Neutro,1893,Exposicao_Face
161709,17,313,263,4.24,1,161709,41,Desenho,Neutro,1909,Exposicao_Face
161726,17,322,260,4.32,1,161726,41,Desenho,Neutro,1926,Exposicao_Face
161743,17,313,256,4.3,1,161743,41,Desenho,Neutro,1943,Exposicao_Face
161759,17,323,255,4.25,1,161759,41,Desenho,Neutro,1959,Exposicao_Face
161776,17,301,265,4.15,1,161776,41,Desenho,Neutro,1976,Exposicao_Face
161792,17,333,257,4.25,1,161792,41,Desenho,Neutro,1992,Exposicao_Face
161809,17,321,252,4.24,1,161809,41,Desenho,Neutro,2009,Exposicao_Face
161826,17,334,256,4.3,1,161826,41,Desenho,Neutro,2026,Exposicao_Face
161842,17,350,248,4.3,1,161842,41,Desenho,Neutro,2042,Exposicao_Face
161859,17,407,224,4.36,1,161859,41,Desenho,Neutro,2059,Exposicao_Face
161876,17,424,236,4.33,1,161876,41,Desenho,Neutro,2076,Exposicao_Face
161892,17,416,234,4.28,1,161892,41,Desenho,Neutro,2092,Exposicao_Face
161909,17,423,238,4.2,1,161909,41,Desenho,Neutro,2109,Exposicao_Face
161926,17,420,241,4.33,1,161926,41,Desenho,Neutro,2126,Exposicao_Face
161942,17,413,240,4.3,1,161942,41,Desenho,Neutro,2142,Exposicao_Face
161959,17,423,235,4.27,1,161959,41,Desenho,Neutro,2159,Exposicao_Face
161975,17,414,236,4.32,1,161975,41,Desenho,Neutro,2175,Exposicao_Face
161992,17,420,239,4.35,1,161992,41,Desenho,Neutro,2192,Exposicao_Face
162009,17,425,233,4.3,1,162009,41,Desenho,Neutro,2209,Exposicao_Face
162025,17,415,239,4.32,1,162025,41,Desenho,Neutro,2225,Exposicao_Face
162059,33,411,245,4.43,1,162059,41,Desenho,Neutro,2259,Exposicao_Face
162075,17,428,223,4.3,1,162075,41,Desenho,Neutro,2275,Exposicao_Face
162092,17,427,239,4.33,1,162092,41,Desenho,Neutro,2292,Exposicao_Face
162109,17,425,233,4.28,1,162109,41,Desenho,Neutro,2309,Exposicao_Face
162125,17,432,225,4.3,1,162125,41,Desenho,Neutro,2325,Exposicao_Face
162142,17,445,267,4.3,1,162142,41,Desenho,Neutro,2342,Exposicao_Face
162158,17,475,307,4.32,1,162158,41,Desenho,Neutro,2358,Exposicao_Face
162175,17,467,299,4.27,1,162175,41,Desenho,Neutro,2375,Exposicao_Face
162192,17,460,315,4.33,1,162192,41,Desenho,Neutro,2392,Exposicao_Face
162208,17,474,303,4.27,1,162208,41,Desenho,Neutro,2408,Exposicao_Face
162225,17,479,304,4.36,1,162225,41,Desenho,Neutro,2425,Exposicao_Face
162242,17,475,313,4.27,1,162242,41,Desenho,Neutro,2442,Exposicao_Face
162258,17,459,309,4.28,1,162258,41,Desenho,Neutro,2458,Exposicao_Face
162275,17,463,318,4.36,1,162275,41,Desenho,Neutro,2475,Exposicao_Face
162292,17,462,310,4.3,1,162292,41,Desenho,Neutro,2492,Exposicao_Face
162308,17,464,316,4.33,1,162308,41,Desenho,Neutro,2508,Exposicao_Face
162325,17,466,322,4.41,1,162325,41,Desenho,Neutro,2525,Exposicao_Face
162341,17,459,321,4.46,1,162341,41,Desenho,Neutro,2541,Exposicao_Face
162358,17,480,313,4.48,1,162358,41,Desenho,Neutro,2558,Exposicao_Face
162375,17,470,313,4.32,1,162375,41,Desenho,Neutro,2575,Exposicao_Face
162408,33,463,312,4.51,1,162408,41,Desenho,Neutro,2608,Exposicao_Face
162458,50,467,313,4.44,1,162458,41,Desenho,Neutro,2658,Exposicao_Face
162475,17,469,315,4.41,1,162475,41,Desenho,Neutro,2675,Exposicao_Face
162491,17,474,313,4.4,1,162491,41,Desenho,Neutro,2691,Exposicao_Face
162508,17,459,322,4.43,1,162508,41,Desenho,Neutro,2708,Exposicao_Face
162524,17,465,326,4.43,1,162524,41,Desenho,Neutro,2724,Exposicao_Face
162541,17,528,330,4.4,1,162541,41,Desenho,Neutro,2741,Exposicao_Face
162558,17,524,337,4.49,1,162558,41,Desenho,Neutro,2758,Exposicao_Face
162574,17,529,329,4.48,1,162574,41,Desenho,Neutro,2774,Exposicao_Face
162591,17,550,320,4.51,1,162591,41,Desenho,Neutro,2791,Exposicao_Face
162608,17,539,319,4.43,1,162608,41,Desenho,Neutro,2808,Exposicao_Face
162624,17,525,329,4.41,1,162624,41,Desenho,Neutro,2824,Exposicao_Face
162641,17,538,317,4.49,1,162641,41,Desenho,Neutro,2841,Exposicao_Face
162658,17,530,332,4.49,1,162658,41,Desenho,Neutro,2858,Exposicao_Face
162674,17,532,321,4.51,1,162674,41,Desenho,Neutro,2874,Exposicao_Face
162691,17,530,329,4.49,1,162691,41,Desenho,Neutro,2891,Exposicao_Face
162707,17,524,334,4.49,1,162707,41,Desenho,Neutro,2907,Exposicao_Face
162724,17,530,325,4.33,1,162724,41,Desenho,Neutro,2924,Exposicao_Face
162741,17,521,339,4.44,1,162741,41,Desenho,Neutro,2941,Exposicao_Face
162757,17,535,324,4.48,1,162757,41,Desenho,Neutro,2957,Exposicao_Face
162774,17,518,296,4.46,1,162774,41,Desenho,Neutro,2974,Exposicao_Face
162791,17,500,263,4.41,1,162791,41,Desenho,Neutro,2991,Exposicao_Face
162807,17,488,253,4.48,1,162807,41,Desenho,Neutro,3007,Exposicao_Face
162824,17,492,241,4.4,1,162824,41,Desenho,Neutro,3024,Exposicao_Face
162840,17,489,252,4.56,1,162840,41,Desenho,Neutro,3040,Exposicao_Face
162857,17,492,235,4.4,1,162857,41,Desenho,Neutro,3057,Exposicao_Face
162874,17,474,256,4.43,1,162874,41,Desenho,Neutro,3074,Exposicao_Face
162890,17,472,264,4.43,1,162890,41,Desenho,Neutro,3090,Exposicao_Face
162907,17,477,253,4.35,1,162907,41,Desenho,Neutro,3107,Exposicao_Face
162924,17,480,255,4.44,1,162924,41,Desenho,Neutro,3124,Exposicao_Face
162940,17,485,261,4.4,1,162940,41,Desenho,Neutro,3140,Exposicao_Face
162957,17,475,253,4.36,1,162957,41,Desenho,Neutro,3157,Exposicao_Face
162974,17,485,248,4.32,1,162974,41,Desenho,Neutro,3174,Exposicao_Face
162990,17,484,247,4.4,1,162990,41,Desenho,Neutro,3190,Exposicao_Face
163007,17,477,249,4.38,1,163007,41,Desenho,Neutro,3207,Exposicao_Face
163023,17,474,257,4.35,1,163023,41,Desenho,Neutro,3223,Exposicao_Face
163040,17,463,266,4.43,1,163040,41,Desenho,Neutro,3240,Exposicao_Face
163057,17,480,242,4.36,1,163057,41,Desenho,Neutro,3257,Exposicao_Face
163073,17,477,245,4.38,1,163073,41,Desenho,Neutro,3273,Exposicao_Face
163090,17,480,252,4.48,1,163090,41,Desenho,Neutro,3290,Exposicao_Face
163107,17,481,255,4.44,1,163107,41,Desenho,Neutro,3307,Exposicao_Face
163123,17,481,245,4.38,1,163123,41,Desenho,Neutro,3323,Exposicao_Face
163140,17,481,250,4.43,1,163140,41,Desenho,Neutro,3340,Exposicao_Face
163157,17,482,253,4.46,1,163157,41,Desenho,Neutro,3357,Exposicao_Face
163173,17,484,247,4.43,1,163173,41,Desenho,Neutro,3373,Exposicao_Face
163190,17,481,241,4.33,1,163190,41,Desenho,Neutro,3390,Exposicao_Face
163206,17,428,234,4.4,1,163206,41,Desenho,Neutro,3406,Exposicao_Face
163223,17,392,217,4.3,1,163223,41,Desenho,Neutro,3423,Exposicao_Face
163240,17,380,222,4.32,1,163240,41,Desenho,Neutro,3440,Exposicao_Face
163256,17,395,208,4.33,1,163256,41,Desenho,Neutro,3456,Exposicao_Face
163273,17,383,223,4.38,1,163273,41,Desenho,Neutro,3473,Exposicao_Face
163290,17,391,216,4.38,1,163290,41,Desenho,Neutro,3490,Exposicao_Face
163306,17,388,210,4.4,1,163306,41,Desenho,Neutro,3506,Exposicao_Face
163323,17,387,224,4.44,1,163323,41,Desenho,Neutro,3523,Exposicao_Face
163340,17,393,219,4.41,1,163340,41,Desenho,Neutro,3540,Exposicao_Face
163356,17,393,218,4.41,1,163356,41,Desenho,Neutro,3556,Exposicao_Face
163373,17,398,207,4.4,1,163373,41,Desenho,Neutro,3573,Exposicao_Face
163389,17,386,221,4.46,1,163389,41,Desenho,Neutro,3589,Exposicao_Face
163406,17,398,225,4.43,1,163406,41,Desenho,Neutro,3606,Exposicao_Face
163423,17,467,310,4.36,1,163423,41,Desenho,Neutro,3623,Exposicao_Face
163439,17,466,298,4.44,1,163439,41,Desenho,Neutro,3639,Exposicao_Face
163456,17,475,315,4.36,1,163456,41,Desenho,Neutro,3656,Exposicao_Face
163473,17,473,304,4.44,1,163473,41,Desenho,Neutro,3673,Exposicao_Face
163489,17,468,320,4.54,1,163489,41,Desenho,Neutro,3689,Exposicao_Face
163506,17,475,302,4.51,1,163506,41,Desenho,Neutro,3706,Exposicao_Face
163523,17,466,321,4.57,1,163523,41,Desenho,Neutro,3723,Exposicao_Face
163539,17,468,310,4.54,1,163539,41,Desenho,Neutro,3739,Exposicao_Face
163556,17,470,306,4.46,1,163556,41,Desenho,Neutro,3756,Exposicao_Face
163572,17,473,322,4.54,1,163572,41,Desenho,Neutro,3772,Exposicao_Face
163589,17,470,319,4.54,1,163589,41,Desenho,Neutro,3789,Exposicao_Face
163606,17,470,317,4.59,1,163606,41,Desenho,Neutro,3806,Exposicao_Face
163622,17,477,315,4.51,1,163622,41,Desenho,Neutro,3822,Exposicao_Face
163639,17,473,309,4.49,1,163639,41,Desenho,Neutro,3839,Exposicao_Face
163656,17,463,312,4.65,1,163656,41,Desenho,Neutro,3856,Exposicao_Face
163672,17,465,315,4.51,1,163672,41,Desenho,Neutro,3872,Exposicao_Face
163689,17,470,315,4.51,1,163689,41,Desenho,Neutro,3889,Exposicao_Face
163706,17,461,320,4.57,1,163706,41,Desenho,Neutro,3906,Exposicao_Face
163722,17,480,310,4.59,1,163722,41,Desenho,Neutro,3922,Exposicao_Face
163739,17,468,315,4.54,1,163739,41,Desenho,Neutro,3939,Exposicao_Face
163772,33,460,323,4.52,1,163772,41,Desenho,Neutro,3972,Exposicao_Face
163772,0,460,323,4.52,1,163772,41,Desenho,Neutro,3972,Exposicao_Face
163789,17,470,319,4.6,1,163789,41,Desenho,Neutro,3989,Exposicao_Face
163805,17,471,319,4.51,1,163805,42,Desenho,Raiva,5,Janela_Baseline
163822,17,463,319,4.52,1,163822,42,Desenho,Raiva,22,Janela_Baseline
163839,17,469,321,4.46,1,163839,42,Desenho,Raiva,39,Janela_Baseline
163855,17,320,561,4.46,3,163855,42,Desenho,Raiva,55,Janela_Baseline
163988,133,138,530,0.0,3,163988,42,Desenho,Raiva,188,Janela_Baseline
164005,17,238,450,4.54,3,164005,42,Desenho,Raiva,205,Janela_Baseline
164022,17,292,357,4.4,1,164022,42,Desenho,Raiva,222,Janela_Baseline
164038,17,312,335,4.4,1,164038,42,Desenho,Raiva,238,Janela_Baseline
164055,17,315,329,4.52,1,164055,42,Desenho,Raiva,255,Janela_Baseline
164071,17,316,338,4.49,1,164071,42,Desenho,Raiva,271,Janela_Baseline
164088,17,310,327,4.48,1,164088,42,Desenho,Raiva,288,Janela_Baseline
164105,17,304,336,4.46,1,164105,42,Desenho,Raiva,305,Janela_Baseline
164121,17,309,331,4.43,1,164121,42,Desenho,Raiva,321,Janela_Baseline
164138,17,324,328,4.54,1,164138,42,Desenho,Raiva,338,Janela_Baseline
164155,17,311,330,4.38,1,164155,42,Desenho,Raiva,355,Janela_Baseline
164171,17,308,330,4.38,1,164171,42,Desenho,Raiva,371,Janela_Baseline
164188,17,295,345,4.4,1,164188,42,Desenho,Raiva,388,Janela_Baseline
164205,17,313,325,4.36,1,164205,42,Desenho,Raiva,405,Janela_Baseline
164221,17,310,324,4.46,1,164221,42,Desenho,Raiva,421,Janela_Baseline
164238,17,314,330,4.44,1,164238,42,Desenho,Raiva,438,Janela_Baseline
164254,17,306,339,4.54,1,164254,42,Desenho,Raiva,454,Janela_Baseline
164271,17,311,328,4.46,1,164271,42,Desenho,Raiva,471,Janela_Baseline
164288,17,310,332,4.48,1,164288,42,Desenho,Raiva,488,Janela_Baseline
164304,17,303,341,4.43,1,164304,42,Desenho,Raiva,504,Janela_Baseline
164321,17,313,332,4.43,1,164321,42,Desenho,Raiva,521,Janela_Baseline
164338,17,308,340,4.48,1,164338,42,Desenho,Raiva,538,Janela_Baseline
164354,17,298,336,4.44,1,164354,42,Desenho,Raiva,554,Janela_Baseline
164371,17,395,331,4.46,1,164371,42,Desenho,Raiva,571,Janela_Baseline
164388,17,456,338,4.43,1,164388,42,Desenho,Raiva,588,Janela_Baseline
164404,17,432,357,4.49,1,164404,42,Desenho,Raiva,604,Janela_Baseline
164421,17,460,341,4.46,1,164421,42,Desenho,Raiva,621,Janela_Baseline
164437,17,465,351,4.32,1,164437,42,Desenho,Raiva,637,Janela_Baseline
164454,17,475,337,4.36,1,164454,42,Desenho,Raiva,654,Janela_Baseline
164471,17,457,343,4.27,1,164471,42,Desenho,Raiva,671,Janela_Baseline
164487,17,470,329,4.28,1,164487,42,Desenho,Raiva,687,Janela_Baseline
164504,17,460,344,4.4,1,164504,42,Desenho,Raiva,704,Janela_Baseline
164521,17,470,347,4.36,1,164521,42,Desenho,Raiva,721,Janela_Baseline
164537,17,462,342,4.33,1,164537,42,Desenho,Raiva,737,Janela_Baseline
164554,17,465,342,4.3,1,164554,42,Desenho,Raiva,754,Janela_Baseline
164571,17,470,337,4.27,1,164571,42,Desenho,Raiva,771,Janela_Baseline
164587,17,458,357,4.36,1,164587,42,Desenho,Raiva,787,Janela_Baseline
164604,17,468,338,4.36,1,164604,42,Desenho,Raiva,804,Janela_Baseline
164620,17,477,336,4.36,1,164620,42,Desenho,Raiva,820,Janela_Baseline
164637,17,460,347,4.32,1,164637,42,Desenho,Raiva,837,Janela_Baseline
164654,17,473,346,4.22,1,164654,42,Desenho,Raiva,854,Janela_Baseline
164670,17,463,343,4.33,1,164670,42,Desenho,Raiva,870,Janela_Baseline
164687,17,466,342,4.28,1,164687,42,Desenho,Raiva,887,Janela_Baseline
164704,17,465,342,4.27,1,164704,42,Desenho,Raiva,904,Janela_Baseline
164720,17,467,339,4.35,1,164720,42,Desenho,Raiva,920,Janela_Baseline
164737,17,472,348,4.36,1,164737,42,Desenho,Raiva,937,Janela_Baseline
164754,17,468,345,4.36,1,164754,42,Desenho,Raiva,954,Janela_Baseline
164770,17,498,338,4.24,1,164770,42,Desenho,Raiva,970,Janela_Baseline
164787,17,515,340,4.4,1,164787,42,Desenho,Raiva,987,Janela_Baseline
164803,17,519,328,4.33,1,164803,42,Desenho,Raiva,1003,Janela_Baseline
164820,17,516,327,4.35,1,164820,42,Desenho,Raiva,1020,Janela_Baseline
164837,17,517,335,4.36,1,164837,42,Desenho,Raiva,1037,Janela_Baseline
164853,17,510,339,4.38,1,164853,42,Desenho,Raiva,1053,Janela_Baseline
164870,17,523,333,4.44,1,164870,42,Desenho,Raiva,1070,Janela_Baseline
164887,17,511,333,4.36,1,164887,42,Desenho,Raiva,1087,Janela_Baseline
164903,17,514,340,4.44,1,164903,42,Desenho,Raiva,1103,Janela_Baseline
164920,17,505,337,4.38,1,164920,42,Desenho,Raiva,1120,Janela_Baseline
164937,17,514,328,4.38,1,164937,42,Desenho,Raiva,1137,Janela_Baseline
164953,17,519,330,4.25,1,164953,42,Desenho,Raiva,1153,Janela_Baseline
164970,17,517,326,4.32,1,164970,42,Desenho,Raiva,1170,Janela_Baseline
164986,17,565,327,4.36,1,164986,42,Desenho,Raiva,1186,Janela_Baseline
165003,17,546,335,4.4,1,165003,42,Desenho,Raiva,1203,Janela_Baseline
165020,17,545,339,4.46,1,165020,42,Desenho,Raiva,1220,Janela_Baseline
165036,17,563,314,4.44,1,165036,42,Desenho,Raiva,1236,Janela_Baseline
165053,17,551,345,4.46,1,165053,42,Desenho,Raiva,1253,Janela_Baseline
165070,17,551,340,4.38,1,165070,42,Desenho,Raiva,1270,Janela_Baseline
165086,17,557,319,4.43,1,165086,42,Desenho,Raiva,1286,Janela_Baseline
165103,17,554,326,4.36,1,165103,42,Desenho,Raiva,1303,Exposicao_Face
165119,17,557,330,4.3,1,165119,42,Desenho,Raiva,1319,Exposicao_Face
165136,17,546,321,4.43,1,165136,42,Desenho,Raiva,1336,Exposicao_Face
165153,17,558,327,4.33,1,165153,42,Desenho,Raiva,1353,Exposicao_Face
165169,17,550,335,4.41,1,165169,42,Desenho,Raiva,1369,Exposicao_Face
165186,17,554,340,4.41,1,165186,42,Desenho,Raiva,1386,Exposicao_Face
165203,17,544,339,4.43,1,165203,42,Desenho,Raiva,1403,Exposicao_Face
165219,17,549,331,4.36,1,165219,42,Desenho,Raiva,1419,Exposicao_Face
165236,17,564,303,4.38,1,165236,42,Desenho,Raiva,1436,Exposicao_Face
165253,17,552,320,4.38,1,165253,42,Desenho,Raiva,1453,Exposicao_Face
165269,17,524,338,4.43,1,165269,42,Desenho,Raiva,1469,Exposicao_Face
165286,17,469,325,4.44,1,165286,42,Desenho,Raiva,1486,Exposicao_Face
165302,17,443,336,4.28,1,165302,42,Desenho,Raiva,1502,Exposicao_Face
165319,17,430,349,4.43,1,165319,42,Desenho,Raiva,1519,Exposicao_Face
165336,17,438,331,4.38,1,165336,42,Desenho,Raiva,1536,Exposicao_Face
165352,17,437,332,4.36,1,165352,42,Desenho,Raiva,1552,Exposicao_Face
165369,17,442,327,4.41,1,165369,42,Desenho,Raiva,1569,Exposicao_Face
165386,17,449,331,4.46,1,165386,42,Desenho,Raiva,1586,Exposicao_Face
165402,17,467,317,4.33,1,165402,42,Desenho,Raiva,1602,Exposicao_Face
165419,17,428,333,4.44,1,165419,42,Desenho,Raiva,1619,Exposicao_Face
165436,17,440,326,4.38,1,165436,42,Desenho,Raiva,1636,Exposicao_Face
165452,17,441,330,4.41,1,165452,42,Desenho,Raiva,1652,Exposicao_Face
165469,17,451,312,4.32,1,165469,42,Desenho,Raiva,1669,Exposicao_Face
165485,17,443,325,4.4,1,165485,42,Desenho,Raiva,1685,Exposicao_Face
165502,17,445,331,4.48,1,165502,42,Desenho,Raiva,1702,Exposicao_Face
165519,17,441,333,4.59,1,165519,42,Desenho,Raiva,1719,Exposicao_Face
165535,17,441,323,4.44,1,165535,42,Desenho,Raiva,1735,Exposicao_Face
165552,17,442,326,4.46,1,165552,42,Desenho,Raiva,1752,Exposicao_Face
165569,17,435,326,4.56,1,165569,42,Desenho,Raiva,1769,Exposicao_Face
165585,17,446,321,4.52,1,165585,42,Desenho,Raiva,1785,Exposicao_Face
165602,17,575,357,4.44,1,165602,42,Desenho,Raiva,1802,Exposicao_Face
165619,17,647,367,4.43,2,165619,42,Desenho,Raiva,1819,Exposicao_Face
165635,17,676,364,4.44,2,165635,42,Desenho,Raiva,1835,Exposicao_Face
165652,17,669,380,4.48,2,165652,42,Desenho,Raiva,1852,Exposicao_Face
165668,17,658,362,4.43,1,165668,42,Desenho,Raiva,1868,Exposicao_Face
165685,17,675,384,4.51,2,165685,42,Desenho,Raiva,1885,Exposicao_Face
165702,17,655,371,4.44,2,165702,42,Desenho,Raiva,1902,Exposicao_Face
165718,17,650,399,4.57,2,165718,42,Desenho,Raiva,1918,Exposicao_Face
165735,17,686,350,4.54,1,165735,42,Desenho,Raiva,1935,Exposicao_Face
165752,17,663,395,4.57,2,165752,42,Desenho,Raiva,1952,Exposicao_Face
165768,17,665,365,4.46,2,165768,42,Desenho,Raiva,1968,Exposicao_Face
165785,17,675,376,4.43,2,165785,42,Desenho,Raiva,1985,Exposicao_Face
165802,17,684,369,4.49,2,165802,42,Desenho,Raiva,2002,Exposicao_Face
165818,17,665,377,4.52,2,165818,42,Desenho,Raiva,2018,Exposicao_Face
165835,17,564,324,4.68,1,165835,42,Desenho,Raiva,2035,Exposicao_Face
165851,17,522,326,4.56,1,165851,42,Desenho,Raiva,2051,Exposicao_Face
165868,17,522,332,4.56,1,165868,42,Desenho,Raiva,2068,Exposicao_Face
165885,17,508,334,4.59,1,165885,42,Desenho,Raiva,2085,Exposicao_Face
165901,17,510,334,4.56,1,165901,42,Desenho,Raiva,2101,Exposicao_Face
165918,17,528,323,4.46,1,165918,42,Desenho,Raiva,2118,Exposicao_Face
165935,17,511,339,4.56,1,165935,42,Desenho,Raiva,2135,Exposicao_Face
165951,17,512,342,4.46,1,165951,42,Desenho,Raiva,2151,Exposicao_Face
165968,17,516,332,4.56,1,165968,42,Desenho,Raiva,2168,Exposicao_Face
165985,17,521,322,4.59,1,165985,42,Desenho,Raiva,2185,Exposicao_Face
166001,17,516,332,4.57,1,166001,42,Desenho,Raiva,2201,Exposicao_Face
166018,17,510,346,4.43,1,166018,42,Desenho,Raiva,2218,Exposicao_Face
166034,17,515,340,4.54,1,166034,42,Desenho,Raiva,2234,Exposicao_Face
166051,17,503,333,4.51,1,166051,42,Desenho,Raiva,2251,Exposicao_Face
166068,17,514,350,4.62,1,166068,42,Desenho,Raiva,2268,Exposicao_Face
166084,17,514,333,4.46,1,166084,42,Desenho,Raiva,2284,Exposicao_Face
166101,17,511,341,4.54,1,166101,42,Desenho,Raiva,2301,Exposicao_Face
166118,17,515,337,4.52,1,166118,42,Desenho,Raiva,2318,Exposicao_Face
166134,17,498,350,4.56,1,166134,42,Desenho,Raiva,2334,Exposicao_Face
166151,17,512,330,4.46,1,166151,42,Desenho,Raiva,2351,Exposicao_Face
166168,17,510,328,4.51,1,166168,42,Desenho,Raiva,2368,Exposicao_Face
166184,17,507,346,4.57,1,166184,42,Desenho,Raiva,2384,Exposicao_Face
166201,17,500,339,4.65,1,166201,42,Desenho,Raiva,2401,Exposicao_Face
166217,17,494,333,4.48,1,166217,42,Desenho,Raiva,2417,Exposicao_Face
166234,17,506,347,4.56,1,166234,42,Desenho,Raiva,2434,Exposicao_Face
166251,17,505,335,4.62,1,166251,42,Desenho,Raiva,2451,Exposicao_Face
166267,17,521,337,4.51,1,166267,42,Desenho,Raiva,2467,Exposicao_Face
166284,17,510,328,4.51,1,166284,42,Desenho,Raiva,2484,Exposicao_Face
166301,17,505,345,4.51,1,166301,42,Desenho,Raiva,2501,Exposicao_Face
166317,17,513,333,4.48,1,166317,42,Desenho,Raiva,2517,Exposicao_Face
166334,17,503,339,4.59,1,166334,42,Desenho,Raiva,2534,Exposicao_Face
166350,17,514,336,4.43,1,166350,42,Desenho,Raiva,2550,Exposicao_Face
166367,17,500,343,4.51,1,166367,42,Desenho,Raiva,2567,Exposicao_Face
166384,17,457,321,4.64,1,166384,42,Desenho,Raiva,2584,Exposicao_Face
166400,17,420,331,4.59,1,166400,42,Desenho,Raiva,2600,Exposicao_Face
166417,17,417,330,4.51,1,166417,42,Desenho,Raiva,2617,Exposicao_Face
166434,17,412,338,4.56,1,166434,42,Desenho,Raiva,2634,Exposicao_Face
166450,17,419,323,4.48,1,166450,42,Desenho,Raiva,2650,Exposicao_Face
166467,17,412,337,4.49,1,166467,42,Desenho,Raiva,2667,Exposicao_Face
166484,17,417,327,4.49,1,166484,42,Desenho,Raiva,2684,Exposicao_Face
166500,17,436,314,4.46,1,166500,42,Desenho,Raiva,2700,Exposicao_Face
166517,17,421,330,4.54,1,166517,42,Desenho,Raiva,2717,Exposicao_Face
166533,17,419,332,4.54,1,166533,42,Desenho,Raiva,2733,Exposicao_Face
166550,17,417,329,4.51,1,166550,42,Desenho,Raiva,2750,Exposicao_Face
166567,17,414,335,4.57,1,166567,42,Desenho,Raiva,2767,Exposicao_Face
166583,17,410,332,4.54,1,166583,42,Desenho,Raiva,2783,Exposicao_Face
166600,17,414,336,4.59,1,166600,42,Desenho,Raiva,2800,Exposicao_Face
166617,17,412,333,4.59,1,166617,42,Desenho,Raiva,2817,Exposicao_Face
166633,17,406,335,4.56,1,166633,42,Desenho,Raiva,2833,Exposicao_Face
166650,17,415,325,4.56,1,166650,42,Desenho,Raiva,2850,Exposicao_Face
166667,17,416,332,4.6,1,166667,42,Desenho,Raiva,2867,Exposicao_Face
166683,17,403,343,4.65,1,166683,42,Desenho,Raiva,2883,Exposicao_Face
166700,17,416,337,4.64,1,166700,42,Desenho,Raiva,2900,Exposicao_Face
166716,17,417,332,4.65,1,166716,42,Desenho,Raiva,2916,Exposicao_Face
166733,17,421,321,4.49,1,166733,42,Desenho,Raiva,2933,Exposicao_Face
166750,17,415,329,4.52,1,166750,42,Desenho,Raiva,2950,Exposicao_Face
166766,17,415,337,4.62,1,166766,42,Desenho,Raiva,2966,Exposicao_Face
166783,17,411,341,4.76,1,166783,42,Desenho,Raiva,2983,Exposicao_Face
166800,17,420,318,4.54,1,166800,42,Desenho,Raiva,3000,Exposicao_Face
166816,17,416,328,4.62,1,166816,42,Desenho,Raiva,3016,Exposicao_Face
166833,17,414,333,4.59,1,166833,42,Desenho,Raiva,3033,Exposicao_Face
166850,17,422,330,4.57,1,166850,42,Desenho,Raiva,3050,Exposicao_Face
166866,17,423,329,4.64,1,166866,42,Desenho,Raiva,3066,Exposicao_Face
166883,17,424,327,4.54,1,166883,42,Desenho,Raiva,3083,Exposicao_Face
166899,17,407,337,4.72,1,166899,42,Desenho,Raiva,3099,Exposicao_Face
166916,17,412,340,4.62,1,166916,42,Desenho,Raiva,3116,Exposicao_Face
166933,17,416,342,4.7,1,166933,42,Desenho,Raiva,3133,Exposicao_Face
166949,17,429,308,4.62,1,166949,42,Desenho,Raiva,3149,Exposicao_Face
166966,17,429,311,4.64,1,166966,42,Desenho,Raiva,3166,Exposicao_Face
166983,17,423,337,4.64,1,166983,42,Desenho,Raiva,3183,Exposicao_Face
166999,17,414,321,4.57,1,166999,42,Desenho,Raiva,3199,Exposicao_Face
167016,17,406,345,4.76,1,167016,42,Desenho,Raiva,3216,Exposicao_Face
167033,17,494,329,4.75,1,167033,42,Desenho,Raiva,3233,Exposicao_Face
167049,17,514,337,4.67,1,167049,42,Desenho,Raiva,3249,Exposicao_Face
167066,17,501,345,4.7,1,167066,42,Desenho,Raiva,3266,Exposicao_Face
167082,17,507,344,4.73,1,167082,42,Desenho,Raiva,3282,Exposicao_Face
167099,17,524,331,4.59,1,167099,42,Desenho,Raiva,3299,Exposicao_Face
167116,17,539,323,4.64,1,167116,42,Desenho,Raiva,3316,Exposicao_Face
167132,17,527,317,4.67,1,167132,42,Desenho,Raiva,3332,Exposicao_Face
167149,17,523,332,4.65,1,167149,42,Desenho,Raiva,3349,Exposicao_Face
167166,17,521,321,4.7,1,167166,42,Desenho,Raiva,3366,Exposicao_Face
167182,17,527,337,4.68,1,167182,42,Desenho,Raiva,3382,Exposicao_Face
167199,17,513,348,4.72,1,167199,42,Desenho,Raiva,3399,Exposicao_Face
167216,17,509,333,4.76,1,167216,42,Desenho,Raiva,3416,Exposicao_Face
167232,17,524,334,4.84,1,167232,42,Desenho,Raiva,3432,Exposicao_Face
167249,17,540,334,4.81,1,167249,42,Desenho,Raiva,3449,Exposicao_Face
167265,17,512,333,4.84,1,167265,42,Desenho,Raiva,3465,Exposicao_Face
167282,17,519,327,4.75,1,167282,42,Desenho,Raiva,3482,Exposicao_Face
167299,17,519,313,4.7,1,167299,42,Desenho,Raiva,3499,Exposicao_Face
167315,17,517,333,4.68,1,167315,42,Desenho,Raiva,3515,Exposicao_Face
167332,17,517,332,4.78,1,167332,42,Desenho,Raiva,3532,Exposicao_Face
167349,17,524,326,4.75,1,167349,42,Desenho,Raiva,3549,Exposicao_Face
167365,17,509,336,4.72,1,167365,42,Desenho,Raiva,3565,Exposicao_Face
167382,17,506,341,4.78,1,167382,42,Desenho,Raiva,3582,Exposicao_Face
167398,17,512,350,4.75,1,167398,42,Desenho,Raiva,3598,Exposicao_Face
167415,17,520,324,4.75,1,167415,42,Desenho,Raiva,3615,Exposicao_Face
167432,17,507,343,4.72,1,167432,42,Desenho,Raiva,3632,Exposicao_Face
167448,17,509,340,4.76,1,167448,42,Desenho,Raiva,3648,Exposicao_Face
167465,17,521,325,4.75,1,167465,42,Desenho,Raiva,3665,Exposicao_Face
167482,17,504,333,4.83,1,167482,42,Desenho,Raiva,3682,Exposicao_Face
167498,17,541,329,4.84,1,167498,42,Desenho,Raiva,3698,Exposicao_Face
167515,17,511,332,4.78,1,167515,42,Desenho,Raiva,3715,Exposicao_Face
167532,17,475,344,4.91,1,167532,42,Desenho,Raiva,3732,Exposicao_Face
167548,17,398,314,4.8,1,167548,42,Desenho,Raiva,3748,Exposicao_Face
167565,17,334,327,4.8,1,167565,42,Desenho,Raiva,3765,Exposicao_Face
167581,17,339,329,4.81,1,167581,42,Desenho,Raiva,3781,Exposicao_Face
167598,17,338,329,4.83,1,167598,42,Desenho,Raiva,3798,Exposicao_Face
167615,17,347,330,4.81,1,167615,42,Desenho,Raiva,3815,Exposicao_Face
167631,17,346,325,4.83,1,167631,42,Desenho,Raiva,3831,Exposicao_Face
167648,17,338,326,4.88,1,167648,42,Desenho,Raiva,3848,Exposicao_Face
167665,17,324,325,4.91,1,167665,42,Desenho,Raiva,3865,Exposicao_Face
167681,17,345,321,4.81,1,167681,42,Desenho,Raiva,3881,Exposicao_Face
167698,17,341,316,4.78,1,167698,42,Desenho,Raiva,3898,Exposicao_Face
167715,17,333,326,4.84,1,167715,42,Desenho,Raiva,3915,Exposicao_Face
167731,17,333,323,4.81,1,167731,42,Desenho,Raiva,3931,Exposicao_Face
167748,17,343,325,4.78,1,167748,42,Desenho,Raiva,3948,Exposicao_Face
167764,17,335,338,4.81,1,167764,42,Desenho,Raiva,3964,Exposicao_Face
167781,17,331,326,4.8,1,167781,42,Desenho,Raiva,3981,Exposicao_Face
167798,17,326,322,4.81,1,167798,42,Desenho,Raiva,3998,Exposicao_Face
167814,17,326,355,4.8,1,167814,43,Desenho,Feliz,14,Janela_Baseline
167831,17,161,525,4.57,3,167831,43,Desenho,Feliz,31,Janela_Baseline
168646,815,721,401,-1.0,2,168646,43,Desenho,Feliz,846,Janela_Baseline
168663,17,476,424,4.48,3,168663,43,Desenho,Feliz,863,Janela_Baseline
168679,17,520,369,4.54,2,168679,43,Desenho,Feliz,879,Janela_Baseline
168696,17,512,362,4.54,1,168696,43,Desenho,Feliz,896,Janela_Baseline
168713,17,509,361,4.46,1,168713,43,Desenho,Feliz,913,Janela_Baseline
168729,17,506,367,4.49,2,168729,43,Desenho,Feliz,929,Janela_Baseline
168746,17,512,370,4.6,2,168746,43,Desenho,Feliz,946,Janela_Baseline
168763,17,505,375,4.51,2,168763,43,Desenho,Feliz,963,Janela_Baseline
168779,17,510,372,4.54,2,168779,43,Desenho,Feliz,979,Janela_Baseline
168796,17,514,367,4.52,2,168796,43,Desenho,Feliz,996,Janela_Baseline
168812,17,500,377,4.49,2,168812,43,Desenho,Feliz,1012,Janela_Baseline
168829,17,496,361,4.6,1,168829,43,Desenho,Feliz,1029,Janela_Baseline
168846,17,503,376,4.57,2,168846,43,Desenho,Feliz,1046,Janela_Baseline
168862,17,530,303,4.64,1,168862,43,Desenho,Feliz,1062,Janela_Baseline
168879,17,511,332,4.54,1,168879,43,Desenho,Feliz,1079,Janela_Baseline
168896,17,511,311,4.46,1,168896,43,Desenho,Feliz,1096,Janela_Baseline
168912,17,531,302,4.54,1,168912,43,Desenho,Feliz,1112,Janela_Baseline
168929,17,521,316,4.52,1,168929,43,Desenho,Feliz,1129,Janela_Baseline
168946,17,520,316,4.52,1,168946,43,Desenho,Feliz,1146,Janela_Baseline
168962,17,526,303,4.43,1,168962,43,Desenho,Feliz,1162,Janela_Baseline
168979,17,522,309,4.41,1,168979,43,Desenho,Feliz,1179,Janela_Baseline
168995,17,528,311,4.35,1,168995,43,Desenho,Feliz,1195,Janela_Baseline
169012,17,526,299,4.41,1,169012,43,Desenho,Feliz,1212,Janela_Baseline
169029,17,511,322,4.36,1,169029,43,Desenho,Feliz,1229,Janela_Baseline
169045,17,518,318,4.3,1,169045,43,Desenho,Feliz,1245,Janela_Baseline
169062,17,515,316,4.33,1,169062,43,Desenho,Feliz,1262,Janela_Baseline
169079,17,516,319,4.36,1,169079,43,Desenho,Feliz,1279,Janela_Baseline
169095,17,522,314,4.27,1,169095,43,Desenho,Feliz,1295,Janela_Baseline
169112,17,512,329,4.24,1,169112,43,Desenho,Feliz,1312,Exposicao_Face
169129,17,472,377,4.3,2,169129,43,Desenho,Feliz,1329,Exposicao_Face
169145,17,469,367,4.27,2,169145,43,Desenho,Feliz,1345,Exposicao_Face
169162,17,471,355,4.38,1,169162,43,Desenho,Feliz,1362,Exposicao_Face
169178,17,476,369,4.15,2,169178,43,Desenho,Feliz,1378,Exposicao_Face
169195,17,463,362,4.28,1,169195,43,Desenho,Feliz,1395,Exposicao_Face
169212,17,482,378,4.36,2,169212,43,Desenho,Feliz,1412,Exposicao_Face
169228,17,463,374,4.27,2,169228,43,Desenho,Feliz,1428,Exposicao_Face
169245,17,485,369,4.25,2,169245,43,Desenho,Feliz,1445,Exposicao_Face
169262,17,458,372,4.22,2,169262,43,Desenho,Feliz,1462,Exposicao_Face
169278,17,456,372,4.27,2,169278,43,Desenho,Feliz,1478,Exposicao_Face
169295,17,463,364,4.32,2,169295,43,Desenho,Feliz,1495,Exposicao_Face
169312,17,456,370,4.2,2,169312,43,Desenho,Feliz,1512,Exposicao_Face
169328,17,449,380,4.2,2,169328,43,Desenho,Feliz,1528,Exposicao_Face
169345,17,461,381,4.11,2,169345,43,Desenho,Feliz,1545,Exposicao_Face
169361,17,459,395,4.27,2,169361,43,Desenho,Feliz,1561,Exposicao_Face
169378,17,451,385,4.11,2,169378,43,Desenho,Feliz,1578,Exposicao_Face
169395,17,448,388,4.11,2,169395,43,Desenho,Feliz,1595,Exposicao_Face
169411,17,445,380,4.22,2,169411,43,Desenho,Feliz,1611,Exposicao_Face
169428,17,454,383,4.12,2,169428,43,Desenho,Feliz,1628,Exposicao_Face
169445,17,453,367,4.17,2,169445,43,Desenho,Feliz,1645,Exposicao_Face
169461,17,456,376,4.06,2,169461,43,Desenho,Feliz,1661,Exposicao_Face
169478,17,470,387,4.11,2,169478,43,Desenho,Feliz,1678,Exposicao_Face
169495,17,449,386,4.14,2,169495,43,Desenho,Feliz,1695,Exposicao_Face
169511,17,455,388,4.14,2,169511,43,Desenho,Feliz,1711,Exposicao_Face
169528,17,458,396,4.03,2,169528,43,Desenho,Feliz,1728,Exposicao_Face
169544,17,461,378,4.06,2,169544,43,Desenho,Feliz,1744,Exposicao_Face
169561,17,442,402,4.06,2,169561,43,Desenho,Feliz,1761,Exposicao_Face
169578,17,481,388,4.01,2,169578,43,Desenho,Feliz,1778,Exposicao_Face
169594,17,451,393,3.99,2,169594,43,Desenho,Feliz,1794,Exposicao_Face
169611,17,454,396,4.09,2,169611,43,Desenho,Feliz,1811,Exposicao_Face
169628,17,466,369,4.07,2,169628,43,Desenho,Feliz,1828,Exposicao_Face
169644,17,459,374,3.99,2,169644,43,Desenho,Feliz,1844,Exposicao_Face
169661,17,445,386,4.09,2,169661,43,Desenho,Feliz,1861,Exposicao_Face
169678,17,451,385,4.17,2,169678,43,Desenho,Feliz,1878,Exposicao_Face
169694,17,453,379,4.04,2,169694,43,Desenho,Feliz,1894,Exposicao_Face
169711,17,439,387,4.12,2,169711,43,Desenho,Feliz,1911,Exposicao_Face
169727,17,456,389,4.11,2,169727,43,Desenho,Feliz,1927,Exposicao_Face
169744,17,449,393,4.06,2,169744,43,Desenho,Feliz,1944,Exposicao_Face
169761,17,458,382,4.04,2,169761,43,Desenho,Feliz,1961,Exposicao_Face
169777,17,455,388,4.04,2,169777,43,Desenho,Feliz,1977,Exposicao_Face
169794,17,406,489,4.09,3,169794,43,Desenho,Feliz,1994,Exposicao_Face
169811,17,415,445,3.95,3,169811,43,Desenho,Feliz,2011,Exposicao_Face
169827,17,384,500,4.04,3,169827,43,Desenho,Feliz,2027,Exposicao_Face
169844,17,399,483,4.15,3,169844,43,Desenho,Feliz,2044,Exposicao_Face
169860,17,395,479,3.96,3,169860,43,Desenho,Feliz,2060,Exposicao_Face
169877,17,402,482,4.06,3,169877,43,Desenho,Feliz,2077,Exposicao_Face
169894,17,395,477,4.11,3,169894,43,Desenho,Feliz,2094,Exposicao_Face
169910,17,387,482,3.99,3,169910,43,Desenho,Feliz,2110,Exposicao_Face
169927,17,388,482,4.07,3,169927,43,Desenho,Feliz,2127,Exposicao_Face
169944,17,390,479,4.03,3,169944,43,Desenho,Feliz,2144,Exposicao_Face
169960,17,415,460,4.03,3,169960,43,Desenho,Feliz,2160,Exposicao_Face
169977,17,452,374,4.06,2,169977,43,Desenho,Feliz,2177,Exposicao_Face
169994,17,474,329,4.07,1,169994,43,Desenho,Feliz,2194,Exposicao_Face
170010,17,496,318,4.04,1,170010,43,Desenho,Feliz,2210,Exposicao_Face
170027,17,489,314,4.06,1,170027,43,Desenho,Feliz,2227,Exposicao_Face
170043,17,483,316,4.03,1,170043,43,Desenho,Feliz,2243,Exposicao_Face
170060,17,496,313,4.06,1,170060,43,Desenho,Feliz,2260,Exposicao_Face
170077,17,482,326,3.99,1,170077,43,Desenho,Feliz,2277,Exposicao_Face
170093,17,493,311,4.03,1,170093,43,Desenho,Feliz,2293,Exposicao_Face
170110,17,487,320,4.06,1,170110,43,Desenho,Feliz,2310,Exposicao_Face
170127,17,494,320,4.04,1,170127,43,Desenho,Feliz,2327,Exposicao_Face
170143,17,498,313,4.07,1,170143,43,Desenho,Feliz,2343,Exposicao_Face
170160,17,485,313,3.98,1,170160,43,Desenho,Feliz,2360,Exposicao_Face
170177,17,498,307,3.96,1,170177,43,Desenho,Feliz,2377,Exposicao_Face
170210,33,486,319,4.03,1,170210,43,Desenho,Feliz,2410,Exposicao_Face
170226,17,504,307,4.03,1,170226,43,Desenho,Feliz,2426,Exposicao_Face
170243,17,485,323,3.99,1,170243,43,Desenho,Feliz,2443,Exposicao_Face
170260,17,476,322,4.03,1,170260,43,Desenho,Feliz,2460,Exposicao_Face
170276,17,491,310,3.98,1,170276,43,Desenho,Feliz,2476,Exposicao_Face
170293,17,477,321,3.96,1,170293,43,Desenho,Feliz,2493,Exposicao_Face
170310,17,486,318,3.99,1,170310,43,Desenho,Feliz,2510,Exposicao_Face
170326,17,503,314,4.04,1,170326,43,Desenho,Feliz,2526,Exposicao_Face
170343,17,540,333,4.03,1,170343,43,Desenho,Feliz,2543,Exposicao_Face
170360,17,551,313,4.11,1,170360,43,Desenho,Feliz,2560,Exposicao_Face
170376,17,555,314,4.01,1,170376,43,Desenho,Feliz,2576,Exposicao_Face
170393,17,558,315,4.09,1,170393,43,Desenho,Feliz,2593,Exposicao_Face
170409,17,559,313,3.99,1,170409,43,Desenho,Feliz,2609,Exposicao_Face
170426,17,544,320,4.12,1,170426,43,Desenho,Feliz,2626,Exposicao_Face
170443,17,538,328,4.15,1,170443,43,Desenho,Feliz,2643,Exposicao_Face
170459,17,558,310,3.91,1,170459,43,Desenho,Feliz,2659,Exposicao_Face
170476,17,555,325,4.07,1,170476,43,Desenho,Feliz,2676,Exposicao_Face
170493,17,557,319,4.06,1,170493,43,Desenho,Feliz,2693,Exposicao_Face
170509,17,544,315,4.03,1,170509,43,Desenho,Feliz,2709,Exposicao_Face
170526,17,549,315,3.99,1,170526,43,Desenho,Feliz,2726,Exposicao_Face
170543,17,555,311,4.07,1,170543,43,Desenho,Feliz,2743,Exposicao_Face
170559,17,555,324,4.14,1,170559,43,Desenho,Feliz,2759,Exposicao_Face
170576,17,561,312,4.04,1,170576,43,Desenho,Feliz,2776,Exposicao_Face
170592,17,556,331,4.15,1,170592,43,Desenho,Feliz,2792,Exposicao_Face
170609,17,554,323,4.17,1,170609,43,Desenho,Feliz,2809,Exposicao_Face
170626,17,586,311,4.17,1,170626,43,Desenho,Feliz,2826,Exposicao_Face
170642,17,599,300,4.14,1,170642,43,Desenho,Feliz,2842,Exposicao_Face
170659,17,613,297,4.15,1,170659,43,Desenho,Feliz,2859,Exposicao_Face
170676,17,625,274,4.11,1,170676,43,Desenho,Feliz,2876,Exposicao_Face
170692,17,616,296,4.14,1,170692,43,Desenho,Feliz,2892,Exposicao_Face
170709,17,625,282,4.12,1,170709,43,Desenho,Feliz,2909,Exposicao_Face
170726,17,609,303,4.12,1,170726,43,Desenho,Feliz,2926,Exposicao_Face
170742,17,618,303,4.14,1,170742,43,Desenho,Feliz,2942,Exposicao_Face
170759,17,617,310,4.27,1,170759,43,Desenho,Feliz,2959,Exposicao_Face
170775,17,618,295,4.2,1,170775,43,Desenho,Feliz,2975,Exposicao_Face
170792,17,615,291,4.14,1,170792,43,Desenho,Feliz,2992,Exposicao_Face
170809,17,616,290,4.14,1,170809,43,Desenho,Feliz,3009,Exposicao_Face
170825,17,622,282,4.11,1,170825,43,Desenho,Feliz,3025,Exposicao_Face
170842,17,622,276,4.12,1,170842,43,Desenho,Feliz,3042,Exposicao_Face
170859,17,617,294,4.27,1,170859,43,Desenho,Feliz,3059,Exposicao_Face
170875,17,642,279,4.27,1,170875,43,Desenho,Feliz,3075,Exposicao_Face
170892,17,628,288,4.28,1,170892,43,Desenho,Feliz,3092,Exposicao_Face
170908,17,628,280,4.19,1,170908,43,Desenho,Feliz,3108,Exposicao_Face
170925,17,623,294,4.2,1,170925,43,Desenho,Feliz,3125,Exposicao_Face
170942,17,617,297,4.19,1,170942,43,Desenho,Feliz,3142,Exposicao_Face
170958,17,612,288,4.14,1,170958,43,Desenho,Feliz,3158,Exposicao_Face
170975,17,617,291,4.15,1,170975,43,Desenho,Feliz,3175,Exposicao_Face
170992,17,627,281,4.15,1,170992,43,Desenho,Feliz,3192,Exposicao_Face
171008,17,622,297,4.15,1,171008,43,Desenho,Feliz,3208,Exposicao_Face
171025,17,615,299,4.28,1,171025,43,Desenho,Feliz,3225,Exposicao_Face
171042,17,629,270,4.22,1,171042,43,Desenho,Feliz,3242,Exposicao_Face
171058,17,620,287,4.14,1,171058,43,Desenho,Feliz,3258,Exposicao_Face
171075,17,627,279,4.19,1,171075,43,Desenho,Feliz,3275,Exposicao_Face
171091,17,619,286,4.11,1,171091,43,Desenho,Feliz,3291,Exposicao_Face
171108,17,627,284,4.22,1,171108,43,Desenho,Feliz,3308,Exposicao_Face
171125,17,614,309,4.3,1,171125,43,Desenho,Feliz,3325,Exposicao_Face
171141,17,633,272,4.14,1,171141,43,Desenho,Feliz,3341,Exposicao_Face
171158,17,638,271,4.06,1,171158,43,Desenho,Feliz,3358,Exposicao_Face
171175,17,641,252,4.09,1,171175,43,Desenho,Feliz,3375,Exposicao_Face
171191,17,646,270,4.14,1,171191,43,Desenho,Feliz,3391,Exposicao_Face
171208,17,637,265,4.32,1,171208,43,Desenho,Feliz,3408,Exposicao_Face
171225,17,641,263,4.11,1,171225,43,Desenho,Feliz,3425,Exposicao_Face
171241,17,646,258,4.27,1,171241,43,Desenho,Feliz,3441,Exposicao_Face
171258,17,643,266,4.25,1,171258,43,Desenho,Feliz,3458,Exposicao_Face
171274,17,649,245,4.12,1,171274,43,Desenho,Feliz,3474,Exposicao_Face
171291,17,645,263,4.25,1,171291,43,Desenho,Feliz,3491,Exposicao_Face
171324,33,640,270,4.32,1,171324,43,Desenho,Feliz,3524,Exposicao_Face
171358,33,504,323,4.3,1,171358,43,Desenho,Feliz,3558,Exposicao_Face
171374,17,470,325,4.09,1,171374,43,Desenho,Feliz,3574,Exposicao_Face
171391,17,445,342,4.19,1,171391,43,Desenho,Feliz,3591,Exposicao_Face
171408,17,462,327,4.33,1,171408,43,Desenho,Feliz,3608,Exposicao_Face
171424,17,463,320,4.24,1,171424,43,Desenho,Feliz,3624,Exposicao_Face
171441,17,463,326,4.22,1,171441,43,Desenho,Feliz,3641,Exposicao_Face
171457,17,467,342,4.3,1,171457,43,Desenho,Feliz,3657,Exposicao_Face
171474,17,460,329,4.2,1,171474,43,Desenho,Feliz,3674,Exposicao_Face
171491,17,458,330,4.19,1,171491,43,Desenho,Feliz,3691,Exposicao_Face
171507,17,449,328,4.32,1,171507,43,Desenho,Feliz,3707,Exposicao_Face
171524,17,469,322,4.28,1,171524,43,Desenho,Feliz,3724,Exposicao_Face
171541,17,470,338,4.25,1,171541,43,Desenho,Feliz,3741,Exposicao_Face
171557,17,455,327,4.2,1,171557,43,Desenho,Feliz,3757,Exposicao_Face
171574,17,459,339,4.4,1,171574,43,Desenho,Feliz,3774,Exposicao_Face
171591,17,417,295,4.25,1,171591,43,Desenho,Feliz,3791,Exposicao_Face
171607,17,428,298,4.3,1,171607,43,Desenho,Feliz,3807,Exposicao_Face
171624,17,401,304,4.25,1,171624,43,Desenho,Feliz,3824,Exposicao_Face
171640,17,412,307,4.36,1,171640,43,Desenho,Feliz,3840,Exposicao_Face
171657,17,418,303,4.35,1,171657,43,Desenho,Feliz,3857,Exposicao_Face
171674,17,413,293,4.33,1,171674,43,Desenho,Feliz,3874,Exposicao_Face
171690,17,410,305,4.28,1,171690,43,Desenho,Feliz,3890,Exposicao_Face
171707,17,411,311,4.32,1,171707,43,Desenho,Feliz,3907,Exposicao_Face
171724,17,412,300,4.25,1,171724,43,Desenho,Feliz,3924,Exposicao_Face
171740,17,402,310,4.32,1,171740,43,Desenho,Feliz,3940,Exposicao_Face
171757,17,419,299,4.32,1,171757,43,Desenho,Feliz,3957,Exposicao_Face
171774,17,414,311,4.35,1,171774,43,Desenho,Feliz,3974,Exposicao_Face
171790,17,409,305,4.27,1,171790,43,Desenho,Feliz,3990,Exposicao_Face
171807,17,409,302,4.27,1,171807,44,Desenho,Neutro,7,Janela_Baseline
171823,17,425,297,4.2,1,171823,44,Desenho,Neutro,23,Janela_Baseline
171840,17,427,295,4.15,1,171840,44,Desenho,Neutro,40,Janela_Baseline
171890,50,426,289,4.2,1,171890,44,Desenho,Neutro,90,Janela_Baseline
171907,17,428,306,4.27,1,171907,44,Desenho,Neutro,107,Janela_Baseline
171923,17,427,300,4.27,1,171923,44,Desenho,Neutro,123,Janela_Baseline
171940,17,411,306,4.25,1,171940,44,Desenho,Neutro,140,Janela_Baseline
171957,17,429,289,4.24,1,171957,44,Desenho,Neutro,157,Janela_Baseline
171973,17,407,326,4.2,1,171973,44,Desenho,Neutro,173,Janela_Baseline
172522,549,161,468,4.4,3,172522,44,Desenho,Neutro,722,Janela_Baseline
172539,17,336,428,4.44,3,172539,44,Desenho,Neutro,739,Janela_Baseline
172555,17,450,382,4.32,2,172555,44,Desenho,Neutro,755,Janela_Baseline
172572,17,493,378,4.41,2,172572,44,Desenho,Neutro,772,Janela_Baseline
172589,17,485,361,4.32,1,172589,44,Desenho,Neutro,789,Janela_Baseline
172605,17,494,368,4.33,2,172605,44,Desenho,Neutro,805,Janela_Baseline
172622,17,494,372,4.4,2,172622,44,Desenho,Neutro,822,Janela_Baseline
172639,17,495,370,4.41,2,172639,44,Desenho,Neutro,839,Janela_Baseline
172655,17,504,365,4.41,2,172655,44,Desenho,Neutro,855,Janela_Baseline
172672,17,494,363,4.3,0,172672,44,Desenho,Neutro,872,Janela_Baseline
172688,17,486,376,4.27,2,172688,44,Desenho,Neutro,888,Janela_Baseline
172705,17,481,364,4.2,2,172705,44,Desenho,Neutro,905,Janela_Baseline
172722,17,498,368,4.33,2,172722,44,Desenho,Neutro,922,Janela_Baseline
172738,17,494,378,4.27,2,172738,44,Desenho,Neutro,938,Janela_Baseline
172755,17,508,371,4.2,2,172755,44,Desenho,Neutro,955,Janela_Baseline
172772,17,512,346,4.2,1,172772,44,Desenho,Neutro,972,Janela_Baseline
172788,17,530,334,4.2,1,172788,44,Desenho,Neutro,988,Janela_Baseline
172805,17,529,343,4.22,1,172805,44,Desenho,Neutro,1005,Janela_Baseline
172822,17,537,320,4.3,1,172822,44,Desenho,Neutro,1022,Janela_Baseline
172838,17,535,339,4.27,1,172838,44,Desenho,Neutro,1038,Janela_Baseline
172855,17,544,324,4.27,1,172855,44,Desenho,Neutro,1055,Janela_Baseline
172871,17,540,322,4.09,1,172871,44,Desenho,Neutro,1071,Janela_Baseline
172888,17,544,319,4.19,1,172888,44,Desenho,Neutro,1088,Janela_Baseline
172905,17,543,322,4.14,1,172905,44,Desenho,Neutro,1105,Janela_Baseline
172921,17,528,332,4.14,1,172921,44,Desenho,Neutro,1121,Janela_Baseline
172955,33,542,324,4.15,1,172955,44,Desenho,Neutro,1155,Janela_Baseline
172971,17,533,324,4.11,1,172971,44,Desenho,Neutro,1171,Janela_Baseline
172988,17,541,330,4.14,1,172988,44,Desenho,Neutro,1188,Janela_Baseline
173005,17,549,310,4.09,1,173005,44,Desenho,Neutro,1205,Janela_Baseline
173021,17,569,310,4.17,1,173021,44,Desenho,Neutro,1221,Janela_Baseline
173038,17,570,330,4.11,1,173038,44,Desenho,Neutro,1238,Janela_Baseline
173054,17,576,326,4.33,1,173054,44,Desenho,Neutro,1254,Janela_Baseline
173071,17,575,328,4.24,1,173071,44,Desenho,Neutro,1271,Janela_Baseline
173088,17,581,319,4.24,1,173088,44,Desenho,Neutro,1288,Janela_Baseline
173104,17,581,313,4.14,1,173104,44,Desenho,Neutro,1304,Exposicao_Face
173121,17,577,321,4.2,1,173121,44,Desenho,Neutro,1321,Exposicao_Face
173138,17,573,322,4.27,1,173138,44,Desenho,Neutro,1338,Exposicao_Face
173154,17,571,324,4.33,1,173154,44,Desenho,Neutro,1354,Exposicao_Face
173171,17,576,322,4.33,1,173171,44,Desenho,Neutro,1371,Exposicao_Face
173187,17,570,323,4.28,1,173187,44,Desenho,Neutro,1387,Exposicao_Face
173204,17,569,325,4.3,1,173204,44,Desenho,Neutro,1404,Exposicao_Face
173221,17,577,331,4.3,1,173221,44,Desenho,Neutro,1421,Exposicao_Face
173237,17,681,318,4.3,1,173237,44,Desenho,Neutro,1437,Exposicao_Face
173254,17,709,307,4.32,1,173254,44,Desenho,Neutro,1454,Exposicao_Face
173271,17,714,313,4.28,1,173271,44,Desenho,Neutro,1471,Exposicao_Face
173287,17,696,341,4.43,1,173287,44,Desenho,Neutro,1487,Exposicao_Face
173304,17,713,336,4.35,1,173304,44,Desenho,Neutro,1504,Exposicao_Face
173321,17,704,321,4.4,1,173321,44,Desenho,Neutro,1521,Exposicao_Face
173337,17,701,339,4.35,1,173337,44,Desenho,Neutro,1537,Exposicao_Face
173354,17,705,321,4.44,1,173354,44,Desenho,Neutro,1554,Exposicao_Face
173370,17,720,344,4.48,1,173370,44,Desenho,Neutro,1570,Exposicao_Face
173387,17,711,320,4.51,1,173387,44,Desenho,Neutro,1587,Exposicao_Face
173404,17,704,347,4.43,1,173404,44,Desenho,Neutro,1604,Exposicao_Face
173420,17,697,308,4.46,1,173420,44,Desenho,Neutro,1620,Exposicao_Face
173437,17,687,336,4.44,1,173437,44,Desenho,Neutro,1637,Exposicao_Face
173454,17,692,333,4.44,1,173454,44,Desenho,Neutro,1654,Exposicao_Face
173470,17,706,330,4.41,1,173470,44,Desenho,Neutro,1670,Exposicao_Face
173487,17,690,330,4.38,1,173487,44,Desenho,Neutro,1687,Exposicao_Face
173504,17,691,315,4.3,1,173504,44,Desenho,Neutro,1704,Exposicao_Face
173520,17,685,342,4.44,1,173520,44,Desenho,Neutro,1720,Exposicao_Face
173537,17,705,331,4.48,1,173537,44,Desenho,Neutro,1737,Exposicao_Face
173553,17,697,323,4.43,1,173553,44,Desenho,Neutro,1753,Exposicao_Face
173570,17,688,314,4.4,1,173570,44,Desenho,Neutro,1770,Exposicao_Face
173587,17,574,326,4.54,1,173587,44,Desenho,Neutro,1787,Exposicao_Face
173603,17,536,310,4.41,1,173603,44,Desenho,Neutro,1803,Exposicao_Face
173620,17,524,318,4.41,1,173620,44,Desenho,Neutro,1820,Exposicao_Face
173637,17,530,314,4.52,1,173637,44,Desenho,Neutro,1837,Exposicao_Face
173653,17,532,316,4.4,1,173653,44,Desenho,Neutro,1853,Exposicao_Face
173670,17,531,324,4.51,1,173670,44,Desenho,Neutro,1870,Exposicao_Face
173687,17,528,315,4.38,1,173687,44,Desenho,Neutro,1887,Exposicao_Face
173703,17,520,331,4.41,1,173703,44,Desenho,Neutro,1903,Exposicao_Face
173720,17,523,333,4.43,1,173720,44,Desenho,Neutro,1920,Exposicao_Face
173736,17,531,311,4.46,1,173736,44,Desenho,Neutro,1936,Exposicao_Face
173753,17,526,329,4.4,1,173753,44,Desenho,Neutro,1953,Exposicao_Face
173770,17,525,327,4.35,1,173770,44,Desenho,Neutro,1970,Exposicao_Face
173786,17,531,310,4.33,1,173786,44,Desenho,Neutro,1986,Exposicao_Face
173803,17,540,310,4.43,1,173803,44,Desenho,Neutro,2003,Exposicao_Face
173820,17,526,328,4.48,1,173820,44,Desenho,Neutro,2020,Exposicao_Face
173836,17,530,325,4.32,1,173836,44,Desenho,Neutro,2036,Exposicao_Face
173853,17,562,325,4.44,1,173853,44,Desenho,Neutro,2053,Exposicao_Face
173870,17,549,331,4.4,1,173870,44,Desenho,Neutro,2070,Exposicao_Face
173886,17,556,326,4.35,1,173886,44,Desenho,Neutro,2086,Exposicao_Face
173903,17,541,340,4.46,1,173903,44,Desenho,Neutro,2103,Exposicao_Face
173919,17,550,332,4.36,1,173919,44,Desenho,Neutro,2119,Exposicao_Face
173936,17,556,329,4.36,1,173936,44,Desenho,Neutro,2136,Exposicao_Face
173953,17,549,336,4.41,1,173953,44,Desenho,Neutro,2153,Exposicao_Face
173969,17,547,330,4.36,1,173969,44,Desenho,Neutro,2169,Exposicao_Face
173986,17,546,332,4.51,1,173986,44,Desenho,Neutro,2186,Exposicao_Face
174003,17,556,325,4.32,1,174003,44,Desenho,Neutro,2203,Exposicao_Face
174019,17,556,323,4.32,1,174019,44,Desenho,Neutro,2219,Exposicao_Face
174036,17,550,334,4.49,1,174036,44,Desenho,Neutro,2236,Exposicao_Face
174053,17,549,320,4.4,1,174053,44,Desenho,Neutro,2253,Exposicao_Face
174069,17,551,318,4.51,1,174069,44,Desenho,Neutro,2269,Exposicao_Face
174086,17,551,335,4.49,1,174086,44,Desenho,Neutro,2286,Exposicao_Face
174102,17,557,323,4.38,1,174102,44,Desenho,Neutro,2302,Exposicao_Face
174119,17,554,331,4.38,1,174119,44,Desenho,Neutro,2319,Exposicao_Face
174136,17,553,333,4.48,1,174136,44,Desenho,Neutro,2336,Exposicao_Face
174152,17,554,326,4.44,1,174152,44,Desenho,Neutro,2352,Exposicao_Face
174169,17,548,339,4.51,1,174169,44,Desenho,Neutro,2369,Exposicao_Face
174186,17,559,318,4.44,1,174186,44,Desenho,Neutro,2386,Exposicao_Face
174202,17,552,339,4.54,1,174202,44,Desenho,Neutro,2402,Exposicao_Face
174219,17,547,330,4.51,1,174219,44,Desenho,Neutro,2419,Exposicao_Face
174236,17,547,326,4.52,1,174236,44,Desenho,Neutro,2436,Exposicao_Face
174252,17,498,368,4.57,2,174252,44,Desenho,Neutro,2452,Exposicao_Face
174269,17,478,365,4.48,2,174269,44,Desenho,Neutro,2469,Exposicao_Face
174285,17,468,381,4.49,2,174285,44,Desenho,Neutro,2485,Exposicao_Face
174302,17,479,384,4.54,2,174302,44,Desenho,Neutro,2502,Exposicao_Face
174319,17,465,378,4.46,2,174319,44,Desenho,Neutro,2519,Exposicao_Face
174335,17,473,384,4.57,2,174335,44,Desenho,Neutro,2535,Exposicao_Face
174352,17,453,391,4.56,2,174352,44,Desenho,Neutro,2552,Exposicao_Face
174369,17,463,373,4.57,2,174369,44,Desenho,Neutro,2569,Exposicao_Face
174385,17,465,367,4.57,2,174385,44,Desenho,Neutro,2585,Exposicao_Face
174402,17,458,375,4.56,2,174402,44,Desenho,Neutro,2602,Exposicao_Face
174418,17,468,368,4.52,2,174418,44,Desenho,Neutro,2618,Exposicao_Face
174435,17,467,370,4.59,2,174435,44,Desenho,Neutro,2635,Exposicao_Face
174452,17,475,383,4.59,2,174452,44,Desenho,Neutro,2652,Exposicao_Face
174468,17,480,377,4.51,2,174468,44,Desenho,Neutro,2668,Exposicao_Face
174485,17,457,387,4.56,2,174485,44,Desenho,Neutro,2685,Exposicao_Face
174502,17,476,391,4.57,2,174502,44,Desenho,Neutro,2702,Exposicao_Face
174518,17,478,382,4.62,2,174518,44,Desenho,Neutro,2718,Exposicao_Face
174535,17,452,387,4.56,2,174535,44,Desenho,Neutro,2735,Exposicao_Face
174552,17,464,381,4.56,2,174552,44,Desenho,Neutro,2752,Exposicao_Face
174568,17,468,383,4.52,2,174568,44,Desenho,Neutro,2768,Exposicao_Face
174585,17,469,376,4.57,2,174585,44,Desenho,Neutro,2785,Exposicao_Face
174601,17,461,377,4.56,2,174601,44,Desenho,Neutro,2801,Exposicao_Face
174618,17,541,332,4.49,1,174618,44,Desenho,Neutro,2818,Exposicao_Face
174635,17,564,319,4.51,1,174635,44,Desenho,Neutro,2835,Exposicao_Face
174651,17,569,328,4.59,1,174651,44,Desenho,Neutro,2851,Exposicao_Face
174668,17,563,329,4.57,1,174668,44,Desenho,Neutro,2868,Exposicao_Face
174685,17,559,321,4.51,1,174685,44,Desenho,Neutro,2885,Exposicao_Face
174701,17,564,332,4.59,1,174701,44,Desenho,Neutro,2901,Exposicao_Face
174718,17,563,327,4.57,1,174718,44,Desenho,Neutro,2918,Exposicao_Face
174735,17,557,341,4.65,1,174735,44,Desenho,Neutro,2935,Exposicao_Face
174751,17,557,329,4.54,1,174751,44,Desenho,Neutro,2951,Exposicao_Face
174768,17,551,342,4.72,1,174768,44,Desenho,Neutro,2968,Exposicao_Face
174784,17,547,322,4.62,1,174784,44,Desenho,Neutro,2984,Exposicao_Face
174801,17,568,320,4.62,1,174801,44,Desenho,Neutro,3001,Exposicao_Face
174818,17,548,350,4.57,1,174818,44,Desenho,Neutro,3018,Exposicao_Face
174834,17,555,324,4.64,1,174834,44,Desenho,Neutro,3034,Exposicao_Face
174851,17,562,334,4.6,1,174851,44,Desenho,Neutro,3051,Exposicao_Face
174868,17,557,335,4.64,1,174868,44,Desenho,Neutro,3068,Exposicao_Face
174884,17,563,327,4.7,1,174884,44,Desenho,Neutro,3084,Exposicao_Face
174901,17,561,332,4.59,1,174901,44,Desenho,Neutro,3101,Exposicao_Face
174918,17,558,334,4.62,1,174918,44,Desenho,Neutro,3118,Exposicao_Face
174934,17,561,324,4.57,1,174934,44,Desenho,Neutro,3134,Exposicao_Face
174951,17,563,330,4.57,1,174951,44,Desenho,Neutro,3151,Exposicao_Face
174967,17,557,320,4.64,1,174967,44,Desenho,Neutro,3167,Exposicao_Face
174984,17,562,331,4.65,1,174984,44,Desenho,Neutro,3184,Exposicao_Face
175001,17,559,330,4.6,1,175001,44,Desenho,Neutro,3201,Exposicao_Face
175017,17,558,325,4.52,1,175017,44,Desenho,Neutro,3217,Exposicao_Face
175034,17,554,342,4.57,1,175034,44,Desenho,Neutro,3234,Exposicao_Face
175051,17,556,338,4.64,1,175051,44,Desenho,Neutro,3251,Exposicao_Face
175067,17,565,319,4.56,1,175067,44,Desenho,Neutro,3267,Exposicao_Face
175084,17,550,335,4.6,1,175084,44,Desenho,Neutro,3284,Exposicao_Face
175101,17,562,318,4.59,1,175101,44,Desenho,Neutro,3301,Exposicao_Face
175117,17,550,309,4.57,1,175117,44,Desenho,Neutro,3317,Exposicao_Face
175134,17,556,315,4.54,1,175134,44,Desenho,Neutro,3334,Exposicao_Face
175150,17,563,333,4.56,1,175150,44,Desenho,Neutro,3350,Exposicao_Face
175167,17,567,322,4.52,1,175167,44,Desenho,Neutro,3367,Exposicao_Face
175184,17,560,333,4.54,1,175184,44,Desenho,Neutro,3384,Exposicao_Face
175200,17,556,328,4.56,1,175200,44,Desenho,Neutro,3400,Exposicao_Face
175217,17,573,311,4.64,1,175217,44,Desenho,Neutro,3417,Exposicao_Face
175234,17,560,326,4.54,1,175234,44,Desenho,Neutro,3434,Exposicao_Face
175250,17,555,321,4.57,1,175250,44,Desenho,Neutro,3450,Exposicao_Face
175267,17,556,334,4.6,1,175267,44,Desenho,Neutro,3467,Exposicao_Face
175284,17,561,332,4.6,1,175284,44,Desenho,Neutro,3484,Exposicao_Face
175300,17,552,329,4.6,1,175300,44,Desenho,Neutro,3500,Exposicao_Face
175317,17,563,323,4.6,1,175317,44,Desenho,Neutro,3517,Exposicao_Face
175333,17,550,321,4.59,1,175333,44,Desenho,Neutro,3533,Exposicao_Face
175350,17,572,313,4.59,1,175350,44,Desenho,Neutro,3550,Exposicao_Face
175367,17,569,319,4.64,1,175367,44,Desenho,Neutro,3567,Exposicao_Face
175383,17,563,313,4.6,1,175383,44,Desenho,Neutro,3583,Exposicao_Face
175400,17,568,321,4.59,1,175400,44,Desenho,Neutro,3600,Exposicao_Face
175417,17,558,338,4.6,1,175417,44,Desenho,Neutro,3617,Exposicao_Face
175433,17,566,336,4.62,1,175433,44,Desenho,Neutro,3633,Exposicao_Face
175450,17,550,340,4.64,1,175450,44,Desenho,Neutro,3650,Exposicao_Face
175466,17,555,339,4.64,1,175466,44,Desenho,Neutro,3666,Exposicao_Face
175483,17,555,329,4.67,1,175483,44,Desenho,Neutro,3683,Exposicao_Face
175500,17,557,315,4.6,1,175500,44,Desenho,Neutro,3700,Exposicao_Face
175516,17,556,339,4.7,1,175516,44,Desenho,Neutro,3716,Exposicao_Face
175533,17,575,323,4.65,1,175533,44,Desenho,Neutro,3733,Exposicao_Face
175550,17,552,327,4.73,1,175550,44,Desenho,Neutro,3750,Exposicao_Face
175566,17,550,339,4.72,1,175566,44,Desenho,Neutro,3766,Exposicao_Face
175583,17,539,341,4.76,1,175583,44,Desenho,Neutro,3783,Exposicao_Face
175600,17,553,333,4.7,1,175600,44,Desenho,Neutro,3800,Exposicao_Face
175616,17,557,334,4.7,1,175616,44,Desenho,Neutro,3816,Exposicao_Face
175633,17,490,342,4.65,1,175633,44,Desenho,Neutro,3833,Exposicao_Face
175649,17,473,339,4.75,1,175649,44,Desenho,Neutro,3849,Exposicao_Face
175666,17,475,321,4.67,1,175666,44,Desenho,Neutro,3866,Exposicao_Face
175683,17,481,320,4.76,1,175683,44,Desenho,Neutro,3883,Exposicao_Face
175699,17,470,343,4.76,1,175699,44,Desenho,Neutro,3899,Exposicao_Face
175716,17,476,329,4.72,1,175716,44,Desenho,Neutro,3916,Exposicao_Face
175733,17,487,312,4.67,1,175733,44,Desenho,Neutro,3933,Exposicao_Face
175749,17,475,322,4.67,1,175749,44,Desenho,Neutro,3949,Exposicao_Face
175766,17,469,335,4.72,1,175766,44,Desenho,Neutro,3966,Exposicao_Face
175783,17,475,326,4.67,1,175783,44,Desenho,Neutro,3983,Exposicao_Face
175799,17,477,325,4.73,1,175799,44,Desenho,Neutro,3999,Exposicao_Face
175816,17,470,326,4.8,1,175816,45,Desenho,Raiva,16,Janela_Baseline
175832,17,472,340,4.64,1,175832,45,Desenho,Raiva,32,Janela_Baseline
175849,17,448,397,4.68,2,175849,45,Desenho,Raiva,49,Janela_Baseline
176015,166,367,622,0.0,3,176015,45,Desenho,Raiva,215,Janela_Baseline
176032,17,399,460,4.72,3,176032,45,Desenho,Raiva,232,Janela_Baseline
176049,17,470,351,4.72,1,176049,45,Desenho,Raiva,249,Janela_Baseline
176065,17,473,349,4.68,1,176065,45,Desenho,Raiva,265,Janela_Baseline
176082,17,473,336,4.67,1,176082,45,Desenho,Raiva,282,Janela_Baseline
176099,17,485,351,4.75,1,176099,45,Desenho,Raiva,299,Janela_Baseline
176115,17,472,344,4.68,1,176115,45,Desenho,Raiva,315,Janela_Baseline
176132,17,471,332,4.7,1,176132,45,Desenho,Raiva,332,Janela_Baseline
176149,17,490,325,4.59,1,176149,45,Desenho,Raiva,349,Janela_Baseline
176165,17,475,333,4.64,1,176165,45,Desenho,Raiva,365,Janela_Baseline
176182,17,477,344,4.65,1,176182,45,Desenho,Raiva,382,Janela_Baseline
176198,17,480,341,4.62,1,176198,45,Desenho,Raiva,398,Janela_Baseline
176215,17,490,330,4.64,1,176215,45,Desenho,Raiva,415,Janela_Baseline
176232,17,486,338,4.6,1,176232,45,Desenho,Raiva,432,Janela_Baseline
176248,17,501,320,4.65,1,176248,45,Desenho,Raiva,448,Janela_Baseline
176265,17,483,354,4.73,1,176265,45,Desenho,Raiva,465,Janela_Baseline
176282,17,482,344,4.72,1,176282,45,Desenho,Raiva,482,Janela_Baseline
176298,17,479,346,4.81,1,176298,45,Desenho,Raiva,498,Janela_Baseline
176315,17,503,323,4.62,1,176315,45,Desenho,Raiva,515,Janela_Baseline
176332,17,483,334,4.67,1,176332,45,Desenho,Raiva,532,Janela_Baseline
176348,17,476,339,4.64,1,176348,45,Desenho,Raiva,548,Janela_Baseline
176365,17,479,335,4.65,1,176365,45,Desenho,Raiva,565,Janela_Baseline
176381,17,478,345,4.76,1,176381,45,Desenho,Raiva,581,Janela_Baseline
176398,17,492,334,4.73,1,176398,45,Desenho,Raiva,598,Janela_Baseline
176415,17,497,328,4.67,1,176415,45,Desenho,Raiva,615,Janela_Baseline
176431,17,476,330,4.64,1,176431,45,Desenho,Raiva,631,Janela_Baseline
176448,17,491,327,4.57,1,176448,45,Desenho,Raiva,648,Janela_Baseline
176465,17,484,346,4.72,1,176465,45,Desenho,Raiva,665,Janela_Baseline
176481,17,481,345,4.6,1,176481,45,Desenho,Raiva,681,Janela_Baseline
176498,17,493,335,4.62,1,176498,45,Desenho,Raiva,698,Janela_Baseline
176515,17,484,330,4.57,1,176515,45,Desenho,Raiva,715,Janela_Baseline
176531,17,494,333,4.57,1,176531,45,Desenho,Raiva,731,Janela_Baseline
176548,17,492,333,4.6,1,176548,45,Desenho,Raiva,748,Janela_Baseline
176564,17,499,333,4.57,1,176564,45,Desenho,Raiva,764,Janela_Baseline
176581,17,476,340,4.6,1,176581,45,Desenho,Raiva,781,Janela_Baseline
176598,17,491,348,4.6,1,176598,45,Desenho,Raiva,798,Janela_Baseline
176614,17,480,341,4.6,1,176614,45,Desenho,Raiva,814,Janela_Baseline
176631,17,482,345,4.65,1,176631,45,Desenho,Raiva,831,Janela_Baseline
176648,17,495,330,4.59,1,176648,45,Desenho,Raiva,848,Janela_Baseline
176664,17,493,333,4.64,1,176664,45,Desenho,Raiva,864,Janela_Baseline
176681,17,495,341,4.57,1,176681,45,Desenho,Raiva,881,Janela_Baseline
176697,17,485,349,4.54,1,176697,45,Desenho,Raiva,897,Janela_Baseline
176714,17,489,339,4.52,1,176714,45,Desenho,Raiva,914,Janela_Baseline
176731,17,476,337,4.62,1,176731,45,Desenho,Raiva,931,Janela_Baseline
176747,17,487,328,4.56,1,176747,45,Desenho,Raiva,947,Janela_Baseline
176764,17,492,330,4.46,1,176764,45,Desenho,Raiva,964,Janela_Baseline
176781,17,475,336,4.51,1,176781,45,Desenho,Raiva,981,Janela_Baseline
176797,17,502,327,4.57,1,176797,45,Desenho,Raiva,997,Janela_Baseline
176814,17,486,338,4.57,1,176814,45,Desenho,Raiva,1014,Janela_Baseline
176831,17,496,326,4.48,1,176831,45,Desenho,Raiva,1031,Janela_Baseline
176847,17,489,336,4.57,1,176847,45,Desenho,Raiva,1047,Janela_Baseline
176864,17,485,338,4.6,1,176864,45,Desenho,Raiva,1064,Janela_Baseline
176880,17,512,340,4.64,1,176880,45,Desenho,Raiva,1080,Janela_Baseline
176897,17,534,330,4.64,1,176897,45,Desenho,Raiva,1097,Janela_Baseline
176914,17,538,319,4.59,1,176914,45,Desenho,Raiva,1114,Janela_Baseline
176930,17,533,318,4.64,1,176930,45,Desenho,Raiva,1130,Janela_Baseline
176947,17,546,323,4.65,1,176947,45,Desenho,Raiva,1147,Janela_Baseline
176964,17,528,326,4.64,1,176964,45,Desenho,Raiva,1164,Janela_Baseline
176980,17,528,331,4.59,1,176980,45,Desenho,Raiva,1180,Janela_Baseline
176997,17,529,319,4.72,1,176997,45,Desenho,Raiva,1197,Janela_Baseline
177014,17,522,325,4.68,1,177014,45,Desenho,Raiva,1214,Janela_Baseline
177030,17,536,320,4.72,1,177030,45,Desenho,Raiva,1230,Janela_Baseline
177047,17,534,325,4.59,1,177047,45,Desenho,Raiva,1247,Janela_Baseline
177063,17,540,317,4.6,1,177063,45,Desenho,Raiva,1263,Janela_Baseline
177080,17,530,315,4.64,1,177080,45,Desenho,Raiva,1280,Janela_Baseline
177097,17,544,313,4.59,1,177097,45,Desenho,Raiva,1297,Janela_Baseline
177113,17,530,320,4.6,1,177113,45,Desenho,Raiva,1313,Exposicao_Face
177130,17,565,308,4.65,1,177130,45,Desenho,Raiva,1330,Exposicao_Face
177147,17,552,314,4.62,1,177147,45,Desenho,Raiva,1347,Exposicao_Face
177163,17,583,297,4.64,1,177163,45,Desenho,Raiva,1363,Exposicao_Face
177180,17,571,314,4.67,1,177180,45,Desenho,Raiva,1380,Exposicao_Face
177197,17,568,330,4.75,1,177197,45,Desenho,Raiva,1397,Exposicao_Face
177213,17,545,335,4.8,1,177213,45,Desenho,Raiva,1413,Exposicao_Face
177230,17,553,317,4.68,1,177230,45,Desenho,Raiva,1430,Exposicao_Face
177246,17,553,327,4.75,1,177246,45,Desenho,Raiva,1446,Exposicao_Face
177263,17,577,311,4.78,1,177263,45,Desenho,Raiva,1463,Exposicao_Face
177280,17,552,325,4.68,1,177280,45,Desenho,Raiva,1480,Exposicao_Face
177296,17,568,306,4.67,1,177296,45,Desenho,Raiva,1496,Exposicao_Face
177380,83,454,307,4.83,1,177380,45,Desenho,Raiva,1580,Exposicao_Face
177396,17,438,309,4.78,1,177396,45,Desenho,Raiva,1596,Exposicao_Face
177413,17,440,317,4.75,1,177413,45,Desenho,Raiva,1613,Exposicao_Face
177429,17,444,313,4.84,1,177429,45,Desenho,Raiva,1629,Exposicao_Face
177446,17,444,317,4.97,1,177446,45,Desenho,Raiva,1646,Exposicao_Face
177463,17,427,329,4.84,1,177463,45,Desenho,Raiva,1663,Exposicao_Face
177479,17,432,327,4.88,1,177479,45,Desenho,Raiva,1679,Exposicao_Face
177496,17,433,314,4.91,1,177496,45,Desenho,Raiva,1696,Exposicao_Face
177513,17,441,312,4.91,1,177513,45,Desenho,Raiva,1713,Exposicao_Face
177529,17,436,317,4.88,1,177529,45,Desenho,Raiva,1729,Exposicao_Face
177546,17,593,277,4.89,1,177546,45,Desenho,Raiva,1746,Exposicao_Face
177563,17,666,260,4.88,1,177563,45,Desenho,Raiva,1763,Exposicao_Face
177579,17,665,266,4.8,1,177579,45,Desenho,Raiva,1779,Exposicao_Face
177596,17,684,252,4.78,1,177596,45,Desenho,Raiva,1796,Exposicao_Face
177612,17,675,251,4.76,1,177612,45,Desenho,Raiva,1812,Exposicao_Face
177629,17,682,252,4.81,1,177629,45,Desenho,Raiva,1829,Exposicao_Face
177646,17,675,261,4.91,1,177646,45,Desenho,Raiva,1846,Exposicao_Face
177662,17,680,253,4.83,1,177662,45,Desenho,Raiva,1862,Exposicao_Face
177679,17,677,260,4.94,1,177679,45,Desenho,Raiva,1879,Exposicao_Face
177696,17,665,261,4.96,1,177696,45,Desenho,Raiva,1896,Exposicao_Face
177712,17,661,258,4.92,1,177712,45,Desenho,Raiva,1912,Exposicao_Face
177729,17,492,333,4.89,1,177729,45,Desenho,Raiva,1929,Exposicao_Face
177745,17,475,346,4.99,1,177745,45,Desenho,Raiva,1945,Exposicao_Face
177762,17,450,344,4.94,1,177762,45,Desenho,Raiva,1962,Exposicao_Face
177779,17,464,342,4.91,1,177779,45,Desenho,Raiva,1979,Exposicao_Face
177812,33,456,344,4.94,1,177812,45,Desenho,Raiva,2012,Exposicao_Face
177812,0,456,344,4.94,1,177812,45,Desenho,Raiva,2012,Exposicao_Face
177829,17,456,346,4.94,1,177829,45,Desenho,Raiva,2029,Exposicao_Face
177845,17,399,319,-1.0,1,177845,45,Desenho,Raiva,2045,Exposicao_Face
177862,17,469,296,-1.0,1,177862,45,Desenho,Raiva,2062,Exposicao_Face
177879,17,472,301,-1.0,1,177879,45,Desenho,Raiva,2079,Exposicao_Face
177895,17,475,304,-1.0,1,177895,45,Desenho,Raiva,2095,Exposicao_Face
177912,17,436,358,4.99,1,177912,45,Desenho,Raiva,2112,Exposicao_Face
177928,17,444,363,4.99,0,177928,45,Desenho,Raiva,2128,Exposicao_Face
177945,17,467,350,5.02,1,177945,45,Desenho,Raiva,2145,Exposicao_Face
177962,17,525,347,5.07,1,177962,45,Desenho,Raiva,2162,Exposicao_Face
177978,17,515,355,4.99,1,177978,45,Desenho,Raiva,2178,Exposicao_Face
177995,17,513,348,5.02,1,177995,45,Desenho,Raiva,2195,Exposicao_Face
178012,17,522,346,5.05,1,178012,45,Desenho,Raiva,2212,Exposicao_Face
178028,17,512,357,5.04,1,178028,45,Desenho,Raiva,2228,Exposicao_Face
178045,17,513,343,4.97,1,178045,45,Desenho,Raiva,2245,Exposicao_Face
178062,17,505,351,4.99,1,178062,45,Desenho,Raiva,2262,Exposicao_Face
178078,17,519,340,4.99,1,178078,45,Desenho,Raiva,2278,Exposicao_Face
178095,17,516,353,5.07,1,178095,45,Desenho,Raiva,2295,Exposicao_Face
178111,17,530,340,5.02,1,178111,45,Desenho,Raiva,2311,Exposicao_Face
178128,17,518,344,5.01,1,178128,45,Desenho,Raiva,2328,Exposicao_Face
178145,17,519,369,5.02,2,178145,45,Desenho,Raiva,2345,Exposicao_Face
178161,17,487,362,5.04,1,178161,45,Desenho,Raiva,2361,Exposicao_Face
178178,17,503,358,5.2,1,178178,45,Desenho,Raiva,2378,Exposicao_Face
178195,17,501,349,5.07,1,178195,45,Desenho,Raiva,2395,Exposicao_Face
178211,17,432,337,5.17,1,178211,45,Desenho,Raiva,2411,Exposicao_Face
178228,17,410,327,5.15,1,178228,45,Desenho,Raiva,2428,Exposicao_Face
178245,17,406,331,5.17,1,178245,45,Desenho,Raiva,2445,Exposicao_Face
178261,17,419,318,4.94,1,178261,45,Desenho,Raiva,2461,Exposicao_Face
178278,17,403,339,5.13,1,178278,45,Desenho,Raiva,2478,Exposicao_Face
178294,17,398,336,5.12,1,178294,45,Desenho,Raiva,2494,Exposicao_Face
178311,17,400,341,5.18,1,178311,45,Desenho,Raiva,2511,Exposicao_Face
178378,67,406,326,4.94,1,178378,45,Desenho,Raiva,2578,Exposicao_Face
178411,33,402,337,5.13,1,178411,45,Desenho,Raiva,2611,Exposicao_Face
178428,17,394,333,5.17,1,178428,45,Desenho,Raiva,2628,Exposicao_Face
178444,17,400,342,5.12,1,178444,45,Desenho,Raiva,2644,Exposicao_Face
178461,17,409,323,5.12,1,178461,45,Desenho,Raiva,2661,Exposicao_Face
178477,17,414,326,5.09,1,178477,45,Desenho,Raiva,2677,Exposicao_Face
178494,17,539,327,5.1,1,178494,45,Desenho,Raiva,2694,Exposicao_Face
178511,17,616,312,5.13,1,178511,45,Desenho,Raiva,2711,Exposicao_Face
178527,17,627,302,5.17,1,178527,45,Desenho,Raiva,2727,Exposicao_Face
178544,17,639,299,5.18,1,178544,45,Desenho,Raiva,2744,Exposicao_Face
178561,17,637,317,5.21,1,178561,45,Desenho,Raiva,2761,Exposicao_Face
178577,17,626,312,5.18,1,178577,45,Desenho,Raiva,2777,Exposicao_Face
178594,17,626,309,5.25,1,178594,45,Desenho,Raiva,2794,Exposicao_Face
178611,17,605,330,5.2,1,178611,45,Desenho,Raiva,2811,Exposicao_Face
178627,17,613,305,5.15,1,178627,45,Desenho,Raiva,2827,Exposicao_Face
178644,17,636,311,5.13,1,178644,45,Desenho,Raiva,2844,Exposicao_Face
178660,17,632,315,5.2,1,178660,45,Desenho,Raiva,2860,Exposicao_Face
178677,17,648,304,5.18,1,178677,45,Desenho,Raiva,2877,Exposicao_Face
178694,17,635,312,5.09,1,178694,45,Desenho,Raiva,2894,Exposicao_Face
178710,17,660,304,5.2,1,178710,45,Desenho,Raiva,2910,Exposicao_Face
178727,17,689,290,5.21,1,178727,45,Desenho,Raiva,2927,Exposicao_Face
178744,17,739,255,5.15,1,178744,45,Desenho,Raiva,2944,Exposicao_Face
178760,17,745,254,5.28,1,178760,45,Desenho,Raiva,2960,Exposicao_Face
178777,17,746,259,5.18,1,178777,45,Desenho,Raiva,2977,Exposicao_Face
178794,17,708,268,5.17,1,178794,45,Desenho,Raiva,2994,Exposicao_Face
178810,17,745,267,5.26,1,178810,45,Desenho,Raiva,3010,Exposicao_Face
178827,17,758,253,5.21,1,178827,45,Desenho,Raiva,3027,Exposicao_Face
178843,17,742,252,5.18,1,178843,45,Desenho,Raiva,3043,Exposicao_Face
178860,17,741,274,5.15,1,178860,45,Desenho,Raiva,3060,Exposicao_Face
178877,17,746,250,5.18,1,178877,45,Desenho,Raiva,3077,Exposicao_Face
178893,17,756,253,5.21,1,178893,45,Desenho,Raiva,3093,Exposicao_Face
178910,17,760,245,5.18,1,178910,45,Desenho,Raiva,3110,Exposicao_Face
178927,17,717,270,5.28,1,178927,45,Desenho,Raiva,3127,Exposicao_Face
178943,17,733,267,5.17,1,178943,45,Desenho,Raiva,3143,Exposicao_Face
178960,17,721,261,5.17,1,178960,45,Desenho,Raiva,3160,Exposicao_Face
178976,17,743,260,5.18,1,178976,45,Desenho,Raiva,3176,Exposicao_Face
178993,17,750,253,5.28,1,178993,45,Desenho,Raiva,3193,Exposicao_Face
179010,17,754,252,5.23,1,179010,45,Desenho,Raiva,3210,Exposicao_Face
179026,17,728,264,5.21,1,179026,45,Desenho,Raiva,3226,Exposicao_Face
179043,17,722,252,5.13,1,179043,45,Desenho,Raiva,3243,Exposicao_Face
179060,17,752,247,5.2,1,179060,45,Desenho,Raiva,3260,Exposicao_Face
179076,17,753,252,5.09,1,179076,45,Desenho,Raiva,3276,Exposicao_Face
179093,17,714,277,5.09,1,179093,45,Desenho,Raiva,3293,Exposicao_Face
179110,17,485,349,5.33,1,179110,45,Desenho,Raiva,3310,Exposicao_Face
179126,17,434,356,5.29,1,179126,45,Desenho,Raiva,3326,Exposicao_Face
179143,17,431,337,5.2,1,179143,45,Desenho,Raiva,3343,Exposicao_Face
179159,17,433,350,5.25,1,179159,45,Desenho,Raiva,3359,Exposicao_Face
179176,17,431,352,5.21,1,179176,45,Desenho,Raiva,3376,Exposicao_Face
179193,17,433,348,5.23,1,179193,45,Desenho,Raiva,3393,Exposicao_Face
179209,17,430,350,5.21,1,179209,45,Desenho,Raiva,3409,Exposicao_Face
179226,17,434,338,5.23,1,179226,45,Desenho,Raiva,3426,Exposicao_Face
179243,17,428,355,5.26,1,179243,45,Desenho,Raiva,3443,Exposicao_Face
179259,17,426,352,5.26,1,179259,45,Desenho,Raiva,3459,Exposicao_Face
179276,17,431,345,5.29,1,179276,45,Desenho,Raiva,3476,Exposicao_Face
179293,17,421,357,5.28,1,179293,45,Desenho,Raiva,3493,Exposicao_Face
179309,17,424,353,5.21,1,179309,45,Desenho,Raiva,3509,Exposicao_Face
179326,17,421,356,5.29,1,179326,45,Desenho,Raiva,3526,Exposicao_Face
179342,17,421,352,5.26,1,179342,45,Desenho,Raiva,3542,Exposicao_Face
179359,17,416,352,5.29,1,179359,45,Desenho,Raiva,3559,Exposicao_Face
179376,17,424,343,5.23,1,179376,45,Desenho,Raiva,3576,Exposicao_Face
179392,17,427,347,5.23,1,179392,45,Desenho,Raiva,3592,Exposicao_Face
179409,17,432,357,5.29,1,179409,45,Desenho,Raiva,3609,Exposicao_Face
179426,17,466,369,5.47,2,179426,45,Desenho,Raiva,3626,Exposicao_Face
179442,17,487,355,5.23,1,179442,45,Desenho,Raiva,3642,Exposicao_Face
179459,17,497,359,5.21,1,179459,45,Desenho,Raiva,3659,Exposicao_Face
179476,17,485,363,5.28,0,179476,45,Desenho,Raiva,3676,Exposicao_Face
179492,17,492,355,5.25,1,179492,45,Desenho,Raiva,3692,Exposicao_Face
179509,17,497,345,5.25,1,179509,45,Desenho,Raiva,3709,Exposicao_Face
179525,17,501,349,5.31,1,179525,45,Desenho,Raiva,3725,Exposicao_Face
179542,17,494,371,5.31,2,179542,45,Desenho,Raiva,3742,Exposicao_Face
179559,17,489,364,5.28,2,179559,45,Desenho,Raiva,3759,Exposicao_Face
179575,17,506,347,5.28,1,179575,45,Desenho,Raiva,3775,Exposicao_Face
179592,17,497,353,5.21,1,179592,45,Desenho,Raiva,3792,Exposicao_Face
179609,17,499,361,5.31,1,179609,45,Desenho,Raiva,3809,Exposicao_Face
179625,17,487,355,5.26,1,179625,45,Desenho,Raiva,3825,Exposicao_Face
179642,17,506,360,5.33,1,179642,45,Desenho,Raiva,3842,Exposicao_Face
179659,17,502,352,5.25,1,179659,45,Desenho,Raiva,3859,Exposicao_Face
179675,17,478,365,5.28,2,179675,45,Desenho,Raiva,3875,Exposicao_Face
179708,33,496,360,5.28,1,179708,45,Desenho,Raiva,3908,Exposicao_Face
179725,17,500,344,5.25,1,179725,45,Desenho,Raiva,3925,Exposicao_Face
179742,17,495,363,5.26,0,179742,45,Desenho,Raiva,3942,Exposicao_Face
179758,17,448,385,5.34,2,179758,45,Desenho,Raiva,3958,Exposicao_Face
179775,17,447,369,5.33,2,179775,45,Desenho,Raiva,3975,Exposicao_Face
179792,17,430,380,5.31,2,179792,45,Desenho,Raiva,3992,Exposicao_Face
179808,17,436,383,5.29,2,179808,46,Desenho,Feliz,8,Janela_Baseline
179825,17,452,386,5.36,2,179825,46,Desenho,Feliz,25,Janela_Baseline
179842,17,443,367,5.33,2,179842,46,Desenho,Feliz,42,Janela_Baseline
179858,17,441,373,5.34,2,179858,46,Desenho,Feliz,58,Janela_Baseline
179875,17,465,378,5.39,2,179875,46,Desenho,Feliz,75,Janela_Baseline
179891,17,430,372,5.31,2,179891,46,Desenho,Feliz,91,Janela_Baseline
179908,17,431,374,5.21,2,179908,46,Desenho,Feliz,108,Janela_Baseline
179925,17,439,377,5.39,2,179925,46,Desenho,Feliz,125,Janela_Baseline
179941,17,416,428,5.26,3,179941,46,Desenho,Feliz,141,Janela_Baseline
180640,699,530,358,0.0,1,180640,46,Desenho,Feliz,840,Janela_Baseline
180657,17,483,383,0.0,2,180657,46,Desenho,Feliz,857,Janela_Baseline
180690,33,534,345,0.0,1,180690,46,Desenho,Feliz,890,Janela_Baseline
180723,33,528,342,0.0,1,180723,46,Desenho,Feliz,923,Janela_Baseline
180773,50,444,385,5.12,2,180773,46,Desenho,Feliz,973,Janela_Baseline
180790,17,443,393,5.33,2,180790,46,Desenho,Feliz,990,Janela_Baseline
180806,17,452,384,5.18,2,180806,46,Desenho,Feliz,1006,Janela_Baseline
180823,17,435,384,5.18,2,180823,46,Desenho,Feliz,1023,Janela_Baseline
180840,17,434,393,5.18,2,180840,46,Desenho,Feliz,1040,Janela_Baseline
180856,17,443,387,5.17,2,180856,46,Desenho,Feliz,1056,Janela_Baseline
180873,17,430,386,5.28,2,180873,46,Desenho,Feliz,1073,Janela_Baseline
180890,17,442,387,5.1,2,180890,46,Desenho,Feliz,1090,Janela_Baseline
180906,17,446,387,5.26,2,180906,46,Desenho,Feliz,1106,Janela_Baseline
180923,17,419,406,5.1,2,180923,46,Desenho,Feliz,1123,Janela_Baseline
180939,17,424,394,5.12,2,180939,46,Desenho,Feliz,1139,Janela_Baseline
180956,17,451,383,5.05,2,180956,46,Desenho,Feliz,1156,Janela_Baseline
180973,17,422,364,5.07,2,180973,46,Desenho,Feliz,1173,Janela_Baseline
180989,17,418,384,4.97,2,180989,46,Desenho,Feliz,1189,Janela_Baseline
181006,17,424,366,4.94,2,181006,46,Desenho,Feliz,1206,Janela_Baseline
181023,17,431,357,4.83,1,181023,46,Desenho,Feliz,1223,Janela_Baseline
181039,17,433,364,4.88,2,181039,46,Desenho,Feliz,1239,Janela_Baseline
181056,17,419,376,4.88,2,181056,46,Desenho,Feliz,1256,Janela_Baseline
181073,17,424,367,4.8,2,181073,46,Desenho,Feliz,1273,Janela_Baseline
181089,17,433,369,4.81,2,181089,46,Desenho,Feliz,1289,Janela_Baseline
181106,17,416,364,4.78,2,181106,46,Desenho,Feliz,1306,Exposicao_Face
181122,17,424,372,4.86,2,181122,46,Desenho,Feliz,1322,Exposicao_Face
181139,17,421,355,4.91,1,181139,46,Desenho,Feliz,1339,Exposicao_Face
181156,17,432,362,4.75,1,181156,46,Desenho,Feliz,1356,Exposicao_Face
181172,17,427,372,4.78,2,181172,46,Desenho,Feliz,1372,Exposicao_Face
181189,17,437,354,4.83,1,181189,46,Desenho,Feliz,1389,Exposicao_Face
181206,17,429,351,4.65,1,181206,46,Desenho,Feliz,1406,Exposicao_Face
181222,17,438,354,4.7,1,181222,46,Desenho,Feliz,1422,Exposicao_Face
181239,17,430,384,4.76,2,181239,46,Desenho,Feliz,1439,Exposicao_Face
181255,17,428,358,4.64,1,181255,46,Desenho,Feliz,1455,Exposicao_Face
181272,17,418,375,4.7,2,181272,46,Desenho,Feliz,1472,Exposicao_Face
181289,17,432,358,4.65,1,181289,46,Desenho,Feliz,1489,Exposicao_Face
181305,17,432,371,4.64,2,181305,46,Desenho,Feliz,1505,Exposicao_Face
181322,17,422,369,4.56,2,181322,46,Desenho,Feliz,1522,Exposicao_Face
181339,17,419,374,4.6,2,181339,46,Desenho,Feliz,1539,Exposicao_Face
181355,17,447,353,4.62,1,181355,46,Desenho,Feliz,1555,Exposicao_Face
181372,17,431,354,4.62,1,181372,46,Desenho,Feliz,1572,Exposicao_Face
181389,17,418,369,4.48,2,181389,46,Desenho,Feliz,1589,Exposicao_Face
181405,17,423,368,4.52,2,181405,46,Desenho,Feliz,1605,Exposicao_Face
181422,17,424,373,4.52,2,181422,46,Desenho,Feliz,1622,Exposicao_Face
181438,17,440,361,4.56,1,181438,46,Desenho,Feliz,1638,Exposicao_Face
181455,17,432,368,4.67,2,181455,46,Desenho,Feliz,1655,Exposicao_Face
181472,17,432,367,4.51,2,181472,46,Desenho,Feliz,1672,Exposicao_Face
181488,17,424,369,4.48,2,181488,46,Desenho,Feliz,1688,Exposicao_Face
181505,17,433,363,4.48,2,181505,46,Desenho,Feliz,1705,Exposicao_Face
181522,17,446,353,4.36,1,181522,46,Desenho,Feliz,1722,Exposicao_Face
181538,17,434,360,4.48,1,181538,46,Desenho,Feliz,1738,Exposicao_Face
181555,17,432,359,4.43,1,181555,46,Desenho,Feliz,1755,Exposicao_Face
181572,17,485,387,4.4,2,181572,46,Desenho,Feliz,1772,Exposicao_Face
181588,17,453,402,4.49,2,181588,46,Desenho,Feliz,1788,Exposicao_Face
181605,17,490,386,4.33,2,181605,46,Desenho,Feliz,1805,Exposicao_Face
181621,17,454,394,4.38,2,181621,46,Desenho,Feliz,1821,Exposicao_Face
181638,17,462,403,4.44,2,181638,46,Desenho,Feliz,1838,Exposicao_Face
181655,17,453,409,4.4,2,181655,46,Desenho,Feliz,1855,Exposicao_Face
181671,17,464,403,4.4,2,181671,46,Desenho,Feliz,1871,Exposicao_Face
181688,17,460,398,4.38,2,181688,46,Desenho,Feliz,1888,Exposicao_Face
181705,17,483,406,4.33,2,181705,46,Desenho,Feliz,1905,Exposicao_Face
181721,17,480,419,4.32,3,181721,46,Desenho,Feliz,1921,Exposicao_Face
181738,17,454,405,4.4,2,181738,46,Desenho,Feliz,1938,Exposicao_Face
181755,17,456,398,4.35,2,181755,46,Desenho,Feliz,1955,Exposicao_Face
181771,17,472,397,4.27,2,181771,46,Desenho,Feliz,1971,Exposicao_Face
181788,17,469,403,4.38,2,181788,46,Desenho,Feliz,1988,Exposicao_Face
181804,17,466,392,4.3,2,181804,46,Desenho,Feliz,2004,Exposicao_Face
181821,17,469,405,4.27,2,181821,46,Desenho,Feliz,2021,Exposicao_Face
181838,17,478,402,4.27,2,181838,46,Desenho,Feliz,2038,Exposicao_Face
181854,17,471,397,4.3,2,181854,46,Desenho,Feliz,2054,Exposicao_Face
181871,17,493,410,4.22,2,181871,46,Desenho,Feliz,2071,Exposicao_Face
181888,17,451,408,4.24,2,181888,46,Desenho,Feliz,2088,Exposicao_Face
181904,17,327,463,4.35,3,181904,46,Desenho,Feliz,2104,Exposicao_Face
181921,17,297,494,4.43,3,181921,46,Desenho,Feliz,2121,Exposicao_Face
181938,17,289,491,4.35,3,181938,46,Desenho,Feliz,2138,Exposicao_Face
181954,17,285,480,4.24,3,181954,46,Desenho,Feliz,2154,Exposicao_Face
181971,17,289,477,4.32,3,181971,46,Desenho,Feliz,2171,Exposicao_Face
181987,17,294,487,4.38,3,181987,46,Desenho,Feliz,2187,Exposicao_Face
182004,17,268,503,4.4,3,182004,46,Desenho,Feliz,2204,Exposicao_Face
182021,17,285,495,4.43,3,182021,46,Desenho,Feliz,2221,Exposicao_Face
182054,33,292,494,4.46,3,182054,46,Desenho,Feliz,2254,Exposicao_Face
182054,0,292,494,4.46,3,182054,46,Desenho,Feliz,2254,Exposicao_Face
182071,17,290,484,4.35,3,182071,46,Desenho,Feliz,2271,Exposicao_Face
182087,17,292,486,4.38,3,182087,46,Desenho,Feliz,2287,Exposicao_Face
182104,17,291,483,4.41,3,182104,46,Desenho,Feliz,2304,Exposicao_Face
182121,17,287,500,4.44,3,182121,46,Desenho,Feliz,2321,Exposicao_Face
182137,17,284,488,4.4,3,182137,46,Desenho,Feliz,2337,Exposicao_Face
182154,17,282,486,4.46,3,182154,46,Desenho,Feliz,2354,Exposicao_Face
182170,17,282,500,4.48,3,182170,46,Desenho,Feliz,2370,Exposicao_Face
182187,17,288,469,4.46,3,182187,46,Desenho,Feliz,2387,Exposicao_Face
182204,17,300,473,4.4,3,182204,46,Desenho,Feliz,2404,Exposicao_Face
182220,17,309,458,4.41,3,182220,46,Desenho,Feliz,2420,Exposicao_Face
182237,17,302,453,4.49,3,182237,46,Desenho,Feliz,2437,Exposicao_Face
182254,17,295,468,4.4,3,182254,46,Desenho,Feliz,2454,Exposicao_Face
182270,17,313,460,4.44,3,182270,46,Desenho,Feliz,2470,Exposicao_Face
182287,17,316,457,4.4,3,182287,46,Desenho,Feliz,2487,Exposicao_Face
182304,17,308,453,4.57,3,182304,46,Desenho,Feliz,2504,Exposicao_Face
182320,17,312,452,4.51,3,182320,46,Desenho,Feliz,2520,Exposicao_Face
182337,17,310,443,4.38,3,182337,46,Desenho,Feliz,2537,Exposicao_Face
182353,17,304,458,4.57,3,182353,46,Desenho,Feliz,2553,Exposicao_Face
182370,17,304,460,4.52,3,182370,46,Desenho,Feliz,2570,Exposicao_Face
182387,17,314,476,4.54,3,182387,46,Desenho,Feliz,2587,Exposicao_Face
182403,17,298,468,4.56,3,182403,46,Desenho,Feliz,2603,Exposicao_Face
182420,17,306,464,4.56,3,182420,46,Desenho,Feliz,2620,Exposicao_Face
182437,17,308,469,4.52,3,182437,46,Desenho,Feliz,2637,Exposicao_Face
182453,17,304,464,4.57,3,182453,46,Desenho,Feliz,2653,Exposicao_Face
182470,17,320,446,4.52,3,182470,46,Desenho,Feliz,2670,Exposicao_Face
182486,17,311,453,4.62,3,182486,46,Desenho,Feliz,2686,Exposicao_Face
182503,17,309,454,4.52,3,182503,46,Desenho,Feliz,2703,Exposicao_Face
182520,17,321,435,4.52,3,182520,46,Desenho,Feliz,2720,Exposicao_Face
182553,33,313,449,4.56,3,182553,46,Desenho,Feliz,2753,Exposicao_Face
182553,0,313,449,4.56,3,182553,46,Desenho,Feliz,2753,Exposicao_Face
182570,17,309,460,4.52,3,182570,46,Desenho,Feliz,2770,Exposicao_Face
182586,17,311,453,4.52,3,182586,46,Desenho,Feliz,2786,Exposicao_Face
182603,17,321,445,4.54,3,182603,46,Desenho,Feliz,2803,Exposicao_Face
182620,17,321,461,4.57,3,182620,46,Desenho,Feliz,2820,Exposicao_Face
182636,17,310,446,4.52,3,182636,46,Desenho,Feliz,2836,Exposicao_Face
182653,17,308,450,4.46,3,182653,46,Desenho,Feliz,2853,Exposicao_Face
182669,17,309,454,4.57,3,182669,46,Desenho,Feliz,2869,Exposicao_Face
182686,17,309,454,4.59,3,182686,46,Desenho,Feliz,2886,Exposicao_Face
182703,17,311,450,4.49,3,182703,46,Desenho,Feliz,2903,Exposicao_Face
182719,17,304,451,4.51,3,182719,46,Desenho,Feliz,2919,Exposicao_Face
182736,17,314,447,4.54,3,182736,46,Desenho,Feliz,2936,Exposicao_Face
182753,17,313,449,4.48,3,182753,46,Desenho,Feliz,2953,Exposicao_Face
182769,17,310,448,4.54,3,182769,46,Desenho,Feliz,2969,Exposicao_Face
182786,17,318,443,4.54,3,182786,46,Desenho,Feliz,2986,Exposicao_Face
182803,17,314,442,4.51,3,182803,46,Desenho,Feliz,3003,Exposicao_Face
182819,17,313,447,4.56,3,182819,46,Desenho,Feliz,3019,Exposicao_Face
182836,17,310,454,4.56,3,182836,46,Desenho,Feliz,3036,Exposicao_Face
182852,17,300,459,4.49,3,182852,46,Desenho,Feliz,3052,Exposicao_Face
182869,17,311,456,4.62,3,182869,46,Desenho,Feliz,3069,Exposicao_Face
182886,17,310,450,4.59,3,182886,46,Desenho,Feliz,3086,Exposicao_Face
182902,17,308,454,4.65,3,182902,46,Desenho,Feliz,3102,Exposicao_Face
182919,17,318,442,4.57,3,182919,46,Desenho,Feliz,3119,Exposicao_Face
182936,17,307,454,4.52,3,182936,46,Desenho,Feliz,3136,Exposicao_Face
182952,17,313,457,4.68,3,182952,46,Desenho,Feliz,3152,Exposicao_Face
182969,17,306,462,4.56,3,182969,46,Desenho,Feliz,3169,Exposicao_Face
182986,17,301,452,4.54,3,182986,46,Desenho,Feliz,3186,Exposicao_Face
183002,17,306,465,4.7,3,183002,46,Desenho,Feliz,3202,Exposicao_Face
183019,17,317,446,4.65,3,183019,46,Desenho,Feliz,3219,Exposicao_Face
183035,17,306,459,4.68,3,183035,46,Desenho,Feliz,3235,Exposicao_Face
183052,17,306,465,4.8,3,183052,46,Desenho,Feliz,3252,Exposicao_Face
183069,17,328,433,4.64,3,183069,46,Desenho,Feliz,3269,Exposicao_Face
183085,17,396,350,4.68,1,183085,46,Desenho,Feliz,3285,Exposicao_Face
183119,33,437,339,4.7,1,183119,46,Desenho,Feliz,3319,Exposicao_Face
183135,17,451,327,4.67,1,183135,46,Desenho,Feliz,3335,Exposicao_Face
183152,17,454,336,4.7,1,183152,46,Desenho,Feliz,3352,Exposicao_Face
183169,17,451,328,4.76,1,183169,46,Desenho,Feliz,3369,Exposicao_Face
183185,17,446,356,4.83,1,183185,46,Desenho,Feliz,3385,Exposicao_Face
183202,17,446,333,4.72,1,183202,46,Desenho,Feliz,3402,Exposicao_Face
183218,17,441,353,4.8,1,183218,46,Desenho,Feliz,3418,Exposicao_Face
183235,17,447,338,4.72,1,183235,46,Desenho,Feliz,3435,Exposicao_Face
183252,17,442,361,4.86,1,183252,46,Desenho,Feliz,3452,Exposicao_Face
183268,17,453,339,4.83,1,183268,46,Desenho,Feliz,3468,Exposicao_Face
183285,17,449,342,4.84,1,183285,46,Desenho,Feliz,3485,Exposicao_Face
183302,17,441,346,4.76,1,183302,46,Desenho,Feliz,3502,Exposicao_Face
183318,17,461,338,4.76,1,183318,46,Desenho,Feliz,3518,Exposicao_Face
183335,17,453,337,4.73,1,183335,46,Desenho,Feliz,3535,Exposicao_Face
183352,17,455,340,4.76,1,183352,46,Desenho,Feliz,3552,Exposicao_Face
183368,17,449,337,4.76,1,183368,46,Desenho,Feliz,3568,Exposicao_Face
183385,17,451,351,4.67,1,183385,46,Desenho,Feliz,3585,Exposicao_Face
183401,17,461,335,4.68,1,183401,46,Desenho,Feliz,3601,Exposicao_Face
183418,17,451,338,4.75,1,183418,46,Desenho,Feliz,3618,Exposicao_Face
183435,17,454,341,4.75,1,183435,46,Desenho,Feliz,3635,Exposicao_Face
183451,17,440,355,4.65,1,183451,46,Desenho,Feliz,3651,Exposicao_Face
183468,17,464,345,4.68,1,183468,46,Desenho,Feliz,3668,Exposicao_Face
183501,33,459,337,4.54,1,183501,46,Desenho,Feliz,3701,Exposicao_Face
183534,33,452,345,4.76,1,183534,46,Desenho,Feliz,3734,Exposicao_Face
183551,17,461,346,4.62,1,183551,46,Desenho,Feliz,3751,Exposicao_Face
183568,17,529,347,4.76,1,183568,46,Desenho,Feliz,3768,Exposicao_Face
183584,17,537,343,4.6,1,183584,46,Desenho,Feliz,3784,Exposicao_Face
183601,17,543,341,4.7,1,183601,46,Desenho,Feliz,3801,Exposicao_Face
183618,17,557,331,4.67,1,183618,46,Desenho,Feliz,3818,Exposicao_Face
183634,17,550,341,4.68,1,183634,46,Desenho,Feliz,3834,Exposicao_Face
183651,17,554,334,4.67,1,183651,46,Desenho,Feliz,3851,Exposicao_Face
183668,17,552,338,4.7,1,183668,46,Desenho,Feliz,3868,Exposicao_Face
183684,17,548,348,4.81,1,183684,46,Desenho,Feliz,3884,Exposicao_Face
183701,17,551,352,4.65,1,183701,46,Desenho,Feliz,3901,Exposicao_Face
183717,17,561,329,4.67,1,183717,46,Desenho,Feliz,3917,Exposicao_Face
183734,17,559,343,4.6,1,183734,46,Desenho,Feliz,3934,Exposicao_Face
183751,17,563,342,4.7,1,183751,46,Desenho,Feliz,3951,Exposicao_Face
183767,17,553,340,4.67,1,183767,46,Desenho,Feliz,3967,Exposicao_Face
183784,17,553,323,4.6,1,183784,46,Desenho,Feliz,3984,Exposicao_Face
183801,17,558,330,4.68,1,183801,47,Desenho,Neutro,1,Janela_Baseline
183817,17,556,338,4.59,1,183817,47,Desenho,Neutro,17,Janela_Baseline
183834,17,549,350,4.62,1,183834,47,Desenho,Neutro,34,Janela_Baseline
183851,17,475,374,4.67,2,183851,47,Desenho,Neutro,51,Janela_Baseline
183867,17,485,343,4.64,1,183867,47,Desenho,Neutro,67,Janela_Baseline
183884,17,463,375,4.67,2,183884,47,Desenho,Neutro,84,Janela_Baseline
183900,17,464,370,4.57,2,183900,47,Desenho,Neutro,100,Janela_Baseline
183917,17,483,368,4.59,2,183917,47,Desenho,Neutro,117,Janela_Baseline
183934,17,456,377,4.64,2,183934,47,Desenho,Neutro,134,Janela_Baseline
183950,17,465,374,4.56,2,183950,47,Desenho,Neutro,150,Janela_Baseline
183967,17,462,366,4.57,2,183967,47,Desenho,Neutro,167,Janela_Baseline
183984,17,457,368,4.56,2,183984,47,Desenho,Neutro,184,Janela_Baseline
184000,17,471,351,4.62,1,184000,47,Desenho,Neutro,200,Janela_Baseline
184017,17,462,364,4.56,2,184017,47,Desenho,Neutro,217,Janela_Baseline
184034,17,466,357,4.59,1,184034,47,Desenho,Neutro,234,Janela_Baseline
184050,17,454,376,4.59,2,184050,47,Desenho,Neutro,250,Janela_Baseline
184067,17,461,372,4.52,2,184067,47,Desenho,Neutro,267,Janela_Baseline
184083,17,472,357,4.6,1,184083,47,Desenho,Neutro,283,Janela_Baseline
184100,17,460,373,4.56,2,184100,47,Desenho,Neutro,300,Janela_Baseline
184117,17,477,370,4.56,2,184117,47,Desenho,Neutro,317,Janela_Baseline
184133,17,451,364,4.59,2,184133,47,Desenho,Neutro,333,Janela_Baseline
184150,17,456,379,4.56,2,184150,47,Desenho,Neutro,350,Janela_Baseline
184167,17,468,369,4.54,2,184167,47,Desenho,Neutro,367,Janela_Baseline
184183,17,473,360,4.56,1,184183,47,Desenho,Neutro,383,Janela_Baseline
184200,17,455,365,4.57,2,184200,47,Desenho,Neutro,400,Janela_Baseline
184217,17,462,367,4.52,2,184217,47,Desenho,Neutro,417,Janela_Baseline
184233,17,461,367,4.54,2,184233,47,Desenho,Neutro,433,Janela_Baseline
184250,17,457,374,4.51,2,184250,47,Desenho,Neutro,450,Janela_Baseline
184266,17,457,365,4.56,2,184266,47,Desenho,Neutro,466,Janela_Baseline
184283,17,464,358,4.46,1,184283,47,Desenho,Neutro,483,Janela_Baseline
184300,17,458,373,4.57,2,184300,47,Desenho,Neutro,500,Janela_Baseline
184316,17,477,357,4.46,1,184316,47,Desenho,Neutro,516,Janela_Baseline
184333,17,461,364,4.44,2,184333,47,Desenho,Neutro,533,Janela_Baseline
184350,17,461,364,4.54,2,184350,47,Desenho,Neutro,550,Janela_Baseline
184366,17,473,365,4.44,2,184366,47,Desenho,Neutro,566,Janela_Baseline
184383,17,466,368,4.46,2,184383,47,Desenho,Neutro,583,Janela_Baseline
184400,17,462,366,4.44,2,184400,47,Desenho,Neutro,600,Janela_Baseline
184416,17,469,351,4.36,1,184416,47,Desenho,Neutro,616,Janela_Baseline
184433,17,472,355,4.44,1,184433,47,Desenho,Neutro,633,Janela_Baseline
184449,17,482,350,4.41,1,184449,47,Desenho,Neutro,649,Janela_Baseline
184466,17,461,363,4.46,2,184466,47,Desenho,Neutro,666,Janela_Baseline
184483,17,469,349,4.35,1,184483,47,Desenho,Neutro,683,Janela_Baseline
184499,17,479,375,4.4,2,184499,47,Desenho,Neutro,699,Janela_Baseline
184632,133,368,542,4.32,3,184632,47,Desenho,Neutro,832,Janela_Baseline
184649,17,452,360,4.32,1,184649,47,Desenho,Neutro,849,Janela_Baseline
184666,17,456,352,4.3,1,184666,47,Desenho,Neutro,866,Janela_Baseline
184682,17,462,348,4.38,1,184682,47,Desenho,Neutro,882,Janela_Baseline
184699,17,469,368,4.54,2,184699,47,Desenho,Neutro,899,Janela_Baseline
184716,17,462,350,4.41,1,184716,47,Desenho,Neutro,916,Janela_Baseline
184732,17,454,353,4.43,1,184732,47,Desenho,Neutro,932,Janela_Baseline
184749,17,460,354,4.38,1,184749,47,Desenho,Neutro,949,Janela_Baseline
184765,17,485,355,4.44,1,184765,47,Desenho,Neutro,965,Janela_Baseline
184782,17,458,346,4.43,1,184782,47,Desenho,Neutro,982,Janela_Baseline
184799,17,462,350,4.4,1,184799,47,Desenho,Neutro,999,Janela_Baseline
184815,17,452,357,4.4,1,184815,47,Desenho,Neutro,1015,Janela_Baseline
184832,17,459,351,4.36,1,184832,47,Desenho,Neutro,1032,Janela_Baseline
184849,17,450,357,4.36,1,184849,47,Desenho,Neutro,1049,Janela_Baseline
184865,17,476,364,4.43,2,184865,47,Desenho,Neutro,1065,Janela_Baseline
184882,17,447,365,4.4,2,184882,47,Desenho,Neutro,1082,Janela_Baseline
184899,17,466,354,4.3,1,184899,47,Desenho,Neutro,1099,Janela_Baseline
184915,17,457,353,4.35,1,184915,47,Desenho,Neutro,1115,Janela_Baseline
184932,17,453,358,4.32,1,184932,47,Desenho,Neutro,1132,Janela_Baseline
184948,17,445,369,4.38,2,184948,47,Desenho,Neutro,1148,Janela_Baseline
184965,17,455,361,4.38,1,184965,47,Desenho,Neutro,1165,Janela_Baseline
184982,17,459,349,4.35,1,184982,47,Desenho,Neutro,1182,Janela_Baseline
184998,17,466,353,4.33,1,184998,47,Desenho,Neutro,1198,Janela_Baseline
185015,17,465,359,4.38,1,185015,47,Desenho,Neutro,1215,Janela_Baseline
185032,17,458,323,4.46,1,185032,47,Desenho,Neutro,1232,Janela_Baseline
185065,33,474,322,4.3,1,185065,47,Desenho,Neutro,1265,Janela_Baseline
185082,17,458,330,4.41,1,185082,47,Desenho,Neutro,1282,Janela_Baseline
185115,33,432,341,4.33,1,185115,47,Desenho,Neutro,1315,Exposicao_Face
185131,17,456,329,4.24,1,185131,47,Desenho,Neutro,1331,Exposicao_Face
185148,17,456,330,4.25,1,185148,47,Desenho,Neutro,1348,Exposicao_Face
185165,17,448,323,4.35,1,185165,47,Desenho,Neutro,1365,Exposicao_Face
185181,17,457,342,4.3,1,185181,47,Desenho,Neutro,1381,Exposicao_Face
185198,17,444,341,4.28,1,185198,47,Desenho,Neutro,1398,Exposicao_Face
185215,17,440,339,4.27,1,185215,47,Desenho,Neutro,1415,Exposicao_Face
185231,17,448,322,4.22,1,185231,47,Desenho,Neutro,1431,Exposicao_Face
185248,17,430,347,4.33,1,185248,47,Desenho,Neutro,1448,Exposicao_Face
185265,17,441,333,4.22,1,185265,47,Desenho,Neutro,1465,Exposicao_Face
185281,17,437,337,4.36,1,185281,47,Desenho,Neutro,1481,Exposicao_Face
185298,17,447,341,4.4,1,185298,47,Desenho,Neutro,1498,Exposicao_Face
185314,17,441,340,4.38,1,185314,47,Desenho,Neutro,1514,Exposicao_Face
185331,17,446,328,4.3,1,185331,47,Desenho,Neutro,1531,Exposicao_Face
185348,17,442,339,4.33,1,185348,47,Desenho,Neutro,1548,Exposicao_Face
185364,17,441,344,4.17,1,185364,47,Desenho,Neutro,1564,Exposicao_Face
185381,17,450,343,4.3,1,185381,47,Desenho,Neutro,1581,Exposicao_Face
185398,17,463,326,4.33,1,185398,47,Desenho,Neutro,1598,Exposicao_Face
185414,17,445,332,4.35,1,185414,47,Desenho,Neutro,1614,Exposicao_Face
185431,17,439,352,4.36,1,185431,47,Desenho,Neutro,1631,Exposicao_Face
185448,17,448,331,4.19,1,185448,47,Desenho,Neutro,1648,Exposicao_Face
185464,17,436,333,4.3,1,185464,47,Desenho,Neutro,1664,Exposicao_Face
185481,17,437,349,4.35,1,185481,47,Desenho,Neutro,1681,Exposicao_Face
185497,17,507,325,4.46,1,185497,47,Desenho,Neutro,1697,Exposicao_Face
185514,17,523,322,4.33,1,185514,47,Desenho,Neutro,1714,Exposicao_Face
185531,17,531,317,4.33,1,185531,47,Desenho,Neutro,1731,Exposicao_Face
185547,17,519,332,4.44,1,185547,47,Desenho,Neutro,1747,Exposicao_Face
185581,33,524,332,4.44,1,185581,47,Desenho,Neutro,1781,Exposicao_Face
185631,50,527,335,4.33,1,185631,47,Desenho,Neutro,1831,Exposicao_Face
185647,17,517,345,4.35,1,185647,47,Desenho,Neutro,1847,Exposicao_Face
185664,17,525,315,4.44,1,185664,47,Desenho,Neutro,1864,Exposicao_Face
185680,17,520,312,4.33,1,185680,47,Desenho,Neutro,1880,Exposicao_Face
185697,17,527,338,4.4,1,185697,47,Desenho,Neutro,1897,Exposicao_Face
185714,17,533,316,4.38,1,185714,47,Desenho,Neutro,1914,Exposicao_Face
185730,17,527,324,4.41,1,185730,47,Desenho,Neutro,1930,Exposicao_Face
185747,17,542,310,4.38,1,185747,47,Desenho,Neutro,1947,Exposicao_Face
185764,17,536,303,4.36,1,185764,47,Desenho,Neutro,1964,Exposicao_Face
185780,17,528,320,4.28,1,185780,47,Desenho,Neutro,1980,Exposicao_Face
185797,17,533,328,4.38,1,185797,47,Desenho,Neutro,1997,Exposicao_Face
185813,17,539,305,4.28,1,185813,47,Desenho,Neutro,2013,Exposicao_Face
185830,17,529,313,4.46,1,185830,47,Desenho,Neutro,2030,Exposicao_Face
185847,17,527,314,4.41,1,185847,47,Desenho,Neutro,2047,Exposicao_Face
185863,17,415,318,4.38,1,185863,47,Desenho,Neutro,2063,Exposicao_Face
185880,17,401,325,4.36,1,185880,47,Desenho,Neutro,2080,Exposicao_Face
185897,17,397,316,4.38,1,185897,47,Desenho,Neutro,2097,Exposicao_Face
185913,17,391,319,4.22,1,185913,47,Desenho,Neutro,2113,Exposicao_Face
185930,17,393,324,4.28,1,185930,47,Desenho,Neutro,2130,Exposicao_Face
185947,17,380,333,4.33,1,185947,47,Desenho,Neutro,2147,Exposicao_Face
185963,17,396,315,4.32,1,185963,47,Desenho,Neutro,2163,Exposicao_Face
185980,17,396,327,4.52,1,185980,47,Desenho,Neutro,2180,Exposicao_Face
185996,17,393,328,4.54,1,185996,47,Desenho,Neutro,2196,Exposicao_Face
186013,17,399,331,4.48,1,186013,47,Desenho,Neutro,2213,Exposicao_Face
186030,17,385,324,4.51,1,186030,47,Desenho,Neutro,2230,Exposicao_Face
186046,17,393,317,4.38,1,186046,47,Desenho,Neutro,2246,Exposicao_Face
186063,17,395,319,4.41,1,186063,47,Desenho,Neutro,2263,Exposicao_Face
186080,17,395,323,4.56,1,186080,47,Desenho,Neutro,2280,Exposicao_Face
186096,17,392,328,4.54,1,186096,47,Desenho,Neutro,2296,Exposicao_Face
186113,17,439,322,4.46,1,186113,47,Desenho,Neutro,2313,Exposicao_Face
186130,17,486,329,4.68,1,186130,47,Desenho,Neutro,2330,Exposicao_Face
186146,17,509,325,4.48,1,186146,47,Desenho,Neutro,2346,Exposicao_Face
186163,17,516,326,4.51,1,186163,47,Desenho,Neutro,2363,Exposicao_Face
186179,17,528,308,4.54,1,186179,47,Desenho,Neutro,2379,Exposicao_Face
186196,17,517,319,4.46,1,186196,47,Desenho,Neutro,2396,Exposicao_Face
186213,17,521,315,4.57,1,186213,47,Desenho,Neutro,2413,Exposicao_Face
186229,17,507,334,4.59,1,186229,47,Desenho,Neutro,2429,Exposicao_Face
186246,17,525,310,4.49,1,186246,47,Desenho,Neutro,2446,Exposicao_Face
186263,17,515,320,4.57,1,186263,47,Desenho,Neutro,2463,Exposicao_Face
186279,17,499,327,4.64,1,186279,47,Desenho,Neutro,2479,Exposicao_Face
186296,17,523,312,4.57,1,186296,47,Desenho,Neutro,2496,Exposicao_Face
186313,17,517,331,4.51,1,186313,47,Desenho,Neutro,2513,Exposicao_Face
186329,17,523,313,4.6,1,186329,47,Desenho,Neutro,2529,Exposicao_Face
186346,17,509,328,4.54,1,186346,47,Desenho,Neutro,2546,Exposicao_Face
186362,17,516,309,4.59,1,186362,47,Desenho,Neutro,2562,Exposicao_Face
186379,17,515,312,4.49,1,186379,47,Desenho,Neutro,2579,Exposicao_Face
186396,17,523,319,4.52,1,186396,47,Desenho,Neutro,2596,Exposicao_Face
186412,17,516,328,4.54,1,186412,47,Desenho,Neutro,2612,Exposicao_Face
186429,17,508,332,4.56,1,186429,47,Desenho,Neutro,2629,Exposicao_Face
186446,17,502,328,4.57,1,186446,47,Desenho,Neutro,2646,Exposicao_Face
186462,17,508,308,4.57,1,186462,47,Desenho,Neutro,2662,Exposicao_Face
186479,17,518,324,4.54,1,186479,47,Desenho,Neutro,2679,Exposicao_Face
186496,17,508,327,4.54,1,186496,47,Desenho,Neutro,2696,Exposicao_Face
186512,17,495,323,4.59,1,186512,47,Desenho,Neutro,2712,Exposicao_Face
186529,17,399,340,4.52,1,186529,47,Desenho,Neutro,2729,Exposicao_Face
186545,17,299,354,4.65,1,186545,47,Desenho,Neutro,2745,Exposicao_Face
186562,17,262,349,4.52,1,186562,47,Desenho,Neutro,2762,Exposicao_Face
186579,17,242,358,4.51,1,186579,47,Desenho,Neutro,2779,Exposicao_Face
186595,17,251,359,4.51,1,186595,47,Desenho,Neutro,2795,Exposicao_Face
186612,17,242,355,4.49,1,186612,47,Desenho,Neutro,2812,Exposicao_Face
186629,17,253,352,4.54,1,186629,47,Desenho,Neutro,2829,Exposicao_Face
186645,17,246,362,4.59,1,186645,47,Desenho,Neutro,2845,Exposicao_Face
186662,17,228,374,4.56,2,186662,47,Desenho,Neutro,2862,Exposicao_Face
186679,17,246,361,4.6,1,186679,47,Desenho,Neutro,2879,Exposicao_Face
186695,17,236,364,4.6,2,186695,47,Desenho,Neutro,2895,Exposicao_Face
186712,17,240,362,4.57,1,186712,47,Desenho,Neutro,2912,Exposicao_Face
186728,17,248,366,4.62,2,186728,47,Desenho,Neutro,2928,Exposicao_Face
186745,17,241,359,4.56,1,186745,47,Desenho,Neutro,2945,Exposicao_Face
186762,17,229,367,4.64,2,186762,47,Desenho,Neutro,2962,Exposicao_Face
186778,17,240,363,4.67,2,186778,47,Desenho,Neutro,2978,Exposicao_Face
186795,17,246,354,4.56,1,186795,47,Desenho,Neutro,2995,Exposicao_Face
186812,17,241,354,4.62,1,186812,47,Desenho,Neutro,3012,Exposicao_Face
186828,17,243,360,4.59,1,186828,47,Desenho,Neutro,3028,Exposicao_Face
186845,17,242,359,4.67,1,186845,47,Desenho,Neutro,3045,Exposicao_Face
186862,17,237,359,4.68,1,186862,47,Desenho,Neutro,3062,Exposicao_Face
186878,17,226,372,4.67,2,186878,47,Desenho,Neutro,3078,Exposicao_Face
186895,17,242,361,4.68,1,186895,47,Desenho,Neutro,3095,Exposicao_Face
186911,17,257,365,4.73,2,186911,47,Desenho,Neutro,3111,Exposicao_Face
186928,17,258,361,4.64,1,186928,47,Desenho,Neutro,3128,Exposicao_Face
186945,17,252,359,4.7,1,186945,47,Desenho,Neutro,3145,Exposicao_Face
186961,17,367,320,4.72,1,186961,47,Desenho,Neutro,3161,Exposicao_Face
186978,17,435,338,4.68,1,186978,47,Desenho,Neutro,3178,Exposicao_Face
186995,17,486,327,4.65,1,186995,47,Desenho,Neutro,3195,Exposicao_Face
187011,17,502,306,4.64,1,187011,47,Desenho,Neutro,3211,Exposicao_Face
187028,17,494,314,4.62,1,187028,47,Desenho,Neutro,3228,Exposicao_Face
187044,17,488,317,4.72,1,187044,47,Desenho,Neutro,3244,Exposicao_Face
187061,17,485,320,4.67,1,187061,47,Desenho,Neutro,3261,Exposicao_Face
187078,17,511,311,4.62,1,187078,47,Desenho,Neutro,3278,Exposicao_Face
187094,17,508,316,4.62,1,187094,47,Desenho,Neutro,3294,Exposicao_Face
187111,17,487,317,4.65,1,187111,47,Desenho,Neutro,3311,Exposicao_Face
187128,17,492,329,4.73,1,187128,47,Desenho,Neutro,3328,Exposicao_Face
187144,17,494,310,4.65,1,187144,47,Desenho,Neutro,3344,Exposicao_Face
187161,17,493,315,4.76,1,187161,47,Desenho,Neutro,3361,Exposicao_Face
187178,17,494,314,4.7,1,187178,47,Desenho,Neutro,3378,Exposicao_Face
187194,17,498,317,4.68,1,187194,47,Desenho,Neutro,3394,Exposicao_Face
187211,17,486,322,4.67,1,187211,47,Desenho,Neutro,3411,Exposicao_Face
187227,17,501,304,4.65,1,187227,47,Desenho,Neutro,3427,Exposicao_Face
187244,17,491,335,4.76,1,187244,47,Desenho,Neutro,3444,Exposicao_Face
187261,17,488,323,4.7,1,187261,47,Desenho,Neutro,3461,Exposicao_Face
187277,17,497,332,4.8,1,187277,47,Desenho,Neutro,3477,Exposicao_Face
187311,33,488,318,4.78,1,187311,47,Desenho,Neutro,3511,Exposicao_Face
187311,0,488,318,4.78,1,187311,47,Desenho,Neutro,3511,Exposicao_Face
187327,17,494,322,4.83,1,187327,47,Desenho,Neutro,3527,Exposicao_Face
187344,17,491,324,4.8,1,187344,47,Desenho,Neutro,3544,Exposicao_Face
187361,17,516,320,4.65,1,187361,47,Desenho,Neutro,3561,Exposicao_Face
187377,17,490,318,4.73,1,187377,47,Desenho,Neutro,3577,Exposicao_Face
187394,17,518,330,4.8,1,187394,47,Desenho,Neutro,3594,Exposicao_Face
187410,17,484,326,4.83,1,187410,47,Desenho,Neutro,3610,Exposicao_Face
187427,17,491,319,4.75,1,187427,47,Desenho,Neutro,3627,Exposicao_Face
187444,17,495,315,4.75,1,187444,47,Desenho,Neutro,3644,Exposicao_Face
187460,17,481,323,4.73,1,187460,47,Desenho,Neutro,3660,Exposicao_Face
187477,17,482,333,4.75,1,187477,47,Desenho,Neutro,3677,Exposicao_Face
187494,17,487,315,4.78,1,187494,47,Desenho,Neutro,3694,Exposicao_Face
187510,17,471,334,4.75,1,187510,47,Desenho,Neutro,3710,Exposicao_Face
187527,17,480,324,4.73,1,187527,47,Desenho,Neutro,3727,Exposicao_Face
187544,17,472,335,4.73,1,187544,47,Desenho,Neutro,3744,Exposicao_Face
187560,17,477,332,4.78,1,187560,47,Desenho,Neutro,3760,Exposicao_Face
187577,17,486,334,4.67,1,187577,47,Desenho,Neutro,3777,Exposicao_Face
187593,17,489,317,4.83,1,187593,47,Desenho,Neutro,3793,Exposicao_Face
187610,17,477,330,4.83,1,187610,47,Desenho,Neutro,3810,Exposicao_Face
187627,17,473,335,4.78,1,187627,47,Desenho,Neutro,3827,Exposicao_Face
187643,17,479,316,4.73,1,187643,47,Desenho,Neutro,3843,Exposicao_Face
187660,17,476,325,4.75,1,187660,47,Desenho,Neutro,3860,Exposicao_Face
187677,17,480,333,4.81,1,187677,47,Desenho,Neutro,3877,Exposicao_Face
187693,17,493,314,4.78,1,187693,47,Desenho,Neutro,3893,Exposicao_Face
187710,17,488,323,4.8,1,187710,47,Desenho,Neutro,3910,Exposicao_Face
187727,17,487,321,4.67,1,187727,47,Desenho,Neutro,3927,Exposicao_Face
187743,17,495,332,4.78,1,187743,47,Desenho,Neutro,3943,Exposicao_Face
187760,17,473,326,4.78,1,187760,47,Desenho,Neutro,3960,Exposicao_Face
187776,17,476,325,4.81,1,187776,47,Desenho,Neutro,3976,Exposicao_Face
187793,17,480,331,4.75,1,187793,47,Desenho,Neutro,3993,Exposicao_Face
187810,17,480,329,4.73,1,187810,48,Desenho,Raiva,10,Janela_Baseline
187826,17,487,335,4.73,1,187826,48,Desenho,Raiva,26,Janela_Baseline
187843,17,481,323,4.76,1,187843,48,Desenho,Raiva,43,Janela_Baseline
187860,17,484,322,4.72,1,187860,48,Desenho,Raiva,60,Janela_Baseline
187876,17,494,302,4.62,1,187876,48,Desenho,Raiva,76,Janela_Baseline
187893,17,476,325,4.8,1,187893,48,Desenho,Raiva,93,Janela_Baseline
187910,17,489,318,4.76,1,187910,48,Desenho,Raiva,110,Janela_Baseline
187926,17,487,321,4.68,1,187926,48,Desenho,Raiva,126,Janela_Baseline
187943,17,476,329,4.8,1,187943,48,Desenho,Raiva,143,Janela_Baseline
187959,17,473,346,4.72,1,187959,48,Desenho,Raiva,159,Janela_Baseline
187976,17,376,390,4.8,2,187976,48,Desenho,Raiva,176,Janela_Baseline
187993,17,261,455,4.76,3,187993,48,Desenho,Raiva,193,Janela_Baseline
188009,17,144,527,4.88,3,188009,48,Desenho,Raiva,209,Janela_Baseline
188026,17,44,593,4.59,3,188026,48,Desenho,Raiva,226,Janela_Baseline
188043,17,35,600,4.68,3,188043,48,Desenho,Raiva,243,Janela_Baseline
188059,17,31,606,4.56,3,188059,48,Desenho,Raiva,259,Janela_Baseline
188076,17,58,610,4.65,3,188076,48,Desenho,Raiva,276,Janela_Baseline
188092,17,80,632,4.54,3,188092,48,Desenho,Raiva,292,Janela_Baseline
188109,17,37,607,4.57,3,188109,48,Desenho,Raiva,309,Janela_Baseline
188126,17,27,607,4.59,3,188126,48,Desenho,Raiva,326,Janela_Baseline
188142,17,43,605,4.65,3,188142,48,Desenho,Raiva,342,Janela_Baseline
188159,17,48,598,4.62,3,188159,48,Desenho,Raiva,359,Janela_Baseline
188176,17,37,605,4.65,3,188176,48,Desenho,Raiva,376,Janela_Baseline
188192,17,34,606,4.51,3,188192,48,Desenho,Raiva,392,Janela_Baseline
188209,17,41,607,4.38,3,188209,48,Desenho,Raiva,409,Janela_Baseline
188525,316,103,634,4.36,3,188525,48,Desenho,Raiva,725,Janela_Baseline
188542,17,171,636,4.49,3,188542,48,Desenho,Raiva,742,Janela_Baseline
188558,17,181,642,4.41,3,188558,48,Desenho,Raiva,758,Janela_Baseline
188575,17,172,647,4.33,3,188575,48,Desenho,Raiva,775,Janela_Baseline
188592,17,172,639,4.44,3,188592,48,Desenho,Raiva,792,Janela_Baseline
188608,17,176,634,4.32,3,188608,48,Desenho,Raiva,808,Janela_Baseline
188625,17,171,644,4.35,3,188625,48,Desenho,Raiva,825,Janela_Baseline
188641,17,170,643,4.41,3,188641,48,Desenho,Raiva,841,Janela_Baseline
188658,17,180,641,4.43,3,188658,48,Desenho,Raiva,858,Janela_Baseline
188675,17,179,641,4.38,3,188675,48,Desenho,Raiva,875,Janela_Baseline
188691,17,176,635,4.32,3,188691,48,Desenho,Raiva,891,Janela_Baseline
188708,17,167,638,4.43,3,188708,48,Desenho,Raiva,908,Janela_Baseline
188725,17,167,641,4.33,3,188725,48,Desenho,Raiva,925,Janela_Baseline
188741,17,182,637,4.36,3,188741,48,Desenho,Raiva,941,Janela_Baseline
188758,17,179,650,4.51,3,188758,48,Desenho,Raiva,958,Janela_Baseline
188775,17,185,638,4.43,3,188775,48,Desenho,Raiva,975,Janela_Baseline
188791,17,160,642,4.38,3,188791,48,Desenho,Raiva,991,Janela_Baseline
188808,17,181,643,4.41,3,188808,48,Desenho,Raiva,1008,Janela_Baseline
188824,17,174,650,4.52,3,188824,48,Desenho,Raiva,1024,Janela_Baseline
188858,33,301,504,4.38,3,188858,48,Desenho,Raiva,1058,Janela_Baseline
188858,0,301,504,4.38,3,188858,48,Desenho,Raiva,1058,Janela_Baseline
188874,17,331,445,4.44,3,188874,48,Desenho,Raiva,1074,Janela_Baseline
188891,17,423,350,4.32,1,188891,48,Desenho,Raiva,1091,Janela_Baseline
188908,17,425,370,4.41,2,188908,48,Desenho,Raiva,1108,Janela_Baseline
188924,17,425,364,4.46,2,188924,48,Desenho,Raiva,1124,Janela_Baseline
188941,17,438,354,4.44,1,188941,48,Desenho,Raiva,1141,Janela_Baseline
188958,17,431,363,4.43,2,188958,48,Desenho,Raiva,1158,Janela_Baseline
188974,17,432,368,4.41,2,188974,48,Desenho,Raiva,1174,Janela_Baseline
188991,17,415,370,4.43,2,188991,48,Desenho,Raiva,1191,Janela_Baseline
189007,17,430,364,4.35,2,189007,48,Desenho,Raiva,1207,Janela_Baseline
189024,17,433,351,4.38,1,189024,48,Desenho,Raiva,1224,Janela_Baseline
189041,17,435,351,4.33,1,189041,48,Desenho,Raiva,1241,Janela_Baseline
189057,17,428,370,4.48,2,189057,48,Desenho,Raiva,1257,Janela_Baseline
189074,17,435,358,4.43,1,189074,48,Desenho,Raiva,1274,Janela_Baseline
189091,17,437,365,4.46,2,189091,48,Desenho,Raiva,1291,Janela_Baseline
189107,17,432,369,4.46,2,189107,48,Desenho,Raiva,1307,Exposicao_Face
189124,17,425,375,4.41,2,189124,48,Desenho,Raiva,1324,Exposicao_Face
189141,17,430,367,4.33,2,189141,48,Desenho,Raiva,1341,Exposicao_Face
189157,17,435,366,4.25,2,189157,48,Desenho,Raiva,1357,Exposicao_Face
189174,17,430,363,4.35,2,189174,48,Desenho,Raiva,1374,Exposicao_Face
189190,17,477,356,4.33,1,189190,48,Desenho,Raiva,1390,Exposicao_Face
189207,17,501,341,4.27,1,189207,48,Desenho,Raiva,1407,Exposicao_Face
189224,17,511,329,4.32,1,189224,48,Desenho,Raiva,1424,Exposicao_Face
189240,17,495,350,4.19,1,189240,48,Desenho,Raiva,1440,Exposicao_Face
189257,17,492,351,4.14,1,189257,48,Desenho,Raiva,1457,Exposicao_Face
189274,17,498,346,4.27,1,189274,48,Desenho,Raiva,1474,Exposicao_Face
189290,17,506,349,4.25,1,189290,48,Desenho,Raiva,1490,Exposicao_Face
189307,17,511,332,4.19,1,189307,48,Desenho,Raiva,1507,Exposicao_Face
189323,17,508,345,4.27,1,189323,48,Desenho,Raiva,1523,Exposicao_Face
189340,17,496,348,4.17,1,189340,48,Desenho,Raiva,1540,Exposicao_Face
189357,17,503,339,4.15,1,189357,48,Desenho,Raiva,1557,Exposicao_Face
189373,17,511,338,4.15,1,189373,48,Desenho,Raiva,1573,Exposicao_Face
189390,17,506,345,4.24,1,189390,48,Desenho,Raiva,1590,Exposicao_Face
189407,17,500,349,4.25,1,189407,48,Desenho,Raiva,1607,Exposicao_Face
189423,17,500,346,4.2,1,189423,48,Desenho,Raiva,1623,Exposicao_Face
189440,17,496,352,4.19,1,189440,48,Desenho,Raiva,1640,Exposicao_Face
189457,17,502,354,4.22,1,189457,48,Desenho,Raiva,1657,Exposicao_Face
189473,17,509,347,4.35,1,189473,48,Desenho,Raiva,1673,Exposicao_Face
189490,17,515,478,4.17,3,189490,48,Desenho,Raiva,1690,Exposicao_Face
189506,17,524,638,4.19,3,189506,48,Desenho,Raiva,1706,Exposicao_Face
189523,17,544,772,3.8,0,189523,48,Desenho,Raiva,1723,Exposicao_Face
189540,17,524,762,3.9,3,189540,48,Desenho,Raiva,1740,Exposicao_Face
189556,17,523,751,3.91,3,189556,48,Desenho,Raiva,1756,Exposicao_Face
189573,17,523,766,3.87,3,189573,48,Desenho,Raiva,1773,Exposicao_Face
189590,17,533,772,3.98,0,189590,48,Desenho,Raiva,1790,Exposicao_Face
189606,17,532,772,3.83,0,189606,48,Desenho,Raiva,1806,Exposicao_Face
189623,17,500,765,3.83,3,189623,48,Desenho,Raiva,1823,Exposicao_Face
189640,17,530,773,3.98,0,189640,48,Desenho,Raiva,1840,Exposicao_Face
189656,17,521,777,3.99,0,189656,48,Desenho,Raiva,1856,Exposicao_Face
189673,17,543,756,3.9,3,189673,48,Desenho,Raiva,1873,Exposicao_Face
189689,17,569,747,3.91,3,189689,48,Desenho,Raiva,1889,Exposicao_Face
189706,17,570,746,3.88,3,189706,48,Desenho,Raiva,1906,Exposicao_Face
189723,17,579,747,4.07,3,189723,48,Desenho,Raiva,1923,Exposicao_Face
189739,17,560,739,3.88,3,189739,48,Desenho,Raiva,1939,Exposicao_Face
189756,17,499,725,3.87,3,189756,48,Desenho,Raiva,1956,Exposicao_Face
189773,17,573,744,3.98,3,189773,48,Desenho,Raiva,1973,Exposicao_Face
189789,17,574,745,3.98,3,189789,48,Desenho,Raiva,1989,Exposicao_Face
189806,17,578,755,3.96,3,189806,48,Desenho,Raiva,2006,Exposicao_Face
189823,17,565,748,3.87,3,189823,48,Desenho,Raiva,2023,Exposicao_Face
189839,17,560,751,3.93,3,189839,48,Desenho,Raiva,2039,Exposicao_Face
189856,17,565,746,4.03,3,189856,48,Desenho,Raiva,2056,Exposicao_Face
189872,17,574,753,3.87,3,189872,48,Desenho,Raiva,2072,Exposicao_Face
189889,17,560,754,3.83,3,189889,48,Desenho,Raiva,2089,Exposicao_Face
189906,17,559,755,3.95,3,189906,48,Desenho,Raiva,2106,Exposicao_Face
189922,17,577,755,3.83,3,189922,48,Desenho,Raiva,2122,Exposicao_Face
189939,17,562,748,3.91,3,189939,48,Desenho,Raiva,2139,Exposicao_Face
189956,17,558,757,3.9,3,189956,48,Desenho,Raiva,2156,Exposicao_Face
189972,17,296,684,4.25,3,189972,48,Desenho,Raiva,2172,Exposicao_Face
189989,17,71,631,4.11,3,189989,48,Desenho,Raiva,2189,Exposicao_Face
191436,1447,248,655,4.64,3,191436,48,Desenho,Raiva,3636,Exposicao_Face
191453,17,337,475,4.56,3,191453,48,Desenho,Raiva,3653,Exposicao_Face
191469,17,405,379,4.68,2,191469,48,Desenho,Raiva,3669,Exposicao_Face
191486,17,398,384,4.62,2,191486,48,Desenho,Raiva,3686,Exposicao_Face
191503,17,402,375,4.68,2,191503,48,Desenho,Raiva,3703,Exposicao_Face
191519,17,413,372,4.57,2,191519,48,Desenho,Raiva,3719,Exposicao_Face
191536,17,407,359,4.6,1,191536,48,Desenho,Raiva,3736,Exposicao_Face
191553,17,405,367,4.67,2,191553,48,Desenho,Raiva,3753,Exposicao_Face
191569,17,403,365,4.65,2,191569,48,Desenho,Raiva,3769,Exposicao_Face
191586,17,395,378,4.59,2,191586,48,Desenho,Raiva,3786,Exposicao_Face
191602,17,403,375,4.59,2,191602,48,Desenho,Raiva,3802,Exposicao_Face
191619,17,398,389,4.75,2,191619,48,Desenho,Raiva,3819,Exposicao_Face
191636,17,405,373,4.62,2,191636,48,Desenho,Raiva,3836,Exposicao_Face
191652,17,415,375,4.56,2,191652,48,Desenho,Raiva,3852,Exposicao_Face
191669,17,409,368,4.64,2,191669,48,Desenho,Raiva,3869,Exposicao_Face
191686,17,402,370,4.65,2,191686,48,Desenho,Raiva,3886,Exposicao_Face
191702,17,413,372,4.67,2,191702,48,Desenho,Raiva,3902,Exposicao_Face
191719,17,402,390,4.6,2,191719,48,Desenho,Raiva,3919,Exposicao_Face
191736,17,396,383,4.72,2,191736,48,Desenho,Raiva,3936,Exposicao_Face
191752,17,414,372,4.6,2,191752,48,Desenho,Raiva,3952,Exposicao_Face
191769,17,401,376,4.65,2,191769,48,Desenho,Raiva,3969,Exposicao_Face
191785,17,396,391,4.59,2,191785,48,Desenho,Raiva,3985,Exposicao_Face
191802,17,396,390,4.59,2,191802,49,Desenho,Feliz,2,Janela_Baseline
191819,17,412,370,4.6,2,191819,49,Desenho,Feliz,19,Janela_Baseline
191835,17,405,385,4.56,2,191835,49,Desenho,Feliz,35,Janela_Baseline
191852,17,402,382,4.51,2,191852,49,Desenho,Feliz,52,Janela_Baseline
191869,17,406,379,4.6,2,191869,49,Desenho,Feliz,69,Janela_Baseline
191885,17,394,379,4.54,2,191885,49,Desenho,Feliz,85,Janela_Baseline
191902,17,409,366,4.52,2,191902,49,Desenho,Feliz,102,Janela_Baseline
191919,17,406,376,4.49,2,191919,49,Desenho,Feliz,119,Janela_Baseline
191935,17,409,380,4.57,2,191935,49,Desenho,Feliz,135,Janela_Baseline
191952,17,405,373,4.52,2,191952,49,Desenho,Feliz,152,Janela_Baseline
191968,17,270,436,4.56,3,191968,49,Desenho,Feliz,168,Janela_Baseline
192684,715,53,563,-1.0,3,192684,49,Desenho,Feliz,884,Janela_Baseline
192800,116,337,669,4.48,3,192800,49,Desenho,Feliz,1000,Janela_Baseline
192817,17,413,489,4.48,3,192817,49,Desenho,Feliz,1017,Janela_Baseline
192833,17,490,370,4.4,2,192833,49,Desenho,Feliz,1033,Janela_Baseline
192850,17,475,369,4.4,2,192850,49,Desenho,Feliz,1050,Janela_Baseline
192867,17,464,374,4.48,2,192867,49,Desenho,Feliz,1067,Janela_Baseline
192883,17,493,377,4.48,2,192883,49,Desenho,Feliz,1083,Janela_Baseline
192900,17,485,369,4.44,2,192900,49,Desenho,Feliz,1100,Janela_Baseline
192917,17,469,361,4.38,1,192917,49,Desenho,Feliz,1117,Janela_Baseline
192933,17,477,375,4.52,2,192933,49,Desenho,Feliz,1133,Janela_Baseline
192950,17,486,382,4.54,2,192950,49,Desenho,Feliz,1150,Janela_Baseline
192967,17,450,383,4.48,2,192967,49,Desenho,Feliz,1167,Janela_Baseline
192983,17,469,380,4.51,2,192983,49,Desenho,Feliz,1183,Janela_Baseline
193000,17,459,379,4.52,2,193000,49,Desenho,Feliz,1200,Janela_Baseline
193016,17,469,382,4.54,2,193016,49,Desenho,Feliz,1216,Janela_Baseline
193033,17,477,365,4.46,2,193033,49,Desenho,Feliz,1233,Janela_Baseline
193050,17,481,367,4.43,2,193050,49,Desenho,Feliz,1250,Janela_Baseline
193066,17,465,378,4.56,2,193066,49,Desenho,Feliz,1266,Janela_Baseline
193083,17,465,374,4.52,2,193083,49,Desenho,Feliz,1283,Janela_Baseline
193100,17,474,377,4.54,2,193100,49,Desenho,Feliz,1300,Exposicao_Face
193116,17,478,364,4.46,2,193116,49,Desenho,Feliz,1316,Exposicao_Face
193133,17,529,347,4.48,1,193133,49,Desenho,Feliz,1333,Exposicao_Face
193150,17,525,350,4.51,1,193150,49,Desenho,Feliz,1350,Exposicao_Face
193166,17,523,333,4.48,1,193166,49,Desenho,Feliz,1366,Exposicao_Face
193183,17,529,330,4.41,1,193183,49,Desenho,Feliz,1383,Exposicao_Face
193249,67,518,346,4.41,1,193249,49,Desenho,Feliz,1449,Exposicao_Face
193266,17,529,334,4.35,1,193266,49,Desenho,Feliz,1466,Exposicao_Face
193283,17,518,357,4.3,1,193283,49,Desenho,Feliz,1483,Exposicao_Face
193299,17,526,334,4.3,1,193299,49,Desenho,Feliz,1499,Exposicao_Face
193316,17,527,341,4.38,1,193316,49,Desenho,Feliz,1516,Exposicao_Face
193333,17,530,343,4.25,1,193333,49,Desenho,Feliz,1533,Exposicao_Face
193349,17,523,347,4.24,1,193349,49,Desenho,Feliz,1549,Exposicao_Face
193366,17,540,349,4.22,1,193366,49,Desenho,Feliz,1566,Exposicao_Face
193382,17,522,352,4.32,1,193382,49,Desenho,Feliz,1582,Exposicao_Face
193399,17,535,330,4.27,1,193399,49,Desenho,Feliz,1599,Exposicao_Face
193416,17,510,351,4.2,1,193416,49,Desenho,Feliz,1616,Exposicao_Face
193432,17,391,352,4.12,1,193432,49,Desenho,Feliz,1632,Exposicao_Face
193449,17,262,333,4.19,1,193449,49,Desenho,Feliz,1649,Exposicao_Face
193466,17,220,330,4.17,1,193466,49,Desenho,Feliz,1666,Exposicao_Face
193482,17,207,342,4.2,1,193482,49,Desenho,Feliz,1682,Exposicao_Face
193499,17,212,320,4.17,1,193499,49,Desenho,Feliz,1699,Exposicao_Face
193516,17,218,317,4.14,1,193516,49,Desenho,Feliz,1716,Exposicao_Face
193532,17,212,333,4.09,1,193532,49,Desenho,Feliz,1732,Exposicao_Face
193549,17,203,337,4.04,1,193549,49,Desenho,Feliz,1749,Exposicao_Face
193565,17,225,334,4.2,1,193565,49,Desenho,Feliz,1765,Exposicao_Face
193582,17,204,332,4.06,1,193582,49,Desenho,Feliz,1782,Exposicao_Face
193599,17,205,353,4.22,1,193599,49,Desenho,Feliz,1799,Exposicao_Face
193615,17,196,345,4.12,1,193615,49,Desenho,Feliz,1815,Exposicao_Face
193632,17,212,336,4.06,1,193632,49,Desenho,Feliz,1832,Exposicao_Face
193649,17,325,340,4.11,1,193649,49,Desenho,Feliz,1849,Exposicao_Face
193665,17,473,353,4.2,1,193665,49,Desenho,Feliz,1865,Exposicao_Face
193682,17,496,370,4.14,2,193682,49,Desenho,Feliz,1882,Exposicao_Face
193699,17,538,340,4.06,1,193699,49,Desenho,Feliz,1899,Exposicao_Face
193715,17,515,363,4.07,2,193715,49,Desenho,Feliz,1915,Exposicao_Face
193732,17,524,367,4.06,2,193732,49,Desenho,Feliz,1932,Exposicao_Face
193748,17,505,354,4.14,1,193748,49,Desenho,Feliz,1948,Exposicao_Face
193765,17,532,351,4.07,1,193765,49,Desenho,Feliz,1965,Exposicao_Face
193782,17,532,354,4.09,1,193782,49,Desenho,Feliz,1982,Exposicao_Face
193798,17,536,351,4.04,1,193798,49,Desenho,Feliz,1998,Exposicao_Face
193815,17,512,365,4.03,2,193815,49,Desenho,Feliz,2015,Exposicao_Face
193832,17,522,356,3.95,1,193832,49,Desenho,Feliz,2032,Exposicao_Face
193848,17,516,355,4.03,1,193848,49,Desenho,Feliz,2048,Exposicao_Face
193865,17,511,368,3.96,2,193865,49,Desenho,Feliz,2065,Exposicao_Face
193881,17,521,366,4.11,2,193881,49,Desenho,Feliz,2081,Exposicao_Face
193898,17,533,344,3.99,1,193898,49,Desenho,Feliz,2098,Exposicao_Face
193915,17,531,363,3.99,2,193915,49,Desenho,Feliz,2115,Exposicao_Face
193931,17,528,352,4.09,1,193931,49,Desenho,Feliz,2131,Exposicao_Face
193948,17,522,356,3.98,1,193948,49,Desenho,Feliz,2148,Exposicao_Face
193965,17,524,350,4.07,1,193965,49,Desenho,Feliz,2165,Exposicao_Face
193981,17,524,353,4.01,1,193981,49,Desenho,Feliz,2181,Exposicao_Face
193998,17,519,349,4.04,1,193998,49,Desenho,Feliz,2198,Exposicao_Face
194015,17,509,362,4.06,1,194015,49,Desenho,Feliz,2215,Exposicao_Face
194031,17,518,371,4.09,2,194031,49,Desenho,Feliz,2231,Exposicao_Face
194048,17,529,362,3.96,1,194048,49,Desenho,Feliz,2248,Exposicao_Face
194064,17,534,353,4.06,1,194064,49,Desenho,Feliz,2264,Exposicao_Face
194098,33,412,354,4.12,1,194098,49,Desenho,Feliz,2298,Exposicao_Face
194098,0,412,354,4.12,1,194098,49,Desenho,Feliz,2298,Exposicao_Face
194114,17,320,325,4.12,1,194114,49,Desenho,Feliz,2314,Exposicao_Face
194131,17,263,314,4.11,1,194131,49,Desenho,Feliz,2331,Exposicao_Face
194148,17,267,316,3.9,1,194148,49,Desenho,Feliz,2348,Exposicao_Face
194164,17,245,329,4.09,1,194164,49,Desenho,Feliz,2364,Exposicao_Face
194181,17,253,313,4.04,1,194181,49,Desenho,Feliz,2381,Exposicao_Face
194198,17,262,331,4.14,1,194198,49,Desenho,Feliz,2398,Exposicao_Face
194214,17,254,328,4.17,1,194214,49,Desenho,Feliz,2414,Exposicao_Face
194231,17,261,318,4.07,1,194231,49,Desenho,Feliz,2431,Exposicao_Face
194247,17,259,325,3.99,1,194247,49,Desenho,Feliz,2447,Exposicao_Face
194264,17,251,330,4.06,1,194264,49,Desenho,Feliz,2464,Exposicao_Face
194281,17,253,318,4.14,1,194281,49,Desenho,Feliz,2481,Exposicao_Face
194297,17,258,331,4.22,1,194297,49,Desenho,Feliz,2497,Exposicao_Face
194314,17,261,316,4.11,1,194314,49,Desenho,Feliz,2514,Exposicao_Face
194331,17,253,333,4.17,1,194331,49,Desenho,Feliz,2531,Exposicao_Face
194347,17,266,324,4.17,1,194347,49,Desenho,Feliz,2547,Exposicao_Face
194364,17,264,333,4.11,1,194364,49,Desenho,Feliz,2564,Exposicao_Face
194381,17,277,312,4.09,1,194381,49,Desenho,Feliz,2581,Exposicao_Face
194397,17,271,328,4.24,1,194397,49,Desenho,Feliz,2597,Exposicao_Face
194414,17,273,321,4.04,1,194414,49,Desenho,Feliz,2614,Exposicao_Face
194430,17,274,318,4.28,1,194430,49,Desenho,Feliz,2630,Exposicao_Face
194447,17,329,431,4.24,3,194447,49,Desenho,Feliz,2647,Exposicao_Face
194464,17,408,640,-1.0,3,194464,49,Desenho,Feliz,2664,Exposicao_Face
194963,499,106,603,-1.0,3,194963,49,Desenho,Feliz,3163,Exposicao_Face
194979,17,122,623,-1.0,3,194979,49,Desenho,Feliz,3179,Exposicao_Face
194996,17,144,640,-1.0,3,194996,49,Desenho,Feliz,3196,Exposicao_Face
195013,17,167,657,-1.0,3,195013,49,Desenho,Feliz,3213,Exposicao_Face
195029,17,68,643,-1.0,3,195029,49,Desenho,Feliz,3229,Exposicao_Face
195046,17,88,658,-1.0,3,195046,49,Desenho,Feliz,3246,Exposicao_Face
195063,17,109,673,-1.0,3,195063,49,Desenho,Feliz,3263,Exposicao_Face
195079,17,50,601,-1.0,3,195079,49,Desenho,Feliz,3279,Exposicao_Face
195096,17,71,606,-1.0,3,195096,49,Desenho,Feliz,3296,Exposicao_Face
195112,17,96,617,-1.0,3,195112,49,Desenho,Feliz,3312,Exposicao_Face
195129,17,117,630,-1.0,3,195129,49,Desenho,Feliz,3329,Exposicao_Face
195146,17,141,640,-1.0,3,195146,49,Desenho,Feliz,3346,Exposicao_Face
195162,17,49,625,-1.0,3,195162,49,Desenho,Feliz,3362,Exposicao_Face
195179,17,69,639,-1.0,3,195179,49,Desenho,Feliz,3379,Exposicao_Face
195196,17,92,652,-1.0,3,195196,49,Desenho,Feliz,3396,Exposicao_Face
195212,17,120,663,-1.0,3,195212,49,Desenho,Feliz,3412,Exposicao_Face
195229,17,146,669,-1.0,3,195229,49,Desenho,Feliz,3429,Exposicao_Face
195246,17,65,636,-1.0,3,195246,49,Desenho,Feliz,3446,Exposicao_Face
195262,17,101,638,-1.0,3,195262,49,Desenho,Feliz,3462,Exposicao_Face
195279,17,99,687,-1.0,3,195279,49,Desenho,Feliz,3479,Exposicao_Face
195295,17,54,591,-1.0,3,195295,49,Desenho,Feliz,3495,Exposicao_Face
195312,17,38,646,-1.0,3,195312,49,Desenho,Feliz,3512,Exposicao_Face
195329,17,54,644,-1.0,3,195329,49,Desenho,Feliz,3529,Exposicao_Face
195345,17,70,646,-1.0,3,195345,49,Desenho,Feliz,3545,Exposicao_Face
195362,17,90,646,-1.0,3,195362,49,Desenho,Feliz,3562,Exposicao_Face
195379,17,104,649,-1.0,3,195379,49,Desenho,Feliz,3579,Exposicao_Face
195395,17,110,648,-1.0,3,195395,49,Desenho,Feliz,3595,Exposicao_Face
195412,17,117,647,-1.0,3,195412,49,Desenho,Feliz,3612,Exposicao_Face
195429,17,123,648,-1.0,3,195429,49,Desenho,Feliz,3629,Exposicao_Face
195445,17,133,647,-1.0,3,195445,49,Desenho,Feliz,3645,Exposicao_Face
195462,17,24,615,-1.0,3,195462,49,Desenho,Feliz,3662,Exposicao_Face
195478,17,152,645,-1.0,3,195478,49,Desenho,Feliz,3678,Exposicao_Face
195495,17,55,612,-1.0,3,195495,49,Desenho,Feliz,3695,Exposicao_Face
195512,17,67,616,-1.0,3,195512,49,Desenho,Feliz,3712,Exposicao_Face
195528,17,79,614,-1.0,3,195528,49,Desenho,Feliz,3728,Exposicao_Face
195562,33,98,617,-1.0,3,195562,49,Desenho,Feliz,3762,Exposicao_Face
195578,17,100,622,-1.0,3,195578,49,Desenho,Feliz,3778,Exposicao_Face
195595,17,103,620,-1.0,3,195595,49,Desenho,Feliz,3795,Exposicao_Face
195612,17,89,628,-1.0,3,195612,49,Desenho,Feliz,3812,Exposicao_Face
195628,17,65,633,-1.0,3,195628,49,Desenho,Feliz,3828,Exposicao_Face
195645,17,36,641,-1.0,3,195645,49,Desenho,Feliz,3845,Exposicao_Face
195661,17,110,665,-1.0,3,195661,49,Desenho,Feliz,3861,Exposicao_Face
195678,17,53,669,-1.0,3,195678,49,Desenho,Feliz,3878,Exposicao_Face
195695,17,112,690,-1.0,3,195695,49,Desenho,Feliz,3895,Exposicao_Face
195711,17,47,681,-1.0,3,195711,49,Desenho,Feliz,3911,Exposicao_Face
195728,17,131,645,-1.0,3,195728,49,Desenho,Feliz,3928,Exposicao_Face
195745,17,55,637,-1.0,3,195745,49,Desenho,Feliz,3945,Exposicao_Face
195761,17,90,658,-1.0,3,195761,49,Desenho,Feliz,3961,Exposicao_Face
195778,17,124,679,-1.0,3,195778,49,Desenho,Feliz,3978,Exposicao_Face
195795,17,29,670,-1.0,3,195795,49,Desenho,Feliz,3995,Exposicao_Face
195811,17,81,632,-1.0,3,195811,50,Desenho,Neutro,11,Janela_Baseline
195828,17,80,650,-1.0,3,195828,50,Desenho,Neutro,28,Janela_Baseline
195844,17,148,635,-1.0,3,195844,50,Desenho,Neutro,44,Janela_Baseline
195861,17,157,639,-1.0,3,195861,50,Desenho,Neutro,61,Janela_Baseline
195878,17,157,618,-1.0,3,195878,50,Desenho,Neutro,78,Janela_Baseline
195894,17,122,633,-1.0,3,195894,50,Desenho,Neutro,94,Janela_Baseline
195911,17,133,633,-1.0,3,195911,50,Desenho,Neutro,111,Janela_Baseline
195928,17,140,648,-1.0,3,195928,50,Desenho,Neutro,128,Janela_Baseline
195944,17,133,653,-1.0,3,195944,50,Desenho,Neutro,144,Janela_Baseline
195961,17,214,576,4.3,3,195961,50,Desenho,Neutro,161,Janela_Baseline
195978,17,330,506,4.2,3,195978,50,Desenho,Neutro,178,Janela_Baseline
195994,17,433,443,4.32,3,195994,50,Desenho,Neutro,194,Janela_Baseline
196011,17,495,406,4.11,2,196011,50,Desenho,Neutro,211,Janela_Baseline
196027,17,501,403,4.09,2,196027,50,Desenho,Neutro,227,Janela_Baseline
196044,17,532,383,4.12,2,196044,50,Desenho,Neutro,244,Janela_Baseline
196061,17,529,390,4.12,2,196061,50,Desenho,Neutro,261,Janela_Baseline
196077,17,493,406,4.27,2,196077,50,Desenho,Neutro,277,Janela_Baseline
196094,17,516,387,3.99,2,196094,50,Desenho,Neutro,294,Janela_Baseline
196111,17,498,392,4.06,2,196111,50,Desenho,Neutro,311,Janela_Baseline
196127,17,502,396,4.11,2,196127,50,Desenho,Neutro,327,Janela_Baseline
196144,17,505,390,4.06,2,196144,50,Desenho,Neutro,344,Janela_Baseline
196160,17,499,377,4.07,2,196160,50,Desenho,Neutro,360,Janela_Baseline
196177,17,475,363,4.07,2,196177,50,Desenho,Neutro,377,Janela_Baseline
196194,17,459,337,3.95,1,196194,50,Desenho,Neutro,394,Janela_Baseline
196210,17,471,343,4.04,1,196210,50,Desenho,Neutro,410,Janela_Baseline
196227,17,447,348,4.04,1,196227,50,Desenho,Neutro,427,Janela_Baseline
196244,17,448,341,3.98,1,196244,50,Desenho,Neutro,444,Janela_Baseline
196260,17,455,343,4.04,1,196260,50,Desenho,Neutro,460,Janela_Baseline
196277,17,467,333,4.07,1,196277,50,Desenho,Neutro,477,Janela_Baseline
196294,17,466,332,4.01,1,196294,50,Desenho,Neutro,494,Janela_Baseline
196310,17,462,342,3.96,1,196310,50,Desenho,Neutro,510,Janela_Baseline
196327,17,465,334,3.93,1,196327,50,Desenho,Neutro,527,Janela_Baseline
196343,17,453,353,4.04,1,196343,50,Desenho,Neutro,543,Janela_Baseline
196360,17,449,348,4.04,1,196360,50,Desenho,Neutro,560,Janela_Baseline
196377,17,454,341,4.03,1,196377,50,Desenho,Neutro,577,Janela_Baseline
196393,17,355,413,3.98,0,196393,50,Desenho,Neutro,593,Janela_Baseline
196410,17,252,538,4.14,3,196410,50,Desenho,Neutro,610,Janela_Baseline
196427,17,147,643,4.11,3,196427,50,Desenho,Neutro,627,Janela_Baseline
196443,17,131,640,4.17,3,196443,50,Desenho,Neutro,643,Janela_Baseline
196460,17,138,651,4.07,3,196460,50,Desenho,Neutro,660,Janela_Baseline
196477,17,126,644,4.04,3,196477,50,Desenho,Neutro,677,Janela_Baseline
196493,17,138,645,4.03,3,196493,50,Desenho,Neutro,693,Janela_Baseline
196510,17,139,647,3.99,3,196510,50,Desenho,Neutro,710,Janela_Baseline
196526,17,132,649,4.09,3,196526,50,Desenho,Neutro,726,Janela_Baseline
196543,17,127,642,3.98,3,196543,50,Desenho,Neutro,743,Janela_Baseline
196560,17,126,647,4.06,3,196560,50,Desenho,Neutro,760,Janela_Baseline
196576,17,137,637,4.11,3,196576,50,Desenho,Neutro,776,Janela_Baseline
196593,17,126,644,4.14,3,196593,50,Desenho,Neutro,793,Janela_Baseline
196610,17,133,651,4.14,3,196610,50,Desenho,Neutro,810,Janela_Baseline
196626,17,127,630,4.07,3,196626,50,Desenho,Neutro,826,Janela_Baseline
196643,17,146,652,4.07,3,196643,50,Desenho,Neutro,843,Janela_Baseline
196660,17,126,644,4.15,3,196660,50,Desenho,Neutro,860,Janela_Baseline
196676,17,127,649,4.12,3,196676,50,Desenho,Neutro,876,Janela_Baseline
196693,17,136,648,4.19,3,196693,50,Desenho,Neutro,893,Janela_Baseline
196709,17,126,644,4.06,3,196709,50,Desenho,Neutro,909,Janela_Baseline
196743,33,144,598,4.32,3,196743,50,Desenho,Neutro,943,Janela_Baseline
196759,17,188,520,4.2,3,196759,50,Desenho,Neutro,959,Janela_Baseline
196793,33,319,404,4.09,2,196793,50,Desenho,Neutro,993,Janela_Baseline
196793,0,319,404,4.09,2,196793,50,Desenho,Neutro,993,Janela_Baseline
196826,33,312,409,4.2,2,196826,50,Desenho,Neutro,1026,Janela_Baseline
196843,17,321,401,4.19,2,196843,50,Desenho,Neutro,1043,Janela_Baseline
196859,17,309,412,4.17,2,196859,50,Desenho,Neutro,1059,Janela_Baseline
196876,17,313,411,4.22,2,196876,50,Desenho,Neutro,1076,Janela_Baseline
196892,17,313,403,4.19,2,196892,50,Desenho,Neutro,1092,Janela_Baseline
196909,17,309,415,4.17,3,196909,50,Desenho,Neutro,1109,Janela_Baseline
196926,17,311,414,4.3,3,196926,50,Desenho,Neutro,1126,Janela_Baseline
196942,17,306,420,4.25,3,196942,50,Desenho,Neutro,1142,Janela_Baseline
196959,17,309,419,4.28,3,196959,50,Desenho,Neutro,1159,Janela_Baseline
196976,17,314,414,4.2,3,196976,50,Desenho,Neutro,1176,Janela_Baseline
196992,17,316,411,4.12,2,196992,50,Desenho,Neutro,1192,Janela_Baseline
197009,17,313,416,4.3,3,197009,50,Desenho,Neutro,1209,Janela_Baseline
197026,17,429,335,4.11,1,197026,50,Desenho,Neutro,1226,Janela_Baseline
197042,17,451,321,4.11,1,197042,50,Desenho,Neutro,1242,Janela_Baseline
197059,17,455,315,4.12,1,197059,50,Desenho,Neutro,1259,Janela_Baseline
197075,17,458,316,4.06,1,197075,50,Desenho,Neutro,1275,Janela_Baseline
197092,17,463,309,4.15,1,197092,50,Desenho,Neutro,1292,Janela_Baseline
197109,17,476,312,4.06,1,197109,50,Desenho,Neutro,1309,Exposicao_Face
197125,17,459,318,4.04,1,197125,50,Desenho,Neutro,1325,Exposicao_Face
197142,17,454,324,4.11,1,197142,50,Desenho,Neutro,1342,Exposicao_Face
197159,17,451,333,4.11,1,197159,50,Desenho,Neutro,1359,Exposicao_Face
197175,17,457,322,4.07,1,197175,50,Desenho,Neutro,1375,Exposicao_Face
197192,17,451,337,4.11,1,197192,50,Desenho,Neutro,1392,Exposicao_Face
197209,17,451,329,4.07,1,197209,50,Desenho,Neutro,1409,Exposicao_Face
197225,17,462,326,4.06,1,197225,50,Desenho,Neutro,1425,Exposicao_Face
197242,17,470,310,3.98,1,197242,50,Desenho,Neutro,1442,Exposicao_Face
197258,17,454,334,4.03,1,197258,50,Desenho,Neutro,1458,Exposicao_Face
197275,17,457,320,3.98,1,197275,50,Desenho,Neutro,1475,Exposicao_Face
197292,17,456,339,4.12,1,197292,50,Desenho,Neutro,1492,Exposicao_Face
197308,17,461,322,4.06,1,197308,50,Desenho,Neutro,1508,Exposicao_Face
197325,17,469,316,4.03,1,197325,50,Desenho,Neutro,1525,Exposicao_Face
197342,17,472,314,4.07,1,197342,50,Desenho,Neutro,1542,Exposicao_Face
197358,17,468,317,4.07,1,197358,50,Desenho,Neutro,1558,Exposicao_Face
197375,17,475,317,4.06,1,197375,50,Desenho,Neutro,1575,Exposicao_Face
197391,17,463,323,3.99,1,197391,50,Desenho,Neutro,1591,Exposicao_Face
197408,17,461,313,4.07,1,197408,50,Desenho,Neutro,1608,Exposicao_Face
197425,17,472,309,4.03,1,197425,50,Desenho,Neutro,1625,Exposicao_Face
197441,17,466,321,4.09,1,197441,50,Desenho,Neutro,1641,Exposicao_Face
197458,17,469,317,4.15,1,197458,50,Desenho,Neutro,1658,Exposicao_Face
197475,17,467,327,4.07,1,197475,50,Desenho,Neutro,1675,Exposicao_Face
197491,17,463,315,3.96,1,197491,50,Desenho,Neutro,1691,Exposicao_Face
197508,17,469,310,3.99,1,197508,50,Desenho,Neutro,1708,Exposicao_Face
197525,17,459,317,4.01,1,197525,50,Desenho,Neutro,1725,Exposicao_Face
197541,17,469,322,4.03,1,197541,50,Desenho,Neutro,1741,Exposicao_Face
197558,17,474,329,4.11,1,197558,50,Desenho,Neutro,1758,Exposicao_Face
197574,17,543,322,4.04,1,197574,50,Desenho,Neutro,1774,Exposicao_Face
197591,17,560,318,4.09,1,197591,50,Desenho,Neutro,1791,Exposicao_Face
197608,17,566,314,4.11,1,197608,50,Desenho,Neutro,1808,Exposicao_Face
197624,17,555,325,4.01,1,197624,50,Desenho,Neutro,1824,Exposicao_Face
197641,17,550,323,4.11,1,197641,50,Desenho,Neutro,1841,Exposicao_Face
197658,17,565,307,4.11,1,197658,50,Desenho,Neutro,1858,Exposicao_Face
197674,17,562,312,4.06,1,197674,50,Desenho,Neutro,1874,Exposicao_Face
197691,17,561,314,3.99,1,197691,50,Desenho,Neutro,1891,Exposicao_Face
197708,17,564,319,4.04,1,197708,50,Desenho,Neutro,1908,Exposicao_Face
197724,17,564,314,4.03,1,197724,50,Desenho,Neutro,1924,Exposicao_Face
197757,33,563,314,4.12,1,197757,50,Desenho,Neutro,1957,Exposicao_Face
197774,17,568,317,4.14,1,197774,50,Desenho,Neutro,1974,Exposicao_Face
197791,17,578,299,4.14,1,197791,50,Desenho,Neutro,1991,Exposicao_Face
197807,17,553,326,4.09,1,197807,50,Desenho,Neutro,2007,Exposicao_Face
197824,17,563,309,4.06,1,197824,50,Desenho,Neutro,2024,Exposicao_Face
197841,17,472,325,4.09,1,197841,50,Desenho,Neutro,2041,Exposicao_Face
197874,33,225,314,4.19,1,197874,50,Desenho,Neutro,2074,Exposicao_Face
197891,17,242,305,4.03,1,197891,50,Desenho,Neutro,2091,Exposicao_Face
197907,17,230,310,4.17,1,197907,50,Desenho,Neutro,2107,Exposicao_Face
197924,17,231,314,4.14,1,197924,50,Desenho,Neutro,2124,Exposicao_Face
197940,17,235,316,4.09,1,197940,50,Desenho,Neutro,2140,Exposicao_Face
197957,17,222,322,4.14,1,197957,50,Desenho,Neutro,2157,Exposicao_Face
197974,17,244,318,4.15,1,197974,50,Desenho,Neutro,2174,Exposicao_Face
197990,17,238,317,4.09,1,197990,50,Desenho,Neutro,2190,Exposicao_Face
198007,17,244,301,4.17,1,198007,50,Desenho,Neutro,2207,Exposicao_Face
198024,17,121,306,4.06,1,198024,50,Desenho,Neutro,2224,Exposicao_Face
198040,17,48,286,4.07,1,198040,50,Desenho,Neutro,2240,Exposicao_Face
198057,17,54,283,3.95,1,198057,50,Desenho,Neutro,2257,Exposicao_Face
198074,17,34,293,3.96,1,198074,50,Desenho,Neutro,2274,Exposicao_Face
198090,17,36,290,4.07,1,198090,50,Desenho,Neutro,2290,Exposicao_Face
198107,17,33,294,4.09,1,198107,50,Desenho,Neutro,2307,Exposicao_Face
198123,17,47,298,3.96,1,198123,50,Desenho,Neutro,2323,Exposicao_Face
198140,17,44,296,4.04,1,198140,50,Desenho,Neutro,2340,Exposicao_Face
198157,17,36,297,4.03,1,198157,50,Desenho,Neutro,2357,Exposicao_Face
198173,17,21,293,3.91,1,198173,50,Desenho,Neutro,2373,Exposicao_Face
199421,1248,93,263,4.14,1,199421,50,Desenho,Neutro,3621,Exposicao_Face
199438,17,228,296,4.36,1,199438,50,Desenho,Neutro,3638,Exposicao_Face
199454,17,355,299,4.33,1,199454,50,Desenho,Neutro,3654,Exposicao_Face
199471,17,358,291,4.3,1,199471,50,Desenho,Neutro,3671,Exposicao_Face
199488,17,371,305,4.36,1,199488,50,Desenho,Neutro,3688,Exposicao_Face
199504,17,379,295,4.24,1,199504,50,Desenho,Neutro,3704,Exposicao_Face
199521,17,360,303,4.27,1,199521,50,Desenho,Neutro,3721,Exposicao_Face
199537,17,357,306,4.28,1,199537,50,Desenho,Neutro,3737,Exposicao_Face
199554,17,370,291,4.33,1,199554,50,Desenho,Neutro,3754,Exposicao_Face
199571,17,376,294,4.3,1,199571,50,Desenho,Neutro,3771,Exposicao_Face
199587,17,359,310,4.3,1,199587,50,Desenho,Neutro,3787,Exposicao_Face
199604,17,366,300,4.28,1,199604,50,Desenho,Neutro,3804,Exposicao_Face
199621,17,394,303,4.25,1,199621,50,Desenho,Neutro,3821,Exposicao_Face
199637,17,511,316,4.28,1,199637,50,Desenho,Neutro,3837,Exposicao_Face
199654,17,507,327,4.33,1,199654,50,Desenho,Neutro,3854,Exposicao_Face
199670,17,527,315,4.19,1,199670,50,Desenho,Neutro,3870,Exposicao_Face
199687,17,523,311,4.19,1,199687,50,Desenho,Neutro,3887,Exposicao_Face
199704,17,522,319,4.28,1,199704,50,Desenho,Neutro,3904,Exposicao_Face
199720,17,522,319,4.2,1,199720,50,Desenho,Neutro,3920,Exposicao_Face
199737,17,535,298,4.2,1,199737,50,Desenho,Neutro,3937,Exposicao_Face
199754,17,525,312,4.22,1,199754,50,Desenho,Neutro,3954,Exposicao_Face
199770,17,517,324,4.28,1,199770,50,Desenho,Neutro,3970,Exposicao_Face
199787,17,524,315,4.07,1,199787,50,Desenho,Neutro,3987,Exposicao_Face
199804,17,530,312,4.2,1,199804,51,Desenho,Raiva,4,Janela_Baseline
199820,17,521,315,4.12,1,199820,51,Desenho,Raiva,20,Janela_Baseline
199837,17,521,328,4.17,1,199837,51,Desenho,Raiva,37,Janela_Baseline
199853,17,523,325,4.19,1,199853,51,Desenho,Raiva,53,Janela_Baseline
199870,17,527,316,4.12,1,199870,51,Desenho,Raiva,70,Janela_Baseline
199887,17,532,299,4.14,1,199887,51,Desenho,Raiva,87,Janela_Baseline
199903,17,531,319,4.14,1,199903,51,Desenho,Raiva,103,Janela_Baseline
199920,17,522,322,4.12,1,199920,51,Desenho,Raiva,120,Janela_Baseline
199937,17,524,323,4.17,1,199937,51,Desenho,Raiva,137,Janela_Baseline
199953,17,517,331,4.17,1,199953,51,Desenho,Raiva,153,Janela_Baseline
199970,17,523,319,4.07,1,199970,51,Desenho,Raiva,170,Janela_Baseline
199987,17,530,323,4.14,1,199987,51,Desenho,Raiva,187,Janela_Baseline
200003,17,516,333,4.15,1,200003,51,Desenho,Raiva,203,Janela_Baseline
200020,17,518,345,4.11,1,200020,51,Desenho,Raiva,220,Janela_Baseline
200136,116,947,838,3.77,0,200136,51,Desenho,Raiva,336,Janela_Baseline
200153,17,1012,637,3.85,3,200153,51,Desenho,Raiva,353,Janela_Baseline
200170,17,1044,610,3.9,0,200170,51,Desenho,Raiva,370,Janela_Baseline
200186,17,1015,613,3.87,3,200186,51,Desenho,Raiva,386,Janela_Baseline
200236,50,1042,591,3.93,0,200236,51,Desenho,Raiva,436,Janela_Baseline
200253,17,1040,593,3.93,0,200253,51,Desenho,Raiva,453,Janela_Baseline
200269,17,1042,601,3.85,0,200269,51,Desenho,Raiva,469,Janela_Baseline
200303,33,1040,601,3.82,0,200303,51,Desenho,Raiva,503,Janela_Baseline
200319,17,1044,612,3.87,0,200319,51,Desenho,Raiva,519,Janela_Baseline
200336,17,1033,600,3.91,0,200336,51,Desenho,Raiva,536,Janela_Baseline
200353,17,1043,591,3.83,0,200353,51,Desenho,Raiva,553,Janela_Baseline
200369,17,1045,589,3.79,0,200369,51,Desenho,Raiva,569,Janela_Baseline
200386,17,1030,599,3.8,0,200386,51,Desenho,Raiva,586,Janela_Baseline
200402,17,1034,598,3.8,0,200402,51,Desenho,Raiva,602,Janela_Baseline
200419,17,1020,606,3.85,3,200419,51,Desenho,Raiva,619,Janela_Baseline
200436,17,1010,750,3.72,3,200436,51,Desenho,Raiva,636,Janela_Baseline
200452,17,1011,719,3.83,3,200452,51,Desenho,Raiva,652,Janela_Baseline
200469,17,1004,743,3.75,3,200469,51,Desenho,Raiva,669,Janela_Baseline
200486,17,997,734,3.75,3,200486,51,Desenho,Raiva,686,Janela_Baseline
200502,17,1004,748,3.79,3,200502,51,Desenho,Raiva,702,Janela_Baseline
200519,17,1011,738,3.72,3,200519,51,Desenho,Raiva,719,Janela_Baseline
200536,17,996,736,3.85,3,200536,51,Desenho,Raiva,736,Janela_Baseline
200552,17,1019,736,3.74,3,200552,51,Desenho,Raiva,752,Janela_Baseline
200569,17,1014,741,3.71,3,200569,51,Desenho,Raiva,769,Janela_Baseline
200585,17,1004,741,3.64,3,200585,51,Desenho,Raiva,785,Janela_Baseline
200602,17,1006,721,3.72,3,200602,51,Desenho,Raiva,802,Janela_Baseline
200619,17,1000,707,3.63,3,200619,51,Desenho,Raiva,819,Janela_Baseline
200635,17,998,723,3.63,3,200635,51,Desenho,Raiva,835,Janela_Baseline
200652,17,1006,717,3.63,3,200652,51,Desenho,Raiva,852,Janela_Baseline
200669,17,997,712,3.71,3,200669,51,Desenho,Raiva,869,Janela_Baseline
200685,17,998,721,3.71,3,200685,51,Desenho,Raiva,885,Janela_Baseline
200702,17,1000,718,3.55,3,200702,51,Desenho,Raiva,902,Janela_Baseline
200719,17,1002,704,3.64,3,200719,51,Desenho,Raiva,919,Janela_Baseline
200735,17,1002,714,3.64,3,200735,51,Desenho,Raiva,935,Janela_Baseline
200752,17,996,718,3.72,3,200752,51,Desenho,Raiva,952,Janela_Baseline
200768,17,1003,725,3.58,3,200768,51,Desenho,Raiva,968,Janela_Baseline
200785,17,993,715,3.74,3,200785,51,Desenho,Raiva,985,Janela_Baseline
200802,17,998,725,3.69,3,200802,51,Desenho,Raiva,1002,Janela_Baseline
200818,17,1001,716,3.67,3,200818,51,Desenho,Raiva,1018,Janela_Baseline
200835,17,1000,730,3.79,3,200835,51,Desenho,Raiva,1035,Janela_Baseline
200852,17,998,714,3.67,3,200852,51,Desenho,Raiva,1052,Janela_Baseline
200868,17,997,723,3.63,3,200868,51,Desenho,Raiva,1068,Janela_Baseline
200885,17,1001,725,3.67,3,200885,51,Desenho,Raiva,1085,Janela_Baseline
200901,17,999,716,3.71,3,200901,51,Desenho,Raiva,1101,Janela_Baseline
200918,17,1002,726,3.59,3,200918,51,Desenho,Raiva,1118,Janela_Baseline
200935,17,880,577,3.87,3,200935,51,Desenho,Raiva,1135,Janela_Baseline
200951,17,667,481,3.96,3,200951,51,Desenho,Raiva,1151,Janela_Baseline
200968,17,474,385,3.93,2,200968,51,Desenho,Raiva,1168,Janela_Baseline
200985,17,407,363,3.93,2,200985,51,Desenho,Raiva,1185,Janela_Baseline
201001,17,396,356,3.93,1,201001,51,Desenho,Raiva,1201,Janela_Baseline
201018,17,402,359,3.9,1,201018,51,Desenho,Raiva,1218,Janela_Baseline
201035,17,416,352,3.87,1,201035,51,Desenho,Raiva,1235,Janela_Baseline
201051,17,407,361,3.98,1,201051,51,Desenho,Raiva,1251,Janela_Baseline
201068,17,401,367,3.91,2,201068,51,Desenho,Raiva,1268,Janela_Baseline
201084,17,403,363,3.85,2,201084,51,Desenho,Raiva,1284,Janela_Baseline
201101,17,400,362,3.91,1,201101,51,Desenho,Raiva,1301,Exposicao_Face
201118,17,400,356,3.91,1,201118,51,Desenho,Raiva,1318,Exposicao_Face
201134,17,415,339,3.88,1,201134,51,Desenho,Raiva,1334,Exposicao_Face
201151,17,404,359,3.9,1,201151,51,Desenho,Raiva,1351,Exposicao_Face
201168,17,497,324,3.95,1,201168,51,Desenho,Raiva,1368,Exposicao_Face
201184,17,518,331,3.98,1,201184,51,Desenho,Raiva,1384,Exposicao_Face
201201,17,532,295,3.98,1,201201,51,Desenho,Raiva,1401,Exposicao_Face
201218,17,541,299,3.91,1,201218,51,Desenho,Raiva,1418,Exposicao_Face
201234,17,533,300,3.93,1,201234,51,Desenho,Raiva,1434,Exposicao_Face
201251,17,518,315,4.01,1,201251,51,Desenho,Raiva,1451,Exposicao_Face
201267,17,523,309,4.06,1,201267,51,Desenho,Raiva,1467,Exposicao_Face
201284,17,515,325,4.06,1,201284,51,Desenho,Raiva,1484,Exposicao_Face
201301,17,518,313,4.03,1,201301,51,Desenho,Raiva,1501,Exposicao_Face
201317,17,529,311,4.15,1,201317,51,Desenho,Raiva,1517,Exposicao_Face
201334,17,527,308,4.11,1,201334,51,Desenho,Raiva,1534,Exposicao_Face
201351,17,525,306,4.09,1,201351,51,Desenho,Raiva,1551,Exposicao_Face
201367,17,525,310,4.09,1,201367,51,Desenho,Raiva,1567,Exposicao_Face
201384,17,524,311,4.12,1,201384,51,Desenho,Raiva,1584,Exposicao_Face
201401,17,518,315,4.2,1,201401,51,Desenho,Raiva,1601,Exposicao_Face
201417,17,521,320,4.2,1,201417,51,Desenho,Raiva,1617,Exposicao_Face
201434,17,508,322,4.19,1,201434,51,Desenho,Raiva,1634,Exposicao_Face
201450,17,519,311,4.12,1,201450,51,Desenho,Raiva,1650,Exposicao_Face
201467,17,528,312,4.27,1,201467,51,Desenho,Raiva,1667,Exposicao_Face
201484,17,439,330,4.33,1,201484,51,Desenho,Raiva,1684,Exposicao_Face
201500,17,458,312,4.19,1,201500,51,Desenho,Raiva,1700,Exposicao_Face
201517,17,435,324,4.35,1,201517,51,Desenho,Raiva,1717,Exposicao_Face
201534,17,430,324,4.3,1,201534,51,Desenho,Raiva,1734,Exposicao_Face
201550,17,442,322,4.3,1,201550,51,Desenho,Raiva,1750,Exposicao_Face
201567,17,425,330,4.41,1,201567,51,Desenho,Raiva,1767,Exposicao_Face
201584,17,441,329,4.41,1,201584,51,Desenho,Raiva,1784,Exposicao_Face
201600,17,438,332,4.49,1,201600,51,Desenho,Raiva,1800,Exposicao_Face
201617,17,430,324,4.33,1,201617,51,Desenho,Raiva,1817,Exposicao_Face
201633,17,430,327,4.38,1,201633,51,Desenho,Raiva,1833,Exposicao_Face
201650,17,444,329,4.4,1,201650,51,Desenho,Raiva,1850,Exposicao_Face
201667,17,435,338,4.56,1,201667,51,Desenho,Raiva,1867,Exposicao_Face
201683,17,434,329,4.48,1,201683,51,Desenho,Raiva,1883,Exposicao_Face
201700,17,440,331,4.57,1,201700,51,Desenho,Raiva,1900,Exposicao_Face
201717,17,439,326,4.56,1,201717,51,Desenho,Raiva,1917,Exposicao_Face
201733,17,437,319,4.52,1,201733,51,Desenho,Raiva,1933,Exposicao_Face
201750,17,438,336,4.64,1,201750,51,Desenho,Raiva,1950,Exposicao_Face
201767,17,428,341,4.44,1,201767,51,Desenho,Raiva,1967,Exposicao_Face
201783,17,439,328,4.51,1,201783,51,Desenho,Raiva,1983,Exposicao_Face
201800,17,435,329,4.54,1,201800,51,Desenho,Raiva,2000,Exposicao_Face
201816,17,435,321,4.41,1,201816,51,Desenho,Raiva,2016,Exposicao_Face
201833,17,433,327,4.56,1,201833,51,Desenho,Raiva,2033,Exposicao_Face
201850,17,434,328,4.6,1,201850,51,Desenho,Raiva,2050,Exposicao_Face
201866,17,442,321,4.65,1,201866,51,Desenho,Raiva,2066,Exposicao_Face
201883,17,430,336,4.62,1,201883,51,Desenho,Raiva,2083,Exposicao_Face
201900,17,430,328,4.59,1,201900,51,Desenho,Raiva,2100,Exposicao_Face
201916,17,434,327,4.56,1,201916,51,Desenho,Raiva,2116,Exposicao_Face
201933,17,428,333,4.59,1,201933,51,Desenho,Raiva,2133,Exposicao_Face
201949,17,423,337,4.67,1,201949,51,Desenho,Raiva,2149,Exposicao_Face
201966,17,431,330,4.72,1,201966,51,Desenho,Raiva,2166,Exposicao_Face
201983,17,434,333,4.64,1,201983,51,Desenho,Raiva,2183,Exposicao_Face
201999,17,426,343,4.68,1,201999,51,Desenho,Raiva,2199,Exposicao_Face
202016,17,432,338,4.64,1,202016,51,Desenho,Raiva,2216,Exposicao_Face
202033,17,438,336,4.67,1,202033,51,Desenho,Raiva,2233,Exposicao_Face
202049,17,427,335,4.8,1,202049,51,Desenho,Raiva,2249,Exposicao_Face
202066,17,431,336,4.68,1,202066,51,Desenho,Raiva,2266,Exposicao_Face
202083,17,430,335,4.67,1,202083,51,Desenho,Raiva,2283,Exposicao_Face
202099,17,417,341,4.78,1,202099,51,Desenho,Raiva,2299,Exposicao_Face
202116,17,421,342,4.78,1,202116,51,Desenho,Raiva,2316,Exposicao_Face
202132,17,425,320,4.72,1,202132,51,Desenho,Raiva,2332,Exposicao_Face
202149,17,496,345,4.73,1,202149,51,Desenho,Raiva,2349,Exposicao_Face
202166,17,514,340,4.64,1,202166,51,Desenho,Raiva,2366,Exposicao_Face
202182,17,522,337,4.75,1,202182,51,Desenho,Raiva,2382,Exposicao_Face
202199,17,529,327,4.72,1,202199,51,Desenho,Raiva,2399,Exposicao_Face
202216,17,531,339,4.68,1,202216,51,Desenho,Raiva,2416,Exposicao_Face
202232,17,540,324,4.73,1,202232,51,Desenho,Raiva,2432,Exposicao_Face
202249,17,529,328,4.83,1,202249,51,Desenho,Raiva,2449,Exposicao_Face
202266,17,518,333,4.75,1,202266,51,Desenho,Raiva,2466,Exposicao_Face
202282,17,524,330,4.72,1,202282,51,Desenho,Raiva,2482,Exposicao_Face
202299,17,523,330,4.65,1,202299,51,Desenho,Raiva,2499,Exposicao_Face
202315,17,526,337,4.73,1,202315,51,Desenho,Raiva,2515,Exposicao_Face
202332,17,523,336,4.68,1,202332,51,Desenho,Raiva,2532,Exposicao_Face
202349,17,538,327,4.68,1,202349,51,Desenho,Raiva,2549,Exposicao_Face
202365,17,520,335,4.73,1,202365,51,Desenho,Raiva,2565,Exposicao_Face
202382,17,530,331,4.65,1,202382,51,Desenho,Raiva,2582,Exposicao_Face
202399,17,533,329,4.7,1,202399,51,Desenho,Raiva,2599,Exposicao_Face
202415,17,521,345,4.78,1,202415,51,Desenho,Raiva,2615,Exposicao_Face
202432,17,524,343,4.78,1,202432,51,Desenho,Raiva,2632,Exposicao_Face
202449,17,525,339,4.84,1,202449,51,Desenho,Raiva,2649,Exposicao_Face
202465,17,550,338,4.86,1,202465,51,Desenho,Raiva,2665,Exposicao_Face
202482,17,526,341,4.75,1,202482,51,Desenho,Raiva,2682,Exposicao_Face
202498,17,521,338,4.78,1,202498,51,Desenho,Raiva,2698,Exposicao_Face
202515,17,536,348,4.88,1,202515,51,Desenho,Raiva,2715,Exposicao_Face
202532,17,541,335,4.83,1,202532,51,Desenho,Raiva,2732,Exposicao_Face
202548,17,540,326,4.88,1,202548,51,Desenho,Raiva,2748,Exposicao_Face
202565,17,514,345,4.91,1,202565,51,Desenho,Raiva,2765,Exposicao_Face
202582,17,523,350,4.89,1,202582,51,Desenho,Raiva,2782,Exposicao_Face
202598,17,542,323,4.78,1,202598,51,Desenho,Raiva,2798,Exposicao_Face
202615,17,536,344,4.86,1,202615,51,Desenho,Raiva,2815,Exposicao_Face
202632,17,535,344,4.86,1,202632,51,Desenho,Raiva,2832,Exposicao_Face
202648,17,523,334,4.81,1,202648,51,Desenho,Raiva,2848,Exposicao_Face
202665,17,535,322,4.8,1,202665,51,Desenho,Raiva,2865,Exposicao_Face
202681,17,536,341,4.96,1,202681,51,Desenho,Raiva,2881,Exposicao_Face
202698,17,518,342,4.89,1,202698,51,Desenho,Raiva,2898,Exposicao_Face
202715,17,540,344,4.92,1,202715,51,Desenho,Raiva,2915,Exposicao_Face
202731,17,519,339,4.97,1,202731,51,Desenho,Raiva,2931,Exposicao_Face
202748,17,518,343,4.94,1,202748,51,Desenho,Raiva,2948,Exposicao_Face
202765,17,519,345,4.96,1,202765,51,Desenho,Raiva,2965,Exposicao_Face
202781,17,515,350,5.01,1,202781,51,Desenho,Raiva,2981,Exposicao_Face
202798,17,511,347,4.97,1,202798,51,Desenho,Raiva,2998,Exposicao_Face
202815,17,541,341,4.99,1,202815,51,Desenho,Raiva,3015,Exposicao_Face
202831,17,529,346,5.07,1,202831,51,Desenho,Raiva,3031,Exposicao_Face
202848,17,524,353,5.02,1,202848,51,Desenho,Raiva,3048,Exposicao_Face
202864,17,510,352,5.01,1,202864,51,Desenho,Raiva,3064,Exposicao_Face
202881,17,526,348,4.97,1,202881,51,Desenho,Raiva,3081,Exposicao_Face
202898,17,512,343,5.01,1,202898,51,Desenho,Raiva,3098,Exposicao_Face
202914,17,517,352,5.07,1,202914,51,Desenho,Raiva,3114,Exposicao_Face
202931,17,537,335,4.99,1,202931,51,Desenho,Raiva,3131,Exposicao_Face
202948,17,522,346,4.92,1,202948,51,Desenho,Raiva,3148,Exposicao_Face
202964,17,534,343,5.01,1,202964,51,Desenho,Raiva,3164,Exposicao_Face
202981,17,522,345,5.05,1,202981,51,Desenho,Raiva,3181,Exposicao_Face
202998,17,509,359,5.04,1,202998,51,Desenho,Raiva,3198,Exposicao_Face
203014,17,514,345,4.89,1,203014,51,Desenho,Raiva,3214,Exposicao_Face
203031,17,509,353,5.02,1,203031,51,Desenho,Raiva,3231,Exposicao_Face
203047,17,526,351,5.02,1,203047,51,Desenho,Raiva,3247,Exposicao_Face
203064,17,507,360,4.94,1,203064,51,Desenho,Raiva,3264,Exposicao_Face
203081,17,535,337,4.99,1,203081,51,Desenho,Raiva,3281,Exposicao_Face
203097,17,523,334,5.05,1,203097,51,Desenho,Raiva,3297,Exposicao_Face
203114,17,523,351,5.05,1,203114,51,Desenho,Raiva,3314,Exposicao_Face
203131,17,507,355,5.1,1,203131,51,Desenho,Raiva,3331,Exposicao_Face
203147,17,532,352,5.07,1,203147,51,Desenho,Raiva,3347,Exposicao_Face
203164,17,518,348,5.1,1,203164,51,Desenho,Raiva,3364,Exposicao_Face
203180,17,521,362,5.09,1,203180,51,Desenho,Raiva,3380,Exposicao_Face
203197,17,522,348,5.12,1,203197,51,Desenho,Raiva,3397,Exposicao_Face
203214,17,504,355,5.07,1,203214,51,Desenho,Raiva,3414,Exposicao_Face
203230,17,523,349,5.07,1,203230,51,Desenho,Raiva,3430,Exposicao_Face
203247,17,509,360,5.07,1,203247,51,Desenho,Raiva,3447,Exposicao_Face
203264,17,527,349,5.09,1,203264,51,Desenho,Raiva,3464,Exposicao_Face
203280,17,511,354,5.1,1,203280,51,Desenho,Raiva,3480,Exposicao_Face
203297,17,508,352,5.05,1,203297,51,Desenho,Raiva,3497,Exposicao_Face
203314,17,521,350,5.02,1,203314,51,Desenho,Raiva,3514,Exposicao_Face
203330,17,515,355,5.1,1,203330,51,Desenho,Raiva,3530,Exposicao_Face
203347,17,515,347,4.99,1,203347,51,Desenho,Raiva,3547,Exposicao_Face
203363,17,523,361,5.09,1,203363,51,Desenho,Raiva,3563,Exposicao_Face
203380,17,535,359,5.07,1,203380,51,Desenho,Raiva,3580,Exposicao_Face
203397,17,530,346,5.01,1,203397,51,Desenho,Raiva,3597,Exposicao_Face
203413,17,523,342,4.99,1,203413,51,Desenho,Raiva,3613,Exposicao_Face
203430,17,516,353,4.96,1,203430,51,Desenho,Raiva,3630,Exposicao_Face
203447,17,517,348,5.04,1,203447,51,Desenho,Raiva,3647,Exposicao_Face
203463,17,528,341,5.02,1,203463,51,Desenho,Raiva,3663,Exposicao_Face
203480,17,521,344,5.07,1,203480,51,Desenho,Raiva,3680,Exposicao_Face
203497,17,516,355,5.09,1,203497,51,Desenho,Raiva,3697,Exposicao_Face
203513,17,510,356,5.07,1,203513,51,Desenho,Raiva,3713,Exposicao_Face
203563,50,510,362,5.13,1,203563,51,Desenho,Raiva,3763,Exposicao_Face
203580,17,511,349,5.12,1,203580,51,Desenho,Raiva,3780,Exposicao_Face
203596,17,513,351,5.15,1,203596,51,Desenho,Raiva,3796,Exposicao_Face
203613,17,524,339,5.1,1,203613,51,Desenho,Raiva,3813,Exposicao_Face
203630,17,517,357,5.05,1,203630,51,Desenho,Raiva,3830,Exposicao_Face
203646,17,509,346,5.09,1,203646,51,Desenho,Raiva,3846,Exposicao_Face
203663,17,521,345,5.17,1,203663,51,Desenho,Raiva,3863,Exposicao_Face
203680,17,510,355,5.15,1,203680,51,Desenho,Raiva,3880,Exposicao_Face
203696,17,526,340,5.07,1,203696,51,Desenho,Raiva,3896,Exposicao_Face
203713,17,513,349,5.23,1,203713,51,Desenho,Raiva,3913,Exposicao_Face
203729,17,537,330,4.99,1,203729,51,Desenho,Raiva,3929,Exposicao_Face
203746,17,525,357,5.15,1,203746,51,Desenho,Raiva,3946,Exposicao_Face
203763,17,518,355,5.13,1,203763,51,Desenho,Raiva,3963,Exposicao_Face
203779,17,510,351,5.18,1,203779,51,Desenho,Raiva,3979,Exposicao_Face
203796,17,518,345,5.05,1,203796,51,Desenho,Raiva,3996,Exposicao_Face
203813,17,529,348,5.13,1,203813,51,Desenho,Raiva,13,Descarte
203829,17,522,353,5.07,1,203829,51,Desenho,Raiva,29,Descarte
203846,17,522,351,5.13,0,203846,51,Desenho,Raiva,46,Descarte
203863,17,515,346,5.18,0,203863,51,Desenho,Raiva,63,Descarte
203879,17,529,341,5.07,0,203879,51,Desenho,Raiva,79,Descarte
