Time (ms),Timegap (ms),Gaze X,Gaze Y,Pupil_Size,AOI,Time_Normalized (ms),Face_ID,Tipo_Estimulo,Emocao,Tempo_Interno_Bloco,Fase_Estimulo
0,0,511,348,4.56,0,0,1,Humano,Feliz,0,Janela_Baseline
17,17,517,356,4.56,0,17,1,Humano,Feliz,17,Janela_Baseline
33,17,517,361,4.59,0,33,1,Humano,Feliz,33,Janela_Baseline
50,17,513,359,4.59,0,50,1,Humano,Feliz,50,Janela_Baseline
67,17,508,373,4.62,0,67,1,Humano,Feliz,67,Janela_Baseline
83,17,516,379,4.65,0,83,1,Humano,Feliz,83,Janela_Baseline
100,17,514,382,4.67,0,100,1,Humano,Feliz,100,Janela_Baseline
116,17,513,373,4.7,0,116,1,Humano,Feliz,116,Janela_Baseline
133,17,514,394,4.73,0,133,1,Humano,Feliz,133,Janela_Baseline
150,17,517,376,4.72,0,150,1,Humano,Feliz,150,Janela_Baseline
166,17,512,358,4.7,0,166,1,Humano,Feliz,166,Janela_Baseline
183,17,507,387,4.76,0,183,1,Humano,Feliz,183,Janela_Baseline
200,17,506,383,4.73,0,200,1,Humano,Feliz,200,Janela_Baseline
216,17,505,389,4.73,0,216,1,Humano,Feliz,216,Janela_Baseline
233,17,500,398,4.76,0,233,1,Humano,Feliz,233,Janela_Baseline
250,17,501,369,4.72,0,250,1,Humano,Feliz,250,Janela_Baseline
266,17,511,384,4.76,0,266,1,Humano,Feliz,266,Janela_Baseline
283,17,499,378,4.81,0,283,1,Humano,Feliz,283,Janela_Baseline
299,17,493,392,4.84,0,299,1,Humano,Feliz,299,Janela_Baseline
316,17,517,407,4.88,0,316,1,Humano,Feliz,316,Janela_Baseline
333,17,495,397,4.84,0,333,1,Humano,Feliz,333,Janela_Baseline
349,17,497,391,4.88,0,349,1,Humano,Feliz,349,Janela_Baseline
366,17,491,403,4.81,0,366,1,Humano,Feliz,366,Janela_Baseline
383,17,496,406,4.86,0,383,1,Humano,Feliz,383,Janela_Baseline
399,17,511,386,4.92,0,399,1,Humano,Feliz,399,Janela_Baseline
416,17,498,394,4.88,0,416,1,Humano,Feliz,416,Janela_Baseline
433,17,493,388,4.88,0,433,1,Humano,Feliz,433,Janela_Baseline
449,17,505,384,4.88,0,449,1,Humano,Feliz,449,Janela_Baseline
466,17,504,375,4.91,0,466,1,Humano,Feliz,466,Janela_Baseline
482,17,503,384,4.94,0,482,1,Humano,Feliz,482,Janela_Baseline
499,17,503,391,4.89,0,499,1,Humano,Feliz,499,Janela_Baseline
516,17,505,399,4.94,0,516,1,Humano,Feliz,516,Janela_Baseline
532,17,508,400,4.91,0,532,1,Humano,Feliz,532,Janela_Baseline
549,17,493,399,4.91,0,549,1,Humano,Feliz,549,Janela_Baseline
566,17,507,423,4.99,0,566,1,Humano,Feliz,566,Janela_Baseline
582,17,501,418,5.02,0,582,1,Humano,Feliz,582,Janela_Baseline
599,17,501,419,4.99,0,599,1,Humano,Feliz,599,Janela_Baseline
615,17,503,406,5.01,0,615,1,Humano,Feliz,615,Janela_Baseline
632,17,506,414,5.02,0,632,1,Humano,Feliz,632,Janela_Baseline
649,17,501,394,4.99,0,649,1,Humano,Feliz,649,Janela_Baseline
665,17,500,403,5.07,0,665,1,Humano,Feliz,665,Janela_Baseline
682,17,500,389,4.97,0,682,1,Humano,Feliz,682,Janela_Baseline
699,17,433,410,5.02,0,699,1,Humano,Feliz,699,Janela_Baseline
715,17,398,403,5.02,0,715,1,Humano,Feliz,715,Janela_Baseline
732,17,415,392,5.01,0,732,1,Humano,Feliz,732,Janela_Baseline
749,17,420,395,5.07,0,749,1,Humano,Feliz,749,Janela_Baseline
765,17,411,382,5.05,0,765,1,Humano,Feliz,765,Janela_Baseline
782,17,413,401,5.09,0,782,1,Humano,Feliz,782,Janela_Baseline
798,17,421,392,5.04,0,798,1,Humano,Feliz,798,Janela_Baseline
815,17,416,411,5.1,0,815,1,Humano,Feliz,815,Janela_Baseline
832,17,410,393,5.04,0,832,1,Humano,Feliz,832,Janela_Baseline
848,17,412,397,5.13,0,848,1,Humano,Feliz,848,Janela_Baseline
865,17,410,405,5.12,0,865,1,Humano,Feliz,865,Janela_Baseline
882,17,415,403,5.1,0,882,1,Humano,Feliz,882,Janela_Baseline
898,17,413,391,5.09,0,898,1,Humano,Feliz,898,Janela_Baseline
915,17,414,382,5.12,0,915,1,Humano,Feliz,915,Janela_Baseline
932,17,414,399,5.12,0,932,1,Humano,Feliz,932,Janela_Baseline
948,17,413,400,5.15,0,948,1,Humano,Feliz,948,Janela_Baseline
965,17,412,408,5.2,0,965,1,Humano,Feliz,965,Janela_Baseline
981,17,414,413,5.18,0,981,1,Humano,Feliz,981,Janela_Baseline
998,17,416,395,5.17,0,998,1,Humano,Feliz,998,Janela_Baseline
1015,17,412,394,5.17,0,1015,1,Humano,Feliz,1015,Janela_Baseline
1031,17,414,395,5.15,0,1031,1,Humano,Feliz,1031,Janela_Baseline
1048,17,420,394,5.17,0,1048,1,Humano,Feliz,1048,Janela_Baseline
1065,17,416,373,5.15,0,1065,1,Humano,Feliz,1065,Janela_Baseline
1081,17,405,701,5.23,0,1081,1,Humano,Feliz,1081,Janela_Baseline
1231,150,619,536,5.33,0,1231,1,Humano,Feliz,1231,Exposicao_Face
1248,17,633,349,5.31,0,1248,1,Humano,Feliz,1248,Exposicao_Face
1264,17,637,256,5.36,0,1264,1,Humano,Feliz,1264,Exposicao_Face
1281,17,634,177,5.39,0,1281,1,Humano,Feliz,1281,Exposicao_Face
1298,17,632,253,5.39,0,1298,1,Humano,Feliz,1298,Exposicao_Face
1314,17,625,302,5.28,0,1314,1,Humano,Feliz,1314,Exposicao_Face
1331,17,622,321,5.37,0,1331,1,Humano,Feliz,1331,Exposicao_Face
1347,17,631,340,5.37,0,1347,1,Humano,Feliz,1347,Exposicao_Face
1364,17,634,316,5.26,0,1364,1,Humano,Feliz,1364,Exposicao_Face
1381,17,636,331,5.28,0,1381,1,Humano,Feliz,1381,Exposicao_Face
1397,17,641,324,5.17,0,1397,1,Humano,Feliz,1397,Exposicao_Face
1414,17,641,339,5.13,0,1414,1,Humano,Feliz,1414,Exposicao_Face
1431,17,647,338,5.04,0,1431,1,Humano,Feliz,1431,Exposicao_Face
1447,17,558,407,4.99,0,1447,1,Humano,Feliz,1447,Exposicao_Face
1464,17,527,370,4.88,0,1464,1,Humano,Feliz,1464,Exposicao_Face
1481,17,526,370,4.81,0,1481,1,Humano,Feliz,1481,Exposicao_Face
1497,17,526,384,4.75,0,1497,1,Humano,Feliz,1497,Exposicao_Face
1514,17,529,392,4.72,0,1514,1,Humano,Feliz,1514,Exposicao_Face
1530,17,529,380,4.64,0,1530,1,Humano,Feliz,1530,Exposicao_Face
1547,17,532,387,4.54,0,1547,1,Humano,Feliz,1547,Exposicao_Face
1564,17,536,385,4.49,0,1564,1,Humano,Feliz,1564,Exposicao_Face
1580,17,539,355,4.36,0,1580,1,Humano,Feliz,1580,Exposicao_Face
1597,17,541,348,4.27,0,1597,1,Humano,Feliz,1597,Exposicao_Face
1614,17,537,386,4.35,0,1614,1,Humano,Feliz,1614,Exposicao_Face
1630,17,527,362,4.24,0,1630,1,Humano,Feliz,1630,Exposicao_Face
1647,17,474,382,4.09,0,1647,1,Humano,Feliz,1647,Exposicao_Face
1664,17,476,384,4.07,0,1664,1,Humano,Feliz,1664,Exposicao_Face
1680,17,477,367,4.03,0,1680,1,Humano,Feliz,1680,Exposicao_Face
1697,17,478,384,3.98,0,1697,1,Humano,Feliz,1697,Exposicao_Face
1713,17,480,395,3.98,0,1713,1,Humano,Feliz,1713,Exposicao_Face
1730,17,475,373,3.9,0,1730,1,Humano,Feliz,1730,Exposicao_Face
1747,17,480,361,3.85,0,1747,1,Humano,Feliz,1747,Exposicao_Face
1763,17,482,394,3.83,0,1763,1,Humano,Feliz,1763,Exposicao_Face
1780,17,480,383,3.83,0,1780,1,Humano,Feliz,1780,Exposicao_Face
1797,17,481,343,3.72,0,1797,1,Humano,Feliz,1797,Exposicao_Face
1813,17,482,371,3.82,0,1813,1,Humano,Feliz,1813,Exposicao_Face
1830,17,482,360,3.66,0,1830,1,Humano,Feliz,1830,Exposicao_Face
1863,33,491,352,3.59,0,1863,1,Humano,Feliz,1863,Exposicao_Face
1880,17,478,354,3.56,0,1880,1,Humano,Feliz,1880,Exposicao_Face
1896,17,484,358,3.51,0,1896,1,Humano,Feliz,1896,Exposicao_Face
1913,17,492,373,3.56,0,1913,1,Humano,Feliz,1913,Exposicao_Face
1930,17,588,303,3.51,0,1930,1,Humano,Feliz,1930,Exposicao_Face
1946,17,578,767,0.0,0,1946,1,Humano,Feliz,1946,Exposicao_Face
2063,116,553,561,0.0,0,2063,1,Humano,Feliz,2063,Exposicao_Face
2079,17,689,201,3.32,0,2079,1,Humano,Feliz,2079,Exposicao_Face
2096,17,665,226,3.26,0,2096,1,Humano,Feliz,2096,Exposicao_Face
2113,17,665,303,3.27,0,2113,1,Humano,Feliz,2113,Exposicao_Face
2129,17,672,298,3.29,0,2129,1,Humano,Feliz,2129,Exposicao_Face
2146,17,675,310,3.3,0,2146,1,Humano,Feliz,2146,Exposicao_Face
2163,17,669,317,3.27,0,2163,1,Humano,Feliz,2163,Exposicao_Face
2179,17,669,330,3.29,0,2179,1,Humano,Feliz,2179,Exposicao_Face
2196,17,667,296,3.26,0,2196,1,Humano,Feliz,2196,Exposicao_Face
2212,17,676,305,3.22,0,2212,1,Humano,Feliz,2212,Exposicao_Face
2229,17,663,325,3.26,0,2229,1,Humano,Feliz,2229,Exposicao_Face
2246,17,662,331,3.26,0,2246,1,Humano,Feliz,2246,Exposicao_Face
2262,17,665,314,3.26,0,2262,1,Humano,Feliz,2262,Exposicao_Face
2279,17,667,321,3.22,0,2279,1,Humano,Feliz,2279,Exposicao_Face
2296,17,677,321,3.27,0,2296,1,Humano,Feliz,2296,Exposicao_Face
2312,17,677,313,3.26,0,2312,1,Humano,Feliz,2312,Exposicao_Face
2329,17,627,303,3.22,0,2329,1,Humano,Feliz,2329,Exposicao_Face
2346,17,568,324,3.3,0,2346,1,Humano,Feliz,2346,Exposicao_Face
2362,17,567,335,3.3,0,2362,1,Humano,Feliz,2362,Exposicao_Face
2379,17,567,314,3.27,0,2379,1,Humano,Feliz,2379,Exposicao_Face
2395,17,566,312,3.29,0,2395,1,Humano,Feliz,2395,Exposicao_Face
2412,17,558,315,3.29,0,2412,1,Humano,Feliz,2412,Exposicao_Face
2429,17,563,345,3.38,0,2429,1,Humano,Feliz,2429,Exposicao_Face
2445,17,559,333,3.37,0,2445,1,Humano,Feliz,2445,Exposicao_Face
2462,17,565,329,3.37,0,2462,1,Humano,Feliz,2462,Exposicao_Face
2479,17,563,310,3.42,0,2479,1,Humano,Feliz,2479,Exposicao_Face
2495,17,557,330,3.48,0,2495,1,Humano,Feliz,2495,Exposicao_Face
2512,17,552,329,3.45,0,2512,1,Humano,Feliz,2512,Exposicao_Face
2529,17,559,344,3.46,0,2529,1,Humano,Feliz,2529,Exposicao_Face
2545,17,564,331,3.46,0,2545,1,Humano,Feliz,2545,Exposicao_Face
2562,17,551,341,3.5,0,2562,1,Humano,Feliz,2562,Exposicao_Face
2578,17,560,332,3.55,0,2578,1,Humano,Feliz,2578,Exposicao_Face
2595,17,566,331,3.55,0,2595,1,Humano,Feliz,2595,Exposicao_Face
2612,17,566,328,3.58,0,2612,1,Humano,Feliz,2612,Exposicao_Face
2628,17,557,330,3.59,0,2628,1,Humano,Feliz,2628,Exposicao_Face
2645,17,555,351,3.67,0,2645,1,Humano,Feliz,2645,Exposicao_Face
2662,17,564,323,3.64,0,2662,1,Humano,Feliz,2662,Exposicao_Face
2678,17,566,335,3.66,0,2678,1,Humano,Feliz,2678,Exposicao_Face
2695,17,558,338,3.69,0,2695,1,Humano,Feliz,2695,Exposicao_Face
2712,17,564,339,3.71,0,2712,1,Humano,Feliz,2712,Exposicao_Face
2728,17,558,346,3.75,0,2728,1,Humano,Feliz,2728,Exposicao_Face
2745,17,562,347,3.75,0,2745,1,Humano,Feliz,2745,Exposicao_Face
2761,17,558,348,3.75,0,2761,1,Humano,Feliz,2761,Exposicao_Face
2778,17,547,358,3.8,0,2778,1,Humano,Feliz,2778,Exposicao_Face
2795,17,560,351,3.77,0,2795,1,Humano,Feliz,2795,Exposicao_Face
2811,17,544,373,3.85,0,2811,1,Humano,Feliz,2811,Exposicao_Face
2828,17,548,361,3.82,0,2828,1,Humano,Feliz,2828,Exposicao_Face
2845,17,551,346,3.83,0,2845,1,Humano,Feliz,2845,Exposicao_Face
2861,17,552,351,3.85,0,2861,1,Humano,Feliz,2861,Exposicao_Face
2878,17,543,349,3.9,0,2878,1,Humano,Feliz,2878,Exposicao_Face
2894,17,545,337,3.87,0,2894,1,Humano,Feliz,2894,Exposicao_Face
2911,17,547,337,3.9,0,2911,1,Humano,Feliz,2911,Exposicao_Face
2928,17,551,356,3.93,0,2928,1,Humano,Feliz,2928,Exposicao_Face
2944,17,546,372,3.95,0,2944,1,Humano,Feliz,2944,Exposicao_Face
2961,17,552,355,4.03,0,2961,1,Humano,Feliz,2961,Exposicao_Face
2978,17,547,377,3.96,0,2978,1,Humano,Feliz,2978,Exposicao_Face
2994,17,550,372,4.06,0,2994,1,Humano,Feliz,2994,Exposicao_Face
3011,17,545,375,4.04,2,3011,1,Humano,Feliz,3011,Exposicao_Face
3028,17,549,368,4.06,2,3028,1,Humano,Feliz,3028,Exposicao_Face
3044,17,543,366,4.04,2,3044,1,Humano,Feliz,3044,Exposicao_Face
3061,17,546,370,4.04,2,3061,1,Humano,Feliz,3061,Exposicao_Face
3077,17,550,342,4.06,1,3077,1,Humano,Feliz,3077,Exposicao_Face
3094,17,548,363,4.04,0,3094,1,Humano,Feliz,3094,Exposicao_Face
3111,17,543,375,4.09,2,3111,1,Humano,Feliz,3111,Exposicao_Face
3127,17,546,366,4.12,2,3127,1,Humano,Feliz,3127,Exposicao_Face
3144,17,548,355,4.11,1,3144,1,Humano,Feliz,3144,Exposicao_Face
3161,17,547,378,4.17,2,3161,1,Humano,Feliz,3161,Exposicao_Face
3177,17,547,371,4.15,2,3177,1,Humano,Feliz,3177,Exposicao_Face
3194,17,546,371,4.22,2,3194,1,Humano,Feliz,3194,Exposicao_Face
3211,17,544,366,4.2,2,3211,1,Humano,Feliz,3211,Exposicao_Face
3227,17,548,370,4.24,2,3227,1,Humano,Feliz,3227,Exposicao_Face
3244,17,543,390,4.25,2,3244,1,Humano,Feliz,3244,Exposicao_Face
3260,17,543,368,4.25,2,3260,1,Humano,Feliz,3260,Exposicao_Face
3277,17,544,378,4.24,2,3277,1,Humano,Feliz,3277,Exposicao_Face
3294,17,541,356,4.25,1,3294,1,Humano,Feliz,3294,Exposicao_Face
3310,17,539,376,4.3,2,3310,1,Humano,Feliz,3310,Exposicao_Face
3327,17,540,370,4.3,2,3327,1,Humano,Feliz,3327,Exposicao_Face
3344,17,541,378,4.33,2,3344,1,Humano,Feliz,3344,Exposicao_Face
3360,17,541,385,4.41,2,3360,1,Humano,Feliz,3360,Exposicao_Face
3377,17,544,359,4.4,1,3377,1,Humano,Feliz,3377,Exposicao_Face
3394,17,546,336,4.36,1,3394,1,Humano,Feliz,3394,Exposicao_Face
3410,17,523,366,4.41,2,3410,1,Humano,Feliz,3410,Exposicao_Face
3427,17,505,338,4.41,1,3427,1,Humano,Feliz,3427,Exposicao_Face
3443,17,508,335,4.43,1,3443,1,Humano,Feliz,3443,Exposicao_Face
3460,17,510,324,4.41,1,3460,1,Humano,Feliz,3460,Exposicao_Face
3477,17,504,344,4.44,1,3477,1,Humano,Feliz,3477,Exposicao_Face
3493,17,509,346,4.49,1,3493,1,Humano,Feliz,3493,Exposicao_Face
3510,17,503,351,4.46,1,3510,1,Humano,Feliz,3510,Exposicao_Face
3527,17,503,354,4.48,1,3527,1,Humano,Feliz,3527,Exposicao_Face
3543,17,509,348,4.48,1,3543,1,Humano,Feliz,3543,Exposicao_Face
3560,17,516,349,4.51,1,3560,1,Humano,Feliz,3560,Exposicao_Face
3577,17,502,353,4.46,1,3577,1,Humano,Feliz,3577,Exposicao_Face
3593,17,502,323,4.48,1,3593,1,Humano,Feliz,3593,Exposicao_Face
3610,17,505,337,4.48,1,3610,1,Humano,Feliz,3610,Exposicao_Face
3626,17,505,335,4.51,1,3626,1,Humano,Feliz,3626,Exposicao_Face
3643,17,503,317,4.51,1,3643,1,Humano,Feliz,3643,Exposicao_Face
3660,17,499,331,4.51,1,3660,1,Humano,Feliz,3660,Exposicao_Face
3676,17,490,364,4.56,0,3676,1,Humano,Feliz,3676,Exposicao_Face
3710,33,493,353,4.57,1,3710,1,Humano,Feliz,3710,Exposicao_Face
3726,17,495,338,4.51,1,3726,1,Humano,Feliz,3726,Exposicao_Face
3743,17,493,348,4.56,1,3743,1,Humano,Feliz,3743,Exposicao_Face
3760,17,490,339,4.52,1,3760,1,Humano,Feliz,3760,Exposicao_Face
3776,17,492,361,4.57,1,3776,1,Humano,Feliz,3776,Exposicao_Face
3793,17,488,356,4.57,1,3793,1,Humano,Feliz,3793,Exposicao_Face
3809,17,493,370,4.57,2,3809,2,Humano,Neutro,9,Janela_Baseline
3826,17,492,349,4.52,1,3826,2,Humano,Neutro,26,Janela_Baseline
3843,17,495,341,4.54,1,3843,2,Humano,Neutro,43,Janela_Baseline
3859,17,483,343,4.6,1,3859,2,Humano,Neutro,59,Janela_Baseline
3876,17,495,351,4.64,1,3876,2,Humano,Neutro,76,Janela_Baseline
3893,17,486,332,4.6,1,3893,2,Humano,Neutro,93,Janela_Baseline
3909,17,488,355,4.64,1,3909,2,Humano,Neutro,109,Janela_Baseline
3926,17,482,346,4.62,1,3926,2,Humano,Neutro,126,Janela_Baseline
3943,17,488,355,4.65,1,3943,2,Humano,Neutro,143,Janela_Baseline
3959,17,489,330,4.62,1,3959,2,Humano,Neutro,159,Janela_Baseline
3976,17,492,337,4.65,1,3976,2,Humano,Neutro,176,Janela_Baseline
3992,17,487,361,4.64,1,3992,2,Humano,Neutro,192,Janela_Baseline
4009,17,483,354,4.64,1,4009,2,Humano,Neutro,209,Janela_Baseline
4026,17,489,365,4.65,2,4026,2,Humano,Neutro,226,Janela_Baseline
4042,17,492,341,4.64,1,4042,2,Humano,Neutro,242,Janela_Baseline
4059,17,493,336,4.62,1,4059,2,Humano,Neutro,259,Janela_Baseline
4076,17,491,346,4.65,1,4076,2,Humano,Neutro,276,Janela_Baseline
4092,17,494,324,4.65,1,4092,2,Humano,Neutro,292,Janela_Baseline
4109,17,487,349,4.65,1,4109,2,Humano,Neutro,309,Janela_Baseline
4125,17,483,348,4.72,1,4125,2,Humano,Neutro,325,Janela_Baseline
4142,17,487,352,4.7,1,4142,2,Humano,Neutro,342,Janela_Baseline
4159,17,478,351,4.72,1,4159,2,Humano,Neutro,359,Janela_Baseline
4175,17,480,358,4.75,1,4175,2,Humano,Neutro,375,Janela_Baseline
4192,17,493,356,4.76,1,4192,2,Humano,Neutro,392,Janela_Baseline
4209,17,493,349,4.78,1,4209,2,Humano,Neutro,409,Janela_Baseline
4225,17,496,331,4.8,1,4225,2,Humano,Neutro,425,Janela_Baseline
4242,17,488,352,4.81,1,4242,2,Humano,Neutro,442,Janela_Baseline
4259,17,487,371,4.83,2,4259,2,Humano,Neutro,459,Janela_Baseline
4275,17,490,352,4.83,1,4275,2,Humano,Neutro,475,Janela_Baseline
4292,17,486,351,4.8,1,4292,2,Humano,Neutro,492,Janela_Baseline
4308,17,476,350,4.86,1,4308,2,Humano,Neutro,508,Janela_Baseline
4325,17,494,346,4.88,1,4325,2,Humano,Neutro,525,Janela_Baseline
4342,17,497,386,4.89,2,4342,2,Humano,Neutro,542,Janela_Baseline
4358,17,484,349,4.89,1,4358,2,Humano,Neutro,558,Janela_Baseline
4375,17,500,344,4.88,1,4375,2,Humano,Neutro,575,Janela_Baseline
4392,17,500,357,4.91,1,4392,2,Humano,Neutro,592,Janela_Baseline
4408,17,466,395,4.94,2,4408,2,Humano,Neutro,608,Janela_Baseline
4425,17,481,378,4.94,2,4425,2,Humano,Neutro,625,Janela_Baseline
4442,17,480,374,4.91,2,4442,2,Humano,Neutro,642,Janela_Baseline
4458,17,468,371,4.92,2,4458,2,Humano,Neutro,658,Janela_Baseline
4475,17,470,370,4.94,2,4475,2,Humano,Neutro,675,Janela_Baseline
4491,17,473,369,4.91,2,4491,2,Humano,Neutro,691,Janela_Baseline
4508,17,471,380,4.91,2,4508,2,Humano,Neutro,708,Janela_Baseline
4525,17,488,350,4.91,1,4525,2,Humano,Neutro,725,Janela_Baseline
4541,17,537,368,4.94,2,4541,2,Humano,Neutro,741,Janela_Baseline
4558,17,567,355,4.92,1,4558,2,Humano,Neutro,758,Janela_Baseline
4575,17,561,366,4.96,2,4575,2,Humano,Neutro,775,Janela_Baseline
4591,17,559,352,4.94,1,4591,2,Humano,Neutro,791,Janela_Baseline
4608,17,561,347,4.92,1,4608,2,Humano,Neutro,808,Janela_Baseline
4625,17,567,351,4.91,1,4625,2,Humano,Neutro,825,Janela_Baseline
4641,17,557,357,4.96,1,4641,2,Humano,Neutro,841,Janela_Baseline
4658,17,557,351,4.96,1,4658,2,Humano,Neutro,858,Janela_Baseline
4674,17,566,345,4.89,1,4674,2,Humano,Neutro,874,Janela_Baseline
4691,17,552,352,4.94,1,4691,2,Humano,Neutro,891,Janela_Baseline
4708,17,561,352,4.97,1,4708,2,Humano,Neutro,908,Janela_Baseline
4724,17,564,338,4.96,1,4724,2,Humano,Neutro,924,Janela_Baseline
4741,17,567,350,5.01,1,4741,2,Humano,Neutro,941,Janela_Baseline
4758,17,562,348,4.97,1,4758,2,Humano,Neutro,958,Janela_Baseline
4774,17,564,357,4.97,1,4774,2,Humano,Neutro,974,Janela_Baseline
4791,17,562,342,4.97,1,4791,2,Humano,Neutro,991,Janela_Baseline
4808,17,558,333,4.89,1,4808,2,Humano,Neutro,1008,Janela_Baseline
4824,17,565,353,4.96,1,4824,2,Humano,Neutro,1024,Janela_Baseline
4841,17,584,339,4.97,1,4841,2,Humano,Neutro,1041,Janela_Baseline
4857,17,582,351,4.99,1,4857,2,Humano,Neutro,1057,Janela_Baseline
4874,17,572,356,4.96,1,4874,2,Humano,Neutro,1074,Janela_Baseline
4891,17,582,363,4.97,0,4891,2,Humano,Neutro,1091,Janela_Baseline
4907,17,579,354,4.97,1,4907,2,Humano,Neutro,1107,Janela_Baseline
4924,17,591,356,5.01,1,4924,2,Humano,Neutro,1124,Janela_Baseline
4941,17,581,374,5.01,2,4941,2,Humano,Neutro,1141,Janela_Baseline
4957,17,582,341,4.92,1,4957,2,Humano,Neutro,1157,Janela_Baseline
4974,17,590,322,4.88,1,4974,2,Humano,Neutro,1174,Janela_Baseline
4991,17,584,349,4.89,1,4991,2,Humano,Neutro,1191,Janela_Baseline
5007,17,580,352,4.91,1,5007,2,Humano,Neutro,1207,Janela_Baseline
5024,17,584,361,4.97,1,5024,2,Humano,Neutro,1224,Janela_Baseline
5040,17,592,339,4.89,1,5040,2,Humano,Neutro,1240,Janela_Baseline
5057,17,588,366,4.92,2,5057,2,Humano,Neutro,1257,Janela_Baseline
5074,17,590,342,4.88,1,5074,2,Humano,Neutro,1274,Janela_Baseline
5090,17,589,362,4.89,1,5090,2,Humano,Neutro,1290,Janela_Baseline
5107,17,590,330,4.88,1,5107,2,Humano,Neutro,1307,Exposicao_Face
5124,17,584,349,4.88,1,5124,2,Humano,Neutro,1324,Exposicao_Face
5140,17,559,363,4.84,0,5140,2,Humano,Neutro,1340,Exposicao_Face
5157,17,473,369,4.83,2,5157,2,Humano,Neutro,1357,Exposicao_Face
5174,17,467,370,4.84,2,5174,2,Humano,Neutro,1374,Exposicao_Face
5190,17,485,376,4.84,2,5190,2,Humano,Neutro,1390,Exposicao_Face
5207,17,464,367,4.78,2,5207,2,Humano,Neutro,1407,Exposicao_Face
5223,17,478,360,4.76,1,5223,2,Humano,Neutro,1423,Exposicao_Face
5240,17,467,360,4.76,1,5240,2,Humano,Neutro,1440,Exposicao_Face
5257,17,459,360,4.76,1,5257,2,Humano,Neutro,1457,Exposicao_Face
5273,17,466,364,4.73,0,5273,2,Humano,Neutro,1473,Exposicao_Face
5290,17,465,376,4.76,2,5290,2,Humano,Neutro,1490,Exposicao_Face
5307,17,469,378,4.78,2,5307,2,Humano,Neutro,1507,Exposicao_Face
5323,17,471,342,4.72,1,5323,2,Humano,Neutro,1523,Exposicao_Face
5340,17,477,346,4.75,1,5340,2,Humano,Neutro,1540,Exposicao_Face
5356,17,470,359,4.78,1,5356,2,Humano,Neutro,1556,Exposicao_Face
5373,17,475,354,4.73,1,5373,2,Humano,Neutro,1573,Exposicao_Face
5390,17,463,339,4.76,1,5390,2,Humano,Neutro,1590,Exposicao_Face
5406,17,475,340,4.72,1,5406,2,Humano,Neutro,1606,Exposicao_Face
5423,17,469,354,4.78,1,5423,2,Humano,Neutro,1623,Exposicao_Face
5440,17,472,349,4.73,1,5440,2,Humano,Neutro,1640,Exposicao_Face
5456,17,482,363,4.81,0,5456,2,Humano,Neutro,1656,Exposicao_Face
5473,17,466,363,4.8,0,5473,2,Humano,Neutro,1673,Exposicao_Face
5490,17,478,351,4.84,1,5490,2,Humano,Neutro,1690,Exposicao_Face
5506,17,500,344,4.86,1,5506,2,Humano,Neutro,1706,Exposicao_Face
5523,17,494,357,4.84,1,5523,2,Humano,Neutro,1723,Exposicao_Face
5539,17,472,351,4.88,1,5539,2,Humano,Neutro,1739,Exposicao_Face
5556,17,478,342,4.88,1,5556,2,Humano,Neutro,1756,Exposicao_Face
5573,17,470,344,4.91,1,5573,2,Humano,Neutro,1773,Exposicao_Face
5589,17,473,345,4.89,1,5589,2,Humano,Neutro,1789,Exposicao_Face
5606,17,495,336,4.84,1,5606,2,Humano,Neutro,1806,Exposicao_Face
5623,17,466,346,4.88,1,5623,2,Humano,Neutro,1823,Exposicao_Face
5639,17,472,330,4.84,1,5639,2,Humano,Neutro,1839,Exposicao_Face
5656,17,500,327,4.88,1,5656,2,Humano,Neutro,1856,Exposicao_Face
5673,17,479,327,4.94,1,5673,2,Humano,Neutro,1873,Exposicao_Face
5689,17,474,333,4.91,1,5689,2,Humano,Neutro,1889,Exposicao_Face
5706,17,469,352,4.97,1,5706,2,Humano,Neutro,1906,Exposicao_Face
5722,17,487,315,4.89,1,5722,2,Humano,Neutro,1922,Exposicao_Face
5739,17,485,355,4.97,1,5739,2,Humano,Neutro,1939,Exposicao_Face
5756,17,471,353,4.97,1,5756,2,Humano,Neutro,1956,Exposicao_Face
5772,17,474,335,5.01,1,5772,2,Humano,Neutro,1972,Exposicao_Face
5789,17,479,360,5.01,1,5789,2,Humano,Neutro,1989,Exposicao_Face
5806,17,465,342,4.94,1,5806,2,Humano,Neutro,2006,Exposicao_Face
5822,17,454,351,5.01,1,5822,2,Humano,Neutro,2022,Exposicao_Face
5839,17,477,342,5.01,1,5839,2,Humano,Neutro,2039,Exposicao_Face
5856,17,472,328,4.97,1,5856,2,Humano,Neutro,2056,Exposicao_Face
5872,17,476,323,5.04,1,5872,2,Humano,Neutro,2072,Exposicao_Face
5889,17,478,348,5.05,1,5889,2,Humano,Neutro,2089,Exposicao_Face
5905,17,478,343,5.02,1,5905,2,Humano,Neutro,2105,Exposicao_Face
5922,17,497,338,5.01,1,5922,2,Humano,Neutro,2122,Exposicao_Face
5939,17,464,346,5.02,1,5939,2,Humano,Neutro,2139,Exposicao_Face
5955,17,468,347,5.04,1,5955,2,Humano,Neutro,2155,Exposicao_Face
5972,17,466,336,4.96,1,5972,2,Humano,Neutro,2172,Exposicao_Face
5989,17,477,335,4.99,1,5989,2,Humano,Neutro,2189,Exposicao_Face
6005,17,463,358,5.01,1,6005,2,Humano,Neutro,2205,Exposicao_Face
6022,17,475,339,5.07,1,6022,2,Humano,Neutro,2222,Exposicao_Face
6039,17,563,334,5.05,1,6039,2,Humano,Neutro,2239,Exposicao_Face
6055,17,585,327,5.01,1,6055,2,Humano,Neutro,2255,Exposicao_Face
6072,17,591,344,5.05,1,6072,2,Humano,Neutro,2272,Exposicao_Face
6088,17,587,356,5.13,1,6088,2,Humano,Neutro,2288,Exposicao_Face
6105,17,587,336,5.01,1,6105,2,Humano,Neutro,2305,Exposicao_Face
6122,17,586,313,5.05,1,6122,2,Humano,Neutro,2322,Exposicao_Face
6138,17,590,316,5.04,1,6138,2,Humano,Neutro,2338,Exposicao_Face
6155,17,583,342,5.09,1,6155,2,Humano,Neutro,2355,Exposicao_Face
6172,17,581,345,5.05,1,6172,2,Humano,Neutro,2372,Exposicao_Face
6188,17,583,344,5.09,1,6188,2,Humano,Neutro,2388,Exposicao_Face
6205,17,584,360,5.09,1,6205,2,Humano,Neutro,2405,Exposicao_Face
6222,17,583,344,5.05,1,6222,2,Humano,Neutro,2422,Exposicao_Face
6238,17,595,325,5.02,1,6238,2,Humano,Neutro,2438,Exposicao_Face
6255,17,582,357,5.09,1,6255,2,Humano,Neutro,2455,Exposicao_Face
6271,17,575,344,5.05,1,6271,2,Humano,Neutro,2471,Exposicao_Face
6288,17,586,346,5.05,1,6288,2,Humano,Neutro,2488,Exposicao_Face
6305,17,581,333,5.02,1,6305,2,Humano,Neutro,2505,Exposicao_Face
6321,17,593,324,5.01,1,6321,2,Humano,Neutro,2521,Exposicao_Face
6338,17,575,323,5.01,1,6338,2,Humano,Neutro,2538,Exposicao_Face
6355,17,587,336,5.07,1,6355,2,Humano,Neutro,2555,Exposicao_Face
6371,17,559,339,4.94,1,6371,2,Humano,Neutro,2571,Exposicao_Face
6388,17,506,333,4.91,1,6388,2,Humano,Neutro,2588,Exposicao_Face
6404,17,527,352,4.97,1,6404,2,Humano,Neutro,2604,Exposicao_Face
6421,17,510,353,4.99,1,6421,2,Humano,Neutro,2621,Exposicao_Face
6438,17,523,355,4.94,1,6438,2,Humano,Neutro,2638,Exposicao_Face
6454,17,515,357,4.91,1,6454,2,Humano,Neutro,2654,Exposicao_Face
6471,17,522,378,4.86,2,6471,2,Humano,Neutro,2671,Exposicao_Face
6488,17,532,378,4.83,2,6488,2,Humano,Neutro,2688,Exposicao_Face
6504,17,523,338,4.75,1,6504,2,Humano,Neutro,2704,Exposicao_Face
6521,17,527,346,4.76,1,6521,2,Humano,Neutro,2721,Exposicao_Face
6538,17,527,368,4.75,2,6538,2,Humano,Neutro,2738,Exposicao_Face
6554,17,530,371,4.75,2,6554,2,Humano,Neutro,2754,Exposicao_Face
6571,17,529,378,4.76,2,6571,2,Humano,Neutro,2771,Exposicao_Face
6587,17,531,373,4.7,2,6587,2,Humano,Neutro,2787,Exposicao_Face
6604,17,532,360,4.67,1,6604,2,Humano,Neutro,2804,Exposicao_Face
6621,17,534,349,4.64,1,6621,2,Humano,Neutro,2821,Exposicao_Face
6637,17,527,384,4.68,2,6637,2,Humano,Neutro,2837,Exposicao_Face
6654,17,532,390,4.68,2,6654,2,Humano,Neutro,2854,Exposicao_Face
6671,17,533,357,4.62,1,6671,2,Humano,Neutro,2871,Exposicao_Face
6687,17,534,369,4.64,2,6687,2,Humano,Neutro,2887,Exposicao_Face
6704,17,536,376,4.67,2,6704,2,Humano,Neutro,2904,Exposicao_Face
6721,17,533,371,4.6,2,6721,2,Humano,Neutro,2921,Exposicao_Face
6737,17,537,359,4.57,1,6737,2,Humano,Neutro,2937,Exposicao_Face
6754,17,537,371,4.6,2,6754,2,Humano,Neutro,2954,Exposicao_Face
6770,17,538,342,4.54,1,6770,2,Humano,Neutro,2970,Exposicao_Face
6787,17,539,361,4.6,1,6787,2,Humano,Neutro,2987,Exposicao_Face
6804,17,539,356,4.57,1,6804,2,Humano,Neutro,3004,Exposicao_Face
6820,17,537,359,4.54,1,6820,2,Humano,Neutro,3020,Exposicao_Face
6837,17,542,344,4.51,1,6837,2,Humano,Neutro,3037,Exposicao_Face
6854,17,537,356,4.56,1,6854,2,Humano,Neutro,3054,Exposicao_Face
6870,17,550,351,4.56,1,6870,2,Humano,Neutro,3070,Exposicao_Face
6887,17,544,369,4.52,2,6887,2,Humano,Neutro,3087,Exposicao_Face
6904,17,536,345,4.52,1,6904,2,Humano,Neutro,3104,Exposicao_Face
6920,17,539,370,4.6,2,6920,2,Humano,Neutro,3120,Exposicao_Face
6937,17,545,360,4.57,1,6937,2,Humano,Neutro,3137,Exposicao_Face
6953,17,544,370,4.51,2,6953,2,Humano,Neutro,3153,Exposicao_Face
6970,17,541,386,4.62,2,6970,2,Humano,Neutro,3170,Exposicao_Face
6987,17,536,345,4.57,1,6987,2,Humano,Neutro,3187,Exposicao_Face
7003,17,546,351,4.62,1,7003,2,Humano,Neutro,3203,Exposicao_Face
7020,17,536,371,4.6,2,7020,2,Humano,Neutro,3220,Exposicao_Face
7053,33,534,344,4.62,1,7053,2,Humano,Neutro,3253,Exposicao_Face
7053,0,534,344,4.62,1,7053,2,Humano,Neutro,3253,Exposicao_Face
7087,33,531,356,4.62,1,7087,2,Humano,Neutro,3287,Exposicao_Face
7087,0,531,356,4.62,1,7087,2,Humano,Neutro,3287,Exposicao_Face
7103,17,537,329,4.64,1,7103,2,Humano,Neutro,3303,Exposicao_Face
7120,17,530,352,4.68,1,7120,2,Humano,Neutro,3320,Exposicao_Face
7136,17,529,379,4.7,2,7136,2,Humano,Neutro,3336,Exposicao_Face
7153,17,553,365,4.65,2,7153,2,Humano,Neutro,3353,Exposicao_Face
7170,17,555,345,4.65,1,7170,2,Humano,Neutro,3370,Exposicao_Face
7186,17,549,367,4.7,2,7186,2,Humano,Neutro,3386,Exposicao_Face
7203,17,548,354,4.68,1,7203,2,Humano,Neutro,3403,Exposicao_Face
7220,17,547,358,4.75,1,7220,2,Humano,Neutro,3420,Exposicao_Face
7236,17,550,360,4.73,1,7236,2,Humano,Neutro,3436,Exposicao_Face
7253,17,544,340,4.72,1,7253,2,Humano,Neutro,3453,Exposicao_Face
7270,17,548,343,4.72,1,7270,2,Humano,Neutro,3470,Exposicao_Face
7286,17,547,357,4.76,1,7286,2,Humano,Neutro,3486,Exposicao_Face
7303,17,549,355,4.76,1,7303,2,Humano,Neutro,3503,Exposicao_Face
7319,17,547,356,4.8,1,7319,2,Humano,Neutro,3519,Exposicao_Face
7336,17,543,353,4.83,1,7336,2,Humano,Neutro,3536,Exposicao_Face
7353,17,536,356,4.78,1,7353,2,Humano,Neutro,3553,Exposicao_Face
7369,17,542,351,4.76,1,7369,2,Humano,Neutro,3569,Exposicao_Face
7386,17,534,384,4.83,2,7386,2,Humano,Neutro,3586,Exposicao_Face
7403,17,532,388,4.86,2,7403,2,Humano,Neutro,3603,Exposicao_Face
7419,17,496,347,4.84,1,7419,2,Humano,Neutro,3619,Exposicao_Face
7436,17,438,350,4.76,1,7436,2,Humano,Neutro,3636,Exposicao_Face
7453,17,451,349,4.78,1,7453,2,Humano,Neutro,3653,Exposicao_Face
7469,17,432,320,4.73,1,7469,2,Humano,Neutro,3669,Exposicao_Face
7486,17,443,330,4.73,1,7486,2,Humano,Neutro,3686,Exposicao_Face
7502,17,445,332,4.73,1,7502,2,Humano,Neutro,3702,Exposicao_Face
7519,17,443,343,4.73,1,7519,2,Humano,Neutro,3719,Exposicao_Face
7536,17,447,357,4.75,1,7536,2,Humano,Neutro,3736,Exposicao_Face
7552,17,444,339,4.75,1,7552,2,Humano,Neutro,3752,Exposicao_Face
7569,17,446,339,4.72,1,7569,2,Humano,Neutro,3769,Exposicao_Face
7586,17,442,348,4.72,1,7586,2,Humano,Neutro,3786,Exposicao_Face
7602,17,444,336,4.7,1,7602,2,Humano,Neutro,3802,Exposicao_Face
7619,17,448,331,4.75,1,7619,2,Humano,Neutro,3819,Exposicao_Face
7635,17,454,329,4.7,1,7635,2,Humano,Neutro,3835,Exposicao_Face
7652,17,450,324,4.73,1,7652,2,Humano,Neutro,3852,Exposicao_Face
7669,17,449,315,4.72,1,7669,2,Humano,Neutro,3869,Exposicao_Face
7685,17,441,336,4.73,1,7685,2,Humano,Neutro,3885,Exposicao_Face
7702,17,470,298,4.68,1,7702,2,Humano,Neutro,3902,Exposicao_Face
7719,17,453,330,4.75,1,7719,2,Humano,Neutro,3919,Exposicao_Face
7735,17,464,314,4.68,1,7735,2,Humano,Neutro,3935,Exposicao_Face
7752,17,469,319,4.68,1,7752,2,Humano,Neutro,3952,Exposicao_Face
7769,17,464,293,4.64,1,7769,2,Humano,Neutro,3969,Exposicao_Face
7785,17,468,330,4.65,1,7785,2,Humano,Neutro,3985,Exposicao_Face
7802,17,466,325,4.65,1,7802,3,Humano,Raiva,2,Janela_Baseline
7818,17,466,326,4.6,1,7818,3,Humano,Raiva,18,Janela_Baseline
7835,17,469,318,4.57,1,7835,3,Humano,Raiva,35,Janela_Baseline
7852,17,468,312,4.6,1,7852,3,Humano,Raiva,52,Janela_Baseline
7868,17,469,333,4.56,1,7868,3,Humano,Raiva,68,Janela_Baseline
7885,17,467,332,4.59,1,7885,3,Humano,Raiva,85,Janela_Baseline
7902,17,470,320,4.54,1,7902,3,Humano,Raiva,102,Janela_Baseline
7918,17,470,328,4.56,1,7918,3,Humano,Raiva,118,Janela_Baseline
7935,17,465,334,4.57,1,7935,3,Humano,Raiva,135,Janela_Baseline
7952,17,468,328,4.62,1,7952,3,Humano,Raiva,152,Janela_Baseline
8118,166,493,986,0.0,0,8118,3,Humano,Raiva,318,Janela_Baseline
8135,17,536,271,-1.0,1,8135,3,Humano,Raiva,335,Janela_Baseline
8151,17,520,470,4.7,3,8151,3,Humano,Raiva,351,Janela_Baseline
8168,17,559,306,4.68,1,8168,3,Humano,Raiva,368,Janela_Baseline
8184,17,529,189,4.64,1,8184,3,Humano,Raiva,384,Janela_Baseline
8201,17,527,305,4.72,1,8201,3,Humano,Raiva,401,Janela_Baseline
8218,17,527,314,4.73,1,8218,3,Humano,Raiva,418,Janela_Baseline
8234,17,529,325,4.76,1,8234,3,Humano,Raiva,434,Janela_Baseline
8251,17,526,310,4.68,1,8251,3,Humano,Raiva,451,Janela_Baseline
8284,33,527,331,4.72,1,8284,3,Humano,Raiva,484,Janela_Baseline
8301,17,519,317,4.75,1,8301,3,Humano,Raiva,501,Janela_Baseline
8318,17,518,305,4.7,1,8318,3,Humano,Raiva,518,Janela_Baseline
8334,17,515,344,4.76,1,8334,3,Humano,Raiva,534,Janela_Baseline
8351,17,473,356,4.78,1,8351,3,Humano,Raiva,551,Janela_Baseline
8367,17,449,340,4.75,1,8367,3,Humano,Raiva,567,Janela_Baseline
8384,17,464,361,4.75,1,8384,3,Humano,Raiva,584,Janela_Baseline
8401,17,459,344,4.76,1,8401,3,Humano,Raiva,601,Janela_Baseline
8417,17,454,352,4.84,1,8417,3,Humano,Raiva,617,Janela_Baseline
8434,17,452,339,4.78,1,8434,3,Humano,Raiva,634,Janela_Baseline
8451,17,457,349,4.78,1,8451,3,Humano,Raiva,651,Janela_Baseline
8467,17,466,353,4.81,1,8467,3,Humano,Raiva,667,Janela_Baseline
8484,17,462,361,4.83,1,8484,3,Humano,Raiva,684,Janela_Baseline
8501,17,462,348,4.76,1,8501,3,Humano,Raiva,701,Janela_Baseline
8517,17,464,345,4.76,1,8517,3,Humano,Raiva,717,Janela_Baseline
8534,17,466,331,4.76,1,8534,3,Humano,Raiva,734,Janela_Baseline
8550,17,469,329,4.73,1,8550,3,Humano,Raiva,750,Janela_Baseline
8567,17,463,321,4.73,1,8567,3,Humano,Raiva,767,Janela_Baseline
8584,17,475,339,4.75,1,8584,3,Humano,Raiva,784,Janela_Baseline
8600,17,465,325,4.65,1,8600,3,Humano,Raiva,800,Janela_Baseline
8617,17,473,336,4.72,1,8617,3,Humano,Raiva,817,Janela_Baseline
8634,17,471,326,4.68,1,8634,3,Humano,Raiva,834,Janela_Baseline
8650,17,475,337,4.68,1,8650,3,Humano,Raiva,850,Janela_Baseline
8667,17,466,334,4.68,1,8667,3,Humano,Raiva,867,Janela_Baseline
8683,17,476,323,4.68,1,8683,3,Humano,Raiva,883,Janela_Baseline
8700,17,472,358,4.76,1,8700,3,Humano,Raiva,900,Janela_Baseline
8717,17,471,336,4.73,1,8717,3,Humano,Raiva,917,Janela_Baseline
8733,17,466,333,4.68,1,8733,3,Humano,Raiva,933,Janela_Baseline
8750,17,461,340,4.75,1,8750,3,Humano,Raiva,950,Janela_Baseline
8767,17,461,351,4.78,1,8767,3,Humano,Raiva,967,Janela_Baseline
8783,17,457,353,4.8,1,8783,3,Humano,Raiva,983,Janela_Baseline
8800,17,463,350,4.8,1,8800,3,Humano,Raiva,1000,Janela_Baseline
8817,17,463,353,4.76,1,8817,3,Humano,Raiva,1017,Janela_Baseline
8833,17,466,337,4.81,1,8833,3,Humano,Raiva,1033,Janela_Baseline
8850,17,470,340,4.86,1,8850,3,Humano,Raiva,1050,Janela_Baseline
8866,17,467,335,4.84,1,8866,3,Humano,Raiva,1066,Janela_Baseline
8900,33,469,339,4.89,1,8900,3,Humano,Raiva,1100,Janela_Baseline
8916,17,468,345,4.89,1,8916,3,Humano,Raiva,1116,Janela_Baseline
8933,17,457,371,4.99,2,8933,3,Humano,Raiva,1133,Janela_Baseline
8950,17,450,330,4.96,1,8950,3,Humano,Raiva,1150,Janela_Baseline
8966,17,449,347,4.94,1,8966,3,Humano,Raiva,1166,Janela_Baseline
8983,17,454,325,4.94,1,8983,3,Humano,Raiva,1183,Janela_Baseline
9000,17,449,333,4.94,1,9000,3,Humano,Raiva,1200,Janela_Baseline
9016,17,461,327,5.02,1,9016,3,Humano,Raiva,1216,Janela_Baseline
9033,17,449,339,5.01,1,9033,3,Humano,Raiva,1233,Janela_Baseline
9049,17,459,343,5.01,1,9049,3,Humano,Raiva,1249,Janela_Baseline
9066,17,475,356,5.07,1,9066,3,Humano,Raiva,1266,Janela_Baseline
9083,17,460,359,5.01,1,9083,3,Humano,Raiva,1283,Janela_Baseline
9099,17,479,314,5.01,1,9099,3,Humano,Raiva,1299,Janela_Baseline
9116,17,480,326,4.99,1,9116,3,Humano,Raiva,1316,Exposicao_Face
9133,17,479,347,5.02,1,9133,3,Humano,Raiva,1333,Exposicao_Face
9149,17,482,348,5.1,1,9149,3,Humano,Raiva,1349,Exposicao_Face
9166,17,485,322,5.01,1,9166,3,Humano,Raiva,1366,Exposicao_Face
9183,17,477,307,4.99,1,9183,3,Humano,Raiva,1383,Exposicao_Face
9199,17,467,346,5.07,1,9199,3,Humano,Raiva,1399,Exposicao_Face
9216,17,469,343,5.04,1,9216,3,Humano,Raiva,1416,Exposicao_Face
9232,17,465,340,5.07,1,9232,3,Humano,Raiva,1432,Exposicao_Face
9249,17,477,350,5.04,1,9249,3,Humano,Raiva,1449,Exposicao_Face
9266,17,478,340,5.12,1,9266,3,Humano,Raiva,1466,Exposicao_Face
9282,17,471,295,5.04,1,9282,3,Humano,Raiva,1482,Exposicao_Face
9299,17,475,341,5.1,1,9299,3,Humano,Raiva,1499,Exposicao_Face
9316,17,478,326,5.1,1,9316,3,Humano,Raiva,1516,Exposicao_Face
9332,17,474,326,5.05,1,9332,3,Humano,Raiva,1532,Exposicao_Face
9349,17,480,319,5.07,1,9349,3,Humano,Raiva,1549,Exposicao_Face
9366,17,484,332,5.12,1,9366,3,Humano,Raiva,1566,Exposicao_Face
9382,17,476,328,5.05,1,9382,3,Humano,Raiva,1582,Exposicao_Face
9399,17,485,344,5.13,1,9399,3,Humano,Raiva,1599,Exposicao_Face
9415,17,479,298,5.05,1,9415,3,Humano,Raiva,1615,Exposicao_Face
9432,17,476,299,5.05,1,9432,3,Humano,Raiva,1632,Exposicao_Face
9449,17,477,328,5.13,1,9449,3,Humano,Raiva,1649,Exposicao_Face
9465,17,480,314,5.05,1,9465,3,Humano,Raiva,1665,Exposicao_Face
9482,17,478,317,5.13,1,9482,3,Humano,Raiva,1682,Exposicao_Face
9499,17,475,328,5.1,1,9499,3,Humano,Raiva,1699,Exposicao_Face
9515,17,533,302,5.13,1,9515,3,Humano,Raiva,1715,Exposicao_Face
9532,17,563,295,5.13,1,9532,3,Humano,Raiva,1732,Exposicao_Face
9549,17,559,305,5.18,1,9549,3,Humano,Raiva,1749,Exposicao_Face
9565,17,560,292,5.13,1,9565,3,Humano,Raiva,1765,Exposicao_Face
9582,17,559,314,5.12,1,9582,3,Humano,Raiva,1782,Exposicao_Face
9598,17,562,299,5.18,1,9598,3,Humano,Raiva,1798,Exposicao_Face
9615,17,554,304,5.17,1,9615,3,Humano,Raiva,1815,Exposicao_Face
9632,17,568,306,5.2,1,9632,3,Humano,Raiva,1832,Exposicao_Face
9648,17,560,294,5.18,1,9648,3,Humano,Raiva,1848,Exposicao_Face
9665,17,564,312,5.21,1,9665,3,Humano,Raiva,1865,Exposicao_Face
9682,17,565,319,5.2,1,9682,3,Humano,Raiva,1882,Exposicao_Face
9698,17,566,311,5.25,1,9698,3,Humano,Raiva,1898,Exposicao_Face
9715,17,565,324,5.25,1,9715,3,Humano,Raiva,1915,Exposicao_Face
9732,17,554,297,5.2,1,9732,3,Humano,Raiva,1932,Exposicao_Face
9748,17,553,322,5.21,1,9748,3,Humano,Raiva,1948,Exposicao_Face
9765,17,558,304,5.26,1,9765,3,Humano,Raiva,1965,Exposicao_Face
9781,17,558,307,5.28,1,9781,3,Humano,Raiva,1981,Exposicao_Face
9798,17,561,321,5.26,1,9798,3,Humano,Raiva,1998,Exposicao_Face
9815,17,560,310,5.23,1,9815,3,Humano,Raiva,2015,Exposicao_Face
9831,17,561,299,5.28,1,9831,3,Humano,Raiva,2031,Exposicao_Face
9865,33,559,308,5.26,1,9865,3,Humano,Raiva,2065,Exposicao_Face
9881,17,481,318,5.28,1,9881,3,Humano,Raiva,2081,Exposicao_Face
9898,17,459,291,5.23,1,9898,3,Humano,Raiva,2098,Exposicao_Face
9914,17,464,322,5.26,1,9914,3,Humano,Raiva,2114,Exposicao_Face
9931,17,463,314,5.23,1,9931,3,Humano,Raiva,2131,Exposicao_Face
9948,17,467,286,5.18,1,9948,3,Humano,Raiva,2148,Exposicao_Face
9964,17,464,288,5.17,1,9964,3,Humano,Raiva,2164,Exposicao_Face
9981,17,465,304,5.23,1,9981,3,Humano,Raiva,2181,Exposicao_Face
9998,17,461,307,5.18,1,9998,3,Humano,Raiva,2198,Exposicao_Face
10014,17,467,305,5.23,1,10014,3,Humano,Raiva,2214,Exposicao_Face
10031,17,462,299,5.17,1,10031,3,Humano,Raiva,2231,Exposicao_Face
10048,17,460,311,5.23,1,10048,3,Humano,Raiva,2248,Exposicao_Face
10064,17,456,331,5.23,1,10064,3,Humano,Raiva,2264,Exposicao_Face
10081,17,464,320,5.25,1,10081,3,Humano,Raiva,2281,Exposicao_Face
10097,17,464,313,5.2,1,10097,3,Humano,Raiva,2297,Exposicao_Face
10114,17,465,311,5.18,1,10114,3,Humano,Raiva,2314,Exposicao_Face
10131,17,465,329,5.21,1,10131,3,Humano,Raiva,2331,Exposicao_Face
10147,17,451,304,5.18,1,10147,3,Humano,Raiva,2347,Exposicao_Face
10164,17,460,313,5.2,1,10164,3,Humano,Raiva,2364,Exposicao_Face
10181,17,461,326,5.21,1,10181,3,Humano,Raiva,2381,Exposicao_Face
10197,17,464,301,5.18,1,10197,3,Humano,Raiva,2397,Exposicao_Face
10214,17,461,323,5.25,1,10214,3,Humano,Raiva,2414,Exposicao_Face
10231,17,461,315,5.18,1,10231,3,Humano,Raiva,2431,Exposicao_Face
10247,17,457,345,5.26,1,10247,3,Humano,Raiva,2447,Exposicao_Face
10264,17,458,315,5.21,1,10264,3,Humano,Raiva,2464,Exposicao_Face
10280,17,460,329,5.23,1,10280,3,Humano,Raiva,2480,Exposicao_Face
10297,17,461,314,5.2,1,10297,3,Humano,Raiva,2497,Exposicao_Face
10314,17,457,320,5.23,1,10314,3,Humano,Raiva,2514,Exposicao_Face
10330,17,460,303,5.21,1,10330,3,Humano,Raiva,2530,Exposicao_Face
10347,17,464,316,5.21,1,10347,3,Humano,Raiva,2547,Exposicao_Face
10364,17,503,363,5.23,0,10364,3,Humano,Raiva,2564,Exposicao_Face
10380,17,536,370,5.29,2,10380,3,Humano,Raiva,2580,Exposicao_Face
10397,17,530,380,5.26,2,10397,3,Humano,Raiva,2597,Exposicao_Face
10414,17,537,376,5.26,2,10414,3,Humano,Raiva,2614,Exposicao_Face
10430,17,531,381,5.26,2,10430,3,Humano,Raiva,2630,Exposicao_Face
10447,17,523,383,5.29,2,10447,3,Humano,Raiva,2647,Exposicao_Face
10463,17,538,372,5.26,2,10463,3,Humano,Raiva,2663,Exposicao_Face
10480,17,524,370,5.26,2,10480,3,Humano,Raiva,2680,Exposicao_Face
10497,17,531,364,5.34,0,10497,3,Humano,Raiva,2697,Exposicao_Face
10513,17,532,379,5.31,2,10513,3,Humano,Raiva,2713,Exposicao_Face
10530,17,532,357,5.28,1,10530,3,Humano,Raiva,2730,Exposicao_Face
10547,17,529,358,5.26,1,10547,3,Humano,Raiva,2747,Exposicao_Face
10563,17,536,397,5.36,2,10563,3,Humano,Raiva,2763,Exposicao_Face
10580,17,529,390,5.39,2,10580,3,Humano,Raiva,2780,Exposicao_Face
10597,17,540,405,5.33,2,10597,3,Humano,Raiva,2797,Exposicao_Face
10613,17,533,395,5.33,2,10613,3,Humano,Raiva,2813,Exposicao_Face
10630,17,527,388,5.29,2,10630,3,Humano,Raiva,2830,Exposicao_Face
10646,17,535,377,5.29,2,10646,3,Humano,Raiva,2846,Exposicao_Face
10663,17,532,394,5.28,2,10663,3,Humano,Raiva,2863,Exposicao_Face
10680,17,540,380,5.31,2,10680,3,Humano,Raiva,2880,Exposicao_Face
10696,17,526,388,5.34,2,10696,3,Humano,Raiva,2896,Exposicao_Face
10713,17,537,369,5.26,2,10713,3,Humano,Raiva,2913,Exposicao_Face
10730,17,537,380,5.26,2,10730,3,Humano,Raiva,2930,Exposicao_Face
10746,17,538,374,5.26,2,10746,3,Humano,Raiva,2946,Exposicao_Face
10763,17,542,368,5.26,2,10763,3,Humano,Raiva,2963,Exposicao_Face
10780,17,540,393,5.23,2,10780,3,Humano,Raiva,2980,Exposicao_Face
10796,17,538,406,5.26,2,10796,3,Humano,Raiva,2996,Exposicao_Face
10813,17,540,380,5.18,2,10813,3,Humano,Raiva,3013,Exposicao_Face
10829,17,538,403,5.26,2,10829,3,Humano,Raiva,3029,Exposicao_Face
10846,17,537,378,5.21,2,10846,3,Humano,Raiva,3046,Exposicao_Face
10863,17,541,364,5.13,0,10863,3,Humano,Raiva,3063,Exposicao_Face
10879,17,548,386,5.2,2,10879,3,Humano,Raiva,3079,Exposicao_Face
10896,17,543,391,5.25,2,10896,3,Humano,Raiva,3096,Exposicao_Face
10913,17,547,385,5.21,2,10913,3,Humano,Raiva,3113,Exposicao_Face
10929,17,542,366,5.18,2,10929,3,Humano,Raiva,3129,Exposicao_Face
10946,17,539,360,5.2,1,10946,3,Humano,Raiva,3146,Exposicao_Face
10962,17,543,356,5.2,1,10962,3,Humano,Raiva,3162,Exposicao_Face
10979,17,539,388,5.2,2,10979,3,Humano,Raiva,3179,Exposicao_Face
10996,17,542,382,5.18,2,10996,3,Humano,Raiva,3196,Exposicao_Face
11012,17,545,383,5.2,2,11012,3,Humano,Raiva,3212,Exposicao_Face
11029,17,543,383,5.21,2,11029,3,Humano,Raiva,3229,Exposicao_Face
11046,17,542,373,5.21,2,11046,3,Humano,Raiva,3246,Exposicao_Face
11062,17,545,386,5.26,2,11062,3,Humano,Raiva,3262,Exposicao_Face
11079,17,540,370,5.28,2,11079,3,Humano,Raiva,3279,Exposicao_Face
11096,17,533,361,5.26,1,11096,3,Humano,Raiva,3296,Exposicao_Face
11112,17,542,371,5.28,2,11112,3,Humano,Raiva,3312,Exposicao_Face
11129,17,538,380,5.26,2,11129,3,Humano,Raiva,3329,Exposicao_Face
11145,17,535,377,5.31,2,11145,3,Humano,Raiva,3345,Exposicao_Face
11179,33,540,378,5.36,2,11179,3,Humano,Raiva,3379,Exposicao_Face
11195,17,520,392,5.34,2,11195,3,Humano,Raiva,3395,Exposicao_Face
11212,17,538,361,5.33,1,11212,3,Humano,Raiva,3412,Exposicao_Face
11229,17,533,394,5.34,2,11229,3,Humano,Raiva,3429,Exposicao_Face
11245,17,536,366,5.34,2,11245,3,Humano,Raiva,3445,Exposicao_Face
11262,17,524,379,5.36,2,11262,3,Humano,Raiva,3462,Exposicao_Face
11279,17,519,389,5.39,2,11279,3,Humano,Raiva,3479,Exposicao_Face
11295,17,551,378,5.39,2,11295,3,Humano,Raiva,3495,Exposicao_Face
11312,17,527,369,5.39,2,11312,3,Humano,Raiva,3512,Exposicao_Face
11328,17,538,370,5.39,2,11328,3,Humano,Raiva,3528,Exposicao_Face
11345,17,525,384,5.39,2,11345,3,Humano,Raiva,3545,Exposicao_Face
11362,17,551,386,5.41,2,11362,3,Humano,Raiva,3562,Exposicao_Face
11378,17,552,384,5.39,2,11378,3,Humano,Raiva,3578,Exposicao_Face
11395,17,531,383,5.39,2,11395,3,Humano,Raiva,3595,Exposicao_Face
11412,17,527,396,5.37,2,11412,3,Humano,Raiva,3612,Exposicao_Face
11428,17,525,374,5.31,2,11428,3,Humano,Raiva,3628,Exposicao_Face
11445,17,492,349,5.33,1,11445,3,Humano,Raiva,3645,Exposicao_Face
11462,17,462,329,5.26,1,11462,3,Humano,Raiva,3662,Exposicao_Face
11478,17,469,329,5.2,1,11478,3,Humano,Raiva,3678,Exposicao_Face
11495,17,466,338,5.13,1,11495,3,Humano,Raiva,3695,Exposicao_Face
11511,17,479,311,5.05,1,11511,3,Humano,Raiva,3711,Exposicao_Face
11528,17,473,358,5.15,1,11528,3,Humano,Raiva,3728,Exposicao_Face
11545,17,474,337,5.02,1,11545,3,Humano,Raiva,3745,Exposicao_Face
11561,17,491,327,4.97,1,11561,3,Humano,Raiva,3761,Exposicao_Face
11578,17,494,334,4.96,1,11578,3,Humano,Raiva,3778,Exposicao_Face
11595,17,460,342,4.94,1,11595,3,Humano,Raiva,3795,Exposicao_Face
11611,17,465,332,4.88,1,11611,3,Humano,Raiva,3811,Exposicao_Face
11628,17,488,331,4.88,1,11628,3,Humano,Raiva,3828,Exposicao_Face
11645,17,493,341,4.86,1,11645,3,Humano,Raiva,3845,Exposicao_Face
11661,17,479,327,4.83,1,11661,3,Humano,Raiva,3861,Exposicao_Face
11678,17,485,322,4.78,1,11678,3,Humano,Raiva,3878,Exposicao_Face
11694,17,478,336,4.8,1,11694,3,Humano,Raiva,3894,Exposicao_Face
11711,17,475,331,4.75,1,11711,3,Humano,Raiva,3911,Exposicao_Face
11728,17,489,338,4.73,1,11728,3,Humano,Raiva,3928,Exposicao_Face
11744,17,487,332,4.72,1,11744,3,Humano,Raiva,3944,Exposicao_Face
11761,17,479,336,4.67,1,11761,3,Humano,Raiva,3961,Exposicao_Face
11778,17,543,319,4.65,1,11778,3,Humano,Raiva,3978,Exposicao_Face
11794,17,590,329,4.7,1,11794,3,Humano,Raiva,3994,Exposicao_Face
11811,17,604,307,4.62,1,11811,4,Humano,Feliz,11,Janela_Baseline
11828,17,604,315,4.62,1,11828,4,Humano,Feliz,28,Janela_Baseline
11844,17,608,317,4.6,1,11844,4,Humano,Feliz,44,Janela_Baseline
11861,17,607,311,4.62,1,11861,4,Humano,Feliz,61,Janela_Baseline
11877,17,605,314,4.57,1,11877,4,Humano,Feliz,77,Janela_Baseline
11894,17,608,285,4.54,1,11894,4,Humano,Feliz,94,Janela_Baseline
11911,17,607,289,4.54,1,11911,4,Humano,Feliz,111,Janela_Baseline
11927,17,608,285,4.51,1,11927,4,Humano,Feliz,127,Janela_Baseline
11944,17,604,314,4.57,1,11944,4,Humano,Feliz,144,Janela_Baseline
11961,17,606,304,4.51,1,11961,4,Humano,Feliz,161,Janela_Baseline
11977,17,609,291,4.51,1,11977,4,Humano,Feliz,177,Janela_Baseline
11994,17,606,282,4.51,1,11994,4,Humano,Feliz,194,Janela_Baseline
12011,17,608,289,4.49,1,12011,4,Humano,Feliz,211,Janela_Baseline
12027,17,603,297,4.48,1,12027,4,Humano,Feliz,227,Janela_Baseline
12044,17,603,321,4.52,1,12044,4,Humano,Feliz,244,Janela_Baseline
12060,17,608,306,4.48,1,12060,4,Humano,Feliz,260,Janela_Baseline
12077,17,606,292,4.49,1,12077,4,Humano,Feliz,277,Janela_Baseline
12094,17,605,279,4.41,1,12094,4,Humano,Feliz,294,Janela_Baseline
12110,17,602,272,4.48,1,12110,4,Humano,Feliz,310,Janela_Baseline
12127,17,565,388,4.48,2,12127,4,Humano,Feliz,327,Janela_Baseline
12144,17,547,386,4.44,2,12144,4,Humano,Feliz,344,Janela_Baseline
12160,17,543,412,4.49,2,12160,4,Humano,Feliz,360,Janela_Baseline
12177,17,538,429,4.51,3,12177,4,Humano,Feliz,377,Janela_Baseline
12193,17,547,406,4.49,2,12193,4,Humano,Feliz,393,Janela_Baseline
12210,17,548,405,4.44,2,12210,4,Humano,Feliz,410,Janela_Baseline
12227,17,546,425,4.46,3,12227,4,Humano,Feliz,427,Janela_Baseline
12260,33,545,409,4.43,2,12260,4,Humano,Feliz,460,Janela_Baseline
12277,17,544,424,4.44,3,12277,4,Humano,Feliz,477,Janela_Baseline
12293,17,546,408,4.41,2,12293,4,Humano,Feliz,493,Janela_Baseline
12310,17,538,405,4.4,2,12310,4,Humano,Feliz,510,Janela_Baseline
12327,17,544,395,4.44,2,12327,4,Humano,Feliz,527,Janela_Baseline
12343,17,546,428,4.43,3,12343,4,Humano,Feliz,543,Janela_Baseline
12360,17,546,430,4.48,3,12360,4,Humano,Feliz,560,Janela_Baseline
12376,17,541,412,4.44,2,12376,4,Humano,Feliz,576,Janela_Baseline
12393,17,555,406,4.41,2,12393,4,Humano,Feliz,593,Janela_Baseline
12410,17,536,436,4.43,3,12410,4,Humano,Feliz,610,Janela_Baseline
12426,17,548,440,4.4,3,12426,4,Humano,Feliz,626,Janela_Baseline
12443,17,544,440,4.46,3,12443,4,Humano,Feliz,643,Janela_Baseline
12460,17,545,441,4.43,3,12460,4,Humano,Feliz,660,Janela_Baseline
12476,17,542,429,4.41,3,12476,4,Humano,Feliz,676,Janela_Baseline
12493,17,543,410,4.35,2,12493,4,Humano,Feliz,693,Janela_Baseline
12510,17,546,429,4.4,3,12510,4,Humano,Feliz,710,Janela_Baseline
12526,17,547,418,4.36,5,12526,4,Humano,Feliz,726,Janela_Baseline
12543,17,551,404,4.32,2,12543,4,Humano,Feliz,743,Janela_Baseline
12559,17,548,414,4.36,2,12559,4,Humano,Feliz,759,Janela_Baseline
12576,17,550,404,4.3,2,12576,4,Humano,Feliz,776,Janela_Baseline
12593,17,553,400,4.33,2,12593,4,Humano,Feliz,793,Janela_Baseline
12609,17,542,403,4.27,2,12609,4,Humano,Feliz,809,Janela_Baseline
12626,17,546,410,4.32,2,12626,4,Humano,Feliz,826,Janela_Baseline
12643,17,541,421,4.32,3,12643,4,Humano,Feliz,843,Janela_Baseline
12659,17,546,412,4.3,2,12659,4,Humano,Feliz,859,Janela_Baseline
12676,17,547,425,4.3,3,12676,4,Humano,Feliz,876,Janela_Baseline
12693,17,547,416,4.25,2,12693,4,Humano,Feliz,893,Janela_Baseline
12709,17,542,414,4.25,2,12709,4,Humano,Feliz,909,Janela_Baseline
12726,17,543,412,4.25,2,12726,4,Humano,Feliz,926,Janela_Baseline
12742,17,518,348,4.25,1,12742,4,Humano,Feliz,942,Janela_Baseline
12759,17,506,329,4.25,1,12759,4,Humano,Feliz,959,Janela_Baseline
12776,17,516,316,4.22,1,12776,4,Humano,Feliz,976,Janela_Baseline
12792,17,512,322,4.22,1,12792,4,Humano,Feliz,992,Janela_Baseline
12809,17,514,312,4.22,1,12809,4,Humano,Feliz,1009,Janela_Baseline
12826,17,517,325,4.22,1,12826,4,Humano,Feliz,1026,Janela_Baseline
12842,17,507,343,4.2,1,12842,4,Humano,Feliz,1042,Janela_Baseline
12859,17,520,313,4.17,1,12859,4,Humano,Feliz,1059,Janela_Baseline
12876,17,507,335,4.19,1,12876,4,Humano,Feliz,1076,Janela_Baseline
12892,17,517,335,4.22,1,12892,4,Humano,Feliz,1092,Janela_Baseline
12909,17,521,342,4.15,1,12909,4,Humano,Feliz,1109,Janela_Baseline
12925,17,514,310,4.14,1,12925,4,Humano,Feliz,1125,Janela_Baseline
12942,17,518,328,4.19,1,12942,4,Humano,Feliz,1142,Janela_Baseline
12959,17,514,337,4.17,1,12959,4,Humano,Feliz,1159,Janela_Baseline
12975,17,518,335,4.25,1,12975,4,Humano,Feliz,1175,Janela_Baseline
12992,17,511,310,4.22,1,12992,4,Humano,Feliz,1192,Janela_Baseline
13009,17,498,312,4.2,1,13009,4,Humano,Feliz,1209,Janela_Baseline
13025,17,507,306,4.19,1,13025,4,Humano,Feliz,1225,Janela_Baseline
13042,17,493,302,4.17,1,13042,4,Humano,Feliz,1242,Janela_Baseline
13059,17,502,317,4.27,1,13059,4,Humano,Feliz,1259,Janela_Baseline
13075,17,506,312,4.2,1,13075,4,Humano,Feliz,1275,Janela_Baseline
13092,17,506,297,4.22,1,13092,4,Humano,Feliz,1292,Janela_Baseline
13108,17,497,283,4.15,1,13108,4,Humano,Feliz,1308,Exposicao_Face
13125,17,503,307,4.22,1,13125,4,Humano,Feliz,1325,Exposicao_Face
13142,17,503,300,4.2,1,13142,4,Humano,Feliz,1342,Exposicao_Face
13158,17,505,298,4.22,1,13158,4,Humano,Feliz,1358,Exposicao_Face
13175,17,503,312,4.22,1,13175,4,Humano,Feliz,1375,Exposicao_Face
13192,17,505,311,4.22,1,13192,4,Humano,Feliz,1392,Exposicao_Face
13208,17,498,298,4.2,1,13208,4,Humano,Feliz,1408,Exposicao_Face
13225,17,495,277,4.17,1,13225,4,Humano,Feliz,1425,Exposicao_Face
13241,17,500,288,4.2,1,13241,4,Humano,Feliz,1441,Exposicao_Face
13258,17,504,296,4.2,1,13258,4,Humano,Feliz,1458,Exposicao_Face
13275,17,496,296,4.19,1,13275,4,Humano,Feliz,1475,Exposicao_Face
13291,17,499,280,4.12,1,13291,4,Humano,Feliz,1491,Exposicao_Face
13308,17,503,293,4.17,1,13308,4,Humano,Feliz,1508,Exposicao_Face
13325,17,503,318,4.2,1,13325,4,Humano,Feliz,1525,Exposicao_Face
13341,17,500,307,4.25,1,13341,4,Humano,Feliz,1541,Exposicao_Face
13358,17,504,295,4.19,1,13358,4,Humano,Feliz,1558,Exposicao_Face
13375,17,506,292,4.22,1,13375,4,Humano,Feliz,1575,Exposicao_Face
13391,17,501,308,4.22,1,13391,4,Humano,Feliz,1591,Exposicao_Face
13408,17,501,302,4.24,1,13408,4,Humano,Feliz,1608,Exposicao_Face
13424,17,500,309,4.19,1,13424,4,Humano,Feliz,1624,Exposicao_Face
13441,17,495,339,4.22,1,13441,4,Humano,Feliz,1641,Exposicao_Face
13574,133,590,599,4.24,3,13574,4,Humano,Feliz,1774,Exposicao_Face
13591,17,577,465,4.35,3,13591,4,Humano,Feliz,1791,Exposicao_Face
13607,17,612,289,4.25,1,13607,4,Humano,Feliz,1807,Exposicao_Face
13624,17,603,177,4.28,1,13624,4,Humano,Feliz,1824,Exposicao_Face
13641,17,605,132,4.3,1,13641,4,Humano,Feliz,1841,Exposicao_Face
13657,17,604,265,4.28,1,13657,4,Humano,Feliz,1857,Exposicao_Face
13674,17,604,282,4.28,1,13674,4,Humano,Feliz,1874,Exposicao_Face
13691,17,610,287,4.28,1,13691,4,Humano,Feliz,1891,Exposicao_Face
13707,17,601,282,4.28,1,13707,4,Humano,Feliz,1907,Exposicao_Face
13724,17,600,283,4.27,1,13724,4,Humano,Feliz,1924,Exposicao_Face
13741,17,594,274,4.24,1,13741,4,Humano,Feliz,1941,Exposicao_Face
13774,33,606,275,4.27,1,13774,4,Humano,Feliz,1974,Exposicao_Face
13790,17,610,274,4.25,1,13790,4,Humano,Feliz,1990,Exposicao_Face
13807,17,604,265,4.28,1,13807,4,Humano,Feliz,2007,Exposicao_Face
13824,17,594,267,4.27,1,13824,4,Humano,Feliz,2024,Exposicao_Face
13840,17,591,302,4.32,1,13840,4,Humano,Feliz,2040,Exposicao_Face
13857,17,594,295,4.35,1,13857,4,Humano,Feliz,2057,Exposicao_Face
13874,17,591,293,4.28,1,13874,4,Humano,Feliz,2074,Exposicao_Face
13890,17,516,286,4.3,1,13890,4,Humano,Feliz,2090,Exposicao_Face
13907,17,493,278,4.22,1,13907,4,Humano,Feliz,2107,Exposicao_Face
13924,17,504,306,4.25,1,13924,4,Humano,Feliz,2124,Exposicao_Face
13940,17,486,282,4.25,1,13940,4,Humano,Feliz,2140,Exposicao_Face
13957,17,487,287,4.24,1,13957,4,Humano,Feliz,2157,Exposicao_Face
13973,17,494,291,4.22,1,13973,4,Humano,Feliz,2173,Exposicao_Face
13990,17,495,291,4.2,1,13990,4,Humano,Feliz,2190,Exposicao_Face
14007,17,492,306,4.2,1,14007,4,Humano,Feliz,2207,Exposicao_Face
14023,17,497,287,4.17,1,14023,4,Humano,Feliz,2223,Exposicao_Face
14040,17,498,293,4.14,1,14040,4,Humano,Feliz,2240,Exposicao_Face
14057,17,498,282,4.06,1,14057,4,Humano,Feliz,2257,Exposicao_Face
14073,17,492,295,4.12,1,14073,4,Humano,Feliz,2273,Exposicao_Face
14090,17,493,288,4.07,1,14090,4,Humano,Feliz,2290,Exposicao_Face
14107,17,496,288,4.07,1,14107,4,Humano,Feliz,2307,Exposicao_Face
14123,17,491,285,4.09,1,14123,4,Humano,Feliz,2323,Exposicao_Face
14140,17,495,303,4.06,1,14140,4,Humano,Feliz,2340,Exposicao_Face
14156,17,492,298,4.06,1,14156,4,Humano,Feliz,2356,Exposicao_Face
14173,17,494,288,4.07,1,14173,4,Humano,Feliz,2373,Exposicao_Face
14190,17,497,308,4.06,1,14190,4,Humano,Feliz,2390,Exposicao_Face
14206,17,497,305,4.04,1,14206,4,Humano,Feliz,2406,Exposicao_Face
14223,17,495,276,4.04,1,14223,4,Humano,Feliz,2423,Exposicao_Face
14240,17,498,299,4.11,1,14240,4,Humano,Feliz,2440,Exposicao_Face
14256,17,495,282,4.04,1,14256,4,Humano,Feliz,2456,Exposicao_Face
14273,17,494,293,4.11,1,14273,4,Humano,Feliz,2473,Exposicao_Face
14290,17,497,273,4.11,1,14290,4,Humano,Feliz,2490,Exposicao_Face
14306,17,492,267,4.09,1,14306,4,Humano,Feliz,2506,Exposicao_Face
14323,17,496,316,4.19,1,14323,4,Humano,Feliz,2523,Exposicao_Face
14339,17,494,319,4.19,1,14339,4,Humano,Feliz,2539,Exposicao_Face
14356,17,495,307,4.14,1,14356,4,Humano,Feliz,2556,Exposicao_Face
14373,17,498,318,4.19,1,14373,4,Humano,Feliz,2573,Exposicao_Face
14389,17,496,289,4.17,1,14389,4,Humano,Feliz,2589,Exposicao_Face
14406,17,501,309,4.17,1,14406,4,Humano,Feliz,2606,Exposicao_Face
14423,17,501,302,4.15,1,14423,4,Humano,Feliz,2623,Exposicao_Face
14439,17,478,308,4.22,1,14439,4,Humano,Feliz,2639,Exposicao_Face
14456,17,502,320,4.28,1,14456,4,Humano,Feliz,2656,Exposicao_Face
14472,17,493,311,4.28,1,14472,4,Humano,Feliz,2672,Exposicao_Face
14489,17,493,315,4.35,1,14489,4,Humano,Feliz,2689,Exposicao_Face
14506,17,500,317,4.36,1,14506,4,Humano,Feliz,2706,Exposicao_Face
14522,17,488,294,4.28,1,14522,4,Humano,Feliz,2722,Exposicao_Face
14539,17,520,317,4.38,1,14539,4,Humano,Feliz,2739,Exposicao_Face
14556,17,561,333,4.43,1,14556,4,Humano,Feliz,2756,Exposicao_Face
14572,17,559,338,4.43,1,14572,4,Humano,Feliz,2772,Exposicao_Face
14589,17,565,347,4.44,1,14589,4,Humano,Feliz,2789,Exposicao_Face
14606,17,567,345,4.51,1,14606,4,Humano,Feliz,2806,Exposicao_Face
14622,17,565,340,4.43,1,14622,4,Humano,Feliz,2822,Exposicao_Face
14639,17,564,336,4.48,1,14639,4,Humano,Feliz,2839,Exposicao_Face
14689,50,564,359,4.54,1,14689,4,Humano,Feliz,2889,Exposicao_Face
14705,17,565,357,4.56,1,14705,4,Humano,Feliz,2905,Exposicao_Face
14722,17,562,340,4.52,1,14722,4,Humano,Feliz,2922,Exposicao_Face
14739,17,560,357,4.54,1,14739,4,Humano,Feliz,2939,Exposicao_Face
14755,17,561,353,4.59,1,14755,4,Humano,Feliz,2955,Exposicao_Face
14772,17,554,357,4.64,1,14772,4,Humano,Feliz,2972,Exposicao_Face
14789,17,559,342,4.62,1,14789,4,Humano,Feliz,2989,Exposicao_Face
14805,17,571,352,4.67,1,14805,4,Humano,Feliz,3005,Exposicao_Face
14822,17,559,339,4.64,1,14822,4,Humano,Feliz,3022,Exposicao_Face
14838,17,560,350,4.67,1,14838,4,Humano,Feliz,3038,Exposicao_Face
14855,17,547,355,4.68,1,14855,4,Humano,Feliz,3055,Exposicao_Face
14872,17,543,347,4.72,1,14872,4,Humano,Feliz,3072,Exposicao_Face
14888,17,557,362,4.76,1,14888,4,Humano,Feliz,3088,Exposicao_Face
14905,17,555,372,4.75,2,14905,4,Humano,Feliz,3105,Exposicao_Face
14922,17,547,368,4.75,2,14922,4,Humano,Feliz,3122,Exposicao_Face
14938,17,553,357,4.73,1,14938,4,Humano,Feliz,3138,Exposicao_Face
14955,17,550,358,4.75,1,14955,4,Humano,Feliz,3155,Exposicao_Face
14972,17,551,386,4.86,2,14972,4,Humano,Feliz,3172,Exposicao_Face
14988,17,555,369,4.8,2,14988,4,Humano,Feliz,3188,Exposicao_Face
15005,17,555,355,4.8,1,15005,4,Humano,Feliz,3205,Exposicao_Face
15021,17,553,364,4.78,0,15021,4,Humano,Feliz,3221,Exposicao_Face
15038,17,562,385,4.84,2,15038,4,Humano,Feliz,3238,Exposicao_Face
15055,17,559,373,4.75,2,15055,4,Humano,Feliz,3255,Exposicao_Face
15071,17,548,359,4.8,1,15071,4,Humano,Feliz,3271,Exposicao_Face
15088,17,559,346,4.8,1,15088,4,Humano,Feliz,3288,Exposicao_Face
15105,17,559,362,4.75,1,15105,4,Humano,Feliz,3305,Exposicao_Face
15121,17,550,397,4.78,2,15121,4,Humano,Feliz,3321,Exposicao_Face
15138,17,559,354,4.78,1,15138,4,Humano,Feliz,3338,Exposicao_Face
15155,17,547,369,4.81,2,15155,4,Humano,Feliz,3355,Exposicao_Face
15171,17,555,372,4.81,2,15171,4,Humano,Feliz,3371,Exposicao_Face
15188,17,565,381,4.78,2,15188,4,Humano,Feliz,3388,Exposicao_Face
15204,17,548,525,4.8,3,15204,4,Humano,Feliz,3404,Exposicao_Face
15387,183,512,390,-1.0,2,15387,4,Humano,Feliz,3587,Exposicao_Face
15404,17,513,682,5.2,3,15404,4,Humano,Feliz,3604,Exposicao_Face
15421,17,528,425,4.94,3,15421,4,Humano,Feliz,3621,Exposicao_Face
15437,17,529,287,4.92,1,15437,4,Humano,Feliz,3637,Exposicao_Face
15454,17,525,260,5.01,1,15454,4,Humano,Feliz,3654,Exposicao_Face
15471,17,523,195,4.99,1,15471,4,Humano,Feliz,3671,Exposicao_Face
15487,17,542,321,4.99,1,15487,4,Humano,Feliz,3687,Exposicao_Face
15504,17,535,344,4.99,1,15504,4,Humano,Feliz,3704,Exposicao_Face
15521,17,541,352,5.01,1,15521,4,Humano,Feliz,3721,Exposicao_Face
15537,17,532,353,5.02,1,15537,4,Humano,Feliz,3737,Exposicao_Face
15554,17,536,329,5.01,1,15554,4,Humano,Feliz,3754,Exposicao_Face
15570,17,532,338,4.99,1,15570,4,Humano,Feliz,3770,Exposicao_Face
15587,17,533,339,5.01,1,15587,4,Humano,Feliz,3787,Exposicao_Face
15604,17,531,329,5.02,1,15604,4,Humano,Feliz,3804,Exposicao_Face
15620,17,533,310,5.01,1,15620,4,Humano,Feliz,3820,Exposicao_Face
15637,17,534,353,5.02,1,15637,4,Humano,Feliz,3837,Exposicao_Face
15654,17,494,344,5.05,1,15654,4,Humano,Feliz,3854,Exposicao_Face
15670,17,484,337,5.05,1,15670,4,Humano,Feliz,3870,Exposicao_Face
15687,17,491,329,4.97,1,15687,4,Humano,Feliz,3887,Exposicao_Face
15703,17,482,333,5.01,1,15703,4,Humano,Feliz,3903,Exposicao_Face
15720,17,488,343,5.01,1,15720,4,Humano,Feliz,3920,Exposicao_Face
15737,17,485,321,4.99,1,15737,4,Humano,Feliz,3937,Exposicao_Face
15753,17,486,349,5.01,1,15753,4,Humano,Feliz,3953,Exposicao_Face
15770,17,488,339,4.88,1,15770,4,Humano,Feliz,3970,Exposicao_Face
15787,17,477,338,4.92,1,15787,4,Humano,Feliz,3987,Exposicao_Face
15803,17,494,318,4.86,1,15803,5,Humano,Neutro,3,Janela_Baseline
15820,17,492,325,4.86,1,15820,5,Humano,Neutro,20,Janela_Baseline
15837,17,468,338,4.83,1,15837,5,Humano,Neutro,37,Janela_Baseline
15853,17,486,341,4.88,1,15853,5,Humano,Neutro,53,Janela_Baseline
15870,17,480,334,4.81,1,15870,5,Humano,Neutro,70,Janela_Baseline
15886,17,497,351,4.81,1,15886,5,Humano,Neutro,86,Janela_Baseline
15903,17,487,334,4.76,1,15903,5,Humano,Neutro,103,Janela_Baseline
15920,17,487,326,4.73,1,15920,5,Humano,Neutro,120,Janela_Baseline
15936,17,484,332,4.73,1,15936,5,Humano,Neutro,136,Janela_Baseline
15953,17,493,333,4.7,1,15953,5,Humano,Neutro,153,Janela_Baseline
15970,17,487,325,4.65,1,15970,5,Humano,Neutro,170,Janela_Baseline
15986,17,493,342,4.67,1,15986,5,Humano,Neutro,186,Janela_Baseline
16003,17,487,361,4.75,1,16003,5,Humano,Neutro,203,Janela_Baseline
16020,17,495,331,4.73,1,16020,5,Humano,Neutro,220,Janela_Baseline
16036,17,490,350,4.8,1,16036,5,Humano,Neutro,236,Janela_Baseline
16053,17,496,359,4.8,1,16053,5,Humano,Neutro,253,Janela_Baseline
16069,17,485,344,4.76,1,16069,5,Humano,Neutro,269,Janela_Baseline
16086,17,488,338,4.76,1,16086,5,Humano,Neutro,286,Janela_Baseline
16103,17,476,357,4.78,1,16103,5,Humano,Neutro,303,Janela_Baseline
16119,17,487,358,4.8,1,16119,5,Humano,Neutro,319,Janela_Baseline
16136,17,497,360,4.81,1,16136,5,Humano,Neutro,336,Janela_Baseline
16153,17,484,336,4.76,1,16153,5,Humano,Neutro,353,Janela_Baseline
16169,17,491,351,4.78,1,16169,5,Humano,Neutro,369,Janela_Baseline
16186,17,493,328,4.75,1,16186,5,Humano,Neutro,386,Janela_Baseline
16203,17,518,358,4.86,1,16203,5,Humano,Neutro,403,Janela_Baseline
16219,17,592,318,4.86,1,16219,5,Humano,Neutro,419,Janela_Baseline
16236,17,609,308,4.84,1,16236,5,Humano,Neutro,436,Janela_Baseline
16252,17,626,319,4.92,1,16252,5,Humano,Neutro,452,Janela_Baseline
16269,17,608,323,4.94,1,16269,5,Humano,Neutro,469,Janela_Baseline
16286,17,613,304,4.88,1,16286,5,Humano,Neutro,486,Janela_Baseline
16302,17,611,333,4.89,1,16302,5,Humano,Neutro,502,Janela_Baseline
16319,17,621,334,4.94,1,16319,5,Humano,Neutro,519,Janela_Baseline
16336,17,615,312,4.88,1,16336,5,Humano,Neutro,536,Janela_Baseline
16352,17,607,334,4.97,1,16352,5,Humano,Neutro,552,Janela_Baseline
16369,17,614,330,4.96,1,16369,5,Humano,Neutro,569,Janela_Baseline
16386,17,616,327,4.96,1,16386,5,Humano,Neutro,586,Janela_Baseline
16402,17,612,298,4.99,1,16402,5,Humano,Neutro,602,Janela_Baseline
16419,17,612,299,4.96,1,16419,5,Humano,Neutro,619,Janela_Baseline
16435,17,616,303,4.97,1,16435,5,Humano,Neutro,635,Janela_Baseline
16452,17,613,319,5.04,1,16452,5,Humano,Neutro,652,Janela_Baseline
16469,17,613,312,5.04,1,16469,5,Humano,Neutro,669,Janela_Baseline
16485,17,608,312,5.02,1,16485,5,Humano,Neutro,685,Janela_Baseline
16502,17,609,310,5.07,1,16502,5,Humano,Neutro,702,Janela_Baseline
16519,17,610,332,5.04,1,16519,5,Humano,Neutro,719,Janela_Baseline
16535,17,611,330,5.02,1,16535,5,Humano,Neutro,735,Janela_Baseline
16552,17,619,310,5.01,1,16552,5,Humano,Neutro,752,Janela_Baseline
16569,17,612,336,5.02,1,16569,5,Humano,Neutro,769,Janela_Baseline
16585,17,612,343,5.04,1,16585,5,Humano,Neutro,785,Janela_Baseline
16602,17,615,330,5.01,1,16602,5,Humano,Neutro,802,Janela_Baseline
16618,17,615,318,4.96,1,16618,5,Humano,Neutro,818,Janela_Baseline
16635,17,617,322,4.99,1,16635,5,Humano,Neutro,835,Janela_Baseline
16652,17,612,324,4.96,1,16652,5,Humano,Neutro,852,Janela_Baseline
16668,17,612,338,5.02,1,16668,5,Humano,Neutro,868,Janela_Baseline
16685,17,616,333,5.02,1,16685,5,Humano,Neutro,885,Janela_Baseline
16702,17,613,342,5.02,1,16702,5,Humano,Neutro,902,Janela_Baseline
16718,17,613,323,4.99,1,16718,5,Humano,Neutro,918,Janela_Baseline
16735,17,608,317,5.04,1,16735,5,Humano,Neutro,935,Janela_Baseline
16751,17,613,320,4.99,1,16751,5,Humano,Neutro,951,Janela_Baseline
16768,17,618,326,4.97,1,16768,5,Humano,Neutro,968,Janela_Baseline
16785,17,613,329,5.05,1,16785,5,Humano,Neutro,985,Janela_Baseline
16801,17,612,329,5.04,1,16801,5,Humano,Neutro,1001,Janela_Baseline
16818,17,621,304,5.01,1,16818,5,Humano,Neutro,1018,Janela_Baseline
16835,17,618,316,5.01,1,16835,5,Humano,Neutro,1035,Janela_Baseline
16851,17,617,329,5.01,1,16851,5,Humano,Neutro,1051,Janela_Baseline
16868,17,617,337,5.05,1,16868,5,Humano,Neutro,1068,Janela_Baseline
16885,17,614,342,5.1,1,16885,5,Humano,Neutro,1085,Janela_Baseline
16901,17,617,338,5.09,1,16901,5,Humano,Neutro,1101,Janela_Baseline
16918,17,613,317,5.07,1,16918,5,Humano,Neutro,1118,Janela_Baseline
16934,17,619,302,5.04,1,16934,5,Humano,Neutro,1134,Janela_Baseline
16951,17,611,309,5.05,1,16951,5,Humano,Neutro,1151,Janela_Baseline
16968,17,608,305,5.05,1,16968,5,Humano,Neutro,1168,Janela_Baseline
16984,17,605,322,5.15,1,16984,5,Humano,Neutro,1184,Janela_Baseline
17001,17,608,333,5.13,1,17001,5,Humano,Neutro,1201,Janela_Baseline
17018,17,610,319,5.1,1,17018,5,Humano,Neutro,1218,Janela_Baseline
17034,17,613,315,5.07,1,17034,5,Humano,Neutro,1234,Janela_Baseline
17051,17,610,323,5.12,1,17051,5,Humano,Neutro,1251,Janela_Baseline
17068,17,609,306,5.1,1,17068,5,Humano,Neutro,1268,Janela_Baseline
17084,17,605,329,5.1,1,17084,5,Humano,Neutro,1284,Janela_Baseline
17101,17,608,320,5.13,1,17101,5,Humano,Neutro,1301,Exposicao_Face
17117,17,517,363,5.23,0,17117,5,Humano,Neutro,1317,Exposicao_Face
17134,17,465,316,5.13,1,17134,5,Humano,Neutro,1334,Exposicao_Face
17151,17,475,336,5.15,1,17151,5,Humano,Neutro,1351,Exposicao_Face
17167,17,455,341,5.17,1,17167,5,Humano,Neutro,1367,Exposicao_Face
17184,17,464,336,5.17,1,17184,5,Humano,Neutro,1384,Exposicao_Face
17201,17,470,313,5.12,1,17201,5,Humano,Neutro,1401,Exposicao_Face
17217,17,449,320,5.17,1,17217,5,Humano,Neutro,1417,Exposicao_Face
17234,17,464,348,5.21,1,17234,5,Humano,Neutro,1434,Exposicao_Face
17251,17,464,361,5.28,1,17251,5,Humano,Neutro,1451,Exposicao_Face
17267,17,464,338,5.17,1,17267,5,Humano,Neutro,1467,Exposicao_Face
17284,17,461,345,5.18,1,17284,5,Humano,Neutro,1484,Exposicao_Face
17300,17,467,355,5.23,1,17300,5,Humano,Neutro,1500,Exposicao_Face
17317,17,465,328,5.21,1,17317,5,Humano,Neutro,1517,Exposicao_Face
17334,17,450,340,5.21,1,17334,5,Humano,Neutro,1534,Exposicao_Face
17350,17,465,313,5.18,1,17350,5,Humano,Neutro,1550,Exposicao_Face
17367,17,456,336,5.21,1,17367,5,Humano,Neutro,1567,Exposicao_Face
17384,17,463,328,5.23,1,17384,5,Humano,Neutro,1584,Exposicao_Face
17400,17,454,295,5.21,1,17400,5,Humano,Neutro,1600,Exposicao_Face
17417,17,461,337,5.17,1,17417,5,Humano,Neutro,1617,Exposicao_Face
17434,17,462,337,5.25,1,17434,5,Humano,Neutro,1634,Exposicao_Face
17450,17,465,334,5.18,1,17450,5,Humano,Neutro,1650,Exposicao_Face
17467,17,467,345,5.17,1,17467,5,Humano,Neutro,1667,Exposicao_Face
17483,17,464,333,5.13,1,17483,5,Humano,Neutro,1683,Exposicao_Face
17500,17,465,330,5.13,1,17500,5,Humano,Neutro,1700,Exposicao_Face
17517,17,463,342,5.17,1,17517,5,Humano,Neutro,1717,Exposicao_Face
17533,17,507,370,5.13,2,17533,5,Humano,Neutro,1733,Exposicao_Face
17550,17,521,411,5.13,2,17550,5,Humano,Neutro,1750,Exposicao_Face
17567,17,531,449,5.1,3,17567,5,Humano,Neutro,1767,Exposicao_Face
17583,17,537,451,5.1,3,17583,5,Humano,Neutro,1783,Exposicao_Face
17600,17,538,454,5.12,3,17600,5,Humano,Neutro,1800,Exposicao_Face
17617,17,537,435,5.05,3,17617,5,Humano,Neutro,1817,Exposicao_Face
17633,17,535,449,5.05,3,17633,5,Humano,Neutro,1833,Exposicao_Face
17650,17,535,443,5.01,3,17650,5,Humano,Neutro,1850,Exposicao_Face
17666,17,534,439,5.02,3,17666,5,Humano,Neutro,1866,Exposicao_Face
17700,33,533,435,5.04,3,17700,5,Humano,Neutro,1900,Exposicao_Face
17716,17,532,444,5.05,3,17716,5,Humano,Neutro,1916,Exposicao_Face
17733,17,534,466,5.07,3,17733,5,Humano,Neutro,1933,Exposicao_Face
17750,17,534,451,5.07,3,17750,5,Humano,Neutro,1950,Exposicao_Face
17766,17,531,433,5.02,3,17766,5,Humano,Neutro,1966,Exposicao_Face
17783,17,530,445,5.07,3,17783,5,Humano,Neutro,1983,Exposicao_Face
17800,17,534,442,5.04,3,17800,5,Humano,Neutro,2000,Exposicao_Face
17816,17,532,443,5.01,3,17816,5,Humano,Neutro,2016,Exposicao_Face
17833,17,533,443,5.01,3,17833,5,Humano,Neutro,2033,Exposicao_Face
17849,17,538,440,4.96,3,17849,5,Humano,Neutro,2049,Exposicao_Face
17866,17,536,438,4.96,3,17866,5,Humano,Neutro,2066,Exposicao_Face
17883,17,537,422,4.94,3,17883,5,Humano,Neutro,2083,Exposicao_Face
17899,17,534,423,4.92,3,17899,5,Humano,Neutro,2099,Exposicao_Face
17916,17,543,426,4.94,3,17916,5,Humano,Neutro,2116,Exposicao_Face
17933,17,533,460,5.01,3,17933,5,Humano,Neutro,2133,Exposicao_Face
17949,17,534,449,4.97,3,17949,5,Humano,Neutro,2149,Exposicao_Face
17966,17,521,430,4.92,3,17966,5,Humano,Neutro,2166,Exposicao_Face
17982,17,515,473,4.91,3,17982,5,Humano,Neutro,2182,Exposicao_Face
17999,17,527,414,4.88,2,17999,5,Humano,Neutro,2199,Exposicao_Face
18016,17,522,442,4.94,3,18016,5,Humano,Neutro,2216,Exposicao_Face
18032,17,538,439,4.92,3,18032,5,Humano,Neutro,2232,Exposicao_Face
18049,17,525,450,4.91,3,18049,5,Humano,Neutro,2249,Exposicao_Face
18066,17,528,446,4.89,3,18066,5,Humano,Neutro,2266,Exposicao_Face
18082,17,515,426,4.91,3,18082,5,Humano,Neutro,2282,Exposicao_Face
18099,17,524,434,4.89,3,18099,5,Humano,Neutro,2299,Exposicao_Face
18116,17,526,439,4.89,3,18116,5,Humano,Neutro,2316,Exposicao_Face
18132,17,513,417,4.92,2,18132,5,Humano,Neutro,2332,Exposicao_Face
18149,17,521,431,4.91,3,18149,5,Humano,Neutro,2349,Exposicao_Face
18165,17,523,438,4.92,3,18165,5,Humano,Neutro,2365,Exposicao_Face
18182,17,524,399,4.92,2,18182,5,Humano,Neutro,2382,Exposicao_Face
18199,17,525,436,4.94,3,18199,5,Humano,Neutro,2399,Exposicao_Face
18215,17,526,441,4.94,3,18215,5,Humano,Neutro,2415,Exposicao_Face
18232,17,525,436,4.97,3,18232,5,Humano,Neutro,2432,Exposicao_Face
18249,17,506,421,4.99,3,18249,5,Humano,Neutro,2449,Exposicao_Face
18265,17,440,291,4.94,1,18265,5,Humano,Neutro,2465,Exposicao_Face
18282,17,454,300,4.99,1,18282,5,Humano,Neutro,2482,Exposicao_Face
18299,17,446,313,4.99,1,18299,5,Humano,Neutro,2499,Exposicao_Face
18315,17,466,315,4.99,1,18315,5,Humano,Neutro,2515,Exposicao_Face
18332,17,457,306,4.99,1,18332,5,Humano,Neutro,2532,Exposicao_Face
18348,17,450,300,5.01,1,18348,5,Humano,Neutro,2548,Exposicao_Face
18365,17,454,290,4.96,1,18365,5,Humano,Neutro,2565,Exposicao_Face
18382,17,459,336,5.04,1,18382,5,Humano,Neutro,2582,Exposicao_Face
18398,17,443,325,4.99,1,18398,5,Humano,Neutro,2598,Exposicao_Face
18415,17,448,319,4.97,1,18415,5,Humano,Neutro,2615,Exposicao_Face
18432,17,451,343,5.01,1,18432,5,Humano,Neutro,2632,Exposicao_Face
18448,17,446,327,5.04,1,18448,5,Humano,Neutro,2648,Exposicao_Face
18465,17,444,315,4.96,1,18465,5,Humano,Neutro,2665,Exposicao_Face
18482,17,452,328,5.01,1,18482,5,Humano,Neutro,2682,Exposicao_Face
18498,17,450,314,4.99,1,18498,5,Humano,Neutro,2698,Exposicao_Face
18515,17,450,328,5.01,1,18515,5,Humano,Neutro,2715,Exposicao_Face
18531,17,460,324,4.97,1,18531,5,Humano,Neutro,2731,Exposicao_Face
18548,17,450,350,5.02,1,18548,5,Humano,Neutro,2748,Exposicao_Face
18565,17,451,334,5.01,1,18565,5,Humano,Neutro,2765,Exposicao_Face
18581,17,459,326,4.97,1,18581,5,Humano,Neutro,2781,Exposicao_Face
18598,17,456,331,4.96,1,18598,5,Humano,Neutro,2798,Exposicao_Face
18615,17,494,339,4.91,1,18615,5,Humano,Neutro,2815,Exposicao_Face
18631,17,512,379,5.01,2,18631,5,Humano,Neutro,2831,Exposicao_Face
18648,17,516,371,4.94,2,18648,5,Humano,Neutro,2848,Exposicao_Face
18665,17,520,375,4.94,2,18665,5,Humano,Neutro,2865,Exposicao_Face
18681,17,516,397,4.99,2,18681,5,Humano,Neutro,2881,Exposicao_Face
18698,17,524,396,4.97,2,18698,5,Humano,Neutro,2898,Exposicao_Face
18714,17,517,396,4.96,2,18714,5,Humano,Neutro,2914,Exposicao_Face
18731,17,523,377,4.96,2,18731,5,Humano,Neutro,2931,Exposicao_Face
18748,17,498,413,4.99,2,18748,5,Humano,Neutro,2948,Exposicao_Face
18764,17,526,391,4.97,2,18764,5,Humano,Neutro,2964,Exposicao_Face
18781,17,520,379,4.91,2,18781,5,Humano,Neutro,2981,Exposicao_Face
18798,17,507,362,4.92,1,18798,5,Humano,Neutro,2998,Exposicao_Face
18814,17,383,424,4.99,3,18814,5,Humano,Neutro,3014,Exposicao_Face
18831,17,311,453,4.88,3,18831,5,Humano,Neutro,3031,Exposicao_Face
18848,17,260,496,4.8,3,18848,5,Humano,Neutro,3048,Exposicao_Face
18864,17,212,536,4.84,3,18864,5,Humano,Neutro,3064,Exposicao_Face
18881,17,218,531,4.86,3,18881,5,Humano,Neutro,3081,Exposicao_Face
18897,17,219,539,4.78,3,18897,5,Humano,Neutro,3097,Exposicao_Face
18914,17,223,530,4.81,3,18914,5,Humano,Neutro,3114,Exposicao_Face
18931,17,219,539,4.83,3,18931,5,Humano,Neutro,3131,Exposicao_Face
18947,17,219,517,4.76,3,18947,5,Humano,Neutro,3147,Exposicao_Face
18964,17,217,534,4.8,3,18964,5,Humano,Neutro,3164,Exposicao_Face
18981,17,216,530,4.75,3,18981,5,Humano,Neutro,3181,Exposicao_Face
18997,17,217,522,4.75,3,18997,5,Humano,Neutro,3197,Exposicao_Face
19014,17,214,536,4.76,3,19014,5,Humano,Neutro,3214,Exposicao_Face
19030,17,217,516,4.76,3,19030,5,Humano,Neutro,3230,Exposicao_Face
19047,17,221,535,4.72,3,19047,5,Humano,Neutro,3247,Exposicao_Face
19064,17,222,531,4.75,3,19064,5,Humano,Neutro,3264,Exposicao_Face
19080,17,219,538,4.67,3,19080,5,Humano,Neutro,3280,Exposicao_Face
19097,17,218,543,4.62,3,19097,5,Humano,Neutro,3297,Exposicao_Face
19114,17,192,525,4.68,3,19114,5,Humano,Neutro,3314,Exposicao_Face
19130,17,229,540,4.64,3,19130,5,Humano,Neutro,3330,Exposicao_Face
19147,17,147,537,4.6,3,19147,5,Humano,Neutro,3347,Exposicao_Face
19164,17,104,563,4.4,3,19164,5,Humano,Neutro,3364,Exposicao_Face
19180,17,36,600,4.36,3,19180,5,Humano,Neutro,3380,Exposicao_Face
19197,17,62,593,4.35,3,19197,5,Humano,Neutro,3397,Exposicao_Face
19213,17,60,597,4.32,3,19213,5,Humano,Neutro,3413,Exposicao_Face
19230,17,48,588,4.35,3,19230,5,Humano,Neutro,3430,Exposicao_Face
19247,17,63,599,4.25,3,19247,5,Humano,Neutro,3447,Exposicao_Face
19263,17,50,590,4.22,3,19263,5,Humano,Neutro,3463,Exposicao_Face
19280,17,53,593,4.24,3,19280,5,Humano,Neutro,3480,Exposicao_Face
19297,17,62,590,4.17,3,19297,5,Humano,Neutro,3497,Exposicao_Face
19313,17,58,595,4.19,3,19313,5,Humano,Neutro,3513,Exposicao_Face
19330,17,53,599,4.22,3,19330,5,Humano,Neutro,3530,Exposicao_Face
19347,17,65,594,4.22,3,19347,5,Humano,Neutro,3547,Exposicao_Face
19363,17,44,596,4.17,3,19363,5,Humano,Neutro,3563,Exposicao_Face
19380,17,63,579,4.11,3,19380,5,Humano,Neutro,3580,Exposicao_Face
19396,17,60,583,4.11,3,19396,5,Humano,Neutro,3596,Exposicao_Face
19413,17,58,586,4.14,3,19413,5,Humano,Neutro,3613,Exposicao_Face
19430,17,60,601,4.12,3,19430,5,Humano,Neutro,3630,Exposicao_Face
19446,17,56,598,4.14,3,19446,5,Humano,Neutro,3646,Exposicao_Face
19463,17,59,579,4.14,3,19463,5,Humano,Neutro,3663,Exposicao_Face
19480,17,61,590,4.12,3,19480,5,Humano,Neutro,3680,Exposicao_Face
19496,17,53,592,4.12,3,19496,5,Humano,Neutro,3696,Exposicao_Face
19513,17,60,583,4.14,3,19513,5,Humano,Neutro,3713,Exposicao_Face
19530,17,227,488,4.3,3,19530,5,Humano,Neutro,3730,Exposicao_Face
19546,17,363,413,4.36,2,19546,5,Humano,Neutro,3746,Exposicao_Face
19563,17,495,353,4.41,1,19563,5,Humano,Neutro,3763,Exposicao_Face
19579,17,533,360,4.49,1,19579,5,Humano,Neutro,3779,Exposicao_Face
19596,17,538,350,4.44,1,19596,5,Humano,Neutro,3796,Exposicao_Face
19613,17,545,320,4.43,1,19613,5,Humano,Neutro,3813,Exposicao_Face
19629,17,540,349,4.48,1,19629,5,Humano,Neutro,3829,Exposicao_Face
19646,17,543,348,4.43,1,19646,5,Humano,Neutro,3846,Exposicao_Face
19663,17,542,337,4.46,1,19663,5,Humano,Neutro,3863,Exposicao_Face
19679,17,542,346,4.49,1,19679,5,Humano,Neutro,3879,Exposicao_Face
19696,17,538,353,4.51,1,19696,5,Humano,Neutro,3896,Exposicao_Face
19713,17,535,366,4.51,2,19713,5,Humano,Neutro,3913,Exposicao_Face
19729,17,537,360,4.51,1,19729,5,Humano,Neutro,3929,Exposicao_Face
19746,17,540,343,4.54,1,19746,5,Humano,Neutro,3946,Exposicao_Face
19762,17,537,373,4.62,2,19762,5,Humano,Neutro,3962,Exposicao_Face
19779,17,540,359,4.52,1,19779,5,Humano,Neutro,3979,Exposicao_Face
19796,17,538,371,4.52,2,19796,5,Humano,Neutro,3996,Exposicao_Face
19812,17,540,371,4.54,2,19812,6,Humano,Raiva,12,Janela_Baseline
19829,17,541,364,4.49,0,19829,6,Humano,Raiva,29,Janela_Baseline
19846,17,540,352,4.46,1,19846,6,Humano,Raiva,46,Janela_Baseline
19862,17,538,354,4.49,1,19862,6,Humano,Raiva,62,Janela_Baseline
19879,17,545,345,4.4,1,19879,6,Humano,Raiva,79,Janela_Baseline
19896,17,541,333,4.41,1,19896,6,Humano,Raiva,96,Janela_Baseline
19912,17,537,344,4.43,1,19912,6,Humano,Raiva,112,Janela_Baseline
19929,17,541,335,4.41,1,19929,6,Humano,Raiva,129,Janela_Baseline
19945,17,534,357,4.33,1,19945,6,Humano,Raiva,145,Janela_Baseline
19962,17,535,349,4.36,1,19962,6,Humano,Raiva,162,Janela_Baseline
19979,17,477,320,4.35,1,19979,6,Humano,Raiva,179,Janela_Baseline
19995,17,465,324,4.35,1,19995,6,Humano,Raiva,195,Janela_Baseline
20012,17,468,310,4.32,1,20012,6,Humano,Raiva,212,Janela_Baseline
20029,17,467,321,4.38,1,20029,6,Humano,Raiva,229,Janela_Baseline
20045,17,477,323,4.4,1,20045,6,Humano,Raiva,245,Janela_Baseline
20062,17,478,333,4.36,1,20062,6,Humano,Raiva,262,Janela_Baseline
20079,17,463,328,4.36,1,20079,6,Humano,Raiva,279,Janela_Baseline
20095,17,469,324,4.38,1,20095,6,Humano,Raiva,295,Janela_Baseline
20112,17,464,341,4.38,1,20112,6,Humano,Raiva,312,Janela_Baseline
20128,17,468,330,4.46,1,20128,6,Humano,Raiva,328,Janela_Baseline
20145,17,468,335,4.46,1,20145,6,Humano,Raiva,345,Janela_Baseline
20162,17,469,316,4.46,1,20162,6,Humano,Raiva,362,Janela_Baseline
20178,17,470,341,4.49,1,20178,6,Humano,Raiva,378,Janela_Baseline
20195,17,469,308,4.48,1,20195,6,Humano,Raiva,395,Janela_Baseline
20212,17,471,332,4.54,1,20212,6,Humano,Raiva,412,Janela_Baseline
20228,17,471,324,4.56,1,20228,6,Humano,Raiva,428,Janela_Baseline
20245,17,469,320,4.6,1,20245,6,Humano,Raiva,445,Janela_Baseline
20261,17,475,306,4.56,1,20261,6,Humano,Raiva,461,Janela_Baseline
20278,17,471,335,4.6,1,20278,6,Humano,Raiva,478,Janela_Baseline
20295,17,475,313,4.57,1,20295,6,Humano,Raiva,495,Janela_Baseline
20311,17,475,323,4.62,1,20311,6,Humano,Raiva,511,Janela_Baseline
20328,17,470,329,4.64,1,20328,6,Humano,Raiva,528,Janela_Baseline
20345,17,472,331,4.62,1,20345,6,Humano,Raiva,545,Janela_Baseline
20361,17,469,336,4.62,1,20361,6,Humano,Raiva,561,Janela_Baseline
20378,17,477,340,4.64,1,20378,6,Humano,Raiva,578,Janela_Baseline
20395,17,472,325,4.68,1,20395,6,Humano,Raiva,595,Janela_Baseline
20411,17,469,328,4.64,1,20411,6,Humano,Raiva,611,Janela_Baseline
20428,17,477,338,4.67,1,20428,6,Humano,Raiva,628,Janela_Baseline
20444,17,471,320,4.68,1,20444,6,Humano,Raiva,644,Janela_Baseline
20461,17,468,330,4.7,1,20461,6,Humano,Raiva,661,Janela_Baseline
20478,17,471,332,4.68,1,20478,6,Humano,Raiva,678,Janela_Baseline
20494,17,476,348,4.73,1,20494,6,Humano,Raiva,694,Janela_Baseline
20511,17,472,336,4.75,1,20511,6,Humano,Raiva,711,Janela_Baseline
20528,17,477,334,4.7,1,20528,6,Humano,Raiva,728,Janela_Baseline
20544,17,465,328,4.7,1,20544,6,Humano,Raiva,744,Janela_Baseline
20561,17,465,340,4.76,1,20561,6,Humano,Raiva,761,Janela_Baseline
20578,17,462,325,4.76,1,20578,6,Humano,Raiva,778,Janela_Baseline
20594,17,466,336,4.76,1,20594,6,Humano,Raiva,794,Janela_Baseline
20611,17,464,337,4.75,1,20611,6,Humano,Raiva,811,Janela_Baseline
20627,17,466,333,4.76,1,20627,6,Humano,Raiva,827,Janela_Baseline
20644,17,475,338,4.76,1,20644,6,Humano,Raiva,844,Janela_Baseline
20661,17,478,321,4.72,1,20661,6,Humano,Raiva,861,Janela_Baseline
20677,17,569,341,4.84,1,20677,6,Humano,Raiva,877,Janela_Baseline
20694,17,606,312,4.78,1,20694,6,Humano,Raiva,894,Janela_Baseline
20711,17,597,314,4.75,1,20711,6,Humano,Raiva,911,Janela_Baseline
20727,17,609,330,4.8,1,20727,6,Humano,Raiva,927,Janela_Baseline
20744,17,596,337,4.8,1,20744,6,Humano,Raiva,944,Janela_Baseline
20761,17,592,335,4.76,1,20761,6,Humano,Raiva,961,Janela_Baseline
20777,17,600,328,4.76,1,20777,6,Humano,Raiva,977,Janela_Baseline
20794,17,596,319,4.75,1,20794,6,Humano,Raiva,994,Janela_Baseline
20810,17,595,330,4.76,1,20810,6,Humano,Raiva,1010,Janela_Baseline
20827,17,595,302,4.78,1,20827,6,Humano,Raiva,1027,Janela_Baseline
20844,17,599,315,4.76,1,20844,6,Humano,Raiva,1044,Janela_Baseline
20860,17,599,305,4.78,1,20860,6,Humano,Raiva,1060,Janela_Baseline
20877,17,609,313,4.8,1,20877,6,Humano,Raiva,1077,Janela_Baseline
20894,17,606,321,4.76,1,20894,6,Humano,Raiva,1094,Janela_Baseline
20910,17,604,323,4.83,1,20910,6,Humano,Raiva,1110,Janela_Baseline
20927,17,602,310,4.78,1,20927,6,Humano,Raiva,1127,Janela_Baseline
20944,17,607,317,4.76,1,20944,6,Humano,Raiva,1144,Janela_Baseline
20960,17,605,319,4.78,1,20960,6,Humano,Raiva,1160,Janela_Baseline
20977,17,601,319,4.81,1,20977,6,Humano,Raiva,1177,Janela_Baseline
20993,17,604,331,4.84,1,20993,6,Humano,Raiva,1193,Janela_Baseline
21010,17,598,333,4.81,1,21010,6,Humano,Raiva,1210,Janela_Baseline
21027,17,600,332,4.8,1,21027,6,Humano,Raiva,1227,Janela_Baseline
21043,17,600,305,4.78,1,21043,6,Humano,Raiva,1243,Janela_Baseline
21060,17,604,334,4.8,1,21060,6,Humano,Raiva,1260,Janela_Baseline
21077,17,604,324,4.78,1,21077,6,Humano,Raiva,1277,Janela_Baseline
21093,17,598,327,4.78,1,21093,6,Humano,Raiva,1293,Janela_Baseline
21110,17,603,338,4.8,1,21110,6,Humano,Raiva,1310,Exposicao_Face
21127,17,491,336,4.83,1,21127,6,Humano,Raiva,1327,Exposicao_Face
21143,17,453,337,4.75,1,21143,6,Humano,Raiva,1343,Exposicao_Face
21160,17,457,333,4.8,1,21160,6,Humano,Raiva,1360,Exposicao_Face
21176,17,454,341,4.84,1,21176,6,Humano,Raiva,1376,Exposicao_Face
21193,17,455,352,4.88,1,21193,6,Humano,Raiva,1393,Exposicao_Face
21210,17,458,341,4.86,1,21210,6,Humano,Raiva,1410,Exposicao_Face
21226,17,456,326,4.81,1,21226,6,Humano,Raiva,1426,Exposicao_Face
21243,17,456,325,4.81,1,21243,6,Humano,Raiva,1443,Exposicao_Face
21260,17,445,323,4.76,1,21260,6,Humano,Raiva,1460,Exposicao_Face
21276,17,464,333,4.78,1,21276,6,Humano,Raiva,1476,Exposicao_Face
21293,17,458,314,4.78,1,21293,6,Humano,Raiva,1493,Exposicao_Face
21309,17,467,332,4.88,1,21309,6,Humano,Raiva,1509,Exposicao_Face
21326,17,443,312,4.83,1,21326,6,Humano,Raiva,1526,Exposicao_Face
21343,17,458,325,4.81,1,21343,6,Humano,Raiva,1543,Exposicao_Face
21359,17,457,334,4.81,1,21359,6,Humano,Raiva,1559,Exposicao_Face
21376,17,451,335,4.83,1,21376,6,Humano,Raiva,1576,Exposicao_Face
21393,17,446,333,4.89,1,21393,6,Humano,Raiva,1593,Exposicao_Face
21409,17,459,323,4.81,1,21409,6,Humano,Raiva,1609,Exposicao_Face
21459,50,462,332,4.78,1,21459,6,Humano,Raiva,1659,Exposicao_Face
21459,0,462,332,4.78,1,21459,6,Humano,Raiva,1659,Exposicao_Face
21476,17,462,355,4.89,1,21476,6,Humano,Raiva,1676,Exposicao_Face
21492,17,458,330,4.78,1,21492,6,Humano,Raiva,1692,Exposicao_Face
21509,17,463,335,4.84,1,21509,6,Humano,Raiva,1709,Exposicao_Face
21526,17,461,342,4.83,1,21526,6,Humano,Raiva,1726,Exposicao_Face
21542,17,452,346,4.81,1,21542,6,Humano,Raiva,1742,Exposicao_Face
21559,17,461,322,4.83,1,21559,6,Humano,Raiva,1759,Exposicao_Face
21576,17,461,345,4.86,1,21576,6,Humano,Raiva,1776,Exposicao_Face
21592,17,482,327,4.8,1,21592,6,Humano,Raiva,1792,Exposicao_Face
21609,17,494,341,4.84,1,21609,6,Humano,Raiva,1809,Exposicao_Face
21626,17,483,325,4.83,1,21626,6,Humano,Raiva,1826,Exposicao_Face
21642,17,493,340,4.81,1,21642,6,Humano,Raiva,1842,Exposicao_Face
21659,17,475,334,4.8,1,21659,6,Humano,Raiva,1859,Exposicao_Face
21675,17,483,331,4.8,1,21675,6,Humano,Raiva,1875,Exposicao_Face
21692,17,489,330,4.8,1,21692,6,Humano,Raiva,1892,Exposicao_Face
21709,17,482,344,4.81,1,21709,6,Humano,Raiva,1909,Exposicao_Face
21725,17,492,333,4.78,1,21725,6,Humano,Raiva,1925,Exposicao_Face
21742,17,486,286,4.8,1,21742,6,Humano,Raiva,1942,Exposicao_Face
21975,233,444,282,-1.0,1,21975,6,Humano,Raiva,2175,Exposicao_Face
21992,17,463,651,6.13,3,21992,6,Humano,Raiva,2192,Exposicao_Face
22008,17,483,257,4.8,1,22008,6,Humano,Raiva,2208,Exposicao_Face
22025,17,488,302,4.78,1,22025,6,Humano,Raiva,2225,Exposicao_Face
22041,17,483,342,4.78,1,22041,6,Humano,Raiva,2241,Exposicao_Face
22058,17,479,339,4.8,1,22058,6,Humano,Raiva,2258,Exposicao_Face
22075,17,498,329,4.83,1,22075,6,Humano,Raiva,2275,Exposicao_Face
22091,17,491,317,4.81,1,22091,6,Humano,Raiva,2291,Exposicao_Face
22108,17,490,325,4.81,1,22108,6,Humano,Raiva,2308,Exposicao_Face
22125,17,497,333,4.81,1,22125,6,Humano,Raiva,2325,Exposicao_Face
22141,17,492,334,4.8,1,22141,6,Humano,Raiva,2341,Exposicao_Face
22158,17,489,332,4.78,1,22158,6,Humano,Raiva,2358,Exposicao_Face
22175,17,494,329,4.8,1,22175,6,Humano,Raiva,2375,Exposicao_Face
22191,17,489,329,4.76,1,22191,6,Humano,Raiva,2391,Exposicao_Face
22208,17,491,328,4.76,1,22208,6,Humano,Raiva,2408,Exposicao_Face
22224,17,479,314,4.78,1,22224,6,Humano,Raiva,2424,Exposicao_Face
22241,17,489,358,4.86,1,22241,6,Humano,Raiva,2441,Exposicao_Face
22258,17,496,355,4.83,1,22258,6,Humano,Raiva,2458,Exposicao_Face
22274,17,496,315,4.72,1,22274,6,Humano,Raiva,2474,Exposicao_Face
22291,17,496,326,4.75,1,22291,6,Humano,Raiva,2491,Exposicao_Face
22308,17,496,327,4.76,1,22308,6,Humano,Raiva,2508,Exposicao_Face
22324,17,491,317,4.75,1,22324,6,Humano,Raiva,2524,Exposicao_Face
22341,17,495,325,4.73,1,22341,6,Humano,Raiva,2541,Exposicao_Face
22358,17,486,353,4.73,1,22358,6,Humano,Raiva,2558,Exposicao_Face
22374,17,492,327,4.67,1,22374,6,Humano,Raiva,2574,Exposicao_Face
22391,17,496,315,4.62,1,22391,6,Humano,Raiva,2591,Exposicao_Face
22407,17,493,328,4.64,1,22407,6,Humano,Raiva,2607,Exposicao_Face
22424,17,492,330,4.62,1,22424,6,Humano,Raiva,2624,Exposicao_Face
22441,17,487,341,4.65,1,22441,6,Humano,Raiva,2641,Exposicao_Face
22457,17,486,339,4.64,1,22457,6,Humano,Raiva,2657,Exposicao_Face
22474,17,488,337,4.62,1,22474,6,Humano,Raiva,2674,Exposicao_Face
22491,17,486,311,4.64,1,22491,6,Humano,Raiva,2691,Exposicao_Face
22507,17,486,340,4.64,1,22507,6,Humano,Raiva,2707,Exposicao_Face
22524,17,484,331,4.62,1,22524,6,Humano,Raiva,2724,Exposicao_Face
22540,17,487,328,4.64,1,22540,6,Humano,Raiva,2740,Exposicao_Face
22557,17,485,333,4.62,1,22557,6,Humano,Raiva,2757,Exposicao_Face
22574,17,484,328,4.64,1,22574,6,Humano,Raiva,2774,Exposicao_Face
22590,17,483,317,4.59,1,22590,6,Humano,Raiva,2790,Exposicao_Face
22607,17,485,337,4.62,1,22607,6,Humano,Raiva,2807,Exposicao_Face
22624,17,526,368,4.7,2,22624,6,Humano,Raiva,2824,Exposicao_Face
22640,17,539,382,4.68,2,22640,6,Humano,Raiva,2840,Exposicao_Face
22657,17,542,394,4.72,2,22657,6,Humano,Raiva,2857,Exposicao_Face
22674,17,543,389,4.73,2,22674,6,Humano,Raiva,2874,Exposicao_Face
22690,17,543,393,4.73,2,22690,6,Humano,Raiva,2890,Exposicao_Face
22707,17,546,372,4.68,2,22707,6,Humano,Raiva,2907,Exposicao_Face
22723,17,548,375,4.73,2,22723,6,Humano,Raiva,2923,Exposicao_Face
22740,17,547,364,4.76,0,22740,6,Humano,Raiva,2940,Exposicao_Face
22757,17,545,364,4.75,0,22757,6,Humano,Raiva,2957,Exposicao_Face
22773,17,539,362,4.75,1,22773,6,Humano,Raiva,2973,Exposicao_Face
22790,17,547,369,4.76,2,22790,6,Humano,Raiva,2990,Exposicao_Face
22807,17,542,363,4.78,0,22807,6,Humano,Raiva,3007,Exposicao_Face
22823,17,528,385,4.84,2,22823,6,Humano,Raiva,3023,Exposicao_Face
22840,17,540,357,4.76,1,22840,6,Humano,Raiva,3040,Exposicao_Face
22857,17,544,347,4.81,1,22857,6,Humano,Raiva,3057,Exposicao_Face
22873,17,534,368,4.88,2,22873,6,Humano,Raiva,3073,Exposicao_Face
22890,17,543,360,4.88,1,22890,6,Humano,Raiva,3090,Exposicao_Face
22906,17,539,360,4.89,1,22906,6,Humano,Raiva,3106,Exposicao_Face
22923,17,544,362,4.88,1,22923,6,Humano,Raiva,3123,Exposicao_Face
22940,17,530,386,4.97,2,22940,6,Humano,Raiva,3140,Exposicao_Face
22956,17,536,381,4.99,2,22956,6,Humano,Raiva,3156,Exposicao_Face
22973,17,529,373,4.97,2,22973,6,Humano,Raiva,3173,Exposicao_Face
23023,50,536,382,4.99,2,23023,6,Humano,Raiva,3223,Exposicao_Face
23040,17,541,361,4.97,1,23040,6,Humano,Raiva,3240,Exposicao_Face
23056,17,541,355,4.96,1,23056,6,Humano,Raiva,3256,Exposicao_Face
23073,17,545,369,4.92,2,23073,6,Humano,Raiva,3273,Exposicao_Face
23089,17,547,362,4.97,1,23089,6,Humano,Raiva,3289,Exposicao_Face
23106,17,542,368,4.97,2,23106,6,Humano,Raiva,3306,Exposicao_Face
23123,17,542,356,4.94,1,23123,6,Humano,Raiva,3323,Exposicao_Face
23139,17,544,369,5.01,2,23139,6,Humano,Raiva,3339,Exposicao_Face
23156,17,542,352,4.94,1,23156,6,Humano,Raiva,3356,Exposicao_Face
23173,17,542,345,4.99,1,23173,6,Humano,Raiva,3373,Exposicao_Face
23189,17,544,382,5.02,2,23189,6,Humano,Raiva,3389,Exposicao_Face
23206,17,541,356,5.01,1,23206,6,Humano,Raiva,3406,Exposicao_Face
23223,17,538,352,4.99,1,23223,6,Humano,Raiva,3423,Exposicao_Face
23239,17,544,348,5.01,1,23239,6,Humano,Raiva,3439,Exposicao_Face
23256,17,538,388,5.09,2,23256,6,Humano,Raiva,3456,Exposicao_Face
23272,17,544,363,5.05,0,23272,6,Humano,Raiva,3472,Exposicao_Face
23289,17,535,383,5.09,2,23289,6,Humano,Raiva,3489,Exposicao_Face
23306,17,539,334,5.04,1,23306,6,Humano,Raiva,3506,Exposicao_Face
23322,17,537,381,5.13,2,23322,6,Humano,Raiva,3522,Exposicao_Face
23339,17,537,355,5.05,1,23339,6,Humano,Raiva,3539,Exposicao_Face
23356,17,539,351,5.02,1,23356,6,Humano,Raiva,3556,Exposicao_Face
23372,17,539,377,5.12,2,23372,6,Humano,Raiva,3572,Exposicao_Face
23389,17,537,396,5.15,2,23389,6,Humano,Raiva,3589,Exposicao_Face
23406,17,534,391,5.15,2,23406,6,Humano,Raiva,3606,Exposicao_Face
23422,17,535,382,5.2,2,23422,6,Humano,Raiva,3622,Exposicao_Face
23439,17,539,363,5.09,0,23439,6,Humano,Raiva,3639,Exposicao_Face
23455,17,538,366,5.13,2,23455,6,Humano,Raiva,3655,Exposicao_Face
23472,17,536,350,5.13,1,23472,6,Humano,Raiva,3672,Exposicao_Face
23489,17,538,372,5.18,2,23489,6,Humano,Raiva,3689,Exposicao_Face
23505,17,465,320,5.23,1,23505,6,Humano,Raiva,3705,Exposicao_Face
23522,17,440,285,5.15,1,23522,6,Humano,Raiva,3722,Exposicao_Face
23539,17,439,338,5.2,1,23539,6,Humano,Raiva,3739,Exposicao_Face
23572,33,444,300,5.17,1,23572,6,Humano,Raiva,3772,Exposicao_Face
23572,0,444,300,5.17,1,23572,6,Humano,Raiva,3772,Exposicao_Face
23588,17,445,304,5.15,1,23588,6,Humano,Raiva,3788,Exposicao_Face
23605,17,442,314,5.15,1,23605,6,Humano,Raiva,3805,Exposicao_Face
23622,17,442,313,5.12,1,23622,6,Humano,Raiva,3822,Exposicao_Face
23638,17,439,309,5.17,1,23638,6,Humano,Raiva,3838,Exposicao_Face
23655,17,445,321,5.17,1,23655,6,Humano,Raiva,3855,Exposicao_Face
23672,17,441,299,5.12,1,23672,6,Humano,Raiva,3872,Exposicao_Face
23688,17,436,318,5.17,1,23688,6,Humano,Raiva,3888,Exposicao_Face
23705,17,435,302,5.13,1,23705,6,Humano,Raiva,3905,Exposicao_Face
23722,17,449,304,5.12,1,23722,6,Humano,Raiva,3922,Exposicao_Face
23738,17,461,315,5.13,1,23738,6,Humano,Raiva,3938,Exposicao_Face
23755,17,450,320,5.13,1,23755,6,Humano,Raiva,3955,Exposicao_Face
23771,17,458,302,5.12,1,23771,6,Humano,Raiva,3971,Exposicao_Face
23788,17,462,305,5.1,1,23788,6,Humano,Raiva,3988,Exposicao_Face
23805,17,454,332,5.15,1,23805,7,Humano,Feliz,5,Janela_Baseline
23821,17,459,309,5.12,1,23821,7,Humano,Feliz,21,Janela_Baseline
23838,17,451,326,5.12,1,23838,7,Humano,Feliz,38,Janela_Baseline
23855,17,459,332,5.1,1,23855,7,Humano,Feliz,55,Janela_Baseline
23871,17,462,318,5.13,1,23871,7,Humano,Feliz,71,Janela_Baseline
23888,17,456,324,5.13,1,23888,7,Humano,Feliz,88,Janela_Baseline
23905,17,445,312,5.15,1,23905,7,Humano,Feliz,105,Janela_Baseline
23921,17,458,315,5.12,1,23921,7,Humano,Feliz,121,Janela_Baseline
23938,17,508,399,5.1,2,23938,7,Humano,Feliz,138,Janela_Baseline
23954,17,520,423,5.17,3,23954,7,Humano,Feliz,154,Janela_Baseline
23971,17,519,411,5.2,2,23971,7,Humano,Feliz,171,Janela_Baseline
23988,17,524,427,5.13,3,23988,7,Humano,Feliz,188,Janela_Baseline
24004,17,521,455,5.23,3,24004,7,Humano,Feliz,204,Janela_Baseline
24021,17,518,431,5.23,3,24021,7,Humano,Feliz,221,Janela_Baseline
24038,17,521,427,5.18,3,24038,7,Humano,Feliz,238,Janela_Baseline
24054,17,524,413,5.13,2,24054,7,Humano,Feliz,254,Janela_Baseline
24071,17,526,410,5.17,2,24071,7,Humano,Feliz,271,Janela_Baseline
24088,17,525,431,5.2,3,24088,7,Humano,Feliz,288,Janela_Baseline
24104,17,510,444,5.26,3,24104,7,Humano,Feliz,304,Janela_Baseline
24121,17,515,440,5.25,3,24121,7,Humano,Feliz,321,Janela_Baseline
24137,17,522,434,5.26,3,24137,7,Humano,Feliz,337,Janela_Baseline
24154,17,521,444,5.26,3,24154,7,Humano,Feliz,354,Janela_Baseline
24171,17,521,430,5.25,3,24171,7,Humano,Feliz,371,Janela_Baseline
24187,17,516,447,5.31,3,24187,7,Humano,Feliz,387,Janela_Baseline
24204,17,525,426,5.26,3,24204,7,Humano,Feliz,404,Janela_Baseline
24221,17,514,449,5.33,3,24221,7,Humano,Feliz,421,Janela_Baseline
24237,17,520,431,5.26,3,24237,7,Humano,Feliz,437,Janela_Baseline
24254,17,513,436,5.23,3,24254,7,Humano,Feliz,454,Janela_Baseline
24271,17,518,440,5.23,3,24271,7,Humano,Feliz,471,Janela_Baseline
24287,17,520,458,5.25,3,24287,7,Humano,Feliz,487,Janela_Baseline
24304,17,523,461,5.25,3,24304,7,Humano,Feliz,504,Janela_Baseline
24320,17,521,435,5.15,3,24320,7,Humano,Feliz,520,Janela_Baseline
24337,17,523,421,5.13,3,24337,7,Humano,Feliz,537,Janela_Baseline
24354,17,521,464,5.23,3,24354,7,Humano,Feliz,554,Janela_Baseline
24370,17,520,453,5.1,3,24370,7,Humano,Feliz,570,Janela_Baseline
24387,17,519,467,5.1,3,24387,7,Humano,Feliz,587,Janela_Baseline
24404,17,523,445,5.09,3,24404,7,Humano,Feliz,604,Janela_Baseline
24420,17,534,434,5.05,3,24420,7,Humano,Feliz,620,Janela_Baseline
24437,17,521,464,5.1,3,24437,7,Humano,Feliz,637,Janela_Baseline
24454,17,522,448,5.1,3,24454,7,Humano,Feliz,654,Janela_Baseline
24470,17,520,438,5.09,3,24470,7,Humano,Feliz,670,Janela_Baseline
24487,17,539,442,5.05,3,24487,7,Humano,Feliz,687,Janela_Baseline
24503,17,525,446,5.04,3,24503,7,Humano,Feliz,703,Janela_Baseline
24520,17,527,462,5.04,3,24520,7,Humano,Feliz,720,Janela_Baseline
24537,17,520,477,5.09,3,24537,7,Humano,Feliz,737,Janela_Baseline
24553,17,531,455,4.96,3,24553,7,Humano,Feliz,753,Janela_Baseline
24570,17,533,444,5.01,3,24570,7,Humano,Feliz,770,Janela_Baseline
24587,17,528,463,5.01,3,24587,7,Humano,Feliz,787,Janela_Baseline
24603,17,530,443,4.96,3,24603,7,Humano,Feliz,803,Janela_Baseline
24620,17,526,439,4.99,3,24620,7,Humano,Feliz,820,Janela_Baseline
24637,17,518,469,4.97,3,24637,7,Humano,Feliz,837,Janela_Baseline
24653,17,538,457,4.92,3,24653,7,Humano,Feliz,853,Janela_Baseline
24670,17,512,483,4.97,3,24670,7,Humano,Feliz,870,Janela_Baseline
24686,17,536,468,4.89,3,24686,7,Humano,Feliz,886,Janela_Baseline
24703,17,520,453,4.88,3,24703,7,Humano,Feliz,903,Janela_Baseline
24720,17,519,457,4.88,3,24720,7,Humano,Feliz,920,Janela_Baseline
24736,17,516,449,4.96,3,24736,7,Humano,Feliz,936,Janela_Baseline
24753,17,500,472,4.92,3,24753,7,Humano,Feliz,953,Janela_Baseline
24770,17,499,473,4.92,3,24770,7,Humano,Feliz,970,Janela_Baseline
24786,17,495,481,4.97,3,24786,7,Humano,Feliz,986,Janela_Baseline
24803,17,496,473,4.96,3,24803,7,Humano,Feliz,1003,Janela_Baseline
24819,17,515,457,4.89,3,24819,7,Humano,Feliz,1019,Janela_Baseline
24836,17,488,464,4.91,3,24836,7,Humano,Feliz,1036,Janela_Baseline
24853,17,512,452,4.91,3,24853,7,Humano,Feliz,1053,Janela_Baseline
24869,17,514,454,4.91,3,24869,7,Humano,Feliz,1069,Janela_Baseline
24886,17,520,472,4.96,3,24886,7,Humano,Feliz,1086,Janela_Baseline
24903,17,508,463,5.01,3,24903,7,Humano,Feliz,1103,Janela_Baseline
24919,17,515,462,4.94,3,24919,7,Humano,Feliz,1119,Janela_Baseline
24936,17,518,473,4.97,3,24936,7,Humano,Feliz,1136,Janela_Baseline
24953,17,496,452,4.97,3,24953,7,Humano,Feliz,1153,Janela_Baseline
24969,17,475,341,5.01,1,24969,7,Humano,Feliz,1169,Janela_Baseline
24986,17,477,312,4.91,1,24986,7,Humano,Feliz,1186,Janela_Baseline
25002,17,480,325,5.02,1,25002,7,Humano,Feliz,1202,Janela_Baseline
25019,17,478,319,4.94,1,25019,7,Humano,Feliz,1219,Janela_Baseline
25036,17,476,302,4.94,1,25036,7,Humano,Feliz,1236,Janela_Baseline
25052,17,486,316,4.99,1,25052,7,Humano,Feliz,1252,Janela_Baseline
25069,17,483,307,4.96,1,25069,7,Humano,Feliz,1269,Janela_Baseline
25086,17,478,331,4.97,1,25086,7,Humano,Feliz,1286,Janela_Baseline
25102,17,479,342,4.96,1,25102,7,Humano,Feliz,1302,Exposicao_Face
25119,17,470,322,4.96,1,25119,7,Humano,Feliz,1319,Exposicao_Face
25136,17,468,295,4.92,1,25136,7,Humano,Feliz,1336,Exposicao_Face
25152,17,453,338,4.97,1,25152,7,Humano,Feliz,1352,Exposicao_Face
25169,17,477,317,4.89,1,25169,7,Humano,Feliz,1369,Exposicao_Face
25185,17,472,310,4.97,1,25185,7,Humano,Feliz,1385,Exposicao_Face
25202,17,464,299,4.94,1,25202,7,Humano,Feliz,1402,Exposicao_Face
25219,17,479,326,5.01,1,25219,7,Humano,Feliz,1419,Exposicao_Face
25235,17,475,310,4.91,1,25235,7,Humano,Feliz,1435,Exposicao_Face
25252,17,480,311,4.94,1,25252,7,Humano,Feliz,1452,Exposicao_Face
25269,17,482,329,5.01,1,25269,7,Humano,Feliz,1469,Exposicao_Face
25285,17,447,305,4.96,1,25285,7,Humano,Feliz,1485,Exposicao_Face
25302,17,471,318,4.92,1,25302,7,Humano,Feliz,1502,Exposicao_Face
25319,17,474,300,4.89,1,25319,7,Humano,Feliz,1519,Exposicao_Face
25335,17,449,311,4.92,1,25335,7,Humano,Feliz,1535,Exposicao_Face
25352,17,496,314,4.94,1,25352,7,Humano,Feliz,1552,Exposicao_Face
25368,17,549,342,5.01,1,25368,7,Humano,Feliz,1568,Exposicao_Face
25385,17,587,329,4.99,1,25385,7,Humano,Feliz,1585,Exposicao_Face
25402,17,590,332,4.97,1,25402,7,Humano,Feliz,1602,Exposicao_Face
25418,17,600,328,4.94,1,25418,7,Humano,Feliz,1618,Exposicao_Face
25435,17,592,345,4.97,1,25435,7,Humano,Feliz,1635,Exposicao_Face
25452,17,593,346,4.94,1,25452,7,Humano,Feliz,1652,Exposicao_Face
25468,17,581,320,4.97,1,25468,7,Humano,Feliz,1668,Exposicao_Face
25485,17,590,351,5.02,1,25485,7,Humano,Feliz,1685,Exposicao_Face
25502,17,593,320,4.97,1,25502,7,Humano,Feliz,1702,Exposicao_Face
25518,17,592,330,4.97,1,25518,7,Humano,Feliz,1718,Exposicao_Face
25535,17,594,315,5.01,1,25535,7,Humano,Feliz,1735,Exposicao_Face
25551,17,592,318,4.99,1,25551,7,Humano,Feliz,1751,Exposicao_Face
25568,17,590,337,5.02,1,25568,7,Humano,Feliz,1768,Exposicao_Face
25585,17,590,297,4.99,1,25585,7,Humano,Feliz,1785,Exposicao_Face
25601,17,594,314,4.96,1,25601,7,Humano,Feliz,1801,Exposicao_Face
25618,17,591,302,4.97,1,25618,7,Humano,Feliz,1818,Exposicao_Face
25635,17,593,337,5.05,1,25635,7,Humano,Feliz,1835,Exposicao_Face
25651,17,587,328,5.01,1,25651,7,Humano,Feliz,1851,Exposicao_Face
25668,17,592,330,5.05,1,25668,7,Humano,Feliz,1868,Exposicao_Face
25685,17,597,326,5.04,1,25685,7,Humano,Feliz,1885,Exposicao_Face
25701,17,592,309,5.01,1,25701,7,Humano,Feliz,1901,Exposicao_Face
25718,17,590,316,5.04,1,25718,7,Humano,Feliz,1918,Exposicao_Face
25734,17,594,311,5.02,1,25734,7,Humano,Feliz,1934,Exposicao_Face
25751,17,598,295,4.99,1,25751,7,Humano,Feliz,1951,Exposicao_Face
25768,17,590,317,5.01,1,25768,7,Humano,Feliz,1968,Exposicao_Face
25784,17,595,312,5.02,1,25784,7,Humano,Feliz,1984,Exposicao_Face
25801,17,596,327,4.99,1,25801,7,Humano,Feliz,2001,Exposicao_Face
25818,17,582,333,5.04,1,25818,7,Humano,Feliz,2018,Exposicao_Face
25834,17,478,320,5.01,1,25834,7,Humano,Feliz,2034,Exposicao_Face
25851,17,471,316,4.92,1,25851,7,Humano,Feliz,2051,Exposicao_Face
25868,17,449,338,4.97,1,25868,7,Humano,Feliz,2068,Exposicao_Face
25884,17,472,300,4.94,1,25884,7,Humano,Feliz,2084,Exposicao_Face
25901,17,464,326,4.97,1,25901,7,Humano,Feliz,2101,Exposicao_Face
25917,17,471,308,4.91,1,25917,7,Humano,Feliz,2117,Exposicao_Face
25934,17,451,311,4.97,1,25934,7,Humano,Feliz,2134,Exposicao_Face
25951,17,450,319,4.91,1,25951,7,Humano,Feliz,2151,Exposicao_Face
25967,17,473,326,4.97,1,25967,7,Humano,Feliz,2167,Exposicao_Face
25984,17,459,324,4.91,1,25984,7,Humano,Feliz,2184,Exposicao_Face
26001,17,460,340,4.94,1,26001,7,Humano,Feliz,2201,Exposicao_Face
26017,17,456,325,4.97,1,26017,7,Humano,Feliz,2217,Exposicao_Face
26034,17,476,294,4.92,1,26034,7,Humano,Feliz,2234,Exposicao_Face
26050,17,471,310,4.99,1,26050,7,Humano,Feliz,2250,Exposicao_Face
26067,17,477,329,4.97,1,26067,7,Humano,Feliz,2267,Exposicao_Face
26084,17,472,349,5.04,1,26084,7,Humano,Feliz,2284,Exposicao_Face
26100,17,466,338,5.07,1,26100,7,Humano,Feliz,2300,Exposicao_Face
26117,17,456,336,5.04,1,26117,7,Humano,Feliz,2317,Exposicao_Face
26134,17,465,335,5.07,1,26134,7,Humano,Feliz,2334,Exposicao_Face
26150,17,467,331,5.01,1,26150,7,Humano,Feliz,2350,Exposicao_Face
26167,17,460,331,5.07,1,26167,7,Humano,Feliz,2367,Exposicao_Face
26184,17,445,353,5.05,1,26184,7,Humano,Feliz,2384,Exposicao_Face
26200,17,473,366,5.05,2,26200,7,Humano,Feliz,2400,Exposicao_Face
26217,17,428,739,5.15,3,26217,7,Humano,Feliz,2417,Exposicao_Face
26416,200,552,184,-1.0,1,26416,7,Humano,Feliz,2616,Exposicao_Face
26433,17,539,947,7.36,0,26433,7,Humano,Feliz,2633,Exposicao_Face
26450,17,537,776,7.33,0,26450,7,Humano,Feliz,2650,Exposicao_Face
26466,17,544,735,6.56,3,26466,7,Humano,Feliz,2666,Exposicao_Face
26483,17,559,324,5.13,1,26483,7,Humano,Feliz,2683,Exposicao_Face
26500,17,556,258,5.15,1,26500,7,Humano,Feliz,2700,Exposicao_Face
26516,17,574,252,5.09,1,26516,7,Humano,Feliz,2716,Exposicao_Face
26533,17,554,330,5.1,1,26533,7,Humano,Feliz,2733,Exposicao_Face
26550,17,555,341,5.13,1,26550,7,Humano,Feliz,2750,Exposicao_Face
26566,17,552,379,5.09,2,26566,7,Humano,Feliz,2766,Exposicao_Face
26583,17,554,370,5.15,2,26583,7,Humano,Feliz,2783,Exposicao_Face
26599,17,556,370,5.13,2,26599,7,Humano,Feliz,2799,Exposicao_Face
26616,17,558,378,5.13,2,26616,7,Humano,Feliz,2816,Exposicao_Face
26633,17,553,367,5.13,2,26633,7,Humano,Feliz,2833,Exposicao_Face
26649,17,544,372,5.15,2,26649,7,Humano,Feliz,2849,Exposicao_Face
26666,17,550,378,5.13,2,26666,7,Humano,Feliz,2866,Exposicao_Face
26683,17,552,367,5.17,2,26683,7,Humano,Feliz,2883,Exposicao_Face
26699,17,552,357,5.09,1,26699,7,Humano,Feliz,2899,Exposicao_Face
26716,17,556,378,5.17,2,26716,7,Humano,Feliz,2916,Exposicao_Face
26733,17,550,368,5.12,2,26733,7,Humano,Feliz,2933,Exposicao_Face
26749,17,551,362,5.04,1,26749,7,Humano,Feliz,2949,Exposicao_Face
26782,33,559,361,5.01,1,26782,7,Humano,Feliz,2982,Exposicao_Face
26799,17,561,344,4.92,1,26799,7,Humano,Feliz,2999,Exposicao_Face
26816,17,552,380,4.94,2,26816,7,Humano,Feliz,3016,Exposicao_Face
26832,17,561,371,4.88,2,26832,7,Humano,Feliz,3032,Exposicao_Face
26849,17,562,365,4.84,2,26849,7,Humano,Feliz,3049,Exposicao_Face
26866,17,555,352,4.75,1,26866,7,Humano,Feliz,3066,Exposicao_Face
26882,17,561,350,4.81,1,26882,7,Humano,Feliz,3082,Exposicao_Face
26899,17,559,351,4.78,1,26899,7,Humano,Feliz,3099,Exposicao_Face
26916,17,560,353,4.76,1,26916,7,Humano,Feliz,3116,Exposicao_Face
26932,17,562,366,4.75,2,26932,7,Humano,Feliz,3132,Exposicao_Face
26949,17,565,345,4.65,1,26949,7,Humano,Feliz,3149,Exposicao_Face
26965,17,568,348,4.67,1,26965,7,Humano,Feliz,3165,Exposicao_Face
26982,17,567,373,4.68,2,26982,7,Humano,Feliz,3182,Exposicao_Face
26999,17,566,370,4.64,2,26999,7,Humano,Feliz,3199,Exposicao_Face
27015,17,569,355,4.64,1,27015,7,Humano,Feliz,3215,Exposicao_Face
27032,17,563,351,4.64,1,27032,7,Humano,Feliz,3232,Exposicao_Face
27049,17,532,352,4.62,1,27049,7,Humano,Feliz,3249,Exposicao_Face
27065,17,532,319,4.57,1,27065,7,Humano,Feliz,3265,Exposicao_Face
27082,17,526,358,4.6,1,27082,7,Humano,Feliz,3282,Exposicao_Face
27098,17,525,357,4.6,1,27098,7,Humano,Feliz,3298,Exposicao_Face
27115,17,524,347,4.6,1,27115,7,Humano,Feliz,3315,Exposicao_Face
27132,17,526,345,4.62,1,27132,7,Humano,Feliz,3332,Exposicao_Face
27148,17,520,339,4.6,1,27148,7,Humano,Feliz,3348,Exposicao_Face
27165,17,529,352,4.62,1,27165,7,Humano,Feliz,3365,Exposicao_Face
27182,17,516,362,4.62,1,27182,7,Humano,Feliz,3382,Exposicao_Face
27198,17,521,363,4.62,0,27198,7,Humano,Feliz,3398,Exposicao_Face
27215,17,519,369,4.62,2,27215,7,Humano,Feliz,3415,Exposicao_Face
27232,17,519,340,4.59,1,27232,7,Humano,Feliz,3432,Exposicao_Face
27248,17,517,332,4.62,1,27248,7,Humano,Feliz,3448,Exposicao_Face
27265,17,518,352,4.68,1,27265,7,Humano,Feliz,3465,Exposicao_Face
27281,17,520,362,4.73,1,27281,7,Humano,Feliz,3481,Exposicao_Face
27298,17,522,342,4.68,1,27298,7,Humano,Feliz,3498,Exposicao_Face
27315,17,520,337,4.67,1,27315,7,Humano,Feliz,3515,Exposicao_Face
27331,17,509,351,4.75,1,27331,7,Humano,Feliz,3531,Exposicao_Face
27348,17,516,346,4.73,1,27348,7,Humano,Feliz,3548,Exposicao_Face
27365,17,517,328,4.68,1,27365,7,Humano,Feliz,3565,Exposicao_Face
27381,17,512,340,4.75,1,27381,7,Humano,Feliz,3581,Exposicao_Face
27398,17,512,355,4.78,1,27398,7,Humano,Feliz,3598,Exposicao_Face
27415,17,511,330,4.75,1,27415,7,Humano,Feliz,3615,Exposicao_Face
27431,17,505,324,4.76,1,27431,7,Humano,Feliz,3631,Exposicao_Face
27448,17,512,313,4.76,1,27448,7,Humano,Feliz,3648,Exposicao_Face
27464,17,510,334,4.8,1,27464,7,Humano,Feliz,3664,Exposicao_Face
27481,17,510,343,4.84,1,27481,7,Humano,Feliz,3681,Exposicao_Face
27498,17,504,350,4.84,1,27498,7,Humano,Feliz,3698,Exposicao_Face
27514,17,507,327,4.88,1,27514,7,Humano,Feliz,3714,Exposicao_Face
27531,17,502,333,4.83,1,27531,7,Humano,Feliz,3731,Exposicao_Face
27548,17,503,348,4.91,1,27548,7,Humano,Feliz,3748,Exposicao_Face
27564,17,507,362,4.91,1,27564,7,Humano,Feliz,3764,Exposicao_Face
27581,17,510,349,4.86,1,27581,7,Humano,Feliz,3781,Exposicao_Face
27598,17,507,359,4.92,1,27598,7,Humano,Feliz,3798,Exposicao_Face
27614,17,491,312,4.89,1,27614,7,Humano,Feliz,3814,Exposicao_Face
27631,17,486,305,4.83,1,27631,7,Humano,Feliz,3831,Exposicao_Face
27647,17,483,319,4.89,1,27647,7,Humano,Feliz,3847,Exposicao_Face
27664,17,484,316,4.84,1,27664,7,Humano,Feliz,3864,Exposicao_Face
27681,17,487,330,4.88,1,27681,7,Humano,Feliz,3881,Exposicao_Face
27697,17,499,325,4.86,1,27697,7,Humano,Feliz,3897,Exposicao_Face
27714,17,489,313,4.75,1,27714,7,Humano,Feliz,3914,Exposicao_Face
27731,17,496,312,4.78,1,27731,7,Humano,Feliz,3931,Exposicao_Face
27747,17,497,318,4.78,1,27747,7,Humano,Feliz,3947,Exposicao_Face
27764,17,494,310,4.8,1,27764,7,Humano,Feliz,3964,Exposicao_Face
27781,17,498,303,4.73,1,27781,7,Humano,Feliz,3981,Exposicao_Face
27797,17,497,325,4.78,1,27797,7,Humano,Feliz,3997,Exposicao_Face
27814,17,499,322,4.76,1,27814,8,Humano,Neutro,14,Janela_Baseline
27830,17,497,334,4.78,1,27830,8,Humano,Neutro,30,Janela_Baseline
27864,33,498,330,4.78,1,27864,8,Humano,Neutro,64,Janela_Baseline
27880,17,501,321,4.75,1,27880,8,Humano,Neutro,80,Janela_Baseline
27897,17,501,309,4.72,1,27897,8,Humano,Neutro,97,Janela_Baseline
27914,17,529,350,4.78,1,27914,8,Humano,Neutro,114,Janela_Baseline
27930,17,599,317,4.78,1,27930,8,Humano,Neutro,130,Janela_Baseline
27947,17,613,319,4.78,1,27947,8,Humano,Neutro,147,Janela_Baseline
27964,17,613,349,4.83,1,27964,8,Humano,Neutro,164,Janela_Baseline
27980,17,610,309,4.72,1,27980,8,Humano,Neutro,180,Janela_Baseline
27997,17,615,303,4.75,1,27997,8,Humano,Neutro,197,Janela_Baseline
28013,17,615,304,4.76,1,28013,8,Humano,Neutro,213,Janela_Baseline
28030,17,618,284,4.68,1,28030,8,Humano,Neutro,230,Janela_Baseline
28047,17,617,305,4.75,1,28047,8,Humano,Neutro,247,Janela_Baseline
28063,17,615,304,4.75,1,28063,8,Humano,Neutro,263,Janela_Baseline
28080,17,617,294,4.75,1,28080,8,Humano,Neutro,280,Janela_Baseline
28097,17,607,290,4.73,1,28097,8,Humano,Neutro,297,Janela_Baseline
28113,17,616,278,4.7,1,28113,8,Humano,Neutro,313,Janela_Baseline
28130,17,618,280,4.7,1,28130,8,Humano,Neutro,330,Janela_Baseline
28147,17,609,321,4.72,1,28147,8,Humano,Neutro,347,Janela_Baseline
28163,17,618,324,4.75,1,28163,8,Humano,Neutro,363,Janela_Baseline
28180,17,621,314,4.7,1,28180,8,Humano,Neutro,380,Janela_Baseline
28196,17,618,309,4.64,1,28196,8,Humano,Neutro,396,Janela_Baseline
28213,17,619,308,4.68,1,28213,8,Humano,Neutro,413,Janela_Baseline
28230,17,615,338,4.75,1,28230,8,Humano,Neutro,430,Janela_Baseline
28246,17,617,300,4.75,1,28246,8,Humano,Neutro,446,Janela_Baseline
28263,17,620,313,4.7,1,28263,8,Humano,Neutro,463,Janela_Baseline
28280,17,620,302,4.68,1,28280,8,Humano,Neutro,480,Janela_Baseline
28296,17,619,344,4.73,1,28296,8,Humano,Neutro,496,Janela_Baseline
28313,17,618,316,4.72,1,28313,8,Humano,Neutro,513,Janela_Baseline
28329,17,616,345,4.75,1,28329,8,Humano,Neutro,529,Janela_Baseline
28346,17,591,783,4.72,0,28346,8,Humano,Neutro,546,Janela_Baseline
28512,166,481,905,0.0,0,28512,8,Humano,Neutro,712,Janela_Baseline
28529,17,111,1021,7.09,0,28529,8,Humano,Neutro,729,Janela_Baseline
28546,17,517,516,4.68,3,28546,8,Humano,Neutro,746,Janela_Baseline
28562,17,509,411,4.65,2,28562,8,Humano,Neutro,762,Janela_Baseline
28579,17,506,309,4.7,1,28579,8,Humano,Neutro,779,Janela_Baseline
28596,17,529,261,4.75,1,28596,8,Humano,Neutro,796,Janela_Baseline
28612,17,527,203,4.7,1,28612,8,Humano,Neutro,812,Janela_Baseline
28629,17,517,352,4.8,1,28629,8,Humano,Neutro,829,Janela_Baseline
28646,17,520,325,4.67,1,28646,8,Humano,Neutro,846,Janela_Baseline
28662,17,512,358,4.68,1,28662,8,Humano,Neutro,862,Janela_Baseline
28679,17,514,351,4.73,1,28679,8,Humano,Neutro,879,Janela_Baseline
28695,17,515,347,4.72,1,28695,8,Humano,Neutro,895,Janela_Baseline
28712,17,513,338,4.75,1,28712,8,Humano,Neutro,912,Janela_Baseline
28729,17,504,353,4.76,1,28729,8,Humano,Neutro,929,Janela_Baseline
28745,17,493,335,4.73,1,28745,8,Humano,Neutro,945,Janela_Baseline
28762,17,484,343,4.76,1,28762,8,Humano,Neutro,962,Janela_Baseline
28779,17,487,337,4.76,1,28779,8,Humano,Neutro,979,Janela_Baseline
28795,17,483,356,4.84,1,28795,8,Humano,Neutro,995,Janela_Baseline
28812,17,487,330,4.78,1,28812,8,Humano,Neutro,1012,Janela_Baseline
28829,17,486,330,4.8,1,28829,8,Humano,Neutro,1029,Janela_Baseline
28845,17,479,322,4.75,1,28845,8,Humano,Neutro,1045,Janela_Baseline
28862,17,488,335,4.8,1,28862,8,Humano,Neutro,1062,Janela_Baseline
28878,17,485,335,4.7,1,28878,8,Humano,Neutro,1078,Janela_Baseline
28895,17,487,340,4.75,1,28895,8,Humano,Neutro,1095,Janela_Baseline
28912,17,480,363,4.73,0,28912,8,Humano,Neutro,1112,Janela_Baseline
28928,17,485,348,4.7,1,28928,8,Humano,Neutro,1128,Janela_Baseline
28945,17,488,317,4.64,1,28945,8,Humano,Neutro,1145,Janela_Baseline
28962,17,486,329,4.64,1,28962,8,Humano,Neutro,1162,Janela_Baseline
28978,17,483,335,4.62,1,28978,8,Humano,Neutro,1178,Janela_Baseline
28995,17,486,340,4.6,1,28995,8,Humano,Neutro,1195,Janela_Baseline
29012,17,483,332,4.6,1,29012,8,Humano,Neutro,1212,Janela_Baseline
29028,17,491,328,4.6,1,29028,8,Humano,Neutro,1228,Janela_Baseline
29045,17,487,322,4.57,1,29045,8,Humano,Neutro,1245,Janela_Baseline
29061,17,489,323,4.57,1,29061,8,Humano,Neutro,1261,Janela_Baseline
29078,17,488,318,4.56,1,29078,8,Humano,Neutro,1278,Janela_Baseline
29095,17,490,342,4.59,1,29095,8,Humano,Neutro,1295,Janela_Baseline
29111,17,487,344,4.51,1,29111,8,Humano,Neutro,1311,Exposicao_Face
29128,17,494,330,4.54,1,29128,8,Humano,Neutro,1328,Exposicao_Face
29145,17,490,331,4.56,1,29145,8,Humano,Neutro,1345,Exposicao_Face
29161,17,488,327,4.56,1,29161,8,Humano,Neutro,1361,Exposicao_Face
29178,17,488,313,4.56,1,29178,8,Humano,Neutro,1378,Exposicao_Face
29195,17,492,306,4.57,1,29195,8,Humano,Neutro,1395,Exposicao_Face
29211,17,489,336,4.54,1,29211,8,Humano,Neutro,1411,Exposicao_Face
29228,17,495,338,4.6,1,29228,8,Humano,Neutro,1428,Exposicao_Face
29244,17,491,364,4.62,0,29244,8,Humano,Neutro,1444,Exposicao_Face
29261,17,486,335,4.57,1,29261,8,Humano,Neutro,1461,Exposicao_Face
29278,17,492,347,4.64,1,29278,8,Humano,Neutro,1478,Exposicao_Face
29294,17,484,329,4.59,1,29294,8,Humano,Neutro,1494,Exposicao_Face
29311,17,486,341,4.57,1,29311,8,Humano,Neutro,1511,Exposicao_Face
29328,17,488,344,4.57,1,29328,8,Humano,Neutro,1528,Exposicao_Face
29344,17,487,335,4.57,1,29344,8,Humano,Neutro,1544,Exposicao_Face
29361,17,504,334,4.6,1,29361,8,Humano,Neutro,1561,Exposicao_Face
29377,17,526,333,4.62,1,29377,8,Humano,Neutro,1577,Exposicao_Face
29394,17,530,325,4.67,1,29394,8,Humano,Neutro,1594,Exposicao_Face
29411,17,528,332,4.67,1,29411,8,Humano,Neutro,1611,Exposicao_Face
29427,17,532,334,4.67,1,29427,8,Humano,Neutro,1627,Exposicao_Face
29444,17,534,324,4.67,1,29444,8,Humano,Neutro,1644,Exposicao_Face
29461,17,526,353,4.67,1,29461,8,Humano,Neutro,1661,Exposicao_Face
29477,17,528,330,4.7,1,29477,8,Humano,Neutro,1677,Exposicao_Face
29494,17,530,342,4.68,1,29494,8,Humano,Neutro,1694,Exposicao_Face
29511,17,524,318,4.72,1,29511,8,Humano,Neutro,1711,Exposicao_Face
29527,17,532,335,4.7,1,29527,8,Humano,Neutro,1727,Exposicao_Face
29544,17,531,330,4.76,1,29544,8,Humano,Neutro,1744,Exposicao_Face
29560,17,529,327,4.75,1,29560,8,Humano,Neutro,1760,Exposicao_Face
29577,17,520,336,4.76,1,29577,8,Humano,Neutro,1777,Exposicao_Face
29594,17,526,328,4.75,1,29594,8,Humano,Neutro,1794,Exposicao_Face
29610,17,533,328,4.78,1,29610,8,Humano,Neutro,1810,Exposicao_Face
29627,17,524,328,4.76,1,29627,8,Humano,Neutro,1827,Exposicao_Face
29644,17,523,327,4.76,1,29644,8,Humano,Neutro,1844,Exposicao_Face
29660,17,525,338,4.8,1,29660,8,Humano,Neutro,1860,Exposicao_Face
29677,17,534,336,4.8,1,29677,8,Humano,Neutro,1877,Exposicao_Face
29694,17,521,359,4.88,1,29694,8,Humano,Neutro,1894,Exposicao_Face
29710,17,523,336,4.88,1,29710,8,Humano,Neutro,1910,Exposicao_Face
29727,17,523,332,4.89,1,29727,8,Humano,Neutro,1927,Exposicao_Face
29743,17,527,336,4.89,1,29743,8,Humano,Neutro,1943,Exposicao_Face
29760,17,525,371,4.88,2,29760,8,Humano,Neutro,1960,Exposicao_Face
29777,17,525,375,4.89,2,29777,8,Humano,Neutro,1977,Exposicao_Face
29793,17,512,354,4.88,1,29793,8,Humano,Neutro,1993,Exposicao_Face
29810,17,535,349,4.88,1,29810,8,Humano,Neutro,2010,Exposicao_Face
29827,17,520,348,4.83,1,29827,8,Humano,Neutro,2027,Exposicao_Face
29843,17,530,359,4.88,1,29843,8,Humano,Neutro,2043,Exposicao_Face
29860,17,529,330,4.8,1,29860,8,Humano,Neutro,2060,Exposicao_Face
29877,17,528,339,4.88,1,29877,8,Humano,Neutro,2077,Exposicao_Face
29893,17,517,334,4.8,1,29893,8,Humano,Neutro,2093,Exposicao_Face
29910,17,536,342,4.75,1,29910,8,Humano,Neutro,2110,Exposicao_Face
29926,17,530,322,4.75,1,29926,8,Humano,Neutro,2126,Exposicao_Face
29943,17,532,356,4.84,1,29943,8,Humano,Neutro,2143,Exposicao_Face
29960,17,537,347,4.76,1,29960,8,Humano,Neutro,2160,Exposicao_Face
29976,17,533,343,4.76,1,29976,8,Humano,Neutro,2176,Exposicao_Face
29993,17,535,331,4.72,1,29993,8,Humano,Neutro,2193,Exposicao_Face
30010,17,536,317,4.67,1,30010,8,Humano,Neutro,2210,Exposicao_Face
30026,17,533,333,4.67,1,30026,8,Humano,Neutro,2226,Exposicao_Face
30043,17,535,338,4.72,1,30043,8,Humano,Neutro,2243,Exposicao_Face
30060,17,502,359,4.72,1,30060,8,Humano,Neutro,2260,Exposicao_Face
30076,17,491,325,4.67,1,30076,8,Humano,Neutro,2276,Exposicao_Face
30093,17,498,335,4.65,1,30093,8,Humano,Neutro,2293,Exposicao_Face
30109,17,497,329,4.65,1,30109,8,Humano,Neutro,2309,Exposicao_Face
30126,17,492,337,4.67,1,30126,8,Humano,Neutro,2326,Exposicao_Face
30143,17,489,320,4.72,1,30143,8,Humano,Neutro,2343,Exposicao_Face
30159,17,497,341,4.62,1,30159,8,Humano,Neutro,2359,Exposicao_Face
30176,17,500,315,4.62,1,30176,8,Humano,Neutro,2376,Exposicao_Face
30193,17,496,315,4.64,1,30193,8,Humano,Neutro,2393,Exposicao_Face
30209,17,501,337,4.68,1,30209,8,Humano,Neutro,2409,Exposicao_Face
30226,17,491,324,4.64,1,30226,8,Humano,Neutro,2426,Exposicao_Face
30243,17,502,328,4.62,1,30243,8,Humano,Neutro,2443,Exposicao_Face
30259,17,500,323,4.64,1,30259,8,Humano,Neutro,2459,Exposicao_Face
30276,17,499,335,4.67,1,30276,8,Humano,Neutro,2476,Exposicao_Face
30292,17,499,331,4.64,1,30292,8,Humano,Neutro,2492,Exposicao_Face
30309,17,493,350,4.7,1,30309,8,Humano,Neutro,2509,Exposicao_Face
30326,17,493,341,4.72,1,30326,8,Humano,Neutro,2526,Exposicao_Face
30342,17,492,347,4.7,1,30342,8,Humano,Neutro,2542,Exposicao_Face
30359,17,489,342,4.7,1,30359,8,Humano,Neutro,2559,Exposicao_Face
30376,17,490,323,4.65,1,30376,8,Humano,Neutro,2576,Exposicao_Face
30392,17,495,328,4.68,1,30392,8,Humano,Neutro,2592,Exposicao_Face
30409,17,497,350,4.68,1,30409,8,Humano,Neutro,2609,Exposicao_Face
30426,17,493,319,4.64,1,30426,8,Humano,Neutro,2626,Exposicao_Face
30442,17,493,348,4.78,1,30442,8,Humano,Neutro,2642,Exposicao_Face
30459,17,487,340,4.68,1,30459,8,Humano,Neutro,2659,Exposicao_Face
30475,17,488,356,4.73,1,30475,8,Humano,Neutro,2675,Exposicao_Face
30492,17,497,348,4.73,1,30492,8,Humano,Neutro,2692,Exposicao_Face
30509,17,500,317,4.73,1,30509,8,Humano,Neutro,2709,Exposicao_Face
30525,17,493,342,4.75,1,30525,8,Humano,Neutro,2725,Exposicao_Face
30542,17,489,336,4.75,1,30542,8,Humano,Neutro,2742,Exposicao_Face
30559,17,490,331,4.7,1,30559,8,Humano,Neutro,2759,Exposicao_Face
30575,17,507,321,4.75,1,30575,8,Humano,Neutro,2775,Exposicao_Face
30592,17,548,372,4.8,2,30592,8,Humano,Neutro,2792,Exposicao_Face
30608,17,564,359,4.76,1,30608,8,Humano,Neutro,2808,Exposicao_Face
30625,17,553,362,4.83,1,30625,8,Humano,Neutro,2825,Exposicao_Face
30642,17,556,379,4.78,2,30642,8,Humano,Neutro,2842,Exposicao_Face
30658,17,563,351,4.75,1,30658,8,Humano,Neutro,2858,Exposicao_Face
30675,17,561,359,4.73,1,30675,8,Humano,Neutro,2875,Exposicao_Face
30692,17,559,374,4.8,2,30692,8,Humano,Neutro,2892,Exposicao_Face
30708,17,564,377,4.81,2,30708,8,Humano,Neutro,2908,Exposicao_Face
30725,17,561,344,4.75,1,30725,8,Humano,Neutro,2925,Exposicao_Face
30742,17,542,376,4.78,2,30742,8,Humano,Neutro,2942,Exposicao_Face
30758,17,553,369,4.83,2,30758,8,Humano,Neutro,2958,Exposicao_Face
30775,17,565,354,4.81,1,30775,8,Humano,Neutro,2975,Exposicao_Face
30791,17,547,348,4.76,1,30791,8,Humano,Neutro,2991,Exposicao_Face
30808,17,547,363,4.81,0,30808,8,Humano,Neutro,3008,Exposicao_Face
30825,17,562,357,4.89,1,30825,8,Humano,Neutro,3025,Exposicao_Face
30841,17,556,359,4.86,1,30841,8,Humano,Neutro,3041,Exposicao_Face
30858,17,561,354,4.88,1,30858,8,Humano,Neutro,3058,Exposicao_Face
30875,17,556,355,4.84,1,30875,8,Humano,Neutro,3075,Exposicao_Face
30891,17,552,352,4.83,1,30891,8,Humano,Neutro,3091,Exposicao_Face
30908,17,547,364,4.88,0,30908,8,Humano,Neutro,3108,Exposicao_Face
30925,17,547,379,4.88,2,30925,8,Humano,Neutro,3125,Exposicao_Face
30941,17,556,377,4.91,2,30941,8,Humano,Neutro,3141,Exposicao_Face
30958,17,547,376,4.92,2,30958,8,Humano,Neutro,3158,Exposicao_Face
30974,17,551,351,4.91,1,30974,8,Humano,Neutro,3174,Exposicao_Face
30991,17,543,369,4.91,2,30991,8,Humano,Neutro,3191,Exposicao_Face
31008,17,553,375,4.88,2,31008,8,Humano,Neutro,3208,Exposicao_Face
31024,17,551,371,4.88,2,31024,8,Humano,Neutro,3224,Exposicao_Face
31058,33,555,366,4.89,2,31058,8,Humano,Neutro,3258,Exposicao_Face
31074,17,555,359,4.91,1,31074,8,Humano,Neutro,3274,Exposicao_Face
31091,17,548,359,4.88,1,31091,8,Humano,Neutro,3291,Exposicao_Face
31108,17,547,343,4.89,1,31108,8,Humano,Neutro,3308,Exposicao_Face
31124,17,553,347,4.88,1,31124,8,Humano,Neutro,3324,Exposicao_Face
31141,17,544,379,4.88,2,31141,8,Humano,Neutro,3341,Exposicao_Face
31157,17,553,365,4.92,2,31157,8,Humano,Neutro,3357,Exposicao_Face
31174,17,549,377,4.91,2,31174,8,Humano,Neutro,3374,Exposicao_Face
31191,17,555,354,4.89,1,31191,8,Humano,Neutro,3391,Exposicao_Face
31207,17,552,342,4.88,1,31207,8,Humano,Neutro,3407,Exposicao_Face
31224,17,549,373,4.88,2,31224,8,Humano,Neutro,3424,Exposicao_Face
31241,17,547,356,4.88,1,31241,8,Humano,Neutro,3441,Exposicao_Face
31257,17,551,343,4.89,1,31257,8,Humano,Neutro,3457,Exposicao_Face
31274,17,542,346,4.94,1,31274,8,Humano,Neutro,3474,Exposicao_Face
31291,17,540,352,4.94,1,31291,8,Humano,Neutro,3491,Exposicao_Face
31307,17,552,376,4.97,2,31307,8,Humano,Neutro,3507,Exposicao_Face
31324,17,551,371,4.99,2,31324,8,Humano,Neutro,3524,Exposicao_Face
31340,17,550,348,5.02,1,31340,8,Humano,Neutro,3540,Exposicao_Face
31357,17,552,359,4.99,1,31357,8,Humano,Neutro,3557,Exposicao_Face
31374,17,549,358,5.01,1,31374,8,Humano,Neutro,3574,Exposicao_Face
31390,17,551,351,5.01,1,31390,8,Humano,Neutro,3590,Exposicao_Face
31407,17,551,365,5.02,2,31407,8,Humano,Neutro,3607,Exposicao_Face
31424,17,551,362,5.01,1,31424,8,Humano,Neutro,3624,Exposicao_Face
31440,17,555,368,5.04,2,31440,8,Humano,Neutro,3640,Exposicao_Face
31457,17,549,349,5.07,1,31457,8,Humano,Neutro,3657,Exposicao_Face
31474,17,543,370,5.05,2,31474,8,Humano,Neutro,3674,Exposicao_Face
31490,17,548,372,5.12,2,31490,8,Humano,Neutro,3690,Exposicao_Face
31507,17,551,347,5.09,1,31507,8,Humano,Neutro,3707,Exposicao_Face
31523,17,549,362,5.09,1,31523,8,Humano,Neutro,3723,Exposicao_Face
31540,17,550,376,5.05,2,31540,8,Humano,Neutro,3740,Exposicao_Face
31557,17,551,371,5.04,2,31557,8,Humano,Neutro,3757,Exposicao_Face
31573,17,550,363,5.02,0,31573,8,Humano,Neutro,3773,Exposicao_Face
31590,17,554,357,5.01,1,31590,8,Humano,Neutro,3790,Exposicao_Face
31607,17,555,374,5.07,2,31607,8,Humano,Neutro,3807,Exposicao_Face
31623,17,549,368,5.09,2,31623,8,Humano,Neutro,3823,Exposicao_Face
31640,17,546,398,5.1,2,31640,8,Humano,Neutro,3840,Exposicao_Face
31656,17,476,333,5.12,1,31656,8,Humano,Neutro,3856,Exposicao_Face
31673,17,448,344,5.02,1,31673,8,Humano,Neutro,3873,Exposicao_Face
31690,17,454,338,5.05,1,31690,8,Humano,Neutro,3890,Exposicao_Face
31706,17,465,359,5.09,1,31706,8,Humano,Neutro,3906,Exposicao_Face
31723,17,468,336,5.1,1,31723,8,Humano,Neutro,3923,Exposicao_Face
31740,17,464,338,5.05,1,31740,8,Humano,Neutro,3940,Exposicao_Face
31756,17,470,341,4.99,1,31756,8,Humano,Neutro,3956,Exposicao_Face
31773,17,469,349,5.07,1,31773,8,Humano,Neutro,3973,Exposicao_Face
31790,17,471,326,4.99,1,31790,8,Humano,Neutro,3990,Exposicao_Face
31806,17,473,339,4.97,1,31806,9,Humano,Raiva,6,Janela_Baseline
31823,17,480,341,5.01,1,31823,9,Humano,Raiva,23,Janela_Baseline
31839,17,451,329,4.97,1,31839,9,Humano,Raiva,39,Janela_Baseline
31856,17,478,332,4.96,1,31856,9,Humano,Raiva,56,Janela_Baseline
31873,17,484,355,4.96,1,31873,9,Humano,Raiva,73,Janela_Baseline
31889,17,466,344,5.01,1,31889,9,Humano,Raiva,89,Janela_Baseline
31906,17,478,329,4.97,1,31906,9,Humano,Raiva,106,Janela_Baseline
31923,17,451,318,4.91,1,31923,9,Humano,Raiva,123,Janela_Baseline
31939,17,471,303,4.91,1,31939,9,Humano,Raiva,139,Janela_Baseline
31956,17,450,321,4.94,1,31956,9,Humano,Raiva,156,Janela_Baseline
31973,17,470,326,5.01,1,31973,9,Humano,Raiva,173,Janela_Baseline
31989,17,458,323,4.88,1,31989,9,Humano,Raiva,189,Janela_Baseline
32006,17,487,344,4.99,1,32006,9,Humano,Raiva,206,Janela_Baseline
32022,17,453,345,5.01,1,32022,9,Humano,Raiva,222,Janela_Baseline
32039,17,448,334,4.94,1,32039,9,Humano,Raiva,239,Janela_Baseline
32056,17,468,321,4.91,1,32056,9,Humano,Raiva,256,Janela_Baseline
32072,17,476,307,4.91,1,32072,9,Humano,Raiva,272,Janela_Baseline
32089,17,459,333,4.96,1,32089,9,Humano,Raiva,289,Janela_Baseline
32106,17,369,357,5.52,1,32106,9,Humano,Raiva,306,Janela_Baseline
32322,216,610,1035,0.0,0,32322,9,Humano,Raiva,522,Janela_Baseline
32339,17,581,814,0.0,0,32339,9,Humano,Raiva,539,Janela_Baseline
32355,17,560,579,5.15,3,32355,9,Humano,Raiva,555,Janela_Baseline
32372,17,588,364,4.94,2,32372,9,Humano,Raiva,572,Janela_Baseline
32388,17,620,225,5.01,1,32388,9,Humano,Raiva,588,Janela_Baseline
32405,17,598,205,5.02,1,32405,9,Humano,Raiva,605,Janela_Baseline
32422,17,599,329,5.04,1,32422,9,Humano,Raiva,622,Janela_Baseline
32438,17,599,342,5.04,1,32438,9,Humano,Raiva,638,Janela_Baseline
32455,17,595,324,5.05,1,32455,9,Humano,Raiva,655,Janela_Baseline
32472,17,595,328,5.05,1,32472,9,Humano,Raiva,672,Janela_Baseline
32488,17,597,322,5.04,1,32488,9,Humano,Raiva,688,Janela_Baseline
32505,17,598,317,5.01,1,32505,9,Humano,Raiva,705,Janela_Baseline
32522,17,600,325,5.05,1,32522,9,Humano,Raiva,722,Janela_Baseline
32538,17,595,316,5.09,1,32538,9,Humano,Raiva,738,Janela_Baseline
32555,17,600,344,5.15,1,32555,9,Humano,Raiva,755,Janela_Baseline
32571,17,597,313,5.12,1,32571,9,Humano,Raiva,771,Janela_Baseline
32588,17,600,334,5.13,1,32588,9,Humano,Raiva,788,Janela_Baseline
32605,17,593,318,5.13,1,32605,9,Humano,Raiva,805,Janela_Baseline
32621,17,601,329,5.15,1,32621,9,Humano,Raiva,821,Janela_Baseline
32638,17,588,354,5.15,1,32638,9,Humano,Raiva,838,Janela_Baseline
32655,17,589,349,5.18,1,32655,9,Humano,Raiva,855,Janela_Baseline
32671,17,597,324,5.12,1,32671,9,Humano,Raiva,871,Janela_Baseline
32688,17,591,323,5.1,1,32688,9,Humano,Raiva,888,Janela_Baseline
32705,17,594,343,5.17,1,32705,9,Humano,Raiva,905,Janela_Baseline
32721,17,602,328,5.09,1,32721,9,Humano,Raiva,921,Janela_Baseline
32738,17,602,339,5.1,1,32738,9,Humano,Raiva,938,Janela_Baseline
32754,17,599,340,5.12,1,32754,9,Humano,Raiva,954,Janela_Baseline
32771,17,602,344,5.12,1,32771,9,Humano,Raiva,971,Janela_Baseline
32788,17,604,327,5.04,1,32788,9,Humano,Raiva,988,Janela_Baseline
32804,17,595,346,5.04,1,32804,9,Humano,Raiva,1004,Janela_Baseline
32821,17,595,350,5.07,1,32821,9,Humano,Raiva,1021,Janela_Baseline
32838,17,594,353,5.01,1,32838,9,Humano,Raiva,1038,Janela_Baseline
32854,17,599,335,5.01,1,32854,9,Humano,Raiva,1054,Janela_Baseline
32871,17,605,348,5.02,1,32871,9,Humano,Raiva,1071,Janela_Baseline
32887,17,599,328,4.99,1,32887,9,Humano,Raiva,1087,Janela_Baseline
32904,17,630,360,5.02,1,32904,9,Humano,Raiva,1104,Janela_Baseline
32921,17,630,333,4.91,1,32921,9,Humano,Raiva,1121,Janela_Baseline
32937,17,629,335,4.92,1,32937,9,Humano,Raiva,1137,Janela_Baseline
32954,17,651,325,4.92,1,32954,9,Humano,Raiva,1154,Janela_Baseline
32971,17,635,332,4.96,1,32971,9,Humano,Raiva,1171,Janela_Baseline
32987,17,632,347,4.99,1,32987,9,Humano,Raiva,1187,Janela_Baseline
33004,17,641,330,4.99,1,33004,9,Humano,Raiva,1204,Janela_Baseline
33021,17,631,344,5.01,1,33021,9,Humano,Raiva,1221,Janela_Baseline
33037,17,632,357,5.02,1,33037,9,Humano,Raiva,1237,Janela_Baseline
33054,17,628,358,5.01,1,33054,9,Humano,Raiva,1254,Janela_Baseline
33070,17,629,354,4.99,1,33070,9,Humano,Raiva,1270,Janela_Baseline
33087,17,636,351,5.01,1,33087,9,Humano,Raiva,1287,Janela_Baseline
33104,17,627,349,5.01,1,33104,9,Humano,Raiva,1304,Exposicao_Face
33120,17,630,374,5.01,2,33120,9,Humano,Raiva,1320,Exposicao_Face
33137,17,624,374,5.09,2,33137,9,Humano,Raiva,1337,Exposicao_Face
33154,17,633,372,5.09,2,33154,9,Humano,Raiva,1354,Exposicao_Face
33170,17,631,355,5.12,1,33170,9,Humano,Raiva,1370,Exposicao_Face
33187,17,630,353,5.09,1,33187,9,Humano,Raiva,1387,Exposicao_Face
33204,17,625,335,5.07,1,33204,9,Humano,Raiva,1404,Exposicao_Face
33220,17,624,348,5.09,1,33220,9,Humano,Raiva,1420,Exposicao_Face
33237,17,624,354,5.07,1,33237,9,Humano,Raiva,1437,Exposicao_Face
33253,17,624,335,5.04,1,33253,9,Humano,Raiva,1453,Exposicao_Face
33270,17,627,339,5.05,1,33270,9,Humano,Raiva,1470,Exposicao_Face
33287,17,622,355,5.02,1,33287,9,Humano,Raiva,1487,Exposicao_Face
33303,17,630,324,5.05,1,33303,9,Humano,Raiva,1503,Exposicao_Face
33320,17,626,328,5.05,1,33320,9,Humano,Raiva,1520,Exposicao_Face
33337,17,624,339,5.04,1,33337,9,Humano,Raiva,1537,Exposicao_Face
33353,17,621,341,5.01,1,33353,9,Humano,Raiva,1553,Exposicao_Face
33370,17,620,328,5.12,1,33370,9,Humano,Raiva,1570,Exposicao_Face
33387,17,621,313,5.07,1,33387,9,Humano,Raiva,1587,Exposicao_Face
33403,17,617,335,5.12,1,33403,9,Humano,Raiva,1603,Exposicao_Face
33420,17,621,329,5.15,1,33420,9,Humano,Raiva,1620,Exposicao_Face
33436,17,620,327,5.12,1,33436,9,Humano,Raiva,1636,Exposicao_Face
33453,17,615,336,5.15,1,33453,9,Humano,Raiva,1653,Exposicao_Face
33470,17,617,307,5.09,1,33470,9,Humano,Raiva,1670,Exposicao_Face
33486,17,614,331,5.13,1,33486,9,Humano,Raiva,1686,Exposicao_Face
33503,17,615,334,5.13,1,33503,9,Humano,Raiva,1703,Exposicao_Face
33520,17,615,343,5.13,1,33520,9,Humano,Raiva,1720,Exposicao_Face
33536,17,616,344,5.15,1,33536,9,Humano,Raiva,1736,Exposicao_Face
33553,17,619,330,5.17,1,33553,9,Humano,Raiva,1753,Exposicao_Face
33570,17,617,308,5.1,1,33570,9,Humano,Raiva,1770,Exposicao_Face
33586,17,618,321,5.09,1,33586,9,Humano,Raiva,1786,Exposicao_Face
33603,17,620,342,5.05,1,33603,9,Humano,Raiva,1803,Exposicao_Face
33619,17,617,330,5.07,1,33619,9,Humano,Raiva,1819,Exposicao_Face
33636,17,621,330,5.07,1,33636,9,Humano,Raiva,1836,Exposicao_Face
33653,17,616,332,5.07,1,33653,9,Humano,Raiva,1853,Exposicao_Face
33669,17,617,358,5.02,1,33669,9,Humano,Raiva,1869,Exposicao_Face
33686,17,623,346,5.01,1,33686,9,Humano,Raiva,1886,Exposicao_Face
33703,17,621,320,4.99,1,33703,9,Humano,Raiva,1903,Exposicao_Face
33719,17,621,329,4.99,1,33719,9,Humano,Raiva,1919,Exposicao_Face
33736,17,618,318,4.94,1,33736,9,Humano,Raiva,1936,Exposicao_Face
33753,17,618,348,4.97,1,33753,9,Humano,Raiva,1953,Exposicao_Face
33769,17,617,381,5.01,2,33769,9,Humano,Raiva,1969,Exposicao_Face
33786,17,630,331,4.89,1,33786,9,Humano,Raiva,1986,Exposicao_Face
33802,17,616,353,4.89,1,33802,9,Humano,Raiva,2002,Exposicao_Face
33819,17,592,334,4.91,1,33819,9,Humano,Raiva,2019,Exposicao_Face
33836,17,539,319,4.83,1,33836,9,Humano,Raiva,2036,Exposicao_Face
33852,17,494,347,4.89,1,33852,9,Humano,Raiva,2052,Exposicao_Face
33869,17,508,337,4.88,1,33869,9,Humano,Raiva,2069,Exposicao_Face
33886,17,504,337,4.88,1,33886,9,Humano,Raiva,2086,Exposicao_Face
33902,17,499,368,4.88,2,33902,9,Humano,Raiva,2102,Exposicao_Face
33919,17,505,329,4.88,1,33919,9,Humano,Raiva,2119,Exposicao_Face
33936,17,511,362,4.91,1,33936,9,Humano,Raiva,2136,Exposicao_Face
33952,17,509,352,4.88,1,33952,9,Humano,Raiva,2152,Exposicao_Face
33969,17,508,352,4.88,1,33969,9,Humano,Raiva,2169,Exposicao_Face
33985,17,512,344,4.88,1,33985,9,Humano,Raiva,2185,Exposicao_Face
34002,17,505,342,4.88,1,34002,9,Humano,Raiva,2202,Exposicao_Face
34019,17,498,356,4.88,1,34019,9,Humano,Raiva,2219,Exposicao_Face
34035,17,502,343,4.86,1,34035,9,Humano,Raiva,2235,Exposicao_Face
34052,17,499,332,4.86,1,34052,9,Humano,Raiva,2252,Exposicao_Face
34069,17,502,358,4.88,1,34069,9,Humano,Raiva,2269,Exposicao_Face
34085,17,504,366,4.91,2,34085,9,Humano,Raiva,2285,Exposicao_Face
34102,17,516,343,4.86,1,34102,9,Humano,Raiva,2302,Exposicao_Face
34118,17,492,330,4.91,1,34118,9,Humano,Raiva,2318,Exposicao_Face
34135,17,514,329,4.89,1,34135,9,Humano,Raiva,2335,Exposicao_Face
34152,17,500,351,4.92,1,34152,9,Humano,Raiva,2352,Exposicao_Face
34168,17,506,356,4.89,1,34168,9,Humano,Raiva,2368,Exposicao_Face
34185,17,502,370,4.94,2,34185,9,Humano,Raiva,2385,Exposicao_Face
34202,17,502,361,4.89,1,34202,9,Humano,Raiva,2402,Exposicao_Face
34218,17,492,348,4.88,1,34218,9,Humano,Raiva,2418,Exposicao_Face
34235,17,509,362,4.88,1,34235,9,Humano,Raiva,2435,Exposicao_Face
34252,17,494,339,4.88,1,34252,9,Humano,Raiva,2452,Exposicao_Face
34268,17,509,370,4.88,2,34268,9,Humano,Raiva,2468,Exposicao_Face
34285,17,504,352,4.78,1,34285,9,Humano,Raiva,2485,Exposicao_Face
34301,17,498,360,4.83,1,34301,9,Humano,Raiva,2501,Exposicao_Face
34318,17,500,352,4.81,1,34318,9,Humano,Raiva,2518,Exposicao_Face
34335,17,506,376,4.86,2,34335,9,Humano,Raiva,2535,Exposicao_Face
34351,17,513,335,4.75,1,34351,9,Humano,Raiva,2551,Exposicao_Face
34368,17,502,349,4.75,1,34368,9,Humano,Raiva,2568,Exposicao_Face
34385,17,514,359,4.8,1,34385,9,Humano,Raiva,2585,Exposicao_Face
34401,17,495,362,4.78,1,34401,9,Humano,Raiva,2601,Exposicao_Face
34418,17,507,341,4.78,1,34418,9,Humano,Raiva,2618,Exposicao_Face
34435,17,516,327,4.72,1,34435,9,Humano,Raiva,2635,Exposicao_Face
34451,17,512,340,4.76,1,34451,9,Humano,Raiva,2651,Exposicao_Face
34468,17,512,345,4.76,1,34468,9,Humano,Raiva,2668,Exposicao_Face
34484,17,510,365,4.75,2,34484,9,Humano,Raiva,2684,Exposicao_Face
34501,17,511,351,4.81,1,34501,9,Humano,Raiva,2701,Exposicao_Face
34518,17,513,350,4.72,1,34518,9,Humano,Raiva,2718,Exposicao_Face
34534,17,507,364,4.75,0,34534,9,Humano,Raiva,2734,Exposicao_Face
34551,17,511,364,4.75,0,34551,9,Humano,Raiva,2751,Exposicao_Face
34568,17,509,349,4.72,1,34568,9,Humano,Raiva,2768,Exposicao_Face
34584,17,512,327,4.67,1,34584,9,Humano,Raiva,2784,Exposicao_Face
34601,17,512,348,4.75,1,34601,9,Humano,Raiva,2801,Exposicao_Face
34618,17,510,350,4.75,1,34618,9,Humano,Raiva,2818,Exposicao_Face
34651,33,507,354,4.75,1,34651,9,Humano,Raiva,2851,Exposicao_Face
34651,0,507,354,4.75,1,34651,9,Humano,Raiva,2851,Exposicao_Face
34667,17,510,345,4.7,1,34667,9,Humano,Raiva,2867,Exposicao_Face
34684,17,512,352,4.73,1,34684,9,Humano,Raiva,2884,Exposicao_Face
34701,17,507,340,4.73,1,34701,9,Humano,Raiva,2901,Exposicao_Face
34717,17,538,375,4.73,2,34717,9,Humano,Raiva,2917,Exposicao_Face
34734,17,538,367,4.78,2,34734,9,Humano,Raiva,2934,Exposicao_Face
34751,17,540,375,4.78,2,34751,9,Humano,Raiva,2951,Exposicao_Face
34767,17,550,380,4.78,2,34767,9,Humano,Raiva,2967,Exposicao_Face
34784,17,551,375,4.76,2,34784,9,Humano,Raiva,2984,Exposicao_Face
34801,17,558,363,4.76,0,34801,9,Humano,Raiva,3001,Exposicao_Face
34817,17,547,372,4.78,2,34817,9,Humano,Raiva,3017,Exposicao_Face
34834,17,543,361,4.78,1,34834,9,Humano,Raiva,3034,Exposicao_Face
34850,17,549,364,4.8,0,34850,9,Humano,Raiva,3050,Exposicao_Face
34867,17,546,349,4.72,1,34867,9,Humano,Raiva,3067,Exposicao_Face
34884,17,542,358,4.76,1,34884,9,Humano,Raiva,3084,Exposicao_Face
34900,17,543,374,4.76,2,34900,9,Humano,Raiva,3100,Exposicao_Face
34917,17,552,356,4.75,1,34917,9,Humano,Raiva,3117,Exposicao_Face
34934,17,545,379,4.8,2,34934,9,Humano,Raiva,3134,Exposicao_Face
34950,17,549,389,4.75,2,34950,9,Humano,Raiva,3150,Exposicao_Face
34967,17,550,386,4.75,2,34967,9,Humano,Raiva,3167,Exposicao_Face
34984,17,547,364,4.73,0,34984,9,Humano,Raiva,3184,Exposicao_Face
35000,17,545,389,4.81,2,35000,9,Humano,Raiva,3200,Exposicao_Face
35017,17,546,375,4.78,2,35017,9,Humano,Raiva,3217,Exposicao_Face
35050,33,538,364,4.78,0,35050,9,Humano,Raiva,3250,Exposicao_Face
35050,0,538,364,4.78,0,35050,9,Humano,Raiva,3250,Exposicao_Face
35067,17,542,367,4.8,2,35067,9,Humano,Raiva,3267,Exposicao_Face
35083,17,535,375,4.83,2,35083,9,Humano,Raiva,3283,Exposicao_Face
35100,17,547,349,4.78,1,35100,9,Humano,Raiva,3300,Exposicao_Face
35117,17,537,362,4.78,1,35117,9,Humano,Raiva,3317,Exposicao_Face
35133,17,543,364,4.78,0,35133,9,Humano,Raiva,3333,Exposicao_Face
35150,17,541,368,4.78,2,35150,9,Humano,Raiva,3350,Exposicao_Face
35166,17,548,358,4.84,1,35166,9,Humano,Raiva,3366,Exposicao_Face
35183,17,534,387,4.88,2,35183,9,Humano,Raiva,3383,Exposicao_Face
35200,17,531,365,4.83,2,35200,9,Humano,Raiva,3400,Exposicao_Face
35216,17,503,918,4.81,0,35216,9,Humano,Raiva,3416,Exposicao_Face
35466,250,504,793,5.28,0,35466,9,Humano,Raiva,3666,Exposicao_Face
35483,17,512,778,7.01,0,35483,9,Humano,Raiva,3683,Exposicao_Face
35499,17,526,394,4.88,2,35499,9,Humano,Raiva,3699,Exposicao_Face
35516,17,521,356,4.86,1,35516,9,Humano,Raiva,3716,Exposicao_Face
35532,17,533,270,4.86,1,35532,9,Humano,Raiva,3732,Exposicao_Face
35549,17,540,231,4.81,1,35549,9,Humano,Raiva,3749,Exposicao_Face
35582,33,535,370,4.86,2,35582,9,Humano,Raiva,3782,Exposicao_Face
35599,17,535,390,4.86,2,35599,9,Humano,Raiva,3799,Exposicao_Face
35616,17,522,374,4.86,2,35616,9,Humano,Raiva,3816,Exposicao_Face
35632,17,528,377,4.86,2,35632,9,Humano,Raiva,3832,Exposicao_Face
35649,17,533,372,4.83,2,35649,9,Humano,Raiva,3849,Exposicao_Face
35666,17,523,398,4.91,2,35666,9,Humano,Raiva,3866,Exposicao_Face
35699,33,533,398,4.92,2,35699,9,Humano,Raiva,3899,Exposicao_Face
35699,0,533,398,4.92,2,35699,9,Humano,Raiva,3899,Exposicao_Face
35715,17,533,403,4.94,2,35715,9,Humano,Raiva,3915,Exposicao_Face
35732,17,536,416,4.97,2,35732,9,Humano,Raiva,3932,Exposicao_Face
35749,17,535,388,4.89,2,35749,9,Humano,Raiva,3949,Exposicao_Face
35765,17,531,366,4.92,2,35765,9,Humano,Raiva,3965,Exposicao_Face
35782,17,532,408,4.91,2,35782,9,Humano,Raiva,3982,Exposicao_Face
35799,17,523,388,4.97,2,35799,9,Humano,Raiva,3999,Exposicao_Face
35815,17,465,328,4.88,1,35815,10,Humano,Feliz,15,Janela_Baseline
35832,17,471,326,4.83,1,35832,10,Humano,Feliz,32,Janela_Baseline
35849,17,465,350,4.88,1,35849,10,Humano,Feliz,49,Janela_Baseline
35865,17,483,348,4.88,1,35865,10,Humano,Feliz,65,Janela_Baseline
35882,17,474,359,4.84,1,35882,10,Humano,Feliz,82,Janela_Baseline
35898,17,471,354,4.86,1,35898,10,Humano,Feliz,98,Janela_Baseline
35915,17,471,353,4.88,1,35915,10,Humano,Feliz,115,Janela_Baseline
35932,17,464,346,4.86,1,35932,10,Humano,Feliz,132,Janela_Baseline
35948,17,467,341,4.84,1,35948,10,Humano,Feliz,148,Janela_Baseline
35965,17,471,351,4.83,1,35965,10,Humano,Feliz,165,Janela_Baseline
35982,17,460,353,4.84,1,35982,10,Humano,Feliz,182,Janela_Baseline
35998,17,473,348,4.83,1,35998,10,Humano,Feliz,198,Janela_Baseline
36015,17,471,334,4.78,1,36015,10,Humano,Feliz,215,Janela_Baseline
36032,17,476,335,4.78,1,36032,10,Humano,Feliz,232,Janela_Baseline
36048,17,470,323,4.78,1,36048,10,Humano,Feliz,248,Janela_Baseline
36065,17,454,330,4.75,1,36065,10,Humano,Feliz,265,Janela_Baseline
36081,17,464,331,4.78,1,36081,10,Humano,Feliz,281,Janela_Baseline
36098,17,463,341,4.8,1,36098,10,Humano,Feliz,298,Janela_Baseline
36115,17,458,339,4.84,1,36115,10,Humano,Feliz,315,Janela_Baseline
36131,17,459,336,4.86,1,36131,10,Humano,Feliz,331,Janela_Baseline
36148,17,473,348,4.91,1,36148,10,Humano,Feliz,348,Janela_Baseline
36165,17,452,344,4.8,1,36165,10,Humano,Feliz,365,Janela_Baseline
36181,17,465,344,4.88,1,36181,10,Humano,Feliz,381,Janela_Baseline
36198,17,467,340,4.88,1,36198,10,Humano,Feliz,398,Janela_Baseline
36215,17,469,338,4.86,1,36215,10,Humano,Feliz,415,Janela_Baseline
36231,17,471,360,4.88,1,36231,10,Humano,Feliz,431,Janela_Baseline
36248,17,454,354,4.89,1,36248,10,Humano,Feliz,448,Janela_Baseline
36264,17,479,322,4.88,1,36264,10,Humano,Feliz,464,Janela_Baseline
36281,17,450,344,4.92,1,36281,10,Humano,Feliz,481,Janela_Baseline
36298,17,474,352,4.91,1,36298,10,Humano,Feliz,498,Janela_Baseline
36314,17,466,351,4.96,1,36314,10,Humano,Feliz,514,Janela_Baseline
36331,17,487,342,4.86,1,36331,10,Humano,Feliz,531,Janela_Baseline
36348,17,482,340,4.94,1,36348,10,Humano,Feliz,548,Janela_Baseline
36364,17,462,335,4.86,1,36364,10,Humano,Feliz,564,Janela_Baseline
36381,17,490,348,4.91,1,36381,10,Humano,Feliz,581,Janela_Baseline
36397,17,459,369,4.97,2,36397,10,Humano,Feliz,597,Janela_Baseline
36414,17,484,347,4.88,1,36414,10,Humano,Feliz,614,Janela_Baseline
36431,17,491,348,4.92,1,36431,10,Humano,Feliz,631,Janela_Baseline
36447,17,468,364,4.99,2,36447,10,Humano,Feliz,647,Janela_Baseline
36464,17,472,353,4.97,1,36464,10,Humano,Feliz,664,Janela_Baseline
36481,17,488,328,4.99,1,36481,10,Humano,Feliz,681,Janela_Baseline
36497,17,494,349,4.97,1,36497,10,Humano,Feliz,697,Janela_Baseline
36514,17,498,321,4.99,1,36514,10,Humano,Feliz,714,Janela_Baseline
36531,17,490,323,5.01,1,36531,10,Humano,Feliz,731,Janela_Baseline
36547,17,476,322,4.91,1,36547,10,Humano,Feliz,747,Janela_Baseline
36564,17,471,324,4.97,1,36564,10,Humano,Feliz,764,Janela_Baseline
36580,17,462,333,5.02,1,36580,10,Humano,Feliz,780,Janela_Baseline
36597,17,501,323,5.02,1,36597,10,Humano,Feliz,797,Janela_Baseline
36614,17,470,319,5.02,1,36614,10,Humano,Feliz,814,Janela_Baseline
36630,17,480,348,5.02,1,36630,10,Humano,Feliz,830,Janela_Baseline
36647,17,479,321,5.07,1,36647,10,Humano,Feliz,847,Janela_Baseline
36664,17,493,335,5.09,1,36664,10,Humano,Feliz,864,Janela_Baseline
36680,17,481,334,5.09,1,36680,10,Humano,Feliz,880,Janela_Baseline
36697,17,492,325,5.04,1,36697,10,Humano,Feliz,897,Janela_Baseline
36714,17,478,324,5.01,1,36714,10,Humano,Feliz,914,Janela_Baseline
36730,17,474,335,5.12,1,36730,10,Humano,Feliz,930,Janela_Baseline
36747,17,477,333,5.07,1,36747,10,Humano,Feliz,947,Janela_Baseline
36763,17,478,339,5.09,1,36763,10,Humano,Feliz,963,Janela_Baseline
36780,17,483,325,5.13,1,36780,10,Humano,Feliz,980,Janela_Baseline
36797,17,472,337,5.17,1,36797,10,Humano,Feliz,997,Janela_Baseline
36813,17,474,348,5.13,1,36813,10,Humano,Feliz,1013,Janela_Baseline
36830,17,470,351,5.2,1,36830,10,Humano,Feliz,1030,Janela_Baseline
36847,17,477,348,5.2,1,36847,10,Humano,Feliz,1047,Janela_Baseline
36863,17,474,333,5.13,1,36863,10,Humano,Feliz,1063,Janela_Baseline
36880,17,473,353,5.18,1,36880,10,Humano,Feliz,1080,Janela_Baseline
36897,17,469,326,5.18,1,36897,10,Humano,Feliz,1097,Janela_Baseline
36913,17,468,329,5.17,1,36913,10,Humano,Feliz,1113,Janela_Baseline
36930,17,473,341,5.23,1,36930,10,Humano,Feliz,1130,Janela_Baseline
36946,17,472,347,5.2,1,36946,10,Humano,Feliz,1146,Janela_Baseline
36963,17,474,334,5.15,1,36963,10,Humano,Feliz,1163,Janela_Baseline
36980,17,474,323,5.18,1,36980,10,Humano,Feliz,1180,Janela_Baseline
36996,17,469,351,5.23,1,36996,10,Humano,Feliz,1196,Janela_Baseline
37013,17,472,344,5.21,1,37013,10,Humano,Feliz,1213,Janela_Baseline
37030,17,454,352,5.21,1,37030,10,Humano,Feliz,1230,Janela_Baseline
37046,17,459,328,5.17,1,37046,10,Humano,Feliz,1246,Janela_Baseline
37063,17,457,348,5.25,1,37063,10,Humano,Feliz,1263,Janela_Baseline
37080,17,458,337,5.23,1,37080,10,Humano,Feliz,1280,Janela_Baseline
37096,17,459,323,5.18,1,37096,10,Humano,Feliz,1296,Janela_Baseline
37113,17,460,367,5.25,2,37113,10,Humano,Feliz,1313,Exposicao_Face
37129,17,463,326,5.2,1,37129,10,Humano,Feliz,1329,Exposicao_Face
37146,17,463,339,5.26,1,37146,10,Humano,Feliz,1346,Exposicao_Face
37163,17,450,347,5.26,1,37163,10,Humano,Feliz,1363,Exposicao_Face
37179,17,468,340,5.18,1,37179,10,Humano,Feliz,1379,Exposicao_Face
37196,17,460,340,5.18,1,37196,10,Humano,Feliz,1396,Exposicao_Face
37213,17,459,368,5.26,2,37213,10,Humano,Feliz,1413,Exposicao_Face
37412,200,519,683,5.2,3,37412,10,Humano,Feliz,1612,Exposicao_Face
37429,17,521,505,5.29,3,37429,10,Humano,Feliz,1629,Exposicao_Face
37445,17,520,410,5.29,2,37445,10,Humano,Feliz,1645,Exposicao_Face
37462,17,533,292,5.26,1,37462,10,Humano,Feliz,1662,Exposicao_Face
37479,17,569,217,5.25,1,37479,10,Humano,Feliz,1679,Exposicao_Face
37495,17,528,345,5.29,1,37495,10,Humano,Feliz,1695,Exposicao_Face
37512,17,531,320,5.26,1,37512,10,Humano,Feliz,1712,Exposicao_Face
37529,17,533,331,5.28,1,37529,10,Humano,Feliz,1729,Exposicao_Face
37545,17,528,354,5.34,1,37545,10,Humano,Feliz,1745,Exposicao_Face
37562,17,532,334,5.28,1,37562,10,Humano,Feliz,1762,Exposicao_Face
37579,17,531,342,5.26,1,37579,10,Humano,Feliz,1779,Exposicao_Face
37595,17,535,337,5.34,1,37595,10,Humano,Feliz,1795,Exposicao_Face
37612,17,530,324,5.34,1,37612,10,Humano,Feliz,1812,Exposicao_Face
37628,17,539,319,5.28,1,37628,10,Humano,Feliz,1828,Exposicao_Face
37645,17,524,362,5.36,1,37645,10,Humano,Feliz,1845,Exposicao_Face
37662,17,534,362,5.37,1,37662,10,Humano,Feliz,1862,Exposicao_Face
37678,17,534,339,5.36,1,37678,10,Humano,Feliz,1878,Exposicao_Face
37695,17,535,339,5.29,1,37695,10,Humano,Feliz,1895,Exposicao_Face
37712,17,531,343,5.36,1,37712,10,Humano,Feliz,1912,Exposicao_Face
37728,17,523,341,5.34,1,37728,10,Humano,Feliz,1928,Exposicao_Face
37745,17,535,337,5.33,1,37745,10,Humano,Feliz,1945,Exposicao_Face
37762,17,519,363,5.37,0,37762,10,Humano,Feliz,1962,Exposicao_Face
37778,17,524,452,5.34,3,37778,10,Humano,Feliz,1978,Exposicao_Face
37795,17,511,462,5.31,3,37795,10,Humano,Feliz,1995,Exposicao_Face
37811,17,517,451,5.31,3,37811,10,Humano,Feliz,2011,Exposicao_Face
37828,17,515,461,5.29,3,37828,10,Humano,Feliz,2028,Exposicao_Face
37861,33,507,455,5.29,3,37861,10,Humano,Feliz,2061,Exposicao_Face
37878,17,510,456,5.26,3,37878,10,Humano,Feliz,2078,Exposicao_Face
37895,17,521,486,5.28,3,37895,10,Humano,Feliz,2095,Exposicao_Face
37911,17,520,459,5.23,3,37911,10,Humano,Feliz,2111,Exposicao_Face
37928,17,516,483,5.29,3,37928,10,Humano,Feliz,2128,Exposicao_Face
37945,17,523,463,5.25,3,37945,10,Humano,Feliz,2145,Exposicao_Face
37961,17,520,473,5.28,3,37961,10,Humano,Feliz,2161,Exposicao_Face
37978,17,521,467,5.23,3,37978,10,Humano,Feliz,2178,Exposicao_Face
37994,17,517,453,5.25,3,37994,10,Humano,Feliz,2194,Exposicao_Face
38011,17,522,446,5.21,3,38011,10,Humano,Feliz,2211,Exposicao_Face
38028,17,517,441,5.23,3,38028,10,Humano,Feliz,2228,Exposicao_Face
38044,17,515,449,5.23,3,38044,10,Humano,Feliz,2244,Exposicao_Face
38061,17,520,438,5.18,3,38061,10,Humano,Feliz,2261,Exposicao_Face
38078,17,518,461,5.25,3,38078,10,Humano,Feliz,2278,Exposicao_Face
38094,17,521,438,5.2,3,38094,10,Humano,Feliz,2294,Exposicao_Face
38111,17,514,457,5.23,3,38111,10,Humano,Feliz,2311,Exposicao_Face
38128,17,515,473,5.26,3,38128,10,Humano,Feliz,2328,Exposicao_Face
38144,17,520,450,5.23,3,38144,10,Humano,Feliz,2344,Exposicao_Face
38161,17,520,435,5.2,3,38161,10,Humano,Feliz,2361,Exposicao_Face
38177,17,516,449,5.15,3,38177,10,Humano,Feliz,2377,Exposicao_Face
38194,17,519,466,5.23,3,38194,10,Humano,Feliz,2394,Exposicao_Face
38211,17,519,456,5.2,3,38211,10,Humano,Feliz,2411,Exposicao_Face
38227,17,518,472,5.28,3,38227,10,Humano,Feliz,2427,Exposicao_Face
38244,17,520,441,5.15,3,38244,10,Humano,Feliz,2444,Exposicao_Face
38261,17,517,447,5.2,3,38261,10,Humano,Feliz,2461,Exposicao_Face
38277,17,515,454,5.21,3,38277,10,Humano,Feliz,2477,Exposicao_Face
38294,17,517,404,5.13,2,38294,10,Humano,Feliz,2494,Exposicao_Face
38311,17,515,423,5.2,3,38311,10,Humano,Feliz,2511,Exposicao_Face
38327,17,518,423,5.13,3,38327,10,Humano,Feliz,2527,Exposicao_Face
38344,17,520,419,5.17,3,38344,10,Humano,Feliz,2544,Exposicao_Face
38360,17,520,424,5.15,3,38360,10,Humano,Feliz,2560,Exposicao_Face
38377,17,520,441,5.13,3,38377,10,Humano,Feliz,2577,Exposicao_Face
38394,17,516,439,5.15,3,38394,10,Humano,Feliz,2594,Exposicao_Face
38410,17,517,442,5.18,3,38410,10,Humano,Feliz,2610,Exposicao_Face
38427,17,517,435,5.13,3,38427,10,Humano,Feliz,2627,Exposicao_Face
38444,17,517,433,5.17,3,38444,10,Humano,Feliz,2644,Exposicao_Face
38460,17,510,441,5.23,3,38460,10,Humano,Feliz,2660,Exposicao_Face
38477,17,515,450,5.23,3,38477,10,Humano,Feliz,2677,Exposicao_Face
38494,17,517,447,5.25,3,38494,10,Humano,Feliz,2694,Exposicao_Face
38510,17,518,424,5.21,3,38510,10,Humano,Feliz,2710,Exposicao_Face
38527,17,511,415,5.18,2,38527,10,Humano,Feliz,2727,Exposicao_Face
38543,17,513,415,5.2,2,38543,10,Humano,Feliz,2743,Exposicao_Face
38560,17,506,436,5.18,3,38560,10,Humano,Feliz,2760,Exposicao_Face
38577,17,507,405,5.17,2,38577,10,Humano,Feliz,2777,Exposicao_Face
38593,17,512,422,5.23,3,38593,10,Humano,Feliz,2793,Exposicao_Face
38610,17,509,413,5.25,2,38610,10,Humano,Feliz,2810,Exposicao_Face
38627,17,511,448,5.26,3,38627,10,Humano,Feliz,2827,Exposicao_Face
38643,17,508,434,5.26,3,38643,10,Humano,Feliz,2843,Exposicao_Face
38660,17,513,447,5.25,3,38660,10,Humano,Feliz,2860,Exposicao_Face
38676,17,507,431,5.2,3,38676,10,Humano,Feliz,2876,Exposicao_Face
38693,17,508,427,5.25,3,38693,10,Humano,Feliz,2893,Exposicao_Face
38710,17,500,401,5.17,2,38710,10,Humano,Feliz,2910,Exposicao_Face
38726,17,506,450,5.25,3,38726,10,Humano,Feliz,2926,Exposicao_Face
38743,17,507,444,5.25,3,38743,10,Humano,Feliz,2943,Exposicao_Face
38760,17,509,437,5.23,3,38760,10,Humano,Feliz,2960,Exposicao_Face
38776,17,510,434,5.21,3,38776,10,Humano,Feliz,2976,Exposicao_Face
38793,17,508,454,5.21,3,38793,10,Humano,Feliz,2993,Exposicao_Face
38810,17,501,443,5.17,3,38810,10,Humano,Feliz,3010,Exposicao_Face
38826,17,513,435,5.1,3,38826,10,Humano,Feliz,3026,Exposicao_Face
38843,17,509,434,5.1,3,38843,10,Humano,Feliz,3043,Exposicao_Face
38859,17,508,419,5.1,3,38859,10,Humano,Feliz,3059,Exposicao_Face
38876,17,504,438,5.12,3,38876,10,Humano,Feliz,3076,Exposicao_Face
38893,17,508,428,5.05,3,38893,10,Humano,Feliz,3093,Exposicao_Face
38909,17,510,448,5.1,3,38909,10,Humano,Feliz,3109,Exposicao_Face
38926,17,509,426,5.05,3,38926,10,Humano,Feliz,3126,Exposicao_Face
38943,17,510,463,5.07,3,38943,10,Humano,Feliz,3143,Exposicao_Face
38959,17,517,437,5.04,3,38959,10,Humano,Feliz,3159,Exposicao_Face
38976,17,514,460,5.09,3,38976,10,Humano,Feliz,3176,Exposicao_Face
38993,17,519,459,5.12,3,38993,10,Humano,Feliz,3193,Exposicao_Face
39009,17,515,441,5.07,3,39009,10,Humano,Feliz,3209,Exposicao_Face
39026,17,500,456,5.07,3,39026,10,Humano,Feliz,3226,Exposicao_Face
39042,17,499,446,5.01,3,39042,10,Humano,Feliz,3242,Exposicao_Face
39059,17,514,428,5.01,3,39059,10,Humano,Feliz,3259,Exposicao_Face
39076,17,515,444,5.01,3,39076,10,Humano,Feliz,3276,Exposicao_Face
39092,17,442,512,5.04,3,39092,10,Humano,Feliz,3292,Exposicao_Face
39109,17,384,539,4.99,3,39109,10,Humano,Feliz,3309,Exposicao_Face
39126,17,324,625,4.99,3,39126,10,Humano,Feliz,3326,Exposicao_Face
39142,17,291,682,4.99,3,39142,10,Humano,Feliz,3342,Exposicao_Face
39159,17,258,717,5.01,3,39159,10,Humano,Feliz,3359,Exposicao_Face
39176,17,257,724,4.94,3,39176,10,Humano,Feliz,3376,Exposicao_Face
39192,17,256,726,4.94,3,39192,10,Humano,Feliz,3392,Exposicao_Face
39209,17,251,733,4.96,3,39209,10,Humano,Feliz,3409,Exposicao_Face
39225,17,246,722,4.96,3,39225,10,Humano,Feliz,3425,Exposicao_Face
39242,17,263,723,4.94,3,39242,10,Humano,Feliz,3442,Exposicao_Face
39259,17,239,716,5.01,3,39259,10,Humano,Feliz,3459,Exposicao_Face
39275,17,242,733,5.02,3,39275,10,Humano,Feliz,3475,Exposicao_Face
39292,17,245,732,5.01,3,39292,10,Humano,Feliz,3492,Exposicao_Face
39309,17,244,729,5.01,3,39309,10,Humano,Feliz,3509,Exposicao_Face
39325,17,246,731,5.04,3,39325,10,Humano,Feliz,3525,Exposicao_Face
39342,17,241,733,5.01,3,39342,10,Humano,Feliz,3542,Exposicao_Face
39359,17,242,730,5.09,3,39359,10,Humano,Feliz,3559,Exposicao_Face
39375,17,245,720,5.04,3,39375,10,Humano,Feliz,3575,Exposicao_Face
39392,17,243,727,5.04,3,39392,10,Humano,Feliz,3592,Exposicao_Face
39408,17,246,727,5.07,3,39408,10,Humano,Feliz,3608,Exposicao_Face
39425,17,242,720,5.12,3,39425,10,Humano,Feliz,3625,Exposicao_Face
39442,17,242,720,4.99,3,39442,10,Humano,Feliz,3642,Exposicao_Face
39458,17,233,730,5.04,3,39458,10,Humano,Feliz,3658,Exposicao_Face
39475,17,236,730,5.02,3,39475,10,Humano,Feliz,3675,Exposicao_Face
39492,17,245,730,5.02,3,39492,10,Humano,Feliz,3692,Exposicao_Face
39508,17,239,728,4.99,3,39508,10,Humano,Feliz,3708,Exposicao_Face
39525,17,239,729,4.92,3,39525,10,Humano,Feliz,3725,Exposicao_Face
39542,17,245,696,5.01,3,39542,10,Humano,Feliz,3742,Exposicao_Face
39558,17,266,683,5.01,3,39558,10,Humano,Feliz,3758,Exposicao_Face
39575,17,397,516,5.04,3,39575,10,Humano,Feliz,3775,Exposicao_Face
39591,17,479,394,5.12,2,39591,10,Humano,Feliz,3791,Exposicao_Face
39608,17,541,381,5.15,2,39608,10,Humano,Feliz,3808,Exposicao_Face
39625,17,542,360,5.13,1,39625,10,Humano,Feliz,3825,Exposicao_Face
39641,17,545,353,5.12,1,39641,10,Humano,Feliz,3841,Exposicao_Face
39658,17,542,352,5.12,1,39658,10,Humano,Feliz,3858,Exposicao_Face
39675,17,545,342,5.13,1,39675,10,Humano,Feliz,3875,Exposicao_Face
39691,17,540,385,5.2,2,39691,10,Humano,Feliz,3891,Exposicao_Face
39708,17,550,376,5.15,2,39708,10,Humano,Feliz,3908,Exposicao_Face
39724,17,544,358,5.15,1,39724,10,Humano,Feliz,3924,Exposicao_Face
39741,17,542,365,5.15,2,39741,10,Humano,Feliz,3941,Exposicao_Face
39758,17,544,396,5.23,2,39758,10,Humano,Feliz,3958,Exposicao_Face
39774,17,541,387,5.15,2,39774,10,Humano,Feliz,3974,Exposicao_Face
39791,17,546,344,5.2,1,39791,10,Humano,Feliz,3991,Exposicao_Face
39808,17,552,349,5.17,1,39808,11,Humano,Neutro,8,Janela_Baseline
39824,17,546,344,5.18,1,39824,11,Humano,Neutro,24,Janela_Baseline
39841,17,547,363,5.18,0,39841,11,Humano,Neutro,41,Janela_Baseline
39858,17,544,385,5.18,2,39858,11,Humano,Neutro,58,Janela_Baseline
39874,17,543,370,5.26,2,39874,11,Humano,Neutro,74,Janela_Baseline
39891,17,541,371,5.23,2,39891,11,Humano,Neutro,91,Janela_Baseline
39907,17,520,374,5.28,2,39907,11,Humano,Neutro,107,Janela_Baseline
39924,17,462,307,5.23,1,39924,11,Humano,Neutro,124,Janela_Baseline
39941,17,462,323,5.2,1,39941,11,Humano,Neutro,141,Janela_Baseline
39957,17,459,304,5.18,1,39957,11,Humano,Neutro,157,Janela_Baseline
39974,17,458,316,5.18,1,39974,11,Humano,Neutro,174,Janela_Baseline
39991,17,459,309,5.13,1,39991,11,Humano,Neutro,191,Janela_Baseline
40007,17,460,330,5.13,1,40007,11,Humano,Neutro,207,Janela_Baseline
40024,17,460,310,5.15,1,40024,11,Humano,Neutro,224,Janela_Baseline
40041,17,454,344,5.17,1,40041,11,Humano,Neutro,241,Janela_Baseline
40057,17,460,333,5.17,1,40057,11,Humano,Neutro,257,Janela_Baseline
40074,17,463,303,5.12,1,40074,11,Humano,Neutro,274,Janela_Baseline
40090,17,464,305,5.15,1,40090,11,Humano,Neutro,290,Janela_Baseline
40107,17,461,305,5.15,1,40107,11,Humano,Neutro,307,Janela_Baseline
40124,17,464,326,5.17,1,40124,11,Humano,Neutro,324,Janela_Baseline
40140,17,459,321,5.12,1,40140,11,Humano,Neutro,340,Janela_Baseline
40157,17,465,332,5.15,1,40157,11,Humano,Neutro,357,Janela_Baseline
40174,17,462,345,5.17,1,40174,11,Humano,Neutro,374,Janela_Baseline
40190,17,464,332,5.1,1,40190,11,Humano,Neutro,390,Janela_Baseline
40207,17,463,358,5.15,1,40207,11,Humano,Neutro,407,Janela_Baseline
40224,17,455,356,5.15,1,40224,11,Humano,Neutro,424,Janela_Baseline
40240,17,454,325,5.17,1,40240,11,Humano,Neutro,440,Janela_Baseline
40257,17,455,359,5.15,1,40257,11,Humano,Neutro,457,Janela_Baseline
40273,17,453,359,5.15,1,40273,11,Humano,Neutro,473,Janela_Baseline
40290,17,457,333,5.13,1,40290,11,Humano,Neutro,490,Janela_Baseline
40307,17,475,347,5.15,1,40307,11,Humano,Neutro,507,Janela_Baseline
40323,17,466,341,5.15,1,40323,11,Humano,Neutro,523,Janela_Baseline
40340,17,459,339,5.15,1,40340,11,Humano,Neutro,540,Janela_Baseline
40357,17,455,348,5.2,1,40357,11,Humano,Neutro,557,Janela_Baseline
40373,17,456,325,5.13,1,40373,11,Humano,Neutro,573,Janela_Baseline
40390,17,452,325,5.13,1,40390,11,Humano,Neutro,590,Janela_Baseline
40407,17,457,352,5.18,1,40407,11,Humano,Neutro,607,Janela_Baseline
40423,17,453,360,5.21,1,40423,11,Humano,Neutro,623,Janela_Baseline
40440,17,441,450,5.21,3,40440,11,Humano,Neutro,640,Janela_Baseline
40456,17,416,281,-1.0,1,40456,11,Humano,Neutro,656,Janela_Baseline
40639,183,543,697,5.37,3,40639,11,Humano,Neutro,839,Janela_Baseline
40656,17,553,483,5.26,3,40656,11,Humano,Neutro,856,Janela_Baseline
40673,17,563,382,5.33,2,40673,11,Humano,Neutro,873,Janela_Baseline
40689,17,566,246,5.37,1,40689,11,Humano,Neutro,889,Janela_Baseline
40706,17,568,333,5.29,1,40706,11,Humano,Neutro,906,Janela_Baseline
40723,17,564,332,5.34,1,40723,11,Humano,Neutro,923,Janela_Baseline
40739,17,562,402,5.34,2,40739,11,Humano,Neutro,939,Janela_Baseline
40756,17,558,402,5.39,2,40756,11,Humano,Neutro,956,Janela_Baseline
40789,33,550,395,5.34,2,40789,11,Humano,Neutro,989,Janela_Baseline
40806,17,570,355,5.29,1,40806,11,Humano,Neutro,1006,Janela_Baseline
40822,17,567,358,5.29,1,40822,11,Humano,Neutro,1022,Janela_Baseline
40839,17,566,356,5.28,1,40839,11,Humano,Neutro,1039,Janela_Baseline
40856,17,566,380,5.28,2,40856,11,Humano,Neutro,1056,Janela_Baseline
40872,17,564,370,5.29,2,40872,11,Humano,Neutro,1072,Janela_Baseline
40889,17,566,355,5.31,1,40889,11,Humano,Neutro,1089,Janela_Baseline
40906,17,567,373,5.29,2,40906,11,Humano,Neutro,1106,Janela_Baseline
40922,17,558,373,5.36,2,40922,11,Humano,Neutro,1122,Janela_Baseline
40939,17,564,410,5.34,2,40939,11,Humano,Neutro,1139,Janela_Baseline
40972,33,559,393,5.31,2,40972,11,Humano,Neutro,1172,Janela_Baseline
40989,17,550,402,5.28,2,40989,11,Humano,Neutro,1189,Janela_Baseline
41005,17,540,454,5.26,3,41005,11,Humano,Neutro,1205,Janela_Baseline
41039,33,545,480,5.2,3,41039,11,Humano,Neutro,1239,Janela_Baseline
41055,17,543,479,5.18,3,41055,11,Humano,Neutro,1255,Janela_Baseline
41072,17,544,472,5.2,3,41072,11,Humano,Neutro,1272,Janela_Baseline
41089,17,546,446,5.12,3,41089,11,Humano,Neutro,1289,Janela_Baseline
41105,17,544,468,5.09,3,41105,11,Humano,Neutro,1305,Exposicao_Face
41122,17,543,469,5.09,3,41122,11,Humano,Neutro,1322,Exposicao_Face
41138,17,543,478,5.15,3,41138,11,Humano,Neutro,1338,Exposicao_Face
41155,17,545,460,5.07,3,41155,11,Humano,Neutro,1355,Exposicao_Face
41172,17,544,457,5.05,3,41172,11,Humano,Neutro,1372,Exposicao_Face
41188,17,541,463,5.05,3,41188,11,Humano,Neutro,1388,Exposicao_Face
41205,17,541,463,5.05,3,41205,11,Humano,Neutro,1405,Exposicao_Face
41222,17,543,472,5.1,3,41222,11,Humano,Neutro,1422,Exposicao_Face
41238,17,543,479,5.12,3,41238,11,Humano,Neutro,1438,Exposicao_Face
41255,17,550,468,5.1,3,41255,11,Humano,Neutro,1455,Exposicao_Face
41272,17,538,468,5.04,3,41272,11,Humano,Neutro,1472,Exposicao_Face
41288,17,538,458,5.05,3,41288,11,Humano,Neutro,1488,Exposicao_Face
41305,17,539,461,5.07,3,41305,11,Humano,Neutro,1505,Exposicao_Face
41321,17,540,454,5.07,3,41321,11,Humano,Neutro,1521,Exposicao_Face
41338,17,561,457,5.04,3,41338,11,Humano,Neutro,1538,Exposicao_Face
41355,17,542,446,5.05,3,41355,11,Humano,Neutro,1555,Exposicao_Face
41371,17,531,445,5.02,3,41371,11,Humano,Neutro,1571,Exposicao_Face
41388,17,517,450,5.12,3,41388,11,Humano,Neutro,1588,Exposicao_Face
41405,17,516,447,5.1,3,41405,11,Humano,Neutro,1605,Exposicao_Face
41421,17,515,454,5.13,3,41421,11,Humano,Neutro,1621,Exposicao_Face
41438,17,517,456,5.13,3,41438,11,Humano,Neutro,1638,Exposicao_Face
41455,17,516,437,5.05,3,41455,11,Humano,Neutro,1655,Exposicao_Face
41471,17,531,425,5.01,3,41471,11,Humano,Neutro,1671,Exposicao_Face
41488,17,516,418,5.02,3,41488,11,Humano,Neutro,1688,Exposicao_Face
41504,17,514,445,5.07,3,41504,11,Humano,Neutro,1704,Exposicao_Face
41521,17,518,452,5.09,3,41521,11,Humano,Neutro,1721,Exposicao_Face
41538,17,532,441,5.07,3,41538,11,Humano,Neutro,1738,Exposicao_Face
41554,17,513,406,5.02,2,41554,11,Humano,Neutro,1754,Exposicao_Face
41571,17,512,450,5.09,3,41571,11,Humano,Neutro,1771,Exposicao_Face
41588,17,511,445,5.13,3,41588,11,Humano,Neutro,1788,Exposicao_Face
41604,17,521,457,5.1,3,41604,11,Humano,Neutro,1804,Exposicao_Face
41621,17,514,409,5.07,2,41621,11,Humano,Neutro,1821,Exposicao_Face
41638,17,505,439,5.12,3,41638,11,Humano,Neutro,1838,Exposicao_Face
41654,17,514,423,5.13,3,41654,11,Humano,Neutro,1854,Exposicao_Face
41671,17,520,429,5.1,3,41671,11,Humano,Neutro,1871,Exposicao_Face
41687,17,514,440,5.18,3,41687,11,Humano,Neutro,1887,Exposicao_Face
41704,17,511,430,5.17,3,41704,11,Humano,Neutro,1904,Exposicao_Face
41721,17,514,428,5.15,3,41721,11,Humano,Neutro,1921,Exposicao_Face
41737,17,510,424,5.15,3,41737,11,Humano,Neutro,1937,Exposicao_Face
41754,17,510,436,5.15,3,41754,11,Humano,Neutro,1954,Exposicao_Face
41771,17,512,436,5.17,3,41771,11,Humano,Neutro,1971,Exposicao_Face
41787,17,514,441,5.2,3,41787,11,Humano,Neutro,1987,Exposicao_Face
41804,17,511,428,5.2,3,41804,11,Humano,Neutro,2004,Exposicao_Face
41821,17,517,420,5.25,3,41821,11,Humano,Neutro,2021,Exposicao_Face
41837,17,514,446,5.21,3,41837,11,Humano,Neutro,2037,Exposicao_Face
41854,17,513,427,5.28,3,41854,11,Humano,Neutro,2054,Exposicao_Face
41870,17,509,420,5.25,3,41870,11,Humano,Neutro,2070,Exposicao_Face
41887,17,492,466,5.25,3,41887,11,Humano,Neutro,2087,Exposicao_Face
41904,17,486,445,5.26,3,41904,11,Humano,Neutro,2104,Exposicao_Face
41920,17,497,453,5.25,3,41920,11,Humano,Neutro,2120,Exposicao_Face
41937,17,499,447,5.28,3,41937,11,Humano,Neutro,2137,Exposicao_Face
41954,17,501,455,5.28,3,41954,11,Humano,Neutro,2154,Exposicao_Face
41970,17,489,441,5.26,3,41970,11,Humano,Neutro,2170,Exposicao_Face
41987,17,491,456,5.33,3,41987,11,Humano,Neutro,2187,Exposicao_Face
42003,17,497,432,5.29,3,42003,11,Humano,Neutro,2203,Exposicao_Face
42020,17,501,446,5.29,3,42020,11,Humano,Neutro,2220,Exposicao_Face
42037,17,498,465,5.28,3,42037,11,Humano,Neutro,2237,Exposicao_Face
42053,17,495,443,5.28,3,42053,11,Humano,Neutro,2253,Exposicao_Face
42070,17,500,429,5.29,3,42070,11,Humano,Neutro,2270,Exposicao_Face
42087,17,499,446,5.26,3,42087,11,Humano,Neutro,2287,Exposicao_Face
42103,17,500,448,5.26,3,42103,11,Humano,Neutro,2303,Exposicao_Face
42120,17,496,452,5.26,3,42120,11,Humano,Neutro,2320,Exposicao_Face
42137,17,498,441,5.26,3,42137,11,Humano,Neutro,2337,Exposicao_Face
42153,17,495,450,5.33,3,42153,11,Humano,Neutro,2353,Exposicao_Face
42170,17,498,435,5.25,3,42170,11,Humano,Neutro,2370,Exposicao_Face
42186,17,492,444,5.26,3,42186,11,Humano,Neutro,2386,Exposicao_Face
42203,17,492,461,5.36,3,42203,11,Humano,Neutro,2403,Exposicao_Face
42220,17,493,451,5.33,3,42220,11,Humano,Neutro,2420,Exposicao_Face
42253,33,494,463,5.23,3,42253,11,Humano,Neutro,2453,Exposicao_Face
42270,17,486,433,5.25,3,42270,11,Humano,Neutro,2470,Exposicao_Face
42286,17,492,430,5.25,3,42286,11,Humano,Neutro,2486,Exposicao_Face
42303,17,493,436,5.28,3,42303,11,Humano,Neutro,2503,Exposicao_Face
42320,17,494,447,5.31,3,42320,11,Humano,Neutro,2520,Exposicao_Face
42336,17,492,436,5.26,3,42336,11,Humano,Neutro,2536,Exposicao_Face
42353,17,487,441,5.26,3,42353,11,Humano,Neutro,2553,Exposicao_Face
42369,17,491,448,5.28,3,42369,11,Humano,Neutro,2569,Exposicao_Face
42386,17,493,427,5.21,3,42386,11,Humano,Neutro,2586,Exposicao_Face
42403,17,491,445,5.31,3,42403,11,Humano,Neutro,2603,Exposicao_Face
42419,17,485,459,5.29,3,42419,11,Humano,Neutro,2619,Exposicao_Face
42436,17,490,440,5.26,3,42436,11,Humano,Neutro,2636,Exposicao_Face
42453,17,491,465,5.36,3,42453,11,Humano,Neutro,2653,Exposicao_Face
42469,17,486,466,5.34,3,42469,11,Humano,Neutro,2669,Exposicao_Face
42486,17,479,470,5.29,3,42486,11,Humano,Neutro,2686,Exposicao_Face
42503,17,489,473,5.29,3,42503,11,Humano,Neutro,2703,Exposicao_Face
42519,17,489,460,5.31,3,42519,11,Humano,Neutro,2719,Exposicao_Face
42536,17,490,438,5.28,3,42536,11,Humano,Neutro,2736,Exposicao_Face
42552,17,486,446,5.26,3,42552,11,Humano,Neutro,2752,Exposicao_Face
42569,17,488,454,5.31,3,42569,11,Humano,Neutro,2769,Exposicao_Face
42586,17,490,450,5.26,3,42586,11,Humano,Neutro,2786,Exposicao_Face
42602,17,491,458,5.28,3,42602,11,Humano,Neutro,2802,Exposicao_Face
42619,17,492,464,5.33,3,42619,11,Humano,Neutro,2819,Exposicao_Face
42636,17,478,470,5.26,3,42636,11,Humano,Neutro,2836,Exposicao_Face
42652,17,492,430,5.29,3,42652,11,Humano,Neutro,2852,Exposicao_Face
42669,17,489,446,5.33,3,42669,11,Humano,Neutro,2869,Exposicao_Face
42686,17,487,462,5.28,3,42686,11,Humano,Neutro,2886,Exposicao_Face
42702,17,482,448,5.28,3,42702,11,Humano,Neutro,2902,Exposicao_Face
42719,17,490,442,5.25,3,42719,11,Humano,Neutro,2919,Exposicao_Face
42735,17,483,455,5.28,3,42735,11,Humano,Neutro,2935,Exposicao_Face
42752,17,492,448,5.29,3,42752,11,Humano,Neutro,2952,Exposicao_Face
42769,17,490,446,5.28,3,42769,11,Humano,Neutro,2969,Exposicao_Face
42785,17,491,440,5.26,3,42785,11,Humano,Neutro,2985,Exposicao_Face
42802,17,491,444,5.28,3,42802,11,Humano,Neutro,3002,Exposicao_Face
42819,17,490,452,5.26,3,42819,11,Humano,Neutro,3019,Exposicao_Face
42835,17,489,447,5.28,3,42835,11,Humano,Neutro,3035,Exposicao_Face
42852,17,494,420,5.25,3,42852,11,Humano,Neutro,3052,Exposicao_Face
42869,17,494,452,5.18,3,42869,11,Humano,Neutro,3069,Exposicao_Face
42885,17,492,440,5.23,3,42885,11,Humano,Neutro,3085,Exposicao_Face
42902,17,494,447,5.23,3,42902,11,Humano,Neutro,3102,Exposicao_Face
42918,17,493,432,5.17,3,42918,11,Humano,Neutro,3118,Exposicao_Face
42935,17,494,434,5.1,3,42935,11,Humano,Neutro,3135,Exposicao_Face
42968,33,494,444,5.13,3,42968,11,Humano,Neutro,3168,Exposicao_Face
42985,17,475,661,5.1,3,42985,11,Humano,Neutro,3185,Exposicao_Face
43185,200,191,1061,0.0,0,43185,11,Humano,Neutro,3385,Exposicao_Face
43201,17,162,812,0.0,0,43201,11,Humano,Neutro,3401,Exposicao_Face
43218,17,93,768,-1.0,3,43218,11,Humano,Neutro,3418,Exposicao_Face
43234,17,131,768,-1.0,3,43234,11,Humano,Neutro,3434,Exposicao_Face
43251,17,122,699,-1.0,3,43251,11,Humano,Neutro,3451,Exposicao_Face
43268,17,131,712,-1.0,3,43268,11,Humano,Neutro,3468,Exposicao_Face
43284,17,130,708,-1.0,3,43284,11,Humano,Neutro,3484,Exposicao_Face
43301,17,129,685,-1.0,3,43301,11,Humano,Neutro,3501,Exposicao_Face
43318,17,137,705,-1.0,3,43318,11,Humano,Neutro,3518,Exposicao_Face
43334,17,133,521,5.5,3,43334,11,Humano,Neutro,3534,Exposicao_Face
43351,17,137,514,5.29,3,43351,11,Humano,Neutro,3551,Exposicao_Face
43368,17,131,494,5.37,3,43368,11,Humano,Neutro,3568,Exposicao_Face
43384,17,75,509,5.07,3,43384,11,Humano,Neutro,3584,Exposicao_Face
43401,17,0,531,4.73,3,43401,11,Humano,Neutro,3601,Exposicao_Face
43767,366,32,702,4.59,3,43767,11,Humano,Neutro,3967,Exposicao_Face
43783,17,174,567,4.75,3,43783,11,Humano,Neutro,3983,Exposicao_Face
43800,17,314,446,4.89,3,43800,12,Humano,Raiva,0,Janela_Baseline
43817,17,447,375,4.92,2,43817,12,Humano,Raiva,17,Janela_Baseline
43833,17,528,351,5.02,1,43833,12,Humano,Raiva,33,Janela_Baseline
43850,17,527,344,5.02,1,43850,12,Humano,Raiva,50,Janela_Baseline
43867,17,524,346,5.02,1,43867,12,Humano,Raiva,67,Janela_Baseline
43883,17,536,345,5.02,1,43883,12,Humano,Raiva,83,Janela_Baseline
43900,17,528,338,5.01,1,43900,12,Humano,Raiva,100,Janela_Baseline
43917,17,527,341,4.96,1,43917,12,Humano,Raiva,117,Janela_Baseline
43933,17,533,340,5.01,1,43933,12,Humano,Raiva,133,Janela_Baseline
43950,17,541,332,5.04,1,43950,12,Humano,Raiva,150,Janela_Baseline
43966,17,531,335,4.99,1,43966,12,Humano,Raiva,166,Janela_Baseline
43983,17,537,347,4.99,1,43983,12,Humano,Raiva,183,Janela_Baseline
44000,17,540,340,5.04,1,44000,12,Humano,Raiva,200,Janela_Baseline
44016,17,537,347,5.02,1,44016,12,Humano,Raiva,216,Janela_Baseline
44033,17,530,334,5.04,1,44033,12,Humano,Raiva,233,Janela_Baseline
44050,17,531,317,4.97,1,44050,12,Humano,Raiva,250,Janela_Baseline
44066,17,540,320,4.92,1,44066,12,Humano,Raiva,266,Janela_Baseline
44083,17,533,329,4.96,1,44083,12,Humano,Raiva,283,Janela_Baseline
44100,17,539,330,4.89,1,44100,12,Humano,Raiva,300,Janela_Baseline
44116,17,534,341,4.88,1,44116,12,Humano,Raiva,316,Janela_Baseline
44133,17,542,345,4.83,1,44133,12,Humano,Raiva,333,Janela_Baseline
44149,17,539,317,4.83,1,44149,12,Humano,Raiva,349,Janela_Baseline
44166,17,539,307,4.84,1,44166,12,Humano,Raiva,366,Janela_Baseline
44183,17,549,312,4.76,1,44183,12,Humano,Raiva,383,Janela_Baseline
44199,17,549,330,4.78,1,44199,12,Humano,Raiva,399,Janela_Baseline
44216,17,550,299,4.75,1,44216,12,Humano,Raiva,416,Janela_Baseline
44233,17,543,335,4.68,1,44233,12,Humano,Raiva,433,Janela_Baseline
44249,17,550,331,4.76,1,44249,12,Humano,Raiva,449,Janela_Baseline
44266,17,550,304,4.72,1,44266,12,Humano,Raiva,466,Janela_Baseline
44283,17,546,310,4.75,1,44283,12,Humano,Raiva,483,Janela_Baseline
44299,17,485,325,4.76,1,44299,12,Humano,Raiva,499,Janela_Baseline
44316,17,456,302,4.72,1,44316,12,Humano,Raiva,516,Janela_Baseline
44332,17,457,309,4.68,1,44332,12,Humano,Raiva,532,Janela_Baseline
44349,17,454,315,4.72,1,44349,12,Humano,Raiva,549,Janela_Baseline
44366,17,456,319,4.73,1,44366,12,Humano,Raiva,566,Janela_Baseline
44382,17,456,318,4.7,1,44382,12,Humano,Raiva,582,Janela_Baseline
44399,17,465,310,4.67,1,44399,12,Humano,Raiva,599,Janela_Baseline
44416,17,453,318,4.7,1,44416,12,Humano,Raiva,616,Janela_Baseline
44432,17,462,321,4.75,1,44432,12,Humano,Raiva,632,Janela_Baseline
44449,17,453,304,4.75,1,44449,12,Humano,Raiva,649,Janela_Baseline
44465,17,454,309,4.73,1,44465,12,Humano,Raiva,665,Janela_Baseline
44482,17,461,324,4.75,1,44482,12,Humano,Raiva,682,Janela_Baseline
44499,17,461,330,4.73,1,44499,12,Humano,Raiva,699,Janela_Baseline
44515,17,448,322,4.73,1,44515,12,Humano,Raiva,715,Janela_Baseline
44532,17,457,306,4.75,1,44532,12,Humano,Raiva,732,Janela_Baseline
44549,17,458,294,4.75,1,44549,12,Humano,Raiva,749,Janela_Baseline
44565,17,439,336,4.8,1,44565,12,Humano,Raiva,765,Janela_Baseline
44582,17,456,320,4.75,1,44582,12,Humano,Raiva,782,Janela_Baseline
44599,17,455,294,4.75,1,44599,12,Humano,Raiva,799,Janela_Baseline
44615,17,460,303,4.81,1,44615,12,Humano,Raiva,815,Janela_Baseline
44632,17,450,295,4.75,1,44632,12,Humano,Raiva,832,Janela_Baseline
44648,17,451,307,4.76,1,44648,12,Humano,Raiva,848,Janela_Baseline
44665,17,457,336,4.81,1,44665,12,Humano,Raiva,865,Janela_Baseline
44682,17,451,337,4.84,1,44682,12,Humano,Raiva,882,Janela_Baseline
44698,17,442,338,4.84,1,44698,12,Humano,Raiva,898,Janela_Baseline
44715,17,463,299,4.8,1,44715,12,Humano,Raiva,915,Janela_Baseline
44732,17,468,296,4.78,1,44732,12,Humano,Raiva,932,Janela_Baseline
44748,17,460,313,4.81,1,44748,12,Humano,Raiva,948,Janela_Baseline
44765,17,443,304,4.8,1,44765,12,Humano,Raiva,965,Janela_Baseline
44782,17,449,305,4.86,1,44782,12,Humano,Raiva,982,Janela_Baseline
44798,17,446,315,4.88,1,44798,12,Humano,Raiva,998,Janela_Baseline
44815,17,456,338,4.88,1,44815,12,Humano,Raiva,1015,Janela_Baseline
44831,17,442,301,4.86,1,44831,12,Humano,Raiva,1031,Janela_Baseline
44915,83,439,320,4.92,1,44915,12,Humano,Raiva,1115,Janela_Baseline
44931,17,466,311,4.92,1,44931,12,Humano,Raiva,1131,Janela_Baseline
44948,17,457,310,4.89,1,44948,12,Humano,Raiva,1148,Janela_Baseline
44965,17,458,326,4.94,1,44965,12,Humano,Raiva,1165,Janela_Baseline
44981,17,453,310,4.99,1,44981,12,Humano,Raiva,1181,Janela_Baseline
44998,17,455,329,4.99,1,44998,12,Humano,Raiva,1198,Janela_Baseline
45014,17,441,304,4.99,1,45014,12,Humano,Raiva,1214,Janela_Baseline
45031,17,448,305,4.99,1,45031,12,Humano,Raiva,1231,Janela_Baseline
45048,17,449,302,5.01,1,45048,12,Humano,Raiva,1248,Janela_Baseline
45064,17,476,307,5.02,1,45064,12,Humano,Raiva,1264,Janela_Baseline
45081,17,549,281,5.01,1,45081,12,Humano,Raiva,1281,Janela_Baseline
45098,17,578,328,5.01,1,45098,12,Humano,Raiva,1298,Janela_Baseline
45114,17,577,331,5.05,1,45114,12,Humano,Raiva,1314,Exposicao_Face
45131,17,581,308,5.01,1,45131,12,Humano,Raiva,1331,Exposicao_Face
45148,17,577,317,5.01,1,45148,12,Humano,Raiva,1348,Exposicao_Face
45164,17,585,305,5.02,1,45164,12,Humano,Raiva,1364,Exposicao_Face
45181,17,582,285,5.01,1,45181,12,Humano,Raiva,1381,Exposicao_Face
45197,17,582,311,5.01,1,45197,12,Humano,Raiva,1397,Exposicao_Face
45214,17,581,328,5.02,1,45214,12,Humano,Raiva,1414,Exposicao_Face
45231,17,581,321,5.04,1,45231,12,Humano,Raiva,1431,Exposicao_Face
45247,17,581,324,5.02,1,45247,12,Humano,Raiva,1447,Exposicao_Face
45264,17,584,326,5.02,1,45264,12,Humano,Raiva,1464,Exposicao_Face
45281,17,580,335,5.02,1,45281,12,Humano,Raiva,1481,Exposicao_Face
45297,17,584,322,5.02,1,45297,12,Humano,Raiva,1497,Exposicao_Face
45314,17,580,314,5.02,1,45314,12,Humano,Raiva,1514,Exposicao_Face
45331,17,585,316,4.99,1,45331,12,Humano,Raiva,1531,Exposicao_Face
45347,17,586,325,4.97,1,45347,12,Humano,Raiva,1547,Exposicao_Face
45364,17,579,320,4.99,1,45364,12,Humano,Raiva,1564,Exposicao_Face
45380,17,579,324,4.99,1,45380,12,Humano,Raiva,1580,Exposicao_Face
45397,17,583,323,5.01,1,45397,12,Humano,Raiva,1597,Exposicao_Face
45414,17,581,321,4.97,1,45414,12,Humano,Raiva,1614,Exposicao_Face
45430,17,576,324,4.92,1,45430,12,Humano,Raiva,1630,Exposicao_Face
45447,17,585,322,4.88,1,45447,12,Humano,Raiva,1647,Exposicao_Face
45464,17,581,317,4.99,1,45464,12,Humano,Raiva,1664,Exposicao_Face
45480,17,584,306,4.92,1,45480,12,Humano,Raiva,1680,Exposicao_Face
45497,17,581,323,4.91,1,45497,12,Humano,Raiva,1697,Exposicao_Face
45513,17,585,314,4.89,1,45513,12,Humano,Raiva,1713,Exposicao_Face
45530,17,583,335,4.96,1,45530,12,Humano,Raiva,1730,Exposicao_Face
45547,17,580,321,4.89,1,45547,12,Humano,Raiva,1747,Exposicao_Face
45563,17,578,307,4.89,1,45563,12,Humano,Raiva,1763,Exposicao_Face
45580,17,577,331,4.88,1,45580,12,Humano,Raiva,1780,Exposicao_Face
45597,17,582,300,4.84,1,45597,12,Humano,Raiva,1797,Exposicao_Face
45613,17,579,331,4.89,1,45613,12,Humano,Raiva,1813,Exposicao_Face
45630,17,577,321,4.91,1,45630,12,Humano,Raiva,1830,Exposicao_Face
45647,17,586,316,4.88,1,45647,12,Humano,Raiva,1847,Exposicao_Face
45663,17,578,318,4.91,1,45663,12,Humano,Raiva,1863,Exposicao_Face
45680,17,591,320,4.89,1,45680,12,Humano,Raiva,1880,Exposicao_Face
45696,17,579,330,4.88,1,45696,12,Humano,Raiva,1896,Exposicao_Face
45713,17,584,316,4.88,1,45713,12,Humano,Raiva,1913,Exposicao_Face
45730,17,579,327,4.88,1,45730,12,Humano,Raiva,1930,Exposicao_Face
45746,17,581,319,4.88,1,45746,12,Humano,Raiva,1946,Exposicao_Face
45763,17,584,324,4.88,1,45763,12,Humano,Raiva,1963,Exposicao_Face
45780,17,583,333,4.84,1,45780,12,Humano,Raiva,1980,Exposicao_Face
45796,17,582,309,4.86,1,45796,12,Humano,Raiva,1996,Exposicao_Face
45813,17,580,316,4.86,1,45813,12,Humano,Raiva,2013,Exposicao_Face
45830,17,586,311,4.81,1,45830,12,Humano,Raiva,2030,Exposicao_Face
45846,17,594,326,4.86,1,45846,12,Humano,Raiva,2046,Exposicao_Face
45863,17,589,328,4.86,1,45863,12,Humano,Raiva,2063,Exposicao_Face
45879,17,588,331,4.88,1,45879,12,Humano,Raiva,2079,Exposicao_Face
45896,17,581,329,4.86,1,45896,12,Humano,Raiva,2096,Exposicao_Face
45913,17,580,317,4.88,1,45913,12,Humano,Raiva,2113,Exposicao_Face
45929,17,588,318,4.86,1,45929,12,Humano,Raiva,2129,Exposicao_Face
45946,17,580,335,4.86,1,45946,12,Humano,Raiva,2146,Exposicao_Face
45963,17,581,315,4.86,1,45963,12,Humano,Raiva,2163,Exposicao_Face
45979,17,585,298,4.86,1,45979,12,Humano,Raiva,2179,Exposicao_Face
45996,17,585,334,4.81,1,45996,12,Humano,Raiva,2196,Exposicao_Face
46013,17,583,344,4.86,1,46013,12,Humano,Raiva,2213,Exposicao_Face
46029,17,584,315,4.83,1,46029,12,Humano,Raiva,2229,Exposicao_Face
46046,17,578,327,4.88,1,46046,12,Humano,Raiva,2246,Exposicao_Face
46062,17,589,325,4.81,1,46062,12,Humano,Raiva,2262,Exposicao_Face
46079,17,582,320,4.86,1,46079,12,Humano,Raiva,2279,Exposicao_Face
46096,17,587,348,4.89,1,46096,12,Humano,Raiva,2296,Exposicao_Face
46112,17,580,319,4.84,1,46112,12,Humano,Raiva,2312,Exposicao_Face
46129,17,586,337,4.91,1,46129,12,Humano,Raiva,2329,Exposicao_Face
46146,17,579,327,4.86,1,46146,12,Humano,Raiva,2346,Exposicao_Face
46162,17,580,331,4.89,1,46162,12,Humano,Raiva,2362,Exposicao_Face
46179,17,579,332,4.89,1,46179,12,Humano,Raiva,2379,Exposicao_Face
46196,17,586,341,4.91,1,46196,12,Humano,Raiva,2396,Exposicao_Face
46212,17,580,335,4.94,1,46212,12,Humano,Raiva,2412,Exposicao_Face
46229,17,582,311,4.91,1,46229,12,Humano,Raiva,2429,Exposicao_Face
46245,17,529,347,5.01,1,46245,12,Humano,Raiva,2445,Exposicao_Face
46262,17,465,291,4.91,1,46262,12,Humano,Raiva,2462,Exposicao_Face
46279,17,456,315,4.89,1,46279,12,Humano,Raiva,2479,Exposicao_Face
46295,17,446,331,4.97,1,46295,12,Humano,Raiva,2495,Exposicao_Face
46312,17,458,343,4.97,1,46312,12,Humano,Raiva,2512,Exposicao_Face
46329,17,450,347,5.01,1,46329,12,Humano,Raiva,2529,Exposicao_Face
46345,17,448,334,4.96,1,46345,12,Humano,Raiva,2545,Exposicao_Face
46362,17,445,343,5.01,1,46362,12,Humano,Raiva,2562,Exposicao_Face
46379,17,440,340,5.02,1,46379,12,Humano,Raiva,2579,Exposicao_Face
46395,17,452,325,5.01,1,46395,12,Humano,Raiva,2595,Exposicao_Face
46412,17,464,333,5.01,1,46412,12,Humano,Raiva,2612,Exposicao_Face
46428,17,462,331,5.01,1,46428,12,Humano,Raiva,2628,Exposicao_Face
46445,17,451,324,5.02,1,46445,12,Humano,Raiva,2645,Exposicao_Face
46462,17,451,336,5.01,1,46462,12,Humano,Raiva,2662,Exposicao_Face
46478,17,452,331,5.04,1,46478,12,Humano,Raiva,2678,Exposicao_Face
46495,17,446,340,5.09,1,46495,12,Humano,Raiva,2695,Exposicao_Face
46695,200,510,1049,0.0,0,46695,12,Humano,Raiva,2895,Exposicao_Face
46711,17,492,867,0.0,0,46711,12,Humano,Raiva,2911,Exposicao_Face
46728,17,502,709,0.0,3,46728,12,Humano,Raiva,2928,Exposicao_Face
46744,17,500,274,-1.0,1,46744,12,Humano,Raiva,2944,Exposicao_Face
46761,17,506,387,4.89,2,46761,12,Humano,Raiva,2961,Exposicao_Face
46778,17,510,264,4.92,1,46778,12,Humano,Raiva,2978,Exposicao_Face
46794,17,503,245,4.91,1,46794,12,Humano,Raiva,2994,Exposicao_Face
46811,17,500,280,4.88,1,46811,12,Humano,Raiva,3011,Exposicao_Face
46828,17,489,345,4.89,1,46828,12,Humano,Raiva,3028,Exposicao_Face
46844,17,495,349,4.88,1,46844,12,Humano,Raiva,3044,Exposicao_Face
46861,17,493,344,4.88,1,46861,12,Humano,Raiva,3061,Exposicao_Face
46878,17,513,324,4.88,1,46878,12,Humano,Raiva,3078,Exposicao_Face
46894,17,515,328,4.86,1,46894,12,Humano,Raiva,3094,Exposicao_Face
46911,17,513,336,4.91,1,46911,12,Humano,Raiva,3111,Exposicao_Face
46927,17,519,328,4.89,1,46927,12,Humano,Raiva,3127,Exposicao_Face
46944,17,500,335,4.92,1,46944,12,Humano,Raiva,3144,Exposicao_Face
46961,17,515,334,4.89,1,46961,12,Humano,Raiva,3161,Exposicao_Face
46977,17,513,340,4.92,1,46977,12,Humano,Raiva,3177,Exposicao_Face
46994,17,517,343,4.94,1,46994,12,Humano,Raiva,3194,Exposicao_Face
47011,17,530,398,5.01,2,47011,12,Humano,Raiva,3211,Exposicao_Face
47027,17,527,337,4.96,1,47027,12,Humano,Raiva,3227,Exposicao_Face
47044,17,517,361,4.94,1,47044,12,Humano,Raiva,3244,Exposicao_Face
47061,17,527,349,4.97,1,47061,12,Humano,Raiva,3261,Exposicao_Face
47077,17,522,380,4.92,2,47077,12,Humano,Raiva,3277,Exposicao_Face
47094,17,526,372,5.01,2,47094,12,Humano,Raiva,3294,Exposicao_Face
47110,17,523,368,4.97,2,47110,12,Humano,Raiva,3310,Exposicao_Face
47127,17,528,376,4.97,2,47127,12,Humano,Raiva,3327,Exposicao_Face
47144,17,512,377,4.92,2,47144,12,Humano,Raiva,3344,Exposicao_Face
47160,17,537,348,4.97,1,47160,12,Humano,Raiva,3360,Exposicao_Face
47177,17,520,390,4.97,2,47177,12,Humano,Raiva,3377,Exposicao_Face
47194,17,536,379,4.89,2,47194,12,Humano,Raiva,3394,Exposicao_Face
47210,17,527,384,4.92,2,47210,12,Humano,Raiva,3410,Exposicao_Face
47227,17,525,389,4.94,2,47227,12,Humano,Raiva,3427,Exposicao_Face
47244,17,525,406,4.99,2,47244,12,Humano,Raiva,3444,Exposicao_Face
47260,17,522,371,4.94,2,47260,12,Humano,Raiva,3460,Exposicao_Face
47277,17,531,369,4.94,2,47277,12,Humano,Raiva,3477,Exposicao_Face
47293,17,514,385,4.92,2,47293,12,Humano,Raiva,3493,Exposicao_Face
47310,17,520,373,4.94,2,47310,12,Humano,Raiva,3510,Exposicao_Face
47327,17,536,389,4.97,2,47327,12,Humano,Raiva,3527,Exposicao_Face
47343,17,540,361,4.88,1,47343,12,Humano,Raiva,3543,Exposicao_Face
47360,17,536,370,4.89,2,47360,12,Humano,Raiva,3560,Exposicao_Face
47377,17,529,359,4.86,1,47377,12,Humano,Raiva,3577,Exposicao_Face
47393,17,531,347,4.86,1,47393,12,Humano,Raiva,3593,Exposicao_Face
47410,17,537,371,4.88,2,47410,12,Humano,Raiva,3610,Exposicao_Face
47427,17,519,347,4.78,1,47427,12,Humano,Raiva,3627,Exposicao_Face
47443,17,519,366,4.84,2,47443,12,Humano,Raiva,3643,Exposicao_Face
47460,17,537,387,4.84,2,47460,12,Humano,Raiva,3660,Exposicao_Face
47476,17,525,356,4.78,1,47476,12,Humano,Raiva,3676,Exposicao_Face
47493,17,529,377,4.88,2,47493,12,Humano,Raiva,3693,Exposicao_Face
47510,17,517,389,4.83,2,47510,12,Humano,Raiva,3710,Exposicao_Face
47526,17,531,373,4.76,2,47526,12,Humano,Raiva,3726,Exposicao_Face
47543,17,532,369,4.76,2,47543,12,Humano,Raiva,3743,Exposicao_Face
47560,17,531,353,4.76,1,47560,12,Humano,Raiva,3760,Exposicao_Face
47576,17,521,379,4.78,2,47576,12,Humano,Raiva,3776,Exposicao_Face
47593,17,529,350,4.81,1,47593,12,Humano,Raiva,3793,Exposicao_Face
47610,17,519,370,4.75,2,47610,12,Humano,Raiva,3810,Exposicao_Face
47626,17,522,380,4.78,2,47626,12,Humano,Raiva,3826,Exposicao_Face
47643,17,520,353,4.76,1,47643,12,Humano,Raiva,3843,Exposicao_Face
47659,17,525,342,4.78,1,47659,12,Humano,Raiva,3859,Exposicao_Face
47676,17,529,342,4.78,1,47676,12,Humano,Raiva,3876,Exposicao_Face
47693,17,479,332,4.86,1,47693,12,Humano,Raiva,3893,Exposicao_Face
47709,17,452,317,4.81,1,47709,12,Humano,Raiva,3909,Exposicao_Face
47726,17,449,311,4.78,1,47726,12,Humano,Raiva,3926,Exposicao_Face
47743,17,434,328,4.83,1,47743,12,Humano,Raiva,3943,Exposicao_Face
47759,17,463,312,4.84,1,47759,12,Humano,Raiva,3959,Exposicao_Face
47776,17,460,291,4.83,1,47776,12,Humano,Raiva,3976,Exposicao_Face
47792,17,453,308,4.88,1,47792,12,Humano,Raiva,3992,Exposicao_Face
47809,17,463,311,4.84,1,47809,13,Humano,Feliz,9,Janela_Baseline
47826,17,465,311,4.84,1,47826,13,Humano,Feliz,26,Janela_Baseline
47842,17,460,300,4.84,1,47842,13,Humano,Feliz,42,Janela_Baseline
47859,17,443,320,4.76,1,47859,13,Humano,Feliz,59,Janela_Baseline
47876,17,418,314,4.83,1,47876,13,Humano,Feliz,76,Janela_Baseline
47892,17,450,309,4.8,1,47892,13,Humano,Feliz,92,Janela_Baseline
47909,17,455,311,4.78,1,47909,13,Humano,Feliz,109,Janela_Baseline
47926,17,448,319,4.78,1,47926,13,Humano,Feliz,126,Janela_Baseline
47942,17,455,322,4.8,1,47942,13,Humano,Feliz,142,Janela_Baseline
47959,17,460,309,4.76,1,47959,13,Humano,Feliz,159,Janela_Baseline
47975,17,466,323,4.76,1,47975,13,Humano,Feliz,175,Janela_Baseline
47992,17,466,324,4.83,1,47992,13,Humano,Feliz,192,Janela_Baseline
48009,17,467,331,4.78,1,48009,13,Humano,Feliz,209,Janela_Baseline
48025,17,468,350,4.84,1,48025,13,Humano,Feliz,225,Janela_Baseline
48042,17,458,349,4.86,1,48042,13,Humano,Feliz,242,Janela_Baseline
48075,33,469,337,4.83,1,48075,13,Humano,Feliz,275,Janela_Baseline
48075,0,469,337,4.83,1,48075,13,Humano,Feliz,275,Janela_Baseline
48092,17,465,312,4.78,1,48092,13,Humano,Feliz,292,Janela_Baseline
48109,17,480,339,4.86,1,48109,13,Humano,Feliz,309,Janela_Baseline
48125,17,458,319,4.89,1,48125,13,Humano,Feliz,325,Janela_Baseline
48142,17,451,322,4.89,1,48142,13,Humano,Feliz,342,Janela_Baseline
48158,17,473,345,4.91,1,48158,13,Humano,Feliz,358,Janela_Baseline
48175,17,449,307,4.88,1,48175,13,Humano,Feliz,375,Janela_Baseline
48192,17,445,317,4.89,1,48192,13,Humano,Feliz,392,Janela_Baseline
48208,17,451,334,4.92,1,48208,13,Humano,Feliz,408,Janela_Baseline
48225,17,474,333,4.92,1,48225,13,Humano,Feliz,425,Janela_Baseline
48242,17,446,335,4.97,1,48242,13,Humano,Feliz,442,Janela_Baseline
48258,17,479,346,5.01,1,48258,13,Humano,Feliz,458,Janela_Baseline
48275,17,477,322,4.96,1,48275,13,Humano,Feliz,475,Janela_Baseline
48292,17,511,354,5.02,1,48292,13,Humano,Feliz,492,Janela_Baseline
48308,17,591,312,5.01,1,48308,13,Humano,Feliz,508,Janela_Baseline
48325,17,597,347,5.05,1,48325,13,Humano,Feliz,525,Janela_Baseline
48341,17,606,328,5.02,1,48341,13,Humano,Feliz,541,Janela_Baseline
48358,17,607,320,5.04,1,48358,13,Humano,Feliz,558,Janela_Baseline
48375,17,603,318,5.02,1,48375,13,Humano,Feliz,575,Janela_Baseline
48391,17,605,316,5.04,1,48391,13,Humano,Feliz,591,Janela_Baseline
48408,17,608,336,5.09,1,48408,13,Humano,Feliz,608,Janela_Baseline
48425,17,608,314,5.07,1,48425,13,Humano,Feliz,625,Janela_Baseline
48441,17,610,316,5.04,1,48441,13,Humano,Feliz,641,Janela_Baseline
48458,17,604,309,5.01,1,48458,13,Humano,Feliz,658,Janela_Baseline
48475,17,606,326,5.07,1,48475,13,Humano,Feliz,675,Janela_Baseline
48491,17,604,312,5.13,1,48491,13,Humano,Feliz,691,Janela_Baseline
48508,17,605,344,5.13,1,48508,13,Humano,Feliz,708,Janela_Baseline
48524,17,605,335,5.18,1,48524,13,Humano,Feliz,724,Janela_Baseline
48541,17,599,341,5.13,1,48541,13,Humano,Feliz,741,Janela_Baseline
48558,17,601,339,5.09,1,48558,13,Humano,Feliz,758,Janela_Baseline
48574,17,606,329,5.07,1,48574,13,Humano,Feliz,774,Janela_Baseline
48591,17,607,336,5.07,1,48591,13,Humano,Feliz,791,Janela_Baseline
48608,17,608,336,5.1,1,48608,13,Humano,Feliz,808,Janela_Baseline
48624,17,600,333,5.1,1,48624,13,Humano,Feliz,824,Janela_Baseline
48641,17,611,301,5.05,1,48641,13,Humano,Feliz,841,Janela_Baseline
48658,17,584,6,-1.0,1,48658,13,Humano,Feliz,858,Janela_Baseline
48857,200,585,172,-1.0,1,48857,13,Humano,Feliz,1057,Janela_Baseline
48874,17,576,796,0.0,0,48874,13,Humano,Feliz,1074,Janela_Baseline
48890,17,193,805,7.23,0,48890,13,Humano,Feliz,1090,Janela_Baseline
48907,17,574,370,4.99,2,48907,13,Humano,Feliz,1107,Janela_Baseline
48924,17,595,305,5.02,1,48924,13,Humano,Feliz,1124,Janela_Baseline
48940,17,591,202,5.05,1,48940,13,Humano,Feliz,1140,Janela_Baseline
48957,17,608,195,5.02,1,48957,13,Humano,Feliz,1157,Janela_Baseline
48974,17,597,284,5.01,1,48974,13,Humano,Feliz,1174,Janela_Baseline
48990,17,588,350,5.1,1,48990,13,Humano,Feliz,1190,Janela_Baseline
49007,17,583,351,5.05,1,49007,13,Humano,Feliz,1207,Janela_Baseline
49023,17,593,332,5.02,1,49023,13,Humano,Feliz,1223,Janela_Baseline
49040,17,580,369,5.12,2,49040,13,Humano,Feliz,1240,Janela_Baseline
49057,17,599,310,5.07,1,49057,13,Humano,Feliz,1257,Janela_Baseline
49073,17,597,306,5.02,1,49073,13,Humano,Feliz,1273,Janela_Baseline
49090,17,589,319,5.05,1,49090,13,Humano,Feliz,1290,Janela_Baseline
49107,17,595,320,5.07,1,49107,13,Humano,Feliz,1307,Exposicao_Face
49123,17,600,337,5.04,1,49123,13,Humano,Feliz,1323,Exposicao_Face
49140,17,594,337,5.02,1,49140,13,Humano,Feliz,1340,Exposicao_Face
49157,17,598,304,5.02,1,49157,13,Humano,Feliz,1357,Exposicao_Face
49173,17,600,323,5.04,1,49173,13,Humano,Feliz,1373,Exposicao_Face
49190,17,595,307,5.02,1,49190,13,Humano,Feliz,1390,Exposicao_Face
49206,17,600,339,5.02,1,49206,13,Humano,Feliz,1406,Exposicao_Face
49223,17,603,310,5.02,1,49223,13,Humano,Feliz,1423,Exposicao_Face
49240,17,602,324,4.96,1,49240,13,Humano,Feliz,1440,Exposicao_Face
49256,17,600,335,4.97,1,49256,13,Humano,Feliz,1456,Exposicao_Face
49273,17,601,329,4.99,1,49273,13,Humano,Feliz,1473,Exposicao_Face
49290,17,601,297,4.88,1,49290,13,Humano,Feliz,1490,Exposicao_Face
49306,17,603,301,4.88,1,49306,13,Humano,Feliz,1506,Exposicao_Face
49323,17,519,333,4.91,1,49323,13,Humano,Feliz,1523,Exposicao_Face
49340,17,470,317,4.88,1,49340,13,Humano,Feliz,1540,Exposicao_Face
49356,17,474,320,4.88,1,49356,13,Humano,Feliz,1556,Exposicao_Face
49373,17,463,344,4.86,1,49373,13,Humano,Feliz,1573,Exposicao_Face
49389,17,457,337,4.83,1,49389,13,Humano,Feliz,1589,Exposicao_Face
49406,17,463,345,4.83,1,49406,13,Humano,Feliz,1606,Exposicao_Face
49423,17,458,322,4.8,1,49423,13,Humano,Feliz,1623,Exposicao_Face
49439,17,454,330,4.75,1,49439,13,Humano,Feliz,1639,Exposicao_Face
49456,17,462,322,4.75,1,49456,13,Humano,Feliz,1656,Exposicao_Face
49473,17,461,322,4.75,1,49473,13,Humano,Feliz,1673,Exposicao_Face
49489,17,459,316,4.68,1,49489,13,Humano,Feliz,1689,Exposicao_Face
49506,17,461,330,4.7,1,49506,13,Humano,Feliz,1706,Exposicao_Face
49523,17,468,315,4.67,1,49523,13,Humano,Feliz,1723,Exposicao_Face
49539,17,460,324,4.62,1,49539,13,Humano,Feliz,1739,Exposicao_Face
49556,17,456,334,4.64,1,49556,13,Humano,Feliz,1756,Exposicao_Face
49572,17,461,354,4.73,1,49572,13,Humano,Feliz,1772,Exposicao_Face
49589,17,460,349,4.72,1,49589,13,Humano,Feliz,1789,Exposicao_Face
49606,17,460,321,4.64,1,49606,13,Humano,Feliz,1806,Exposicao_Face
49622,17,458,312,4.68,1,49622,13,Humano,Feliz,1822,Exposicao_Face
49639,17,456,352,4.67,1,49639,13,Humano,Feliz,1839,Exposicao_Face
49656,17,461,331,4.64,1,49656,13,Humano,Feliz,1856,Exposicao_Face
49672,17,459,335,4.64,1,49672,13,Humano,Feliz,1872,Exposicao_Face
49689,17,462,344,4.68,1,49689,13,Humano,Feliz,1889,Exposicao_Face
49706,17,462,313,4.6,1,49706,13,Humano,Feliz,1906,Exposicao_Face
49722,17,461,318,4.6,1,49722,13,Humano,Feliz,1922,Exposicao_Face
49739,17,470,334,4.62,1,49739,13,Humano,Feliz,1939,Exposicao_Face
49755,17,461,344,4.6,1,49755,13,Humano,Feliz,1955,Exposicao_Face
49772,17,463,326,4.57,1,49772,13,Humano,Feliz,1972,Exposicao_Face
49789,17,467,318,4.52,1,49789,13,Humano,Feliz,1989,Exposicao_Face
49805,17,464,323,4.51,1,49805,13,Humano,Feliz,2005,Exposicao_Face
49822,17,464,333,4.56,1,49822,13,Humano,Feliz,2022,Exposicao_Face
49839,17,471,312,4.52,1,49839,13,Humano,Feliz,2039,Exposicao_Face
49855,17,464,320,4.51,1,49855,13,Humano,Feliz,2055,Exposicao_Face
49872,17,467,323,4.51,1,49872,13,Humano,Feliz,2072,Exposicao_Face
49889,17,468,333,4.54,1,49889,13,Humano,Feliz,2089,Exposicao_Face
49905,17,473,329,4.57,1,49905,13,Humano,Feliz,2105,Exposicao_Face
49922,17,489,326,4.51,1,49922,13,Humano,Feliz,2122,Exposicao_Face
49938,17,477,344,4.54,1,49938,13,Humano,Feliz,2138,Exposicao_Face
49955,17,479,329,4.51,1,49955,13,Humano,Feliz,2155,Exposicao_Face
49972,17,481,330,4.51,1,49972,13,Humano,Feliz,2172,Exposicao_Face
49988,17,486,337,4.54,1,49988,13,Humano,Feliz,2188,Exposicao_Face
50005,17,486,326,4.52,1,50005,13,Humano,Feliz,2205,Exposicao_Face
50022,17,478,322,4.49,1,50022,13,Humano,Feliz,2222,Exposicao_Face
50038,17,480,321,4.48,1,50038,13,Humano,Feliz,2238,Exposicao_Face
50055,17,482,330,4.57,1,50055,13,Humano,Feliz,2255,Exposicao_Face
50071,17,481,329,4.54,1,50071,13,Humano,Feliz,2271,Exposicao_Face
50088,17,472,324,4.51,1,50088,13,Humano,Feliz,2288,Exposicao_Face
50105,17,486,331,4.54,1,50105,13,Humano,Feliz,2305,Exposicao_Face
50121,17,474,332,4.57,1,50121,13,Humano,Feliz,2321,Exposicao_Face
50138,17,488,328,4.56,1,50138,13,Humano,Feliz,2338,Exposicao_Face
50155,17,482,327,4.59,1,50155,13,Humano,Feliz,2355,Exposicao_Face
50171,17,483,332,4.52,1,50171,13,Humano,Feliz,2371,Exposicao_Face
50188,17,482,309,4.49,1,50188,13,Humano,Feliz,2388,Exposicao_Face
50205,17,480,322,4.51,1,50205,13,Humano,Feliz,2405,Exposicao_Face
50221,17,483,336,4.54,1,50221,13,Humano,Feliz,2421,Exposicao_Face
50238,17,481,345,4.54,1,50238,13,Humano,Feliz,2438,Exposicao_Face
50254,17,478,310,4.52,1,50254,13,Humano,Feliz,2454,Exposicao_Face
50271,17,481,316,4.54,1,50271,13,Humano,Feliz,2471,Exposicao_Face
50288,17,490,312,4.52,1,50288,13,Humano,Feliz,2488,Exposicao_Face
50304,17,480,327,4.57,1,50304,13,Humano,Feliz,2504,Exposicao_Face
50321,17,481,325,4.59,1,50321,13,Humano,Feliz,2521,Exposicao_Face
50338,17,480,339,4.52,1,50338,13,Humano,Feliz,2538,Exposicao_Face
50354,17,479,333,4.59,1,50354,13,Humano,Feliz,2554,Exposicao_Face
50388,33,482,321,4.54,1,50388,13,Humano,Feliz,2588,Exposicao_Face
50404,17,491,316,4.51,1,50404,13,Humano,Feliz,2604,Exposicao_Face
50421,17,489,345,4.57,1,50421,13,Humano,Feliz,2621,Exposicao_Face
50437,17,477,321,4.51,1,50437,13,Humano,Feliz,2637,Exposicao_Face
50454,17,484,569,4.62,3,50454,13,Humano,Feliz,2654,Exposicao_Face
50670,216,459,607,4.65,3,50670,13,Humano,Feliz,2870,Exposicao_Face
50687,17,474,504,6.3,3,50687,13,Humano,Feliz,2887,Exposicao_Face
50704,17,491,173,-1.0,1,50704,13,Humano,Feliz,2904,Exposicao_Face
50720,17,490,160,4.64,1,50720,13,Humano,Feliz,2920,Exposicao_Face
50737,17,516,180,4.6,1,50737,13,Humano,Feliz,2937,Exposicao_Face
50754,17,503,306,4.64,1,50754,13,Humano,Feliz,2954,Exposicao_Face
50770,17,495,304,4.64,1,50770,13,Humano,Feliz,2970,Exposicao_Face
50787,17,491,312,4.64,1,50787,13,Humano,Feliz,2987,Exposicao_Face
50803,17,490,335,4.67,1,50803,13,Humano,Feliz,3003,Exposicao_Face
50820,17,485,320,4.65,1,50820,13,Humano,Feliz,3020,Exposicao_Face
50837,17,485,304,4.7,1,50837,13,Humano,Feliz,3037,Exposicao_Face
50853,17,490,312,4.68,1,50853,13,Humano,Feliz,3053,Exposicao_Face
50870,17,488,307,4.65,1,50870,13,Humano,Feliz,3070,Exposicao_Face
50887,17,489,309,4.67,1,50887,13,Humano,Feliz,3087,Exposicao_Face
50903,17,488,311,4.72,1,50903,13,Humano,Feliz,3103,Exposicao_Face
50920,17,509,340,4.76,1,50920,13,Humano,Feliz,3120,Exposicao_Face
50937,17,544,346,4.76,1,50937,13,Humano,Feliz,3137,Exposicao_Face
50953,17,547,343,4.76,1,50953,13,Humano,Feliz,3153,Exposicao_Face
50970,17,542,328,4.76,1,50970,13,Humano,Feliz,3170,Exposicao_Face
50986,17,533,355,4.83,1,50986,13,Humano,Feliz,3186,Exposicao_Face
51003,17,544,330,4.75,1,51003,13,Humano,Feliz,3203,Exposicao_Face
51020,17,546,352,4.78,1,51020,13,Humano,Feliz,3220,Exposicao_Face
51036,17,555,363,4.76,0,51036,13,Humano,Feliz,3236,Exposicao_Face
51053,17,544,340,4.72,1,51053,13,Humano,Feliz,3253,Exposicao_Face
51070,17,548,365,4.73,2,51070,13,Humano,Feliz,3270,Exposicao_Face
51086,17,556,343,4.7,1,51086,13,Humano,Feliz,3286,Exposicao_Face
51103,17,550,333,4.67,1,51103,13,Humano,Feliz,3303,Exposicao_Face
51120,17,552,351,4.67,1,51120,13,Humano,Feliz,3320,Exposicao_Face
51136,17,556,333,4.62,1,51136,13,Humano,Feliz,3336,Exposicao_Face
51153,17,547,336,4.64,1,51153,13,Humano,Feliz,3353,Exposicao_Face
51169,17,551,340,4.59,1,51169,13,Humano,Feliz,3369,Exposicao_Face
51186,17,550,336,4.64,1,51186,13,Humano,Feliz,3386,Exposicao_Face
51203,17,549,336,4.59,1,51203,13,Humano,Feliz,3403,Exposicao_Face
51219,17,557,325,4.6,1,51219,13,Humano,Feliz,3419,Exposicao_Face
51236,17,551,338,4.59,1,51236,13,Humano,Feliz,3436,Exposicao_Face
51253,17,550,354,4.62,1,51253,13,Humano,Feliz,3453,Exposicao_Face
51286,33,551,359,4.64,1,51286,13,Humano,Feliz,3486,Exposicao_Face
51286,0,551,359,4.64,1,51286,13,Humano,Feliz,3486,Exposicao_Face
51336,50,550,353,4.62,1,51336,13,Humano,Feliz,3536,Exposicao_Face
51352,17,551,363,4.65,0,51352,13,Humano,Feliz,3552,Exposicao_Face
51369,17,548,341,4.64,1,51369,13,Humano,Feliz,3569,Exposicao_Face
51386,17,547,341,4.65,1,51386,13,Humano,Feliz,3586,Exposicao_Face
51402,17,545,355,4.67,1,51402,13,Humano,Feliz,3602,Exposicao_Face
51419,17,549,360,4.7,1,51419,13,Humano,Feliz,3619,Exposicao_Face
51436,17,555,332,4.64,1,51436,13,Humano,Feliz,3636,Exposicao_Face
51452,17,540,346,4.62,1,51452,13,Humano,Feliz,3652,Exposicao_Face
51469,17,543,356,4.68,1,51469,13,Humano,Feliz,3669,Exposicao_Face
51485,17,548,357,4.67,1,51485,13,Humano,Feliz,3685,Exposicao_Face
51502,17,545,349,4.68,1,51502,13,Humano,Feliz,3702,Exposicao_Face
51519,17,507,358,4.7,1,51519,13,Humano,Feliz,3719,Exposicao_Face
51535,17,513,344,4.72,1,51535,13,Humano,Feliz,3735,Exposicao_Face
51552,17,512,331,4.68,1,51552,13,Humano,Feliz,3752,Exposicao_Face
51569,17,506,366,4.76,2,51569,13,Humano,Feliz,3769,Exposicao_Face
51585,17,507,336,4.75,1,51585,13,Humano,Feliz,3785,Exposicao_Face
51602,17,498,377,4.76,2,51602,13,Humano,Feliz,3802,Exposicao_Face
51619,17,520,364,4.73,2,51619,13,Humano,Feliz,3819,Exposicao_Face
51635,17,509,351,4.76,1,51635,13,Humano,Feliz,3835,Exposicao_Face
51652,17,500,365,4.76,2,51652,13,Humano,Feliz,3852,Exposicao_Face
51668,17,505,371,4.78,2,51668,13,Humano,Feliz,3868,Exposicao_Face
51685,17,514,389,4.83,2,51685,13,Humano,Feliz,3885,Exposicao_Face
51702,17,517,371,4.78,2,51702,13,Humano,Feliz,3902,Exposicao_Face
51718,17,511,377,4.76,2,51718,13,Humano,Feliz,3918,Exposicao_Face
51735,17,512,354,4.75,1,51735,13,Humano,Feliz,3935,Exposicao_Face
51752,17,505,346,4.76,1,51752,13,Humano,Feliz,3952,Exposicao_Face
51768,17,522,343,4.78,1,51768,13,Humano,Feliz,3968,Exposicao_Face
51785,17,504,353,4.81,1,51785,13,Humano,Feliz,3985,Exposicao_Face
51802,17,509,348,4.76,1,51802,14,Humano,Neutro,2,Janela_Baseline
51818,17,519,367,4.78,2,51818,14,Humano,Neutro,18,Janela_Baseline
51835,17,492,367,4.78,2,51835,14,Humano,Neutro,35,Janela_Baseline
51851,17,480,297,4.78,1,51851,14,Humano,Neutro,51,Janela_Baseline
51868,17,468,317,4.76,1,51868,14,Humano,Neutro,68,Janela_Baseline
51885,17,482,310,4.76,1,51885,14,Humano,Neutro,85,Janela_Baseline
51901,17,463,327,4.8,1,51901,14,Humano,Neutro,101,Janela_Baseline
51918,17,470,294,4.67,1,51918,14,Humano,Neutro,118,Janela_Baseline
51935,17,471,314,4.73,1,51935,14,Humano,Neutro,135,Janela_Baseline
51951,17,467,322,4.7,1,51951,14,Humano,Neutro,151,Janela_Baseline
51968,17,474,309,4.73,1,51968,14,Humano,Neutro,168,Janela_Baseline
51985,17,483,300,4.72,1,51985,14,Humano,Neutro,185,Janela_Baseline
52001,17,477,337,4.76,1,52001,14,Humano,Neutro,201,Janela_Baseline
52018,17,478,316,4.81,1,52018,14,Humano,Neutro,218,Janela_Baseline
52034,17,455,367,4.84,2,52034,14,Humano,Neutro,234,Janela_Baseline
52051,17,461,337,4.76,1,52051,14,Humano,Neutro,251,Janela_Baseline
52068,17,462,350,4.78,1,52068,14,Humano,Neutro,268,Janela_Baseline
52084,17,476,329,4.73,1,52084,14,Humano,Neutro,284,Janela_Baseline
52101,17,467,333,4.8,1,52101,14,Humano,Neutro,301,Janela_Baseline
52118,17,488,329,4.83,1,52118,14,Humano,Neutro,318,Janela_Baseline
52134,17,460,320,4.83,1,52134,14,Humano,Neutro,334,Janela_Baseline
52151,17,476,349,4.88,1,52151,14,Humano,Neutro,351,Janela_Baseline
52168,17,469,336,4.78,1,52168,14,Humano,Neutro,368,Janela_Baseline
52184,17,490,320,4.86,1,52184,14,Humano,Neutro,384,Janela_Baseline
52201,17,456,338,4.88,1,52201,14,Humano,Neutro,401,Janela_Baseline
52217,17,485,337,4.86,1,52217,14,Humano,Neutro,417,Janela_Baseline
52234,17,478,331,4.8,1,52234,14,Humano,Neutro,434,Janela_Baseline
52251,17,483,344,4.88,1,52251,14,Humano,Neutro,451,Janela_Baseline
52267,17,478,342,4.92,1,52267,14,Humano,Neutro,467,Janela_Baseline
52284,17,497,340,4.92,1,52284,14,Humano,Neutro,484,Janela_Baseline
52301,17,550,349,4.92,1,52301,14,Humano,Neutro,501,Janela_Baseline
52317,17,568,337,4.92,1,52317,14,Humano,Neutro,517,Janela_Baseline
52334,17,565,347,5.01,1,52334,14,Humano,Neutro,534,Janela_Baseline
52350,17,564,338,4.91,1,52350,14,Humano,Neutro,550,Janela_Baseline
52367,17,562,349,4.99,1,52367,14,Humano,Neutro,567,Janela_Baseline
52384,17,555,331,4.97,1,52384,14,Humano,Neutro,584,Janela_Baseline
52400,17,561,359,4.99,1,52400,14,Humano,Neutro,600,Janela_Baseline
52417,17,565,333,5.02,1,52417,14,Humano,Neutro,617,Janela_Baseline
52434,17,565,354,5.04,1,52434,14,Humano,Neutro,634,Janela_Baseline
52450,17,561,359,5.05,1,52450,14,Humano,Neutro,650,Janela_Baseline
52467,17,564,329,5.05,1,52467,14,Humano,Neutro,667,Janela_Baseline
52484,17,561,341,5.07,1,52484,14,Humano,Neutro,684,Janela_Baseline
52500,17,554,332,5.05,1,52500,14,Humano,Neutro,700,Janela_Baseline
52517,17,556,352,5.12,1,52517,14,Humano,Neutro,717,Janela_Baseline
52533,17,563,357,5.13,1,52533,14,Humano,Neutro,733,Janela_Baseline
52550,17,545,375,5.15,2,52550,14,Humano,Neutro,750,Janela_Baseline
52567,17,559,347,5.07,1,52567,14,Humano,Neutro,767,Janela_Baseline
52583,17,557,359,5.15,1,52583,14,Humano,Neutro,783,Janela_Baseline
52600,17,557,362,5.12,1,52600,14,Humano,Neutro,800,Janela_Baseline
52617,17,561,370,5.17,2,52617,14,Humano,Neutro,817,Janela_Baseline
52633,17,557,366,5.13,2,52633,14,Humano,Neutro,833,Janela_Baseline
52650,17,561,367,5.13,2,52650,14,Humano,Neutro,850,Janela_Baseline
52667,17,557,381,5.15,2,52667,14,Humano,Neutro,867,Janela_Baseline
52683,17,555,377,5.13,2,52683,14,Humano,Neutro,883,Janela_Baseline
52700,17,557,378,5.15,2,52700,14,Humano,Neutro,900,Janela_Baseline
52716,17,556,379,5.13,2,52716,14,Humano,Neutro,916,Janela_Baseline
52733,17,561,378,5.1,2,52733,14,Humano,Neutro,933,Janela_Baseline
52750,17,558,393,5.13,2,52750,14,Humano,Neutro,950,Janela_Baseline
52766,17,569,342,5.12,1,52766,14,Humano,Neutro,966,Janela_Baseline
52783,17,562,350,5.05,1,52783,14,Humano,Neutro,983,Janela_Baseline
52800,17,560,362,5.1,1,52800,14,Humano,Neutro,1000,Janela_Baseline
52816,17,564,364,5.05,2,52816,14,Humano,Neutro,1016,Janela_Baseline
52833,17,566,347,4.99,1,52833,14,Humano,Neutro,1033,Janela_Baseline
52850,17,556,365,5.09,2,52850,14,Humano,Neutro,1050,Janela_Baseline
52866,17,565,379,5.15,2,52866,14,Humano,Neutro,1066,Janela_Baseline
52883,17,553,351,5.09,1,52883,14,Humano,Neutro,1083,Janela_Baseline
52899,17,566,351,5.05,1,52899,14,Humano,Neutro,1099,Janela_Baseline
52916,17,562,360,5.04,1,52916,14,Humano,Neutro,1116,Janela_Baseline
52933,17,558,366,5.07,2,52933,14,Humano,Neutro,1133,Janela_Baseline
52949,17,560,392,5.09,2,52949,14,Humano,Neutro,1149,Janela_Baseline
52966,17,559,354,5.04,1,52966,14,Humano,Neutro,1166,Janela_Baseline
52983,17,562,358,5.02,1,52983,14,Humano,Neutro,1183,Janela_Baseline
52999,17,561,373,5.09,2,52999,14,Humano,Neutro,1199,Janela_Baseline
53016,17,563,351,5.01,1,53016,14,Humano,Neutro,1216,Janela_Baseline
53033,17,561,354,5.02,1,53033,14,Humano,Neutro,1233,Janela_Baseline
53049,17,558,357,5.05,1,53049,14,Humano,Neutro,1249,Janela_Baseline
53066,17,523,350,5.02,1,53066,14,Humano,Neutro,1266,Janela_Baseline
53082,17,484,354,5.05,1,53082,14,Humano,Neutro,1282,Janela_Baseline
53099,17,475,367,5.01,2,53099,14,Humano,Neutro,1299,Janela_Baseline
53116,17,456,369,5.01,2,53116,14,Humano,Neutro,1316,Exposicao_Face
53132,17,471,347,4.96,1,53132,14,Humano,Neutro,1332,Exposicao_Face
53149,17,472,348,5.02,1,53149,14,Humano,Neutro,1349,Exposicao_Face
53166,17,478,348,5.02,1,53166,14,Humano,Neutro,1366,Exposicao_Face
53182,17,466,336,5.01,1,53182,14,Humano,Neutro,1382,Exposicao_Face
53199,17,482,334,4.99,1,53199,14,Humano,Neutro,1399,Exposicao_Face
53216,17,474,348,5.01,1,53216,14,Humano,Neutro,1416,Exposicao_Face
53232,17,474,343,5.01,1,53232,14,Humano,Neutro,1432,Exposicao_Face
53249,17,471,351,5.02,1,53249,14,Humano,Neutro,1449,Exposicao_Face
53265,17,488,362,5.01,1,53265,14,Humano,Neutro,1465,Exposicao_Face
53282,17,446,367,5.02,2,53282,14,Humano,Neutro,1482,Exposicao_Face
53315,33,452,354,5.07,1,53315,14,Humano,Neutro,1515,Exposicao_Face
53332,17,482,339,4.99,1,53332,14,Humano,Neutro,1532,Exposicao_Face
53349,17,481,349,5.04,1,53349,14,Humano,Neutro,1549,Exposicao_Face
53365,17,477,338,5.01,1,53365,14,Humano,Neutro,1565,Exposicao_Face
53382,17,473,356,5.1,1,53382,14,Humano,Neutro,1582,Exposicao_Face
53399,17,462,352,5.12,1,53399,14,Humano,Neutro,1599,Exposicao_Face
53415,17,464,356,5.12,1,53415,14,Humano,Neutro,1615,Exposicao_Face
53432,17,454,344,5.12,1,53432,14,Humano,Neutro,1632,Exposicao_Face
53448,17,455,333,5.12,1,53448,14,Humano,Neutro,1648,Exposicao_Face
53465,17,458,322,5.09,1,53465,14,Humano,Neutro,1665,Exposicao_Face
53482,17,461,322,5.12,1,53482,14,Humano,Neutro,1682,Exposicao_Face
53498,17,461,346,5.15,1,53498,14,Humano,Neutro,1698,Exposicao_Face
53515,17,467,361,5.18,1,53515,14,Humano,Neutro,1715,Exposicao_Face
53532,17,455,340,5.12,1,53532,14,Humano,Neutro,1732,Exposicao_Face
53548,17,482,359,5.17,1,53548,14,Humano,Neutro,1748,Exposicao_Face
53565,17,496,347,5.15,1,53565,14,Humano,Neutro,1765,Exposicao_Face
53581,17,486,358,5.18,1,53581,14,Humano,Neutro,1781,Exposicao_Face
53598,17,491,381,5.25,2,53598,14,Humano,Neutro,1798,Exposicao_Face
53615,17,485,353,5.18,1,53615,14,Humano,Neutro,1815,Exposicao_Face
53631,17,486,360,5.2,1,53631,14,Humano,Neutro,1831,Exposicao_Face
53648,17,487,341,5.21,1,53648,14,Humano,Neutro,1848,Exposicao_Face
53665,17,488,360,5.26,1,53665,14,Humano,Neutro,1865,Exposicao_Face
53681,17,490,379,5.28,2,53681,14,Humano,Neutro,1881,Exposicao_Face
53698,17,490,362,5.21,1,53698,14,Humano,Neutro,1898,Exposicao_Face
53715,17,494,337,5.15,1,53715,14,Humano,Neutro,1915,Exposicao_Face
53731,17,486,347,5.21,1,53731,14,Humano,Neutro,1931,Exposicao_Face
53748,17,489,355,5.26,1,53748,14,Humano,Neutro,1948,Exposicao_Face
53764,17,491,367,5.23,2,53764,14,Humano,Neutro,1964,Exposicao_Face
53781,17,485,375,5.29,2,53781,14,Humano,Neutro,1981,Exposicao_Face
53798,17,486,367,5.23,2,53798,14,Humano,Neutro,1998,Exposicao_Face
53814,17,487,377,5.26,2,53814,14,Humano,Neutro,2014,Exposicao_Face
53831,17,487,354,5.23,1,53831,14,Humano,Neutro,2031,Exposicao_Face
53848,17,481,355,5.23,1,53848,14,Humano,Neutro,2048,Exposicao_Face
53864,17,475,561,5.23,3,53864,14,Humano,Neutro,2064,Exposicao_Face
53964,100,568,598,0.0,3,53964,14,Humano,Neutro,2164,Exposicao_Face
54014,50,506,1019,7.2,0,54014,14,Humano,Neutro,2214,Exposicao_Face
54031,17,510,782,7.14,0,54031,14,Humano,Neutro,2231,Exposicao_Face
54047,17,521,685,7.23,3,54047,14,Humano,Neutro,2247,Exposicao_Face
54064,17,515,495,5.29,3,54064,14,Humano,Neutro,2264,Exposicao_Face
54081,17,529,425,5.29,3,54081,14,Humano,Neutro,2281,Exposicao_Face
54097,17,521,415,5.28,2,54097,14,Humano,Neutro,2297,Exposicao_Face
54114,17,549,329,5.26,1,54114,14,Humano,Neutro,2314,Exposicao_Face
54130,17,529,369,5.25,2,54130,14,Humano,Neutro,2330,Exposicao_Face
54147,17,539,316,5.25,1,54147,14,Humano,Neutro,2347,Exposicao_Face
54164,17,541,282,5.21,1,54164,14,Humano,Neutro,2364,Exposicao_Face
54180,17,544,262,5.23,1,54180,14,Humano,Neutro,2380,Exposicao_Face
54197,17,542,281,5.21,1,54197,14,Humano,Neutro,2397,Exposicao_Face
54214,17,544,360,5.28,1,54214,14,Humano,Neutro,2414,Exposicao_Face
54230,17,538,361,5.21,1,54230,14,Humano,Neutro,2430,Exposicao_Face
54247,17,539,383,5.23,2,54247,14,Humano,Neutro,2447,Exposicao_Face
54264,17,542,374,5.21,2,54264,14,Humano,Neutro,2464,Exposicao_Face
54280,17,542,399,5.18,2,54280,14,Humano,Neutro,2480,Exposicao_Face
54297,17,543,399,5.2,2,54297,14,Humano,Neutro,2497,Exposicao_Face
54313,17,542,405,5.17,2,54313,14,Humano,Neutro,2513,Exposicao_Face
54330,17,543,420,5.2,3,54330,14,Humano,Neutro,2530,Exposicao_Face
54347,17,545,418,5.17,3,54347,14,Humano,Neutro,2547,Exposicao_Face
54363,17,546,388,5.09,2,54363,14,Humano,Neutro,2563,Exposicao_Face
54380,17,542,401,5.12,2,54380,14,Humano,Neutro,2580,Exposicao_Face
54397,17,544,412,5.15,2,54397,14,Humano,Neutro,2597,Exposicao_Face
54413,17,548,386,5.1,2,54413,14,Humano,Neutro,2613,Exposicao_Face
54430,17,542,397,5.01,2,54430,14,Humano,Neutro,2630,Exposicao_Face
54447,17,541,425,5.07,3,54447,14,Humano,Neutro,2647,Exposicao_Face
54463,17,558,419,5.07,3,54463,14,Humano,Neutro,2663,Exposicao_Face
54480,17,543,420,5.02,3,54480,14,Humano,Neutro,2680,Exposicao_Face
54496,17,551,425,5.04,3,54496,14,Humano,Neutro,2696,Exposicao_Face
54513,17,541,416,5.01,2,54513,14,Humano,Neutro,2713,Exposicao_Face
54530,17,554,416,5.02,2,54530,14,Humano,Neutro,2730,Exposicao_Face
54546,17,548,414,5.01,2,54546,14,Humano,Neutro,2746,Exposicao_Face
54563,17,531,405,4.97,2,54563,14,Humano,Neutro,2763,Exposicao_Face
54580,17,543,387,4.96,2,54580,14,Humano,Neutro,2780,Exposicao_Face
54596,17,544,377,4.94,2,54596,14,Humano,Neutro,2796,Exposicao_Face
54613,17,548,404,5.01,2,54613,14,Humano,Neutro,2813,Exposicao_Face
54630,17,549,378,4.92,2,54630,14,Humano,Neutro,2830,Exposicao_Face
54646,17,541,376,4.94,2,54646,14,Humano,Neutro,2846,Exposicao_Face
54663,17,555,368,4.89,2,54663,14,Humano,Neutro,2863,Exposicao_Face
54679,17,553,377,4.96,2,54679,14,Humano,Neutro,2879,Exposicao_Face
54696,17,542,379,4.91,2,54696,14,Humano,Neutro,2896,Exposicao_Face
54713,17,550,386,4.96,2,54713,14,Humano,Neutro,2913,Exposicao_Face
54729,17,545,394,4.92,2,54729,14,Humano,Neutro,2929,Exposicao_Face
54746,17,545,381,4.88,2,54746,14,Humano,Neutro,2946,Exposicao_Face
54763,17,555,383,4.89,2,54763,14,Humano,Neutro,2963,Exposicao_Face
54779,17,561,377,4.88,2,54779,14,Humano,Neutro,2979,Exposicao_Face
54796,17,552,369,4.89,2,54796,14,Humano,Neutro,2996,Exposicao_Face
54812,17,539,386,4.86,2,54812,14,Humano,Neutro,3012,Exposicao_Face
54829,17,558,380,4.88,2,54829,14,Humano,Neutro,3029,Exposicao_Face
54846,17,529,371,4.88,2,54846,14,Humano,Neutro,3046,Exposicao_Face
54862,17,550,395,4.91,2,54862,14,Humano,Neutro,3062,Exposicao_Face
54879,17,552,403,4.88,2,54879,14,Humano,Neutro,3079,Exposicao_Face
54896,17,531,375,4.81,2,54896,14,Humano,Neutro,3096,Exposicao_Face
54912,17,530,381,4.78,2,54912,14,Humano,Neutro,3112,Exposicao_Face
54929,17,541,382,4.78,2,54929,14,Humano,Neutro,3129,Exposicao_Face
54946,17,545,372,4.81,2,54946,14,Humano,Neutro,3146,Exposicao_Face
54962,17,542,369,4.75,2,54962,14,Humano,Neutro,3162,Exposicao_Face
54979,17,546,385,4.76,2,54979,14,Humano,Neutro,3179,Exposicao_Face
54995,17,541,389,4.76,2,54995,14,Humano,Neutro,3195,Exposicao_Face
55012,17,547,364,4.67,2,55012,14,Humano,Neutro,3212,Exposicao_Face
55029,17,547,378,4.72,2,55029,14,Humano,Neutro,3229,Exposicao_Face
55045,17,550,365,4.65,2,55045,14,Humano,Neutro,3245,Exposicao_Face
55062,17,547,367,4.67,2,55062,14,Humano,Neutro,3262,Exposicao_Face
55079,17,541,382,4.68,2,55079,14,Humano,Neutro,3279,Exposicao_Face
55095,17,548,379,4.72,2,55095,14,Humano,Neutro,3295,Exposicao_Face
55112,17,547,338,4.65,1,55112,14,Humano,Neutro,3312,Exposicao_Face
55129,17,507,349,4.67,1,55129,14,Humano,Neutro,3329,Exposicao_Face
55145,17,516,346,4.64,1,55145,14,Humano,Neutro,3345,Exposicao_Face
55162,17,515,359,4.68,1,55162,14,Humano,Neutro,3362,Exposicao_Face
55178,17,512,351,4.68,1,55178,14,Humano,Neutro,3378,Exposicao_Face
55195,17,513,350,4.67,1,55195,14,Humano,Neutro,3395,Exposicao_Face
55212,17,513,336,4.64,1,55212,14,Humano,Neutro,3412,Exposicao_Face
55228,17,511,348,4.67,1,55228,14,Humano,Neutro,3428,Exposicao_Face
55245,17,510,352,4.73,1,55245,14,Humano,Neutro,3445,Exposicao_Face
55262,17,511,338,4.67,1,55262,14,Humano,Neutro,3462,Exposicao_Face
55278,17,512,341,4.65,1,55278,14,Humano,Neutro,3478,Exposicao_Face
55295,17,512,372,4.7,2,55295,14,Humano,Neutro,3495,Exposicao_Face
55312,17,514,350,4.73,1,55312,14,Humano,Neutro,3512,Exposicao_Face
55328,17,512,376,4.73,2,55328,14,Humano,Neutro,3528,Exposicao_Face
55345,17,518,356,4.68,1,55345,14,Humano,Neutro,3545,Exposicao_Face
55361,17,513,359,4.67,1,55361,14,Humano,Neutro,3561,Exposicao_Face
55378,17,511,342,4.7,1,55378,14,Humano,Neutro,3578,Exposicao_Face
55395,17,504,368,4.76,2,55395,14,Humano,Neutro,3595,Exposicao_Face
55411,17,510,369,4.76,2,55411,14,Humano,Neutro,3611,Exposicao_Face
55428,17,509,368,4.76,2,55428,14,Humano,Neutro,3628,Exposicao_Face
55445,17,504,374,4.8,2,55445,14,Humano,Neutro,3645,Exposicao_Face
55461,17,493,571,4.78,3,55461,14,Humano,Neutro,3661,Exposicao_Face
55661,200,511,408,-1.0,2,55661,14,Humano,Neutro,3861,Exposicao_Face
55694,33,505,914,7.03,0,55694,14,Humano,Neutro,3894,Exposicao_Face
55711,17,517,452,4.8,3,55711,14,Humano,Neutro,3911,Exposicao_Face
55727,17,519,569,5.79,3,55727,14,Humano,Neutro,3927,Exposicao_Face
55744,17,521,301,4.86,1,55744,14,Humano,Neutro,3944,Exposicao_Face
55761,17,526,260,4.84,1,55761,14,Humano,Neutro,3961,Exposicao_Face
55777,17,534,256,4.86,1,55777,14,Humano,Neutro,3977,Exposicao_Face
55794,17,521,346,4.81,1,55794,14,Humano,Neutro,3994,Exposicao_Face
55811,17,531,367,4.81,2,55811,15,Humano,Raiva,11,Janela_Baseline
55827,17,518,378,4.84,2,55827,15,Humano,Raiva,27,Janela_Baseline
55844,17,509,404,4.83,2,55844,15,Humano,Raiva,44,Janela_Baseline
55860,17,516,396,4.83,2,55860,15,Humano,Raiva,60,Janela_Baseline
55877,17,533,382,4.88,2,55877,15,Humano,Raiva,77,Janela_Baseline
55894,17,511,391,4.88,2,55894,15,Humano,Raiva,94,Janela_Baseline
55910,17,512,361,4.8,1,55910,15,Humano,Raiva,110,Janela_Baseline
55927,17,523,375,4.83,2,55927,15,Humano,Raiva,127,Janela_Baseline
55944,17,540,370,4.8,2,55944,15,Humano,Raiva,144,Janela_Baseline
55960,17,525,377,4.86,2,55960,15,Humano,Raiva,160,Janela_Baseline
55977,17,478,313,4.76,1,55977,15,Humano,Raiva,177,Janela_Baseline
55994,17,465,301,4.81,1,55994,15,Humano,Raiva,194,Janela_Baseline
56110,116,469,321,4.65,1,56110,15,Humano,Raiva,310,Janela_Baseline
56127,17,472,321,4.64,1,56127,15,Humano,Raiva,327,Janela_Baseline
56143,17,472,328,4.65,1,56143,15,Humano,Raiva,343,Janela_Baseline
56160,17,469,332,4.62,1,56160,15,Humano,Raiva,360,Janela_Baseline
56177,17,472,353,4.65,1,56177,15,Humano,Raiva,377,Janela_Baseline
56193,17,465,327,4.6,1,56193,15,Humano,Raiva,393,Janela_Baseline
56210,17,468,317,4.64,1,56210,15,Humano,Raiva,410,Janela_Baseline
56226,17,466,331,4.57,1,56226,15,Humano,Raiva,426,Janela_Baseline
56243,17,471,327,4.59,1,56243,15,Humano,Raiva,443,Janela_Baseline
56260,17,469,315,4.56,1,56260,15,Humano,Raiva,460,Janela_Baseline
56276,17,471,332,4.59,1,56276,15,Humano,Raiva,476,Janela_Baseline
56293,17,471,332,4.6,1,56293,15,Humano,Raiva,493,Janela_Baseline
56310,17,500,306,4.59,1,56310,15,Humano,Raiva,510,Janela_Baseline
56326,17,568,306,4.64,1,56326,15,Humano,Raiva,526,Janela_Baseline
56343,17,581,305,4.64,1,56343,15,Humano,Raiva,543,Janela_Baseline
56360,17,587,292,4.62,1,56360,15,Humano,Raiva,560,Janela_Baseline
56376,17,590,289,4.59,1,56376,15,Humano,Raiva,576,Janela_Baseline
56393,17,588,306,4.65,1,56393,15,Humano,Raiva,593,Janela_Baseline
56409,17,587,301,4.65,1,56409,15,Humano,Raiva,609,Janela_Baseline
56426,17,582,304,4.64,1,56426,15,Humano,Raiva,626,Janela_Baseline
56443,17,586,288,4.67,1,56443,15,Humano,Raiva,643,Janela_Baseline
56459,17,582,307,4.67,1,56459,15,Humano,Raiva,659,Janela_Baseline
56476,17,585,309,4.7,1,56476,15,Humano,Raiva,676,Janela_Baseline
56509,33,580,289,4.67,1,56509,15,Humano,Raiva,709,Janela_Baseline
56526,17,577,285,4.67,1,56526,15,Humano,Raiva,726,Janela_Baseline
56543,17,577,318,4.73,1,56543,15,Humano,Raiva,743,Janela_Baseline
56559,17,586,307,4.73,1,56559,15,Humano,Raiva,759,Janela_Baseline
56576,17,584,314,4.68,1,56576,15,Humano,Raiva,776,Janela_Baseline
56592,17,588,291,4.72,1,56592,15,Humano,Raiva,792,Janela_Baseline
56609,17,587,301,4.76,1,56609,15,Humano,Raiva,809,Janela_Baseline
56626,17,582,312,4.75,1,56626,15,Humano,Raiva,826,Janela_Baseline
56642,17,577,295,4.72,1,56642,15,Humano,Raiva,842,Janela_Baseline
56659,17,580,305,4.75,1,56659,15,Humano,Raiva,859,Janela_Baseline
56676,17,587,314,4.83,1,56676,15,Humano,Raiva,876,Janela_Baseline
56692,17,580,279,4.75,1,56692,15,Humano,Raiva,892,Janela_Baseline
56709,17,591,302,4.76,1,56709,15,Humano,Raiva,909,Janela_Baseline
56726,17,580,335,4.84,1,56726,15,Humano,Raiva,926,Janela_Baseline
56742,17,577,273,4.78,1,56742,15,Humano,Raiva,942,Janela_Baseline
56759,17,572,308,4.83,1,56759,15,Humano,Raiva,959,Janela_Baseline
56775,17,588,305,4.86,1,56775,15,Humano,Raiva,975,Janela_Baseline
56792,17,549,279,4.83,1,56792,15,Humano,Raiva,992,Janela_Baseline
56809,17,534,167,4.76,1,56809,15,Humano,Raiva,1009,Janela_Baseline
56825,17,537,190,4.81,1,56825,15,Humano,Raiva,1025,Janela_Baseline
56842,17,527,194,4.88,1,56842,15,Humano,Raiva,1042,Janela_Baseline
56859,17,530,193,4.88,1,56859,15,Humano,Raiva,1059,Janela_Baseline
56875,17,533,200,4.88,1,56875,15,Humano,Raiva,1075,Janela_Baseline
56892,17,528,204,4.88,1,56892,15,Humano,Raiva,1092,Janela_Baseline
56909,17,535,181,4.86,1,56909,15,Humano,Raiva,1109,Janela_Baseline
56925,17,523,182,4.88,1,56925,15,Humano,Raiva,1125,Janela_Baseline
56942,17,533,187,4.92,1,56942,15,Humano,Raiva,1142,Janela_Baseline
56958,17,524,174,4.86,1,56958,15,Humano,Raiva,1158,Janela_Baseline
56975,17,532,185,4.89,1,56975,15,Humano,Raiva,1175,Janela_Baseline
56992,17,534,207,4.88,1,56992,15,Humano,Raiva,1192,Janela_Baseline
57008,17,536,178,4.91,1,57008,15,Humano,Raiva,1208,Janela_Baseline
57025,17,523,189,4.91,1,57025,15,Humano,Raiva,1225,Janela_Baseline
57042,17,526,171,4.96,1,57042,15,Humano,Raiva,1242,Janela_Baseline
57058,17,533,171,4.92,1,57058,15,Humano,Raiva,1258,Janela_Baseline
57075,17,493,180,4.99,1,57075,15,Humano,Raiva,1275,Janela_Baseline
57091,17,486,166,4.92,1,57091,15,Humano,Raiva,1291,Janela_Baseline
57108,17,475,172,4.96,1,57108,15,Humano,Raiva,1308,Exposicao_Face
57125,17,500,178,4.97,1,57125,15,Humano,Raiva,1325,Exposicao_Face
57141,17,501,169,4.94,1,57141,15,Humano,Raiva,1341,Exposicao_Face
57158,17,488,191,4.94,1,57158,15,Humano,Raiva,1358,Exposicao_Face
57175,17,496,188,4.99,1,57175,15,Humano,Raiva,1375,Exposicao_Face
57191,17,506,180,4.94,1,57191,15,Humano,Raiva,1391,Exposicao_Face
57208,17,492,209,5.01,1,57208,15,Humano,Raiva,1408,Exposicao_Face
57225,17,492,164,4.96,1,57225,15,Humano,Raiva,1425,Exposicao_Face
57241,17,492,162,4.96,1,57241,15,Humano,Raiva,1441,Exposicao_Face
57258,17,489,158,4.91,1,57258,15,Humano,Raiva,1458,Exposicao_Face
57274,17,494,187,4.92,1,57274,15,Humano,Raiva,1474,Exposicao_Face
57291,17,502,194,4.94,1,57291,15,Humano,Raiva,1491,Exposicao_Face
57308,17,487,174,4.92,1,57308,15,Humano,Raiva,1508,Exposicao_Face
57324,17,495,203,4.96,1,57324,15,Humano,Raiva,1524,Exposicao_Face
57341,17,514,261,4.99,1,57341,15,Humano,Raiva,1541,Exposicao_Face
57358,17,494,299,4.94,1,57358,15,Humano,Raiva,1558,Exposicao_Face
57374,17,515,290,5.01,1,57374,15,Humano,Raiva,1574,Exposicao_Face
57391,17,489,298,5.02,1,57391,15,Humano,Raiva,1591,Exposicao_Face
57408,17,494,293,5.01,1,57408,15,Humano,Raiva,1608,Exposicao_Face
57424,17,525,294,5.01,1,57424,15,Humano,Raiva,1624,Exposicao_Face
57441,17,515,306,5.01,1,57441,15,Humano,Raiva,1641,Exposicao_Face
57457,17,500,301,5.01,1,57457,15,Humano,Raiva,1657,Exposicao_Face
57474,17,515,289,4.99,1,57474,15,Humano,Raiva,1674,Exposicao_Face
57491,17,510,268,5.09,1,57491,15,Humano,Raiva,1691,Exposicao_Face
57507,17,488,307,5.04,1,57507,15,Humano,Raiva,1707,Exposicao_Face
57524,17,500,286,5.07,1,57524,15,Humano,Raiva,1724,Exposicao_Face
57541,17,512,259,5.02,1,57541,15,Humano,Raiva,1741,Exposicao_Face
57557,17,509,284,5.07,1,57557,15,Humano,Raiva,1757,Exposicao_Face
57574,17,496,276,5.02,1,57574,15,Humano,Raiva,1774,Exposicao_Face
57591,17,483,308,5.02,1,57591,15,Humano,Raiva,1791,Exposicao_Face
57607,17,454,307,5.1,1,57607,15,Humano,Raiva,1807,Exposicao_Face
57624,17,452,315,5.13,1,57624,15,Humano,Raiva,1824,Exposicao_Face
57640,17,455,291,5.04,1,57640,15,Humano,Raiva,1840,Exposicao_Face
57657,17,476,300,5.04,1,57657,15,Humano,Raiva,1857,Exposicao_Face
57707,50,460,322,5.09,1,57707,15,Humano,Raiva,1907,Exposicao_Face
57707,0,460,322,5.09,1,57707,15,Humano,Raiva,1907,Exposicao_Face
57724,17,456,327,5.1,1,57724,15,Humano,Raiva,1924,Exposicao_Face
57740,17,450,323,5.1,1,57740,15,Humano,Raiva,1940,Exposicao_Face
57757,17,442,332,5.1,1,57757,15,Humano,Raiva,1957,Exposicao_Face
57774,17,461,321,5.1,1,57774,15,Humano,Raiva,1974,Exposicao_Face
57790,17,455,330,5.12,1,57790,15,Humano,Raiva,1990,Exposicao_Face
57807,17,453,330,5.1,1,57807,15,Humano,Raiva,2007,Exposicao_Face
57823,17,443,310,5.04,1,57823,15,Humano,Raiva,2023,Exposicao_Face
57857,33,440,314,5.12,1,57857,15,Humano,Raiva,2057,Exposicao_Face
57873,17,440,333,5.13,1,57873,15,Humano,Raiva,2073,Exposicao_Face
57890,17,443,321,5.13,1,57890,15,Humano,Raiva,2090,Exposicao_Face
57907,17,451,305,5.13,1,57907,15,Humano,Raiva,2107,Exposicao_Face
57923,17,442,328,5.1,1,57923,15,Humano,Raiva,2123,Exposicao_Face
57940,17,459,319,5.09,1,57940,15,Humano,Raiva,2140,Exposicao_Face
57957,17,454,302,5.09,1,57957,15,Humano,Raiva,2157,Exposicao_Face
57973,17,459,354,5.1,1,57973,15,Humano,Raiva,2173,Exposicao_Face
57990,17,450,306,5.05,1,57990,15,Humano,Raiva,2190,Exposicao_Face
58006,17,445,302,5.04,1,58006,15,Humano,Raiva,2206,Exposicao_Face
58023,17,458,304,5.05,1,58023,15,Humano,Raiva,2223,Exposicao_Face
58040,17,475,344,5.13,1,58040,15,Humano,Raiva,2240,Exposicao_Face
58056,17,465,352,5.1,1,58056,15,Humano,Raiva,2256,Exposicao_Face
58073,17,458,365,5.13,2,58073,15,Humano,Raiva,2273,Exposicao_Face
58090,17,456,337,5.13,1,58090,15,Humano,Raiva,2290,Exposicao_Face
58106,17,455,354,5.1,1,58106,15,Humano,Raiva,2306,Exposicao_Face
58123,17,459,331,5.1,1,58123,15,Humano,Raiva,2323,Exposicao_Face
58139,17,457,312,5.02,1,58139,15,Humano,Raiva,2339,Exposicao_Face
58156,17,453,334,5.05,1,58156,15,Humano,Raiva,2356,Exposicao_Face
58173,17,460,343,5.12,1,58173,15,Humano,Raiva,2373,Exposicao_Face
58189,17,454,338,5.09,1,58189,15,Humano,Raiva,2389,Exposicao_Face
58206,17,456,351,5.1,1,58206,15,Humano,Raiva,2406,Exposicao_Face
58223,17,463,316,5.12,1,58223,15,Humano,Raiva,2423,Exposicao_Face
58239,17,458,325,5.12,1,58239,15,Humano,Raiva,2439,Exposicao_Face
58256,17,464,340,5.17,1,58256,15,Humano,Raiva,2456,Exposicao_Face
58273,17,469,349,5.15,1,58273,15,Humano,Raiva,2473,Exposicao_Face
58289,17,464,344,5.13,1,58289,15,Humano,Raiva,2489,Exposicao_Face
58306,17,466,343,5.13,1,58306,15,Humano,Raiva,2506,Exposicao_Face
58322,17,461,333,5.15,1,58322,15,Humano,Raiva,2522,Exposicao_Face
58339,17,458,348,5.2,1,58339,15,Humano,Raiva,2539,Exposicao_Face
58356,17,462,355,5.2,1,58356,15,Humano,Raiva,2556,Exposicao_Face
58372,17,467,344,5.17,1,58372,15,Humano,Raiva,2572,Exposicao_Face
58389,17,460,351,5.25,1,58389,15,Humano,Raiva,2589,Exposicao_Face
58406,17,464,341,5.25,1,58406,15,Humano,Raiva,2606,Exposicao_Face
58422,17,464,352,5.25,1,58422,15,Humano,Raiva,2622,Exposicao_Face
58439,17,458,352,5.25,1,58439,15,Humano,Raiva,2639,Exposicao_Face
58456,17,472,331,5.15,1,58456,15,Humano,Raiva,2656,Exposicao_Face
58472,17,552,332,5.23,1,58472,15,Humano,Raiva,2672,Exposicao_Face
58489,17,601,317,5.23,1,58489,15,Humano,Raiva,2689,Exposicao_Face
58505,17,598,295,5.23,1,58505,15,Humano,Raiva,2705,Exposicao_Face
58522,17,602,302,5.17,1,58522,15,Humano,Raiva,2722,Exposicao_Face
58539,17,604,286,5.15,1,58539,15,Humano,Raiva,2739,Exposicao_Face
58555,17,597,315,5.2,1,58555,15,Humano,Raiva,2755,Exposicao_Face
58572,17,598,331,5.21,1,58572,15,Humano,Raiva,2772,Exposicao_Face
58589,17,609,301,5.21,1,58589,15,Humano,Raiva,2789,Exposicao_Face
58605,17,600,308,5.25,1,58605,15,Humano,Raiva,2805,Exposicao_Face
58622,17,602,323,5.23,1,58622,15,Humano,Raiva,2822,Exposicao_Face
58639,17,603,319,5.23,1,58639,15,Humano,Raiva,2839,Exposicao_Face
58655,17,591,285,5.2,1,58655,15,Humano,Raiva,2855,Exposicao_Face
58672,17,607,286,5.13,1,58672,15,Humano,Raiva,2872,Exposicao_Face
58688,17,610,305,5.23,1,58688,15,Humano,Raiva,2888,Exposicao_Face
58705,17,604,315,5.18,1,58705,15,Humano,Raiva,2905,Exposicao_Face
58722,17,607,304,5.18,1,58722,15,Humano,Raiva,2922,Exposicao_Face
58738,17,606,298,5.13,1,58738,15,Humano,Raiva,2938,Exposicao_Face
58755,17,597,299,5.17,1,58755,15,Humano,Raiva,2955,Exposicao_Face
58772,17,606,310,5.15,1,58772,15,Humano,Raiva,2972,Exposicao_Face
58788,17,599,325,5.1,1,58788,15,Humano,Raiva,2988,Exposicao_Face
58805,17,601,323,5.12,1,58805,15,Humano,Raiva,3005,Exposicao_Face
58822,17,610,310,5.01,1,58822,15,Humano,Raiva,3022,Exposicao_Face
58838,17,606,305,5.04,1,58838,15,Humano,Raiva,3038,Exposicao_Face
58855,17,608,316,5.02,1,58855,15,Humano,Raiva,3055,Exposicao_Face
58871,17,615,300,4.96,1,58871,15,Humano,Raiva,3071,Exposicao_Face
58888,17,613,301,4.96,1,58888,15,Humano,Raiva,3088,Exposicao_Face
58905,17,613,302,5.01,1,58905,15,Humano,Raiva,3105,Exposicao_Face
58921,17,545,338,4.91,1,58921,15,Humano,Raiva,3121,Exposicao_Face
58938,17,530,369,4.96,2,58938,15,Humano,Raiva,3138,Exposicao_Face
58955,17,528,348,5.01,1,58955,15,Humano,Raiva,3155,Exposicao_Face
58971,17,504,343,4.88,1,58971,15,Humano,Raiva,3171,Exposicao_Face
58988,17,504,336,4.88,1,58988,15,Humano,Raiva,3188,Exposicao_Face
59005,17,507,362,4.88,1,59005,15,Humano,Raiva,3205,Exposicao_Face
59021,17,529,299,4.83,1,59021,15,Humano,Raiva,3221,Exposicao_Face
59038,17,526,357,4.84,1,59038,15,Humano,Raiva,3238,Exposicao_Face
59054,17,530,342,4.86,1,59054,15,Humano,Raiva,3254,Exposicao_Face
59071,17,502,349,4.86,1,59071,15,Humano,Raiva,3271,Exposicao_Face
59088,17,530,331,4.76,1,59088,15,Humano,Raiva,3288,Exposicao_Face
59104,17,533,340,4.76,1,59104,15,Humano,Raiva,3304,Exposicao_Face
59121,17,508,357,4.78,1,59121,15,Humano,Raiva,3321,Exposicao_Face
59138,17,490,644,4.8,3,59138,15,Humano,Raiva,3338,Exposicao_Face
59387,250,515,863,5.07,0,59387,15,Humano,Raiva,3587,Exposicao_Face
59404,17,509,740,5.05,3,59404,15,Humano,Raiva,3604,Exposicao_Face
59420,17,514,629,5.04,3,59420,15,Humano,Raiva,3620,Exposicao_Face
59437,17,502,407,-1.0,2,59437,15,Humano,Raiva,3637,Exposicao_Face
59454,17,520,377,4.76,2,59454,15,Humano,Raiva,3654,Exposicao_Face
59470,17,530,325,4.76,1,59470,15,Humano,Raiva,3670,Exposicao_Face
59487,17,541,291,4.75,1,59487,15,Humano,Raiva,3687,Exposicao_Face
59504,17,546,221,4.78,1,59504,15,Humano,Raiva,3704,Exposicao_Face
59520,17,533,214,4.78,1,59520,15,Humano,Raiva,3720,Exposicao_Face
59537,17,534,225,4.76,1,59537,15,Humano,Raiva,3737,Exposicao_Face
59570,33,531,326,4.76,1,59570,15,Humano,Raiva,3770,Exposicao_Face
59570,0,531,326,4.76,1,59570,15,Humano,Raiva,3770,Exposicao_Face
59587,17,534,331,4.76,1,59587,15,Humano,Raiva,3787,Exposicao_Face
59603,17,539,347,4.81,1,59603,15,Humano,Raiva,3803,Exposicao_Face
59620,17,523,341,4.83,1,59620,15,Humano,Raiva,3820,Exposicao_Face
59637,17,530,329,4.86,1,59637,15,Humano,Raiva,3837,Exposicao_Face
59653,17,527,335,4.88,1,59653,15,Humano,Raiva,3853,Exposicao_Face
59670,17,514,365,4.88,2,59670,15,Humano,Raiva,3870,Exposicao_Face
59687,17,515,359,4.88,1,59687,15,Humano,Raiva,3887,Exposicao_Face
59703,17,541,369,4.88,2,59703,15,Humano,Raiva,3903,Exposicao_Face
59720,17,520,335,4.86,1,59720,15,Humano,Raiva,3920,Exposicao_Face
59736,17,517,343,4.88,1,59736,15,Humano,Raiva,3936,Exposicao_Face
59753,17,526,354,4.88,1,59753,15,Humano,Raiva,3953,Exposicao_Face
59770,17,528,361,4.86,1,59770,15,Humano,Raiva,3970,Exposicao_Face
59786,17,528,364,4.84,2,59786,15,Humano,Raiva,3986,Exposicao_Face
59803,17,530,366,4.83,2,59803,16,Humano,Feliz,3,Janela_Baseline
59820,17,535,348,4.78,1,59820,16,Humano,Feliz,20,Janela_Baseline
59836,17,537,334,4.75,1,59836,16,Humano,Feliz,36,Janela_Baseline
59853,17,536,336,4.72,1,59853,16,Humano,Feliz,53,Janela_Baseline
59870,17,536,360,4.76,1,59870,16,Humano,Feliz,70,Janela_Baseline
59886,17,537,335,4.72,1,59886,16,Humano,Feliz,86,Janela_Baseline
59903,17,460,343,4.67,1,59903,16,Humano,Feliz,103,Janela_Baseline
59919,17,465,349,4.68,1,59919,16,Humano,Feliz,119,Janela_Baseline
59936,17,470,372,4.7,2,59936,16,Humano,Feliz,136,Janela_Baseline
59953,17,466,362,4.76,1,59953,16,Humano,Feliz,153,Janela_Baseline
59969,17,470,344,4.7,1,59969,16,Humano,Feliz,169,Janela_Baseline
59986,17,471,351,4.7,1,59986,16,Humano,Feliz,186,Janela_Baseline
60003,17,465,351,4.68,1,60003,16,Humano,Feliz,203,Janela_Baseline
60019,17,475,349,4.72,1,60019,16,Humano,Feliz,219,Janela_Baseline
60036,17,475,358,4.73,1,60036,16,Humano,Feliz,236,Janela_Baseline
60053,17,474,340,4.67,1,60053,16,Humano,Feliz,253,Janela_Baseline
60069,17,465,360,4.76,1,60069,16,Humano,Feliz,269,Janela_Baseline
60086,17,461,351,4.72,1,60086,16,Humano,Feliz,286,Janela_Baseline
60102,17,470,357,4.75,1,60102,16,Humano,Feliz,302,Janela_Baseline
60119,17,465,349,4.75,1,60119,16,Humano,Feliz,319,Janela_Baseline
60136,17,481,340,4.72,1,60136,16,Humano,Feliz,336,Janela_Baseline
60152,17,470,349,4.75,1,60152,16,Humano,Feliz,352,Janela_Baseline
60169,17,449,325,4.75,1,60169,16,Humano,Feliz,369,Janela_Baseline
60186,17,444,332,4.76,1,60186,16,Humano,Feliz,386,Janela_Baseline
60202,17,444,331,4.75,1,60202,16,Humano,Feliz,402,Janela_Baseline
60219,17,456,342,4.78,1,60219,16,Humano,Feliz,419,Janela_Baseline
60236,17,470,329,4.76,1,60236,16,Humano,Feliz,436,Janela_Baseline
60252,17,488,356,4.81,1,60252,16,Humano,Feliz,452,Janela_Baseline
60269,17,583,330,4.8,1,60269,16,Humano,Feliz,469,Janela_Baseline
60285,17,592,334,4.84,1,60285,16,Humano,Feliz,485,Janela_Baseline
60302,17,604,330,4.81,1,60302,16,Humano,Feliz,502,Janela_Baseline
60319,17,604,327,4.84,1,60319,16,Humano,Feliz,519,Janela_Baseline
60335,17,605,312,4.83,1,60335,16,Humano,Feliz,535,Janela_Baseline
60352,17,604,337,4.84,1,60352,16,Humano,Feliz,552,Janela_Baseline
60369,17,601,330,4.81,1,60369,16,Humano,Feliz,569,Janela_Baseline
60385,17,614,319,4.84,1,60385,16,Humano,Feliz,585,Janela_Baseline
60402,17,614,297,4.86,1,60402,16,Humano,Feliz,602,Janela_Baseline
60418,17,608,320,4.86,1,60418,16,Humano,Feliz,618,Janela_Baseline
60435,17,606,327,4.86,1,60435,16,Humano,Feliz,635,Janela_Baseline
60452,17,600,333,4.84,1,60452,16,Humano,Feliz,652,Janela_Baseline
60468,17,608,308,4.81,1,60468,16,Humano,Feliz,668,Janela_Baseline
60485,17,606,331,4.86,1,60485,16,Humano,Feliz,685,Janela_Baseline
60502,17,603,328,4.84,1,60502,16,Humano,Feliz,702,Janela_Baseline
60518,17,606,328,4.86,1,60518,16,Humano,Feliz,718,Janela_Baseline
60535,17,609,313,4.88,1,60535,16,Humano,Feliz,735,Janela_Baseline
60552,17,591,354,4.91,1,60552,16,Humano,Feliz,752,Janela_Baseline
60568,17,532,416,4.84,5,60568,16,Humano,Feliz,768,Janela_Baseline
60585,17,521,439,4.92,3,60585,16,Humano,Feliz,785,Janela_Baseline
60601,17,543,436,4.96,3,60601,16,Humano,Feliz,801,Janela_Baseline
60618,17,530,436,4.92,3,60618,16,Humano,Feliz,818,Janela_Baseline
60635,17,512,431,4.97,3,60635,16,Humano,Feliz,835,Janela_Baseline
60651,17,548,441,4.96,3,60651,16,Humano,Feliz,851,Janela_Baseline
60668,17,523,439,4.96,3,60668,16,Humano,Feliz,868,Janela_Baseline
60685,17,534,441,4.96,3,60685,16,Humano,Feliz,885,Janela_Baseline
60701,17,520,434,4.99,3,60701,16,Humano,Feliz,901,Janela_Baseline
60718,17,518,451,5.01,3,60718,16,Humano,Feliz,918,Janela_Baseline
60735,17,517,457,4.99,3,60735,16,Humano,Feliz,935,Janela_Baseline
60751,17,525,459,5.02,3,60751,16,Humano,Feliz,951,Janela_Baseline
60768,17,523,436,4.96,3,60768,16,Humano,Feliz,968,Janela_Baseline
60784,17,527,443,5.04,3,60784,16,Humano,Feliz,984,Janela_Baseline
60801,17,531,441,5.04,3,60801,16,Humano,Feliz,1001,Janela_Baseline
60818,17,524,430,5.04,3,60818,16,Humano,Feliz,1018,Janela_Baseline
60834,17,518,426,5.04,3,60834,16,Humano,Feliz,1034,Janela_Baseline
60851,17,520,448,5.1,3,60851,16,Humano,Feliz,1051,Janela_Baseline
60868,17,516,477,5.09,3,60868,16,Humano,Feliz,1068,Janela_Baseline
60884,17,534,450,5.1,3,60884,16,Humano,Feliz,1084,Janela_Baseline
60901,17,527,445,5.13,3,60901,16,Humano,Feliz,1101,Janela_Baseline
60918,17,526,467,5.15,3,60918,16,Humano,Feliz,1118,Janela_Baseline
60934,17,530,452,5.13,3,60934,16,Humano,Feliz,1134,Janela_Baseline
60951,17,521,453,5.13,3,60951,16,Humano,Feliz,1151,Janela_Baseline
60967,17,517,480,5.18,3,60967,16,Humano,Feliz,1167,Janela_Baseline
60984,17,525,450,5.09,3,60984,16,Humano,Feliz,1184,Janela_Baseline
61001,17,519,448,5.12,3,61001,16,Humano,Feliz,1201,Janela_Baseline
61017,17,518,470,5.1,3,61017,16,Humano,Feliz,1217,Janela_Baseline
61034,17,524,453,5.09,3,61034,16,Humano,Feliz,1234,Janela_Baseline
61051,17,517,443,5.09,3,61051,16,Humano,Feliz,1251,Janela_Baseline
61067,17,483,418,5.13,3,61067,16,Humano,Feliz,1267,Janela_Baseline
61084,17,458,369,5.1,2,61084,16,Humano,Feliz,1284,Janela_Baseline
61101,17,443,327,5.07,1,61101,16,Humano,Feliz,1301,Exposicao_Face
61117,17,442,329,5.07,1,61117,16,Humano,Feliz,1317,Exposicao_Face
61134,17,451,337,5.02,1,61134,16,Humano,Feliz,1334,Exposicao_Face
61150,17,441,348,5.09,1,61150,16,Humano,Feliz,1350,Exposicao_Face
61167,17,444,329,5.05,1,61167,16,Humano,Feliz,1367,Exposicao_Face
61184,17,439,341,5.04,1,61184,16,Humano,Feliz,1384,Exposicao_Face
61200,17,443,326,5.05,1,61200,16,Humano,Feliz,1400,Exposicao_Face
61217,17,440,306,4.97,1,61217,16,Humano,Feliz,1417,Exposicao_Face
61234,17,442,306,5.02,1,61234,16,Humano,Feliz,1434,Exposicao_Face
61250,17,436,307,5.04,1,61250,16,Humano,Feliz,1450,Exposicao_Face
61267,17,448,308,5.04,1,61267,16,Humano,Feliz,1467,Exposicao_Face
61284,17,444,316,5.01,1,61284,16,Humano,Feliz,1484,Exposicao_Face
61300,17,432,301,5.02,1,61300,16,Humano,Feliz,1500,Exposicao_Face
61317,17,451,294,5.02,1,61317,16,Humano,Feliz,1517,Exposicao_Face
61333,17,435,304,5.02,1,61333,16,Humano,Feliz,1533,Exposicao_Face
61350,17,438,319,5.09,1,61350,16,Humano,Feliz,1550,Exposicao_Face
61367,17,437,335,5.09,1,61367,16,Humano,Feliz,1567,Exposicao_Face
61383,17,458,361,5.1,1,61383,16,Humano,Feliz,1583,Exposicao_Face
61400,17,466,362,5.05,1,61400,16,Humano,Feliz,1600,Exposicao_Face
61417,17,456,343,5.09,1,61417,16,Humano,Feliz,1617,Exposicao_Face
61433,17,467,357,5.12,1,61433,16,Humano,Feliz,1633,Exposicao_Face
61450,17,448,352,5.15,1,61450,16,Humano,Feliz,1650,Exposicao_Face
61467,17,457,351,5.07,1,61467,16,Humano,Feliz,1667,Exposicao_Face
61483,17,460,358,5.02,1,61483,16,Humano,Feliz,1683,Exposicao_Face
61500,17,460,364,5.12,2,61500,16,Humano,Feliz,1700,Exposicao_Face
61516,17,461,351,5.13,1,61516,16,Humano,Feliz,1716,Exposicao_Face
61533,17,458,375,5.13,2,61533,16,Humano,Feliz,1733,Exposicao_Face
61550,17,458,380,5.17,2,61550,16,Humano,Feliz,1750,Exposicao_Face
61566,17,463,334,5.12,1,61566,16,Humano,Feliz,1766,Exposicao_Face
61583,17,459,354,5.15,1,61583,16,Humano,Feliz,1783,Exposicao_Face
61600,17,461,369,5.18,2,61600,16,Humano,Feliz,1800,Exposicao_Face
61616,17,461,371,5.2,2,61616,16,Humano,Feliz,1816,Exposicao_Face
61633,17,458,356,5.17,1,61633,16,Humano,Feliz,1833,Exposicao_Face
61649,17,460,368,5.21,2,61649,16,Humano,Feliz,1849,Exposicao_Face
61666,17,455,352,5.15,1,61666,16,Humano,Feliz,1866,Exposicao_Face
61683,17,452,348,5.18,1,61683,16,Humano,Feliz,1883,Exposicao_Face
61699,17,452,368,5.25,2,61699,16,Humano,Feliz,1899,Exposicao_Face
61716,17,449,380,5.25,2,61716,16,Humano,Feliz,1916,Exposicao_Face
61733,17,456,371,5.26,2,61733,16,Humano,Feliz,1933,Exposicao_Face
61749,17,435,357,5.33,1,61749,16,Humano,Feliz,1949,Exposicao_Face
61766,17,448,357,5.34,1,61766,16,Humano,Feliz,1966,Exposicao_Face
61783,17,453,341,5.28,1,61783,16,Humano,Feliz,1983,Exposicao_Face
61799,17,444,357,5.31,1,61799,16,Humano,Feliz,1999,Exposicao_Face
61816,17,437,354,5.31,1,61816,16,Humano,Feliz,2016,Exposicao_Face
61832,17,465,368,5.33,2,61832,16,Humano,Feliz,2032,Exposicao_Face
61849,17,479,381,5.33,2,61849,16,Humano,Feliz,2049,Exposicao_Face
61866,17,481,342,5.29,1,61866,16,Humano,Feliz,2066,Exposicao_Face
61882,17,448,346,5.28,1,61882,16,Humano,Feliz,2082,Exposicao_Face
61899,17,455,353,5.29,1,61899,16,Humano,Feliz,2099,Exposicao_Face
61916,17,488,364,5.33,2,61916,16,Humano,Feliz,2116,Exposicao_Face
61932,17,455,347,5.33,1,61932,16,Humano,Feliz,2132,Exposicao_Face
61949,17,490,381,5.34,2,61949,16,Humano,Feliz,2149,Exposicao_Face
61966,17,487,359,5.37,1,61966,16,Humano,Feliz,2166,Exposicao_Face
61982,17,455,348,5.29,1,61982,16,Humano,Feliz,2182,Exposicao_Face
61999,17,450,365,5.34,2,61999,16,Humano,Feliz,2199,Exposicao_Face
62015,17,447,354,5.31,1,62015,16,Humano,Feliz,2215,Exposicao_Face
62032,17,456,339,5.33,1,62032,16,Humano,Feliz,2232,Exposicao_Face
62049,17,445,361,5.33,1,62049,16,Humano,Feliz,2249,Exposicao_Face
62065,17,451,373,5.29,2,62065,16,Humano,Feliz,2265,Exposicao_Face
62082,17,476,360,5.31,1,62082,16,Humano,Feliz,2282,Exposicao_Face
62099,17,490,370,5.28,2,62099,16,Humano,Feliz,2299,Exposicao_Face
62115,17,478,351,5.23,1,62115,16,Humano,Feliz,2315,Exposicao_Face
62132,17,479,373,5.28,2,62132,16,Humano,Feliz,2332,Exposicao_Face
62149,17,472,384,5.28,2,62149,16,Humano,Feliz,2349,Exposicao_Face
62165,17,477,358,5.26,1,62165,16,Humano,Feliz,2365,Exposicao_Face
62182,17,477,366,5.18,2,62182,16,Humano,Feliz,2382,Exposicao_Face
62198,17,480,375,5.25,2,62198,16,Humano,Feliz,2398,Exposicao_Face
62215,17,484,361,5.23,1,62215,16,Humano,Feliz,2415,Exposicao_Face
62232,17,482,371,5.23,2,62232,16,Humano,Feliz,2432,Exposicao_Face
62248,17,483,356,5.21,1,62248,16,Humano,Feliz,2448,Exposicao_Face
62265,17,485,359,5.21,1,62265,16,Humano,Feliz,2465,Exposicao_Face
62282,17,472,388,5.23,2,62282,16,Humano,Feliz,2482,Exposicao_Face
62298,17,477,379,5.23,2,62298,16,Humano,Feliz,2498,Exposicao_Face
62315,17,481,363,5.15,0,62315,16,Humano,Feliz,2515,Exposicao_Face
62332,17,527,343,5.13,1,62332,16,Humano,Feliz,2532,Exposicao_Face
62348,17,554,354,5.23,1,62348,16,Humano,Feliz,2548,Exposicao_Face
62365,17,557,332,5.13,1,62365,16,Humano,Feliz,2565,Exposicao_Face
62381,17,565,319,5.17,1,62381,16,Humano,Feliz,2581,Exposicao_Face
62398,17,563,337,5.18,1,62398,16,Humano,Feliz,2598,Exposicao_Face
62415,17,565,345,5.15,1,62415,16,Humano,Feliz,2615,Exposicao_Face
62431,17,563,330,5.2,1,62431,16,Humano,Feliz,2631,Exposicao_Face
62448,17,562,347,5.26,1,62448,16,Humano,Feliz,2648,Exposicao_Face
62465,17,566,337,5.26,1,62465,16,Humano,Feliz,2665,Exposicao_Face
62481,17,564,362,5.28,1,62481,16,Humano,Feliz,2681,Exposicao_Face
62498,17,560,340,5.25,1,62498,16,Humano,Feliz,2698,Exposicao_Face
62515,17,556,339,5.26,1,62515,16,Humano,Feliz,2715,Exposicao_Face
62531,17,559,325,5.18,1,62531,16,Humano,Feliz,2731,Exposicao_Face
62548,17,558,331,5.21,1,62548,16,Humano,Feliz,2748,Exposicao_Face
62564,17,558,328,5.23,1,62564,16,Humano,Feliz,2764,Exposicao_Face
62581,17,554,322,5.21,1,62581,16,Humano,Feliz,2781,Exposicao_Face
62598,17,558,328,5.25,1,62598,16,Humano,Feliz,2798,Exposicao_Face
62614,17,559,338,5.26,1,62614,16,Humano,Feliz,2814,Exposicao_Face
62631,17,557,330,5.23,1,62631,16,Humano,Feliz,2831,Exposicao_Face
62648,17,554,355,5.29,1,62648,16,Humano,Feliz,2848,Exposicao_Face
62664,17,555,315,5.26,1,62664,16,Humano,Feliz,2864,Exposicao_Face
62681,17,558,336,5.33,1,62681,16,Humano,Feliz,2881,Exposicao_Face
62698,17,562,310,5.28,1,62698,16,Humano,Feliz,2898,Exposicao_Face
62714,17,567,322,5.28,1,62714,16,Humano,Feliz,2914,Exposicao_Face
62731,17,559,318,5.28,1,62731,16,Humano,Feliz,2931,Exposicao_Face
62747,17,559,340,5.36,1,62747,16,Humano,Feliz,2947,Exposicao_Face
62764,17,555,313,5.33,1,62764,16,Humano,Feliz,2964,Exposicao_Face
62781,17,567,323,5.29,1,62781,16,Humano,Feliz,2981,Exposicao_Face
62797,17,567,309,5.33,1,62797,16,Humano,Feliz,2997,Exposicao_Face
62814,17,565,303,5.28,1,62814,16,Humano,Feliz,3014,Exposicao_Face
62831,17,562,323,5.28,1,62831,16,Humano,Feliz,3031,Exposicao_Face
62847,17,551,330,5.28,1,62847,16,Humano,Feliz,3047,Exposicao_Face
62864,17,555,332,5.34,1,62864,16,Humano,Feliz,3064,Exposicao_Face
62880,17,496,394,5.31,2,62880,16,Humano,Feliz,3080,Exposicao_Face
62897,17,504,385,5.28,2,62897,16,Humano,Feliz,3097,Exposicao_Face
62914,17,503,377,5.25,2,62914,16,Humano,Feliz,3114,Exposicao_Face
62930,17,502,386,5.26,2,62930,16,Humano,Feliz,3130,Exposicao_Face
62947,17,505,372,5.18,2,62947,16,Humano,Feliz,3147,Exposicao_Face
62964,17,507,371,5.18,2,62964,16,Humano,Feliz,3164,Exposicao_Face
62980,17,505,375,5.18,2,62980,16,Humano,Feliz,3180,Exposicao_Face
62997,17,516,372,5.1,2,62997,16,Humano,Feliz,3197,Exposicao_Face
63014,17,508,366,5.09,2,63014,16,Humano,Feliz,3214,Exposicao_Face
63030,17,508,342,5.09,1,63030,16,Humano,Feliz,3230,Exposicao_Face
63047,17,499,337,5.09,1,63047,16,Humano,Feliz,3247,Exposicao_Face
63063,17,505,371,5.12,2,63063,16,Humano,Feliz,3263,Exposicao_Face
63080,17,506,373,5.12,2,63080,16,Humano,Feliz,3280,Exposicao_Face
63097,17,505,351,5.05,1,63097,16,Humano,Feliz,3297,Exposicao_Face
63113,17,493,391,5.1,2,63113,16,Humano,Feliz,3313,Exposicao_Face
63130,17,515,393,5.07,2,63130,16,Humano,Feliz,3330,Exposicao_Face
63147,17,498,372,5.05,2,63147,16,Humano,Feliz,3347,Exposicao_Face
63163,17,496,348,4.97,1,63163,16,Humano,Feliz,3363,Exposicao_Face
63180,17,549,374,5.04,2,63180,16,Humano,Feliz,3380,Exposicao_Face
63197,17,537,358,5.01,1,63197,16,Humano,Feliz,3397,Exposicao_Face
63213,17,542,354,5.01,1,63213,16,Humano,Feliz,3413,Exposicao_Face
63230,17,542,353,5.01,1,63230,16,Humano,Feliz,3430,Exposicao_Face
63246,17,545,358,5.02,1,63246,16,Humano,Feliz,3446,Exposicao_Face
63263,17,545,360,5.01,1,63263,16,Humano,Feliz,3463,Exposicao_Face
63280,17,530,348,5.02,1,63280,16,Humano,Feliz,3480,Exposicao_Face
63296,17,547,352,5.01,1,63296,16,Humano,Feliz,3496,Exposicao_Face
63313,17,547,350,4.97,1,63313,16,Humano,Feliz,3513,Exposicao_Face
63330,17,544,337,4.94,1,63330,16,Humano,Feliz,3530,Exposicao_Face
63346,17,551,347,4.94,1,63346,16,Humano,Feliz,3546,Exposicao_Face
63363,17,545,335,4.92,1,63363,16,Humano,Feliz,3563,Exposicao_Face
63380,17,548,337,4.97,1,63380,16,Humano,Feliz,3580,Exposicao_Face
63396,17,553,341,5.04,1,63396,16,Humano,Feliz,3596,Exposicao_Face
63413,17,557,326,4.91,1,63413,16,Humano,Feliz,3613,Exposicao_Face
63429,17,545,339,4.94,1,63429,16,Humano,Feliz,3629,Exposicao_Face
63446,17,542,335,5.01,1,63446,16,Humano,Feliz,3646,Exposicao_Face
63463,17,543,320,5.01,1,63463,16,Humano,Feliz,3663,Exposicao_Face
63479,17,530,324,5.01,1,63479,16,Humano,Feliz,3679,Exposicao_Face
63496,17,542,325,5.01,1,63496,16,Humano,Feliz,3696,Exposicao_Face
63513,17,542,355,5.01,1,63513,16,Humano,Feliz,3713,Exposicao_Face
63529,17,540,331,5.01,1,63529,16,Humano,Feliz,3729,Exposicao_Face
63546,17,550,307,4.94,1,63546,16,Humano,Feliz,3746,Exposicao_Face
63563,17,552,327,4.94,1,63563,16,Humano,Feliz,3763,Exposicao_Face
63579,17,540,324,4.92,1,63579,16,Humano,Feliz,3779,Exposicao_Face
63596,17,543,332,4.94,1,63596,16,Humano,Feliz,3796,Exposicao_Face
63612,17,543,336,4.99,1,63612,16,Humano,Feliz,3812,Exposicao_Face
63629,17,541,332,4.96,1,63629,16,Humano,Feliz,3829,Exposicao_Face
63646,17,551,325,4.94,1,63646,16,Humano,Feliz,3846,Exposicao_Face
63662,17,550,342,5.01,1,63662,16,Humano,Feliz,3862,Exposicao_Face
63679,17,545,352,4.97,1,63679,16,Humano,Feliz,3879,Exposicao_Face
63696,17,540,334,4.99,1,63696,16,Humano,Feliz,3896,Exposicao_Face
63712,17,537,319,5.01,1,63712,16,Humano,Feliz,3912,Exposicao_Face
63729,17,546,311,4.97,1,63729,16,Humano,Feliz,3929,Exposicao_Face
63746,17,540,301,4.94,1,63746,16,Humano,Feliz,3946,Exposicao_Face
63762,17,543,313,4.99,1,63762,16,Humano,Feliz,3962,Exposicao_Face
63779,17,529,328,4.94,1,63779,16,Humano,Feliz,3979,Exposicao_Face
63795,17,543,334,4.91,1,63795,16,Humano,Feliz,3995,Exposicao_Face
63812,17,543,336,4.96,1,63812,17,Humano,Neutro,12,Janela_Baseline
63829,17,540,301,4.96,1,63829,17,Humano,Neutro,29,Janela_Baseline
63845,17,541,321,4.96,1,63845,17,Humano,Neutro,45,Janela_Baseline
63862,17,544,330,4.96,1,63862,17,Humano,Neutro,62,Janela_Baseline
63879,17,538,345,4.97,1,63879,17,Humano,Neutro,79,Janela_Baseline
63895,17,540,363,4.99,0,63895,17,Humano,Neutro,95,Janela_Baseline
63912,17,532,479,4.91,3,63912,17,Humano,Neutro,112,Janela_Baseline
64095,183,462,916,0.0,0,64095,17,Humano,Neutro,295,Janela_Baseline
64111,17,466,795,0.0,0,64111,17,Humano,Neutro,311,Janela_Baseline
64128,17,483,334,-1.0,1,64128,17,Humano,Neutro,328,Janela_Baseline
64145,17,141,785,6.85,0,64145,17,Humano,Neutro,345,Janela_Baseline
64161,17,479,427,4.89,3,64161,17,Humano,Neutro,361,Janela_Baseline
64178,17,488,329,4.92,1,64178,17,Humano,Neutro,378,Janela_Baseline
64195,17,500,298,4.94,1,64195,17,Humano,Neutro,395,Janela_Baseline
64261,67,485,316,4.99,1,64261,17,Humano,Neutro,461,Janela_Baseline
64278,17,507,320,4.99,1,64278,17,Humano,Neutro,478,Janela_Baseline
64294,17,549,399,4.97,2,64294,17,Humano,Neutro,494,Janela_Baseline
64311,17,544,415,5.04,2,64311,17,Humano,Neutro,511,Janela_Baseline
64328,17,545,381,5.04,2,64328,17,Humano,Neutro,528,Janela_Baseline
64344,17,542,395,5.05,2,64344,17,Humano,Neutro,544,Janela_Baseline
64361,17,541,401,5.05,2,64361,17,Humano,Neutro,561,Janela_Baseline
64378,17,541,400,5.04,2,64378,17,Humano,Neutro,578,Janela_Baseline
64394,17,544,405,5.1,2,64394,17,Humano,Neutro,594,Janela_Baseline
64411,17,542,418,5.1,3,64411,17,Humano,Neutro,611,Janela_Baseline
64428,17,542,408,5.07,2,64428,17,Humano,Neutro,628,Janela_Baseline
64444,17,545,392,5.07,2,64444,17,Humano,Neutro,644,Janela_Baseline
64461,17,546,386,5.1,2,64461,17,Humano,Neutro,661,Janela_Baseline
64477,17,544,391,5.1,2,64477,17,Humano,Neutro,677,Janela_Baseline
64494,17,546,428,5.13,3,64494,17,Humano,Neutro,694,Janela_Baseline
64511,17,545,416,5.09,5,64511,17,Humano,Neutro,711,Janela_Baseline
64527,17,546,395,5.04,2,64527,17,Humano,Neutro,727,Janela_Baseline
64544,17,552,406,5.05,2,64544,17,Humano,Neutro,744,Janela_Baseline
64561,17,554,409,5.07,2,64561,17,Humano,Neutro,761,Janela_Baseline
64577,17,543,413,5.05,2,64577,17,Humano,Neutro,777,Janela_Baseline
64594,17,523,413,5.04,2,64594,17,Humano,Neutro,794,Janela_Baseline
64611,17,527,407,5.02,2,64611,17,Humano,Neutro,811,Janela_Baseline
64627,17,526,408,4.99,2,64627,17,Humano,Neutro,827,Janela_Baseline
64644,17,531,420,4.99,3,64644,17,Humano,Neutro,844,Janela_Baseline
64660,17,528,421,5.02,3,64660,17,Humano,Neutro,860,Janela_Baseline
64677,17,527,387,4.97,2,64677,17,Humano,Neutro,877,Janela_Baseline
64694,17,531,409,5.02,2,64694,17,Humano,Neutro,894,Janela_Baseline
64710,17,535,412,5.01,2,64710,17,Humano,Neutro,910,Janela_Baseline
64727,17,526,412,5.01,2,64727,17,Humano,Neutro,927,Janela_Baseline
64744,17,528,412,5.02,2,64744,17,Humano,Neutro,944,Janela_Baseline
64760,17,534,421,5.01,3,64760,17,Humano,Neutro,960,Janela_Baseline
64777,17,539,412,5.04,2,64777,17,Humano,Neutro,977,Janela_Baseline
64794,17,523,424,5.04,3,64794,17,Humano,Neutro,994,Janela_Baseline
64810,17,530,416,5.01,5,64810,17,Humano,Neutro,1010,Janela_Baseline
64827,17,522,426,5.04,3,64827,17,Humano,Neutro,1027,Janela_Baseline
64843,17,528,413,5.01,2,64843,17,Humano,Neutro,1043,Janela_Baseline
64860,17,525,417,5.02,5,64860,17,Humano,Neutro,1060,Janela_Baseline
64877,17,521,415,5.02,2,64877,17,Humano,Neutro,1077,Janela_Baseline
64893,17,525,434,5.01,3,64893,17,Humano,Neutro,1093,Janela_Baseline
64910,17,518,419,4.96,3,64910,17,Humano,Neutro,1110,Janela_Baseline
64927,17,639,415,5.07,2,64927,17,Humano,Neutro,1127,Janela_Baseline
64943,17,710,390,5.02,2,64943,17,Humano,Neutro,1143,Janela_Baseline
64960,17,713,390,4.94,2,64960,17,Humano,Neutro,1160,Janela_Baseline
64977,17,728,375,4.94,2,64977,17,Humano,Neutro,1177,Janela_Baseline
64993,17,727,378,4.96,2,64993,17,Humano,Neutro,1193,Janela_Baseline
65010,17,724,400,4.99,2,65010,17,Humano,Neutro,1210,Janela_Baseline
65026,17,730,389,4.94,2,65026,17,Humano,Neutro,1226,Janela_Baseline
65043,17,727,375,4.91,2,65043,17,Humano,Neutro,1243,Janela_Baseline
65060,17,727,377,4.88,2,65060,17,Humano,Neutro,1260,Janela_Baseline
65076,17,729,393,4.94,2,65076,17,Humano,Neutro,1276,Janela_Baseline
65093,17,721,390,4.91,2,65093,17,Humano,Neutro,1293,Janela_Baseline
65110,17,726,399,4.88,2,65110,17,Humano,Neutro,1310,Exposicao_Face
65126,17,728,405,4.91,2,65126,17,Humano,Neutro,1326,Exposicao_Face
65143,17,725,378,4.84,2,65143,17,Humano,Neutro,1343,Exposicao_Face
65159,17,718,376,4.86,2,65159,17,Humano,Neutro,1359,Exposicao_Face
65176,17,729,361,4.81,1,65176,17,Humano,Neutro,1376,Exposicao_Face
65193,17,727,374,4.86,2,65193,17,Humano,Neutro,1393,Exposicao_Face
65209,17,726,370,4.83,2,65209,17,Humano,Neutro,1409,Exposicao_Face
65226,17,728,366,4.78,2,65226,17,Humano,Neutro,1426,Exposicao_Face
65243,17,701,402,4.83,2,65243,17,Humano,Neutro,1443,Exposicao_Face
65259,17,711,394,4.83,2,65259,17,Humano,Neutro,1459,Exposicao_Face
65276,17,721,398,4.81,2,65276,17,Humano,Neutro,1476,Exposicao_Face
65293,17,719,392,4.76,2,65293,17,Humano,Neutro,1493,Exposicao_Face
65309,17,704,390,4.76,2,65309,17,Humano,Neutro,1509,Exposicao_Face
65326,17,718,388,4.75,2,65326,17,Humano,Neutro,1526,Exposicao_Face
65342,17,713,391,4.73,2,65342,17,Humano,Neutro,1542,Exposicao_Face
65359,17,715,397,4.75,2,65359,17,Humano,Neutro,1559,Exposicao_Face
65376,17,713,383,4.75,2,65376,17,Humano,Neutro,1576,Exposicao_Face
65392,17,720,387,4.81,2,65392,17,Humano,Neutro,1592,Exposicao_Face
65409,17,709,380,4.78,2,65409,17,Humano,Neutro,1609,Exposicao_Face
65426,17,719,366,4.72,2,65426,17,Humano,Neutro,1626,Exposicao_Face
65442,17,708,361,4.73,1,65442,17,Humano,Neutro,1642,Exposicao_Face
65459,17,718,375,4.76,2,65459,17,Humano,Neutro,1659,Exposicao_Face
65476,17,714,381,4.75,2,65476,17,Humano,Neutro,1676,Exposicao_Face
65492,17,709,386,4.75,2,65492,17,Humano,Neutro,1692,Exposicao_Face
65509,17,700,382,4.76,2,65509,17,Humano,Neutro,1709,Exposicao_Face
65525,17,708,404,4.84,2,65525,17,Humano,Neutro,1725,Exposicao_Face
65542,17,718,414,4.83,2,65542,17,Humano,Neutro,1742,Exposicao_Face
65559,17,712,393,4.84,2,65559,17,Humano,Neutro,1759,Exposicao_Face
65575,17,721,402,4.8,2,65575,17,Humano,Neutro,1775,Exposicao_Face
65592,17,710,397,4.75,2,65592,17,Humano,Neutro,1792,Exposicao_Face
65609,17,707,375,4.76,2,65609,17,Humano,Neutro,1809,Exposicao_Face
65625,17,711,372,4.78,2,65625,17,Humano,Neutro,1825,Exposicao_Face
65642,17,718,389,4.83,2,65642,17,Humano,Neutro,1842,Exposicao_Face
65659,17,707,394,4.78,2,65659,17,Humano,Neutro,1859,Exposicao_Face
65675,17,714,364,4.76,2,65675,17,Humano,Neutro,1875,Exposicao_Face
65692,17,714,396,4.81,2,65692,17,Humano,Neutro,1892,Exposicao_Face
65708,17,707,395,4.78,2,65708,17,Humano,Neutro,1908,Exposicao_Face
65725,17,591,362,4.78,1,65725,17,Humano,Neutro,1925,Exposicao_Face
65742,17,492,348,4.81,1,65742,17,Humano,Neutro,1942,Exposicao_Face
65758,17,505,357,4.86,1,65758,17,Humano,Neutro,1958,Exposicao_Face
65775,17,498,356,4.86,1,65775,17,Humano,Neutro,1975,Exposicao_Face
65792,17,480,345,4.84,1,65792,17,Humano,Neutro,1992,Exposicao_Face
65808,17,474,354,4.86,1,65808,17,Humano,Neutro,2008,Exposicao_Face
65825,17,473,368,4.88,2,65825,17,Humano,Neutro,2025,Exposicao_Face
65842,17,469,374,4.88,2,65842,17,Humano,Neutro,2042,Exposicao_Face
65858,17,480,357,4.88,1,65858,17,Humano,Neutro,2058,Exposicao_Face
65875,17,508,348,4.86,1,65875,17,Humano,Neutro,2075,Exposicao_Face
65891,17,497,323,4.84,1,65891,17,Humano,Neutro,2091,Exposicao_Face
65908,17,499,345,4.89,1,65908,17,Humano,Neutro,2108,Exposicao_Face
65925,17,472,337,4.89,1,65925,17,Humano,Neutro,2125,Exposicao_Face
65941,17,470,341,4.91,1,65941,17,Humano,Neutro,2141,Exposicao_Face
65958,17,482,354,4.92,1,65958,17,Humano,Neutro,2158,Exposicao_Face
65975,17,468,339,4.88,1,65975,17,Humano,Neutro,2175,Exposicao_Face
65991,17,467,350,4.89,1,65991,17,Humano,Neutro,2191,Exposicao_Face
66008,17,504,337,4.89,1,66008,17,Humano,Neutro,2208,Exposicao_Face
66025,17,499,357,4.91,1,66025,17,Humano,Neutro,2225,Exposicao_Face
66041,17,465,351,4.89,1,66041,17,Humano,Neutro,2241,Exposicao_Face
66058,17,456,346,4.92,1,66058,17,Humano,Neutro,2258,Exposicao_Face
66074,17,486,345,4.92,1,66074,17,Humano,Neutro,2274,Exposicao_Face
66091,17,456,336,4.88,1,66091,17,Humano,Neutro,2291,Exposicao_Face
66108,17,451,347,4.84,1,66108,17,Humano,Neutro,2308,Exposicao_Face
66124,17,459,363,4.84,0,66124,17,Humano,Neutro,2324,Exposicao_Face
66141,17,469,343,4.81,1,66141,17,Humano,Neutro,2341,Exposicao_Face
66158,17,447,329,4.75,1,66158,17,Humano,Neutro,2358,Exposicao_Face
66174,17,484,306,4.75,1,66174,17,Humano,Neutro,2374,Exposicao_Face
66191,17,488,339,4.76,1,66191,17,Humano,Neutro,2391,Exposicao_Face
66207,17,487,325,4.75,1,66207,17,Humano,Neutro,2407,Exposicao_Face
66224,17,475,348,4.76,1,66224,17,Humano,Neutro,2424,Exposicao_Face
66241,17,483,322,4.7,1,66241,17,Humano,Neutro,2441,Exposicao_Face
66257,17,473,340,4.75,1,66257,17,Humano,Neutro,2457,Exposicao_Face
66274,17,484,331,4.7,1,66274,17,Humano,Neutro,2474,Exposicao_Face
66291,17,481,312,4.62,1,66291,17,Humano,Neutro,2491,Exposicao_Face
66307,17,480,336,4.65,1,66307,17,Humano,Neutro,2507,Exposicao_Face
66324,17,484,325,4.64,1,66324,17,Humano,Neutro,2524,Exposicao_Face
66341,17,483,333,4.6,1,66341,17,Humano,Neutro,2541,Exposicao_Face
66357,17,485,331,4.56,1,66357,17,Humano,Neutro,2557,Exposicao_Face
66374,17,486,345,4.59,1,66374,17,Humano,Neutro,2574,Exposicao_Face
66390,17,490,328,4.57,1,66390,17,Humano,Neutro,2590,Exposicao_Face
66407,17,490,351,4.57,1,66407,17,Humano,Neutro,2607,Exposicao_Face
66424,17,488,309,4.44,1,66424,17,Humano,Neutro,2624,Exposicao_Face
66440,17,489,327,4.44,1,66440,17,Humano,Neutro,2640,Exposicao_Face
66457,17,487,364,4.46,2,66457,17,Humano,Neutro,2657,Exposicao_Face
66474,17,492,400,4.43,2,66474,17,Humano,Neutro,2674,Exposicao_Face
66490,17,496,415,4.43,2,66490,17,Humano,Neutro,2690,Exposicao_Face
66507,17,506,428,4.44,3,66507,17,Humano,Neutro,2707,Exposicao_Face
66524,17,507,429,4.4,3,66524,17,Humano,Neutro,2724,Exposicao_Face
66540,17,509,416,4.4,5,66540,17,Humano,Neutro,2740,Exposicao_Face
66557,17,502,417,4.4,5,66557,17,Humano,Neutro,2757,Exposicao_Face
66573,17,503,413,4.41,2,66573,17,Humano,Neutro,2773,Exposicao_Face
66590,17,506,390,4.38,2,66590,17,Humano,Neutro,2790,Exposicao_Face
66607,17,508,412,4.4,2,66607,17,Humano,Neutro,2807,Exposicao_Face
66623,17,501,394,4.43,2,66623,17,Humano,Neutro,2823,Exposicao_Face
66640,17,507,413,4.44,2,66640,17,Humano,Neutro,2840,Exposicao_Face
66657,17,500,403,4.46,2,66657,17,Humano,Neutro,2857,Exposicao_Face
66673,17,506,419,4.46,3,66673,17,Humano,Neutro,2873,Exposicao_Face
66690,17,516,428,4.48,3,66690,17,Humano,Neutro,2890,Exposicao_Face
66707,17,522,398,4.43,2,66707,17,Humano,Neutro,2907,Exposicao_Face
66723,17,526,412,4.44,2,66723,17,Humano,Neutro,2923,Exposicao_Face
66740,17,520,419,4.46,3,66740,17,Humano,Neutro,2940,Exposicao_Face
66756,17,515,442,4.52,3,66756,17,Humano,Neutro,2956,Exposicao_Face
66773,17,522,429,4.48,3,66773,17,Humano,Neutro,2973,Exposicao_Face
66790,17,521,440,4.52,3,66790,17,Humano,Neutro,2990,Exposicao_Face
66806,17,515,426,4.52,3,66806,17,Humano,Neutro,3006,Exposicao_Face
66823,17,520,427,4.57,3,66823,17,Humano,Neutro,3023,Exposicao_Face
66840,17,512,426,4.52,3,66840,17,Humano,Neutro,3040,Exposicao_Face
66856,17,519,414,4.56,2,66856,17,Humano,Neutro,3056,Exposicao_Face
66873,17,509,416,4.52,5,66873,17,Humano,Neutro,3073,Exposicao_Face
66890,17,518,427,4.57,3,66890,17,Humano,Neutro,3090,Exposicao_Face
66906,17,512,420,4.56,3,66906,17,Humano,Neutro,3106,Exposicao_Face
66923,17,513,434,4.6,3,66923,17,Humano,Neutro,3123,Exposicao_Face
66939,17,517,429,4.59,3,66939,17,Humano,Neutro,3139,Exposicao_Face
66956,17,513,429,4.62,3,66956,17,Humano,Neutro,3156,Exposicao_Face
66973,17,513,407,4.59,2,66973,17,Humano,Neutro,3173,Exposicao_Face
66989,17,510,438,4.62,3,66989,17,Humano,Neutro,3189,Exposicao_Face
67006,17,510,448,4.6,3,67006,17,Humano,Neutro,3206,Exposicao_Face
67023,17,511,398,4.6,2,67023,17,Humano,Neutro,3223,Exposicao_Face
67039,17,519,338,4.64,1,67039,17,Humano,Neutro,3239,Exposicao_Face
67056,17,532,340,4.64,1,67056,17,Humano,Neutro,3256,Exposicao_Face
67073,17,529,350,4.59,1,67073,17,Humano,Neutro,3273,Exposicao_Face
67089,17,531,354,4.62,1,67089,17,Humano,Neutro,3289,Exposicao_Face
67106,17,533,360,4.64,1,67106,17,Humano,Neutro,3306,Exposicao_Face
67122,17,527,353,4.62,1,67122,17,Humano,Neutro,3322,Exposicao_Face
67139,17,533,344,4.6,1,67139,17,Humano,Neutro,3339,Exposicao_Face
67156,17,525,361,4.65,1,67156,17,Humano,Neutro,3356,Exposicao_Face
67172,17,512,360,4.64,1,67172,17,Humano,Neutro,3372,Exposicao_Face
67189,17,525,369,4.62,2,67189,17,Humano,Neutro,3389,Exposicao_Face
67206,17,530,360,4.67,1,67206,17,Humano,Neutro,3406,Exposicao_Face
67222,17,522,351,4.64,1,67222,17,Humano,Neutro,3422,Exposicao_Face
67289,67,528,353,4.64,1,67289,17,Humano,Neutro,3489,Exposicao_Face
67305,17,530,360,4.7,1,67305,17,Humano,Neutro,3505,Exposicao_Face
67322,17,513,357,4.68,1,67322,17,Humano,Neutro,3522,Exposicao_Face
67339,17,524,345,4.7,1,67339,17,Humano,Neutro,3539,Exposicao_Face
67355,17,521,362,4.75,1,67355,17,Humano,Neutro,3555,Exposicao_Face
67372,17,530,352,4.72,1,67372,17,Humano,Neutro,3572,Exposicao_Face
67389,17,526,365,4.75,2,67389,17,Humano,Neutro,3589,Exposicao_Face
67405,17,513,376,4.76,2,67405,17,Humano,Neutro,3605,Exposicao_Face
67422,17,518,375,4.75,2,67422,17,Humano,Neutro,3622,Exposicao_Face
67438,17,518,365,4.7,2,67438,17,Humano,Neutro,3638,Exposicao_Face
67455,17,510,376,4.73,2,67455,17,Humano,Neutro,3655,Exposicao_Face
67472,17,517,368,4.75,2,67472,17,Humano,Neutro,3672,Exposicao_Face
67488,17,516,360,4.75,1,67488,17,Humano,Neutro,3688,Exposicao_Face
67505,17,517,366,4.78,2,67505,17,Humano,Neutro,3705,Exposicao_Face
67522,17,517,361,4.81,1,67522,17,Humano,Neutro,3722,Exposicao_Face
67538,17,521,335,4.75,1,67538,17,Humano,Neutro,3738,Exposicao_Face
67555,17,509,356,4.78,1,67555,17,Humano,Neutro,3755,Exposicao_Face
67572,17,521,353,4.81,1,67572,17,Humano,Neutro,3772,Exposicao_Face
67588,17,514,365,4.84,2,67588,17,Humano,Neutro,3788,Exposicao_Face
67605,17,530,360,4.83,1,67605,17,Humano,Neutro,3805,Exposicao_Face
67621,17,513,346,4.84,1,67621,17,Humano,Neutro,3821,Exposicao_Face
67638,17,530,362,4.86,1,67638,17,Humano,Neutro,3838,Exposicao_Face
67655,17,508,352,4.88,1,67655,17,Humano,Neutro,3855,Exposicao_Face
67671,17,509,352,4.86,1,67671,17,Humano,Neutro,3871,Exposicao_Face
67688,17,528,371,4.89,2,67688,17,Humano,Neutro,3888,Exposicao_Face
67705,17,510,371,4.89,2,67705,17,Humano,Neutro,3905,Exposicao_Face
67721,17,511,377,4.96,2,67721,17,Humano,Neutro,3921,Exposicao_Face
67738,17,504,370,4.96,2,67738,17,Humano,Neutro,3938,Exposicao_Face
67755,17,526,370,4.91,2,67755,17,Humano,Neutro,3955,Exposicao_Face
67771,17,535,373,4.91,2,67771,17,Humano,Neutro,3971,Exposicao_Face
67788,17,530,364,4.92,2,67788,17,Humano,Neutro,3988,Exposicao_Face
67804,17,532,376,4.99,2,67804,18,Humano,Raiva,4,Janela_Baseline
67821,17,528,377,4.97,2,67821,18,Humano,Raiva,21,Janela_Baseline
67838,17,503,394,5.01,2,67838,18,Humano,Raiva,38,Janela_Baseline
67854,17,504,360,4.99,1,67854,18,Humano,Raiva,54,Janela_Baseline
67871,17,531,351,5.01,1,67871,18,Humano,Raiva,71,Janela_Baseline
67888,17,526,367,5.01,2,67888,18,Humano,Raiva,88,Janela_Baseline
67904,17,486,375,5.02,2,67904,18,Humano,Raiva,104,Janela_Baseline
67921,17,463,325,4.91,1,67921,18,Humano,Raiva,121,Janela_Baseline
67938,17,457,345,4.91,1,67938,18,Humano,Raiva,138,Janela_Baseline
67954,17,455,337,4.92,1,67954,18,Humano,Raiva,154,Janela_Baseline
67971,17,481,355,4.91,1,67971,18,Humano,Raiva,171,Janela_Baseline
67987,17,487,331,4.88,1,67987,18,Humano,Raiva,187,Janela_Baseline
68004,17,486,349,4.89,1,68004,18,Humano,Raiva,204,Janela_Baseline
68021,17,491,347,4.83,1,68021,18,Humano,Raiva,221,Janela_Baseline
68037,17,457,326,4.84,1,68037,18,Humano,Raiva,237,Janela_Baseline
68054,17,497,313,4.78,1,68054,18,Humano,Raiva,254,Janela_Baseline
68071,17,485,344,4.81,1,68071,18,Humano,Raiva,271,Janela_Baseline
68087,17,485,357,4.72,1,68087,18,Humano,Raiva,287,Janela_Baseline
68104,17,489,301,4.73,1,68104,18,Humano,Raiva,304,Janela_Baseline
68121,17,493,331,4.7,1,68121,18,Humano,Raiva,321,Janela_Baseline
68137,17,484,301,4.64,1,68137,18,Humano,Raiva,337,Janela_Baseline
68154,17,478,330,4.64,1,68154,18,Humano,Raiva,354,Janela_Baseline
68170,17,488,306,4.67,1,68170,18,Humano,Raiva,370,Janela_Baseline
68187,17,486,327,4.62,1,68187,18,Humano,Raiva,387,Janela_Baseline
68204,17,488,344,4.67,1,68204,18,Humano,Raiva,404,Janela_Baseline
68220,17,472,328,4.6,1,68220,18,Humano,Raiva,420,Janela_Baseline
68237,17,485,340,4.62,1,68237,18,Humano,Raiva,437,Janela_Baseline
68254,17,484,333,4.57,1,68254,18,Humano,Raiva,454,Janela_Baseline
68270,17,490,312,4.59,1,68270,18,Humano,Raiva,470,Janela_Baseline
68287,17,488,323,4.57,1,68287,18,Humano,Raiva,487,Janela_Baseline
68304,17,485,316,4.62,1,68304,18,Humano,Raiva,504,Janela_Baseline
68320,17,484,308,4.54,1,68320,18,Humano,Raiva,520,Janela_Baseline
68337,17,486,316,4.57,1,68337,18,Humano,Raiva,537,Janela_Baseline
68353,17,485,325,4.59,1,68353,18,Humano,Raiva,553,Janela_Baseline
68370,17,492,314,4.57,1,68370,18,Humano,Raiva,570,Janela_Baseline
68387,17,487,321,4.59,1,68387,18,Humano,Raiva,587,Janela_Baseline
68403,17,483,332,4.56,1,68403,18,Humano,Raiva,603,Janela_Baseline
68420,17,486,317,4.57,1,68420,18,Humano,Raiva,620,Janela_Baseline
68437,17,484,313,4.51,1,68437,18,Humano,Raiva,637,Janela_Baseline
68453,17,483,320,4.51,1,68453,18,Humano,Raiva,653,Janela_Baseline
68470,17,485,347,4.52,1,68470,18,Humano,Raiva,670,Janela_Baseline
68486,17,490,309,4.49,1,68486,18,Humano,Raiva,686,Janela_Baseline
68503,17,489,332,4.48,1,68503,18,Humano,Raiva,703,Janela_Baseline
68520,17,483,326,4.49,1,68520,18,Humano,Raiva,720,Janela_Baseline
68536,17,481,337,4.54,1,68536,18,Humano,Raiva,736,Janela_Baseline
68553,17,482,328,4.54,1,68553,18,Humano,Raiva,753,Janela_Baseline
68570,17,489,311,4.51,1,68570,18,Humano,Raiva,770,Janela_Baseline
68586,17,484,321,4.49,1,68586,18,Humano,Raiva,786,Janela_Baseline
68603,17,492,332,4.51,1,68603,18,Humano,Raiva,803,Janela_Baseline
68620,17,487,319,4.46,1,68620,18,Humano,Raiva,820,Janela_Baseline
68636,17,489,319,4.43,1,68636,18,Humano,Raiva,836,Janela_Baseline
68653,17,488,320,4.46,1,68653,18,Humano,Raiva,853,Janela_Baseline
68669,17,482,325,4.49,1,68669,18,Humano,Raiva,869,Janela_Baseline
68686,17,485,307,4.49,1,68686,18,Humano,Raiva,886,Janela_Baseline
68703,17,482,318,4.51,1,68703,18,Humano,Raiva,903,Janela_Baseline
68719,17,500,330,4.51,1,68719,18,Humano,Raiva,919,Janela_Baseline
68736,17,482,327,4.49,1,68736,18,Humano,Raiva,936,Janela_Baseline
68753,17,488,335,4.51,1,68753,18,Humano,Raiva,953,Janela_Baseline
68769,17,487,337,4.54,1,68769,18,Humano,Raiva,969,Janela_Baseline
68786,17,487,328,4.54,1,68786,18,Humano,Raiva,986,Janela_Baseline
68803,17,482,308,4.49,1,68803,18,Humano,Raiva,1003,Janela_Baseline
68819,17,486,296,4.51,1,68819,18,Humano,Raiva,1019,Janela_Baseline
68836,17,485,332,4.57,1,68836,18,Humano,Raiva,1036,Janela_Baseline
68852,17,480,356,4.59,1,68852,18,Humano,Raiva,1052,Janela_Baseline
68869,17,469,516,4.59,3,68869,18,Humano,Raiva,1069,Janela_Baseline
69019,150,460,981,0.0,0,69019,18,Humano,Raiva,1219,Janela_Baseline
69052,33,486,504,4.64,3,69052,18,Humano,Raiva,1252,Janela_Baseline
69052,0,486,504,4.64,3,69052,18,Humano,Raiva,1252,Janela_Baseline
69069,17,500,351,4.65,1,69069,18,Humano,Raiva,1269,Janela_Baseline
69085,17,493,325,4.62,1,69085,18,Humano,Raiva,1285,Janela_Baseline
69102,17,515,295,4.62,1,69102,18,Humano,Raiva,1302,Exposicao_Face
69119,17,506,259,4.62,1,69119,18,Humano,Raiva,1319,Exposicao_Face
69135,17,509,206,4.62,1,69135,18,Humano,Raiva,1335,Exposicao_Face
69152,17,507,288,4.62,1,69152,18,Humano,Raiva,1352,Exposicao_Face
69169,17,504,309,4.64,1,69169,18,Humano,Raiva,1369,Exposicao_Face
69185,17,500,325,4.64,1,69185,18,Humano,Raiva,1385,Exposicao_Face
69202,17,510,304,4.64,1,69202,18,Humano,Raiva,1402,Exposicao_Face
69218,17,506,306,4.64,1,69218,18,Humano,Raiva,1418,Exposicao_Face
69235,17,512,322,4.68,1,69235,18,Humano,Raiva,1435,Exposicao_Face
69252,17,510,328,4.68,1,69252,18,Humano,Raiva,1452,Exposicao_Face
69268,17,510,316,4.65,1,69268,18,Humano,Raiva,1468,Exposicao_Face
69285,17,455,325,4.68,1,69285,18,Humano,Raiva,1485,Exposicao_Face
69302,17,481,325,4.68,1,69302,18,Humano,Raiva,1502,Exposicao_Face
69318,17,460,355,4.78,1,69318,18,Humano,Raiva,1518,Exposicao_Face
69335,17,459,317,4.73,1,69335,18,Humano,Raiva,1535,Exposicao_Face
69352,17,483,330,4.76,1,69352,18,Humano,Raiva,1552,Exposicao_Face
69368,17,483,345,4.81,1,69368,18,Humano,Raiva,1568,Exposicao_Face
69385,17,471,343,4.75,1,69385,18,Humano,Raiva,1585,Exposicao_Face
69401,17,464,322,4.73,1,69401,18,Humano,Raiva,1601,Exposicao_Face
69418,17,454,341,4.75,1,69418,18,Humano,Raiva,1618,Exposicao_Face
69435,17,479,331,4.72,1,69435,18,Humano,Raiva,1635,Exposicao_Face
69451,17,467,360,4.78,1,69451,18,Humano,Raiva,1651,Exposicao_Face
69468,17,483,338,4.72,1,69468,18,Humano,Raiva,1668,Exposicao_Face
69485,17,476,346,4.75,1,69485,18,Humano,Raiva,1685,Exposicao_Face
69501,17,477,327,4.7,1,69501,18,Humano,Raiva,1701,Exposicao_Face
69518,17,486,335,4.72,1,69518,18,Humano,Raiva,1718,Exposicao_Face
69535,17,466,330,4.72,1,69535,18,Humano,Raiva,1735,Exposicao_Face
69551,17,461,316,4.68,1,69551,18,Humano,Raiva,1751,Exposicao_Face
69568,17,470,321,4.72,1,69568,18,Humano,Raiva,1768,Exposicao_Face
69584,17,477,328,4.72,1,69584,18,Humano,Raiva,1784,Exposicao_Face
69601,17,471,321,4.7,1,69601,18,Humano,Raiva,1801,Exposicao_Face
69618,17,468,334,4.73,1,69618,18,Humano,Raiva,1818,Exposicao_Face
69634,17,489,339,4.73,1,69634,18,Humano,Raiva,1834,Exposicao_Face
69651,17,472,319,4.67,1,69651,18,Humano,Raiva,1851,Exposicao_Face
69668,17,478,334,4.73,1,69668,18,Humano,Raiva,1868,Exposicao_Face
69684,17,472,345,4.75,1,69684,18,Humano,Raiva,1884,Exposicao_Face
69701,17,465,357,4.75,1,69701,18,Humano,Raiva,1901,Exposicao_Face
69717,17,473,354,4.75,1,69717,18,Humano,Raiva,1917,Exposicao_Face
69734,17,477,346,4.75,1,69734,18,Humano,Raiva,1934,Exposicao_Face
69751,17,463,362,4.75,1,69751,18,Humano,Raiva,1951,Exposicao_Face
69767,17,472,336,4.72,1,69767,18,Humano,Raiva,1967,Exposicao_Face
69784,17,493,330,4.76,1,69784,18,Humano,Raiva,1984,Exposicao_Face
69801,17,495,316,4.75,1,69801,18,Humano,Raiva,2001,Exposicao_Face
69817,17,476,323,4.76,1,69817,18,Humano,Raiva,2017,Exposicao_Face
69834,17,493,351,4.84,1,69834,18,Humano,Raiva,2034,Exposicao_Face
69851,17,498,348,4.88,1,69851,18,Humano,Raiva,2051,Exposicao_Face
69867,17,498,339,4.8,1,69867,18,Humano,Raiva,2067,Exposicao_Face
69884,17,499,331,4.8,1,69884,18,Humano,Raiva,2084,Exposicao_Face
69900,17,483,357,4.88,1,69900,18,Humano,Raiva,2100,Exposicao_Face
69917,17,475,351,4.88,1,69917,18,Humano,Raiva,2117,Exposicao_Face
69934,17,483,350,4.86,1,69934,18,Humano,Raiva,2134,Exposicao_Face
69950,17,505,352,4.88,1,69950,18,Humano,Raiva,2150,Exposicao_Face
69967,17,470,367,4.89,2,69967,18,Humano,Raiva,2167,Exposicao_Face
69984,17,493,351,4.83,1,69984,18,Humano,Raiva,2184,Exposicao_Face
70000,17,476,355,4.89,1,70000,18,Humano,Raiva,2200,Exposicao_Face
70017,17,499,347,4.86,1,70017,18,Humano,Raiva,2217,Exposicao_Face
70034,17,496,354,4.88,1,70034,18,Humano,Raiva,2234,Exposicao_Face
70050,17,499,363,4.94,0,70050,18,Humano,Raiva,2250,Exposicao_Face
70067,17,501,337,4.88,1,70067,18,Humano,Raiva,2267,Exposicao_Face
70083,17,496,330,4.89,1,70083,18,Humano,Raiva,2283,Exposicao_Face
70100,17,475,374,4.92,2,70100,18,Humano,Raiva,2300,Exposicao_Face
70117,17,575,339,4.96,1,70117,18,Humano,Raiva,2317,Exposicao_Face
70133,17,612,333,4.91,1,70133,18,Humano,Raiva,2333,Exposicao_Face
70150,17,608,336,5.01,1,70150,18,Humano,Raiva,2350,Exposicao_Face
70167,17,613,347,5.01,1,70167,18,Humano,Raiva,2367,Exposicao_Face
70183,17,610,325,4.89,1,70183,18,Humano,Raiva,2383,Exposicao_Face
70200,17,614,348,5.02,1,70200,18,Humano,Raiva,2400,Exposicao_Face
70217,17,613,330,4.97,1,70217,18,Humano,Raiva,2417,Exposicao_Face
70233,17,609,328,5.01,1,70233,18,Humano,Raiva,2433,Exposicao_Face
70250,17,611,326,5.02,1,70250,18,Humano,Raiva,2450,Exposicao_Face
70266,17,607,316,4.99,1,70266,18,Humano,Raiva,2466,Exposicao_Face
70283,17,611,308,5.01,1,70283,18,Humano,Raiva,2483,Exposicao_Face
70300,17,615,328,5.01,1,70300,18,Humano,Raiva,2500,Exposicao_Face
70316,17,609,339,5.02,1,70316,18,Humano,Raiva,2516,Exposicao_Face
70333,17,614,299,4.99,1,70333,18,Humano,Raiva,2533,Exposicao_Face
70350,17,607,323,4.99,1,70350,18,Humano,Raiva,2550,Exposicao_Face
70366,17,611,329,5.04,1,70366,18,Humano,Raiva,2566,Exposicao_Face
70383,17,608,331,5.01,1,70383,18,Humano,Raiva,2583,Exposicao_Face
70400,17,607,348,5.04,1,70400,18,Humano,Raiva,2600,Exposicao_Face
70416,17,608,331,5.01,1,70416,18,Humano,Raiva,2616,Exposicao_Face
70433,17,608,348,5.05,1,70433,18,Humano,Raiva,2633,Exposicao_Face
70449,17,606,352,5.05,1,70449,18,Humano,Raiva,2649,Exposicao_Face
70466,17,609,332,5.01,1,70466,18,Humano,Raiva,2666,Exposicao_Face
70483,17,605,338,5.02,1,70483,18,Humano,Raiva,2683,Exposicao_Face
70499,17,608,316,4.96,1,70499,18,Humano,Raiva,2699,Exposicao_Face
70516,17,609,348,5.02,1,70516,18,Humano,Raiva,2716,Exposicao_Face
70533,17,608,327,5.01,1,70533,18,Humano,Raiva,2733,Exposicao_Face
70549,17,606,338,5.04,1,70549,18,Humano,Raiva,2749,Exposicao_Face
70566,17,607,338,5.04,1,70566,18,Humano,Raiva,2766,Exposicao_Face
70583,17,604,329,5.04,1,70583,18,Humano,Raiva,2783,Exposicao_Face
70599,17,602,326,5.02,1,70599,18,Humano,Raiva,2799,Exposicao_Face
70616,17,612,334,5.04,1,70616,18,Humano,Raiva,2816,Exposicao_Face
70632,17,603,338,4.99,1,70632,18,Humano,Raiva,2832,Exposicao_Face
70649,17,591,329,4.97,1,70649,18,Humano,Raiva,2849,Exposicao_Face
70666,17,588,494,5.05,3,70666,18,Humano,Raiva,2866,Exposicao_Face
70865,200,464,910,0.0,0,70865,18,Humano,Raiva,3065,Exposicao_Face
70882,17,455,1061,6.91,0,70882,18,Humano,Raiva,3082,Exposicao_Face
70899,17,177,819,6.83,0,70899,18,Humano,Raiva,3099,Exposicao_Face
70915,17,487,493,5.01,3,70915,18,Humano,Raiva,3115,Exposicao_Face
70932,17,493,413,5.04,2,70932,18,Humano,Raiva,3132,Exposicao_Face
70948,17,506,232,5.02,1,70948,18,Humano,Raiva,3148,Exposicao_Face
70965,17,493,355,5.02,1,70965,18,Humano,Raiva,3165,Exposicao_Face
70982,17,488,222,5.05,1,70982,18,Humano,Raiva,3182,Exposicao_Face
70998,17,516,257,5.05,1,70998,18,Humano,Raiva,3198,Exposicao_Face
71015,17,500,312,5.05,1,71015,18,Humano,Raiva,3215,Exposicao_Face
71032,17,494,327,5.05,1,71032,18,Humano,Raiva,3232,Exposicao_Face
71048,17,510,339,5.02,1,71048,18,Humano,Raiva,3248,Exposicao_Face
71065,17,477,379,5.05,2,71065,18,Humano,Raiva,3265,Exposicao_Face
71082,17,502,328,5.01,1,71082,18,Humano,Raiva,3282,Exposicao_Face
71098,17,489,346,4.99,1,71098,18,Humano,Raiva,3298,Exposicao_Face
71115,17,514,331,5.01,1,71115,18,Humano,Raiva,3315,Exposicao_Face
71131,17,540,364,5.02,2,71131,18,Humano,Raiva,3331,Exposicao_Face
71148,17,540,388,5.01,2,71148,18,Humano,Raiva,3348,Exposicao_Face
71165,17,545,363,5.01,0,71165,18,Humano,Raiva,3365,Exposicao_Face
71181,17,549,377,4.96,2,71181,18,Humano,Raiva,3381,Exposicao_Face
71198,17,544,362,5.01,1,71198,18,Humano,Raiva,3398,Exposicao_Face
71215,17,542,363,4.99,0,71215,18,Humano,Raiva,3415,Exposicao_Face
71231,17,552,373,5.02,2,71231,18,Humano,Raiva,3431,Exposicao_Face
71248,17,536,365,4.94,2,71248,18,Humano,Raiva,3448,Exposicao_Face
71265,17,535,388,4.96,2,71265,18,Humano,Raiva,3465,Exposicao_Face
71281,17,545,366,4.88,2,71281,18,Humano,Raiva,3481,Exposicao_Face
71298,17,550,342,4.88,1,71298,18,Humano,Raiva,3498,Exposicao_Face
71314,17,551,358,4.88,1,71314,18,Humano,Raiva,3514,Exposicao_Face
71331,17,560,365,4.88,2,71331,18,Humano,Raiva,3531,Exposicao_Face
71348,17,544,360,4.89,1,71348,18,Humano,Raiva,3548,Exposicao_Face
71364,17,551,361,4.81,1,71364,18,Humano,Raiva,3564,Exposicao_Face
71381,17,546,356,4.86,1,71381,18,Humano,Raiva,3581,Exposicao_Face
71398,17,541,378,4.88,2,71398,18,Humano,Raiva,3598,Exposicao_Face
71414,17,545,369,4.84,2,71414,18,Humano,Raiva,3614,Exposicao_Face
71431,17,541,312,4.76,1,71431,18,Humano,Raiva,3631,Exposicao_Face
71448,17,543,351,4.78,1,71448,18,Humano,Raiva,3648,Exposicao_Face
71464,17,538,360,4.75,1,71464,18,Humano,Raiva,3664,Exposicao_Face
71481,17,547,346,4.78,1,71481,18,Humano,Raiva,3681,Exposicao_Face
71497,17,539,383,4.83,2,71497,18,Humano,Raiva,3697,Exposicao_Face
71514,17,544,365,4.8,2,71514,18,Humano,Raiva,3714,Exposicao_Face
71531,17,552,333,4.72,1,71531,18,Humano,Raiva,3731,Exposicao_Face
71547,17,550,331,4.72,1,71547,18,Humano,Raiva,3747,Exposicao_Face
71564,17,551,350,4.73,1,71564,18,Humano,Raiva,3764,Exposicao_Face
71581,17,542,363,4.76,0,71581,18,Humano,Raiva,3781,Exposicao_Face
71597,17,548,370,4.75,2,71597,18,Humano,Raiva,3797,Exposicao_Face
71614,17,540,354,4.76,1,71614,18,Humano,Raiva,3814,Exposicao_Face
71631,17,549,359,4.72,1,71631,18,Humano,Raiva,3831,Exposicao_Face
71647,17,552,356,4.7,1,71647,18,Humano,Raiva,3847,Exposicao_Face
71664,17,536,366,4.75,2,71664,18,Humano,Raiva,3864,Exposicao_Face
71680,17,549,346,4.7,1,71680,18,Humano,Raiva,3880,Exposicao_Face
71697,17,540,353,4.72,1,71697,18,Humano,Raiva,3897,Exposicao_Face
71714,17,550,356,4.75,1,71714,18,Humano,Raiva,3914,Exposicao_Face
71730,17,549,356,4.78,1,71730,18,Humano,Raiva,3930,Exposicao_Face
71747,17,542,370,4.78,2,71747,18,Humano,Raiva,3947,Exposicao_Face
71764,17,538,383,4.8,2,71764,18,Humano,Raiva,3964,Exposicao_Face
71780,17,550,360,4.73,1,71780,18,Humano,Raiva,3980,Exposicao_Face
71797,17,542,362,4.76,1,71797,18,Humano,Raiva,3997,Exposicao_Face
71814,17,546,364,4.81,2,71814,19,Humano,Feliz,14,Janela_Baseline
71830,17,543,356,4.78,1,71830,19,Humano,Feliz,30,Janela_Baseline
71847,17,540,361,4.75,1,71847,19,Humano,Feliz,47,Janela_Baseline
71863,17,550,356,4.78,1,71863,19,Humano,Feliz,63,Janela_Baseline
71880,17,542,343,4.75,1,71880,19,Humano,Feliz,80,Janela_Baseline
71897,17,532,354,4.78,1,71897,19,Humano,Feliz,97,Janela_Baseline
71913,17,542,347,4.76,1,71913,19,Humano,Feliz,113,Janela_Baseline
71930,17,533,378,4.84,2,71930,19,Humano,Feliz,130,Janela_Baseline
71947,17,556,363,4.88,0,71947,19,Humano,Feliz,147,Janela_Baseline
71963,17,543,372,4.88,2,71963,19,Humano,Feliz,163,Janela_Baseline
71980,17,556,352,4.88,1,71980,19,Humano,Feliz,180,Janela_Baseline
71996,17,497,327,4.91,1,71996,19,Humano,Feliz,196,Janela_Baseline
72013,17,460,338,4.84,1,72013,19,Humano,Feliz,213,Janela_Baseline
72030,17,493,324,4.88,1,72030,19,Humano,Feliz,230,Janela_Baseline
72046,17,467,334,4.91,1,72046,19,Humano,Feliz,246,Janela_Baseline
72063,17,469,332,4.89,1,72063,19,Humano,Feliz,263,Janela_Baseline
72080,17,464,351,4.92,1,72080,19,Humano,Feliz,280,Janela_Baseline
72096,17,495,345,4.92,1,72096,19,Humano,Feliz,296,Janela_Baseline
72113,17,491,324,4.94,1,72113,19,Humano,Feliz,313,Janela_Baseline
72130,17,470,327,4.97,1,72130,19,Humano,Feliz,330,Janela_Baseline
72146,17,486,311,4.94,1,72146,19,Humano,Feliz,346,Janela_Baseline
72163,17,488,310,4.91,1,72163,19,Humano,Feliz,363,Janela_Baseline
72179,17,486,318,5.04,1,72179,19,Humano,Feliz,379,Janela_Baseline
72196,17,473,314,5.01,1,72196,19,Humano,Feliz,396,Janela_Baseline
72213,17,486,302,5.01,1,72213,19,Humano,Feliz,413,Janela_Baseline
72229,17,480,312,5.01,1,72229,19,Humano,Feliz,429,Janela_Baseline
72246,17,484,310,5.01,1,72246,19,Humano,Feliz,446,Janela_Baseline
72263,17,480,304,5.01,1,72263,19,Humano,Feliz,463,Janela_Baseline
72279,17,485,326,4.99,1,72279,19,Humano,Feliz,479,Janela_Baseline
72296,17,478,314,5.02,1,72296,19,Humano,Feliz,496,Janela_Baseline
72313,17,477,334,5.12,1,72313,19,Humano,Feliz,513,Janela_Baseline
72329,17,479,323,5.05,1,72329,19,Humano,Feliz,529,Janela_Baseline
72346,17,487,317,5.01,1,72346,19,Humano,Feliz,546,Janela_Baseline
72362,17,476,329,5.09,1,72362,19,Humano,Feliz,562,Janela_Baseline
72379,17,470,329,5.01,1,72379,19,Humano,Feliz,579,Janela_Baseline
72396,17,560,320,5.04,1,72396,19,Humano,Feliz,596,Janela_Baseline
72412,17,596,321,5.1,1,72412,19,Humano,Feliz,612,Janela_Baseline
72429,17,596,324,5.1,1,72429,19,Humano,Feliz,629,Janela_Baseline
72446,17,591,302,5.07,1,72446,19,Humano,Feliz,646,Janela_Baseline
72462,17,598,320,5.07,1,72462,19,Humano,Feliz,662,Janela_Baseline
72479,17,597,314,5.13,1,72479,19,Humano,Feliz,679,Janela_Baseline
72496,17,593,315,5.13,1,72496,19,Humano,Feliz,696,Janela_Baseline
72512,17,593,302,5.12,1,72512,19,Humano,Feliz,712,Janela_Baseline
72529,17,590,313,5.17,1,72529,19,Humano,Feliz,729,Janela_Baseline
72545,17,596,337,5.15,1,72545,19,Humano,Feliz,745,Janela_Baseline
72562,17,590,337,5.18,1,72562,19,Humano,Feliz,762,Janela_Baseline
72579,17,594,309,5.13,1,72579,19,Humano,Feliz,779,Janela_Baseline
72595,17,596,303,5.15,1,72595,19,Humano,Feliz,795,Janela_Baseline
72612,17,589,332,5.12,1,72612,19,Humano,Feliz,812,Janela_Baseline
72629,17,591,345,5.15,1,72629,19,Humano,Feliz,829,Janela_Baseline
72645,17,592,318,5.13,1,72645,19,Humano,Feliz,845,Janela_Baseline
72662,17,608,326,5.13,1,72662,19,Humano,Feliz,862,Janela_Baseline
72679,17,611,326,5.18,1,72679,19,Humano,Feliz,879,Janela_Baseline
72695,17,612,311,5.15,1,72695,19,Humano,Feliz,895,Janela_Baseline
72712,17,614,318,5.12,1,72712,19,Humano,Feliz,912,Janela_Baseline
72728,17,612,320,5.15,1,72728,19,Humano,Feliz,928,Janela_Baseline
72745,17,609,326,5.15,1,72745,19,Humano,Feliz,945,Janela_Baseline
72762,17,609,320,5.13,1,72762,19,Humano,Feliz,962,Janela_Baseline
72795,33,609,329,5.13,1,72795,19,Humano,Feliz,995,Janela_Baseline
72795,0,609,329,5.13,1,72795,19,Humano,Feliz,995,Janela_Baseline
72812,17,617,324,5.15,1,72812,19,Humano,Feliz,1012,Janela_Baseline
72828,17,611,337,5.17,1,72828,19,Humano,Feliz,1028,Janela_Baseline
72845,17,615,337,5.15,1,72845,19,Humano,Feliz,1045,Janela_Baseline
72862,17,610,344,5.12,1,72862,19,Humano,Feliz,1062,Janela_Baseline
72878,17,603,344,5.15,1,72878,19,Humano,Feliz,1078,Janela_Baseline
72895,17,612,349,5.13,1,72895,19,Humano,Feliz,1095,Janela_Baseline
72911,17,604,331,5.1,1,72911,19,Humano,Feliz,1111,Janela_Baseline
72928,17,607,323,5.1,1,72928,19,Humano,Feliz,1128,Janela_Baseline
72945,17,607,327,5.13,1,72945,19,Humano,Feliz,1145,Janela_Baseline
72961,17,613,326,5.17,1,72961,19,Humano,Feliz,1161,Janela_Baseline
72978,17,605,321,5.17,1,72978,19,Humano,Feliz,1178,Janela_Baseline
72995,17,609,316,5.17,1,72995,19,Humano,Feliz,1195,Janela_Baseline
73011,17,613,304,5.1,1,73011,19,Humano,Feliz,1211,Janela_Baseline
73028,17,609,323,5.18,1,73028,19,Humano,Feliz,1228,Janela_Baseline
73045,17,606,302,5.15,1,73045,19,Humano,Feliz,1245,Janela_Baseline
73061,17,607,310,5.21,1,73061,19,Humano,Feliz,1261,Janela_Baseline
73078,17,607,334,5.18,1,73078,19,Humano,Feliz,1278,Janela_Baseline
73094,17,606,328,5.25,1,73094,19,Humano,Feliz,1294,Janela_Baseline
73111,17,609,308,5.2,1,73111,19,Humano,Feliz,1311,Exposicao_Face
73128,17,604,327,5.18,1,73128,19,Humano,Feliz,1328,Exposicao_Face
73144,17,604,313,5.2,1,73144,19,Humano,Feliz,1344,Exposicao_Face
73161,17,598,306,5.18,1,73161,19,Humano,Feliz,1361,Exposicao_Face
73178,17,599,331,5.25,1,73178,19,Humano,Feliz,1378,Exposicao_Face
73194,17,607,289,5.18,1,73194,19,Humano,Feliz,1394,Exposicao_Face
73211,17,607,319,5.26,1,73211,19,Humano,Feliz,1411,Exposicao_Face
73227,17,558,379,5.25,2,73227,19,Humano,Feliz,1427,Exposicao_Face
73244,17,550,407,5.23,2,73244,19,Humano,Feliz,1444,Exposicao_Face
73261,17,547,441,5.26,3,73261,19,Humano,Feliz,1461,Exposicao_Face
73277,17,544,416,5.26,5,73277,19,Humano,Feliz,1477,Exposicao_Face
73294,17,547,432,5.25,3,73294,19,Humano,Feliz,1494,Exposicao_Face
73311,17,547,428,5.25,3,73311,19,Humano,Feliz,1511,Exposicao_Face
73327,17,544,428,5.26,3,73327,19,Humano,Feliz,1527,Exposicao_Face
73344,17,534,423,5.26,3,73344,19,Humano,Feliz,1544,Exposicao_Face
73361,17,537,423,5.26,3,73361,19,Humano,Feliz,1561,Exposicao_Face
73377,17,547,449,5.33,3,73377,19,Humano,Feliz,1577,Exposicao_Face
73394,17,553,431,5.28,3,73394,19,Humano,Feliz,1594,Exposicao_Face
73410,17,545,431,5.33,3,73410,19,Humano,Feliz,1610,Exposicao_Face
73427,17,539,438,5.37,3,73427,19,Humano,Feliz,1627,Exposicao_Face
73444,17,543,418,5.26,3,73444,19,Humano,Feliz,1644,Exposicao_Face
73460,17,539,412,5.31,2,73460,19,Humano,Feliz,1660,Exposicao_Face
73477,17,539,424,5.29,3,73477,19,Humano,Feliz,1677,Exposicao_Face
73494,17,529,424,5.29,3,73494,19,Humano,Feliz,1694,Exposicao_Face
73510,17,530,411,5.31,2,73510,19,Humano,Feliz,1710,Exposicao_Face
73527,17,541,416,5.31,5,73527,19,Humano,Feliz,1727,Exposicao_Face
73544,17,539,424,5.29,3,73544,19,Humano,Feliz,1744,Exposicao_Face
73560,17,537,418,5.31,3,73560,19,Humano,Feliz,1760,Exposicao_Face
73577,17,540,433,5.29,3,73577,19,Humano,Feliz,1777,Exposicao_Face
73593,17,540,441,5.29,3,73593,19,Humano,Feliz,1793,Exposicao_Face
73610,17,537,452,5.31,3,73610,19,Humano,Feliz,1810,Exposicao_Face
73627,17,541,437,5.33,3,73627,19,Humano,Feliz,1827,Exposicao_Face
73643,17,543,432,5.31,3,73643,19,Humano,Feliz,1843,Exposicao_Face
73660,17,561,467,5.29,3,73660,19,Humano,Feliz,1860,Exposicao_Face
73677,17,565,444,5.29,3,73677,19,Humano,Feliz,1877,Exposicao_Face
73693,17,564,444,5.29,3,73693,19,Humano,Feliz,1893,Exposicao_Face
73710,17,566,481,5.34,3,73710,19,Humano,Feliz,1910,Exposicao_Face
73727,17,566,448,5.33,3,73727,19,Humano,Feliz,1927,Exposicao_Face
73743,17,571,444,5.36,3,73743,19,Humano,Feliz,1943,Exposicao_Face
73760,17,576,460,5.36,3,73760,19,Humano,Feliz,1960,Exposicao_Face
73776,17,567,455,5.34,3,73776,19,Humano,Feliz,1976,Exposicao_Face
73793,17,569,453,5.33,3,73793,19,Humano,Feliz,1993,Exposicao_Face
73810,17,570,479,5.36,3,73810,19,Humano,Feliz,2010,Exposicao_Face
73826,17,565,473,5.34,3,73826,19,Humano,Feliz,2026,Exposicao_Face
73843,17,570,469,5.37,3,73843,19,Humano,Feliz,2043,Exposicao_Face
73860,17,567,435,5.28,3,73860,19,Humano,Feliz,2060,Exposicao_Face
73876,17,573,428,5.26,3,73876,19,Humano,Feliz,2076,Exposicao_Face
73893,17,571,427,5.31,3,73893,19,Humano,Feliz,2093,Exposicao_Face
73910,17,564,444,5.33,3,73910,19,Humano,Feliz,2110,Exposicao_Face
73926,17,564,438,5.33,3,73926,19,Humano,Feliz,2126,Exposicao_Face
73943,17,573,468,5.34,3,73943,19,Humano,Feliz,2143,Exposicao_Face
73959,17,571,453,5.33,3,73959,19,Humano,Feliz,2159,Exposicao_Face
73976,17,558,456,5.31,3,73976,19,Humano,Feliz,2176,Exposicao_Face
73993,17,572,450,5.28,3,73993,19,Humano,Feliz,2193,Exposicao_Face
74009,17,571,446,5.28,3,74009,19,Humano,Feliz,2209,Exposicao_Face
74026,17,575,455,5.29,3,74026,19,Humano,Feliz,2226,Exposicao_Face
74043,17,513,384,5.31,2,74043,19,Humano,Feliz,2243,Exposicao_Face
74059,17,469,340,5.34,1,74059,19,Humano,Feliz,2259,Exposicao_Face
74076,17,457,297,5.26,1,74076,19,Humano,Feliz,2276,Exposicao_Face
74093,17,445,320,5.28,1,74093,19,Humano,Feliz,2293,Exposicao_Face
74109,17,458,330,5.28,1,74109,19,Humano,Feliz,2309,Exposicao_Face
74126,17,452,352,5.28,1,74126,19,Humano,Feliz,2326,Exposicao_Face
74142,17,459,335,5.28,1,74142,19,Humano,Feliz,2342,Exposicao_Face
74159,17,456,319,5.25,1,74159,19,Humano,Feliz,2359,Exposicao_Face
74176,17,455,316,5.29,1,74176,19,Humano,Feliz,2376,Exposicao_Face
74192,17,454,317,5.31,1,74192,19,Humano,Feliz,2392,Exposicao_Face
74209,17,459,314,5.28,1,74209,19,Humano,Feliz,2409,Exposicao_Face
74226,17,459,320,5.29,1,74226,19,Humano,Feliz,2426,Exposicao_Face
74242,17,459,323,5.26,1,74242,19,Humano,Feliz,2442,Exposicao_Face
74259,17,464,313,5.28,1,74259,19,Humano,Feliz,2459,Exposicao_Face
74275,17,443,322,5.33,1,74275,19,Humano,Feliz,2475,Exposicao_Face
74292,17,479,308,5.28,1,74292,19,Humano,Feliz,2492,Exposicao_Face
74309,17,455,338,5.37,1,74309,19,Humano,Feliz,2509,Exposicao_Face
74325,17,455,342,5.31,1,74325,19,Humano,Feliz,2525,Exposicao_Face
74342,17,453,344,5.37,1,74342,19,Humano,Feliz,2542,Exposicao_Face
74359,17,470,330,5.33,1,74359,19,Humano,Feliz,2559,Exposicao_Face
74375,17,459,325,5.34,1,74375,19,Humano,Feliz,2575,Exposicao_Face
74392,17,454,331,5.37,1,74392,19,Humano,Feliz,2592,Exposicao_Face
74409,17,459,328,5.31,1,74409,19,Humano,Feliz,2609,Exposicao_Face
74425,17,442,349,5.33,1,74425,19,Humano,Feliz,2625,Exposicao_Face
74442,17,450,341,5.33,1,74442,19,Humano,Feliz,2642,Exposicao_Face
74458,17,477,328,5.36,1,74458,19,Humano,Feliz,2658,Exposicao_Face
74475,17,469,342,5.31,1,74475,19,Humano,Feliz,2675,Exposicao_Face
74492,17,476,338,5.31,1,74492,19,Humano,Feliz,2692,Exposicao_Face
74508,17,466,354,5.33,1,74508,19,Humano,Feliz,2708,Exposicao_Face
74525,17,479,349,5.39,1,74525,19,Humano,Feliz,2725,Exposicao_Face
74542,17,473,355,5.31,1,74542,19,Humano,Feliz,2742,Exposicao_Face
74558,17,476,331,5.29,1,74558,19,Humano,Feliz,2758,Exposicao_Face
74575,17,478,348,5.39,1,74575,19,Humano,Feliz,2775,Exposicao_Face
74592,17,477,352,5.28,1,74592,19,Humano,Feliz,2792,Exposicao_Face
74608,17,464,345,5.29,1,74608,19,Humano,Feliz,2808,Exposicao_Face
74625,17,480,355,5.36,1,74625,19,Humano,Feliz,2825,Exposicao_Face
74641,17,473,335,5.31,1,74641,19,Humano,Feliz,2841,Exposicao_Face
74658,17,468,328,5.31,1,74658,19,Humano,Feliz,2858,Exposicao_Face
74675,17,467,357,5.37,1,74675,19,Humano,Feliz,2875,Exposicao_Face
74691,17,468,346,5.37,1,74691,19,Humano,Feliz,2891,Exposicao_Face
74708,17,453,347,5.37,1,74708,19,Humano,Feliz,2908,Exposicao_Face
74725,17,456,363,5.41,0,74725,19,Humano,Feliz,2925,Exposicao_Face
74741,17,454,353,5.41,1,74741,19,Humano,Feliz,2941,Exposicao_Face
74758,17,453,345,5.36,1,74758,19,Humano,Feliz,2958,Exposicao_Face
74775,17,484,333,5.39,1,74775,19,Humano,Feliz,2975,Exposicao_Face
74791,17,464,316,5.39,1,74791,19,Humano,Feliz,2991,Exposicao_Face
74808,17,444,330,5.37,1,74808,19,Humano,Feliz,3008,Exposicao_Face
74824,17,481,333,5.39,1,74824,19,Humano,Feliz,3024,Exposicao_Face
74841,17,466,354,5.49,1,74841,19,Humano,Feliz,3041,Exposicao_Face
74858,17,479,353,5.42,1,74858,19,Humano,Feliz,3058,Exposicao_Face
74874,17,467,324,5.39,1,74874,19,Humano,Feliz,3074,Exposicao_Face
74891,17,467,325,5.39,1,74891,19,Humano,Feliz,3091,Exposicao_Face
74908,17,454,332,5.41,1,74908,19,Humano,Feliz,3108,Exposicao_Face
74924,17,450,339,5.42,1,74924,19,Humano,Feliz,3124,Exposicao_Face
74941,17,481,331,5.44,1,74941,19,Humano,Feliz,3141,Exposicao_Face
74958,17,526,341,5.45,1,74958,19,Humano,Feliz,3158,Exposicao_Face
74974,17,527,375,5.47,2,74974,19,Humano,Feliz,3174,Exposicao_Face
74991,17,515,366,5.44,2,74991,19,Humano,Feliz,3191,Exposicao_Face
75007,17,517,353,5.42,1,75007,19,Humano,Feliz,3207,Exposicao_Face
75024,17,515,362,5.42,1,75024,19,Humano,Feliz,3224,Exposicao_Face
75041,17,513,372,5.44,2,75041,19,Humano,Feliz,3241,Exposicao_Face
75057,17,499,336,0.0,1,75057,19,Humano,Feliz,3257,Exposicao_Face
75074,17,519,356,5.39,1,75074,19,Humano,Feliz,3274,Exposicao_Face
75091,17,522,337,5.41,1,75091,19,Humano,Feliz,3291,Exposicao_Face
75107,17,540,365,5.49,2,75107,19,Humano,Feliz,3307,Exposicao_Face
75124,17,520,383,5.45,2,75124,19,Humano,Feliz,3324,Exposicao_Face
75141,17,518,363,5.47,0,75141,19,Humano,Feliz,3341,Exposicao_Face
75157,17,524,352,5.44,1,75157,19,Humano,Feliz,3357,Exposicao_Face
75174,17,532,356,5.45,1,75174,19,Humano,Feliz,3374,Exposicao_Face
75190,17,522,363,5.42,0,75190,19,Humano,Feliz,3390,Exposicao_Face
75207,17,539,363,5.42,0,75207,19,Humano,Feliz,3407,Exposicao_Face
75224,17,527,349,5.41,1,75224,19,Humano,Feliz,3424,Exposicao_Face
75240,17,522,349,5.42,1,75240,19,Humano,Feliz,3440,Exposicao_Face
75257,17,522,370,5.49,2,75257,19,Humano,Feliz,3457,Exposicao_Face
75274,17,521,349,5.39,1,75274,19,Humano,Feliz,3474,Exposicao_Face
75290,17,518,340,5.39,1,75290,19,Humano,Feliz,3490,Exposicao_Face
75307,17,523,355,5.41,1,75307,19,Humano,Feliz,3507,Exposicao_Face
75324,17,520,373,5.41,2,75324,19,Humano,Feliz,3524,Exposicao_Face
75340,17,526,329,5.39,1,75340,19,Humano,Feliz,3540,Exposicao_Face
75357,17,524,340,5.42,1,75357,19,Humano,Feliz,3557,Exposicao_Face
75373,17,539,355,5.44,1,75373,19,Humano,Feliz,3573,Exposicao_Face
75390,17,533,360,5.44,1,75390,19,Humano,Feliz,3590,Exposicao_Face
75407,17,518,363,5.52,0,75407,19,Humano,Feliz,3607,Exposicao_Face
75423,17,524,335,5.39,1,75423,19,Humano,Feliz,3623,Exposicao_Face
75440,17,516,360,5.47,1,75440,19,Humano,Feliz,3640,Exposicao_Face
75457,17,523,348,5.45,1,75457,19,Humano,Feliz,3657,Exposicao_Face
75473,17,513,376,5.53,2,75473,19,Humano,Feliz,3673,Exposicao_Face
75490,17,536,373,5.47,2,75490,19,Humano,Feliz,3690,Exposicao_Face
75506,17,519,331,5.41,1,75506,19,Humano,Feliz,3706,Exposicao_Face
75523,17,538,362,5.53,1,75523,19,Humano,Feliz,3723,Exposicao_Face
75540,17,534,360,5.53,1,75540,19,Humano,Feliz,3740,Exposicao_Face
75556,17,515,382,5.57,2,75556,19,Humano,Feliz,3756,Exposicao_Face
75573,17,535,355,5.57,1,75573,19,Humano,Feliz,3773,Exposicao_Face
75590,17,526,353,5.52,1,75590,19,Humano,Feliz,3790,Exposicao_Face
75606,17,514,376,5.57,2,75606,19,Humano,Feliz,3806,Exposicao_Face
75623,17,535,375,5.6,2,75623,19,Humano,Feliz,3823,Exposicao_Face
75640,17,527,368,5.55,2,75640,19,Humano,Feliz,3840,Exposicao_Face
75656,17,509,402,5.57,2,75656,19,Humano,Feliz,3856,Exposicao_Face
75673,17,509,322,0.0,1,75673,19,Humano,Feliz,3873,Exposicao_Face
75689,17,492,273,0.0,1,75689,19,Humano,Feliz,3889,Exposicao_Face
75706,17,532,383,5.58,2,75706,19,Humano,Feliz,3906,Exposicao_Face
75723,17,538,364,5.63,2,75723,19,Humano,Feliz,3923,Exposicao_Face
75739,17,552,386,5.58,2,75739,19,Humano,Feliz,3939,Exposicao_Face
75756,17,537,393,5.65,2,75756,19,Humano,Feliz,3956,Exposicao_Face
75773,17,538,393,5.63,2,75773,19,Humano,Feliz,3973,Exposicao_Face
75789,17,545,384,5.63,2,75789,19,Humano,Feliz,3989,Exposicao_Face
75806,17,550,383,5.65,2,75806,20,Humano,Neutro,6,Janela_Baseline
75823,17,531,377,5.65,2,75823,20,Humano,Neutro,23,Janela_Baseline
75839,17,542,372,5.65,2,75839,20,Humano,Neutro,39,Janela_Baseline
75856,17,537,378,5.65,2,75856,20,Humano,Neutro,56,Janela_Baseline
75872,17,529,392,5.68,2,75872,20,Humano,Neutro,72,Janela_Baseline
75889,17,538,396,5.68,2,75889,20,Humano,Neutro,89,Janela_Baseline
75906,17,543,410,5.65,2,75906,20,Humano,Neutro,106,Janela_Baseline
75922,17,540,358,5.68,1,75922,20,Humano,Neutro,122,Janela_Baseline
75939,17,536,403,5.68,2,75939,20,Humano,Neutro,139,Janela_Baseline
75956,17,517,602,5.65,3,75956,20,Humano,Neutro,156,Janela_Baseline
76222,266,447,987,7.19,0,76222,20,Humano,Neutro,422,Janela_Baseline
76238,17,461,686,7.06,3,76238,20,Humano,Neutro,438,Janela_Baseline
76255,17,461,484,7.04,3,76255,20,Humano,Neutro,455,Janela_Baseline
76272,17,467,414,5.42,2,76272,20,Humano,Neutro,472,Janela_Baseline
76288,17,474,359,5.39,1,76288,20,Humano,Neutro,488,Janela_Baseline
76305,17,476,345,5.45,1,76305,20,Humano,Neutro,505,Janela_Baseline
76322,17,464,332,5.44,1,76322,20,Humano,Neutro,522,Janela_Baseline
76338,17,481,275,5.44,1,76338,20,Humano,Neutro,538,Janela_Baseline
76388,50,488,377,5.42,2,76388,20,Humano,Neutro,588,Janela_Baseline
76388,0,488,377,5.42,2,76388,20,Humano,Neutro,588,Janela_Baseline
76405,17,475,410,5.44,2,76405,20,Humano,Neutro,605,Janela_Baseline
76421,17,477,395,5.49,2,76421,20,Humano,Neutro,621,Janela_Baseline
76438,17,490,397,5.49,2,76438,20,Humano,Neutro,638,Janela_Baseline
76455,17,486,402,5.45,2,76455,20,Humano,Neutro,655,Janela_Baseline
76471,17,486,412,5.52,2,76471,20,Humano,Neutro,671,Janela_Baseline
76505,33,490,386,5.49,2,76505,20,Humano,Neutro,705,Janela_Baseline
76505,0,490,386,5.49,2,76505,20,Humano,Neutro,705,Janela_Baseline
76521,17,469,400,5.53,2,76521,20,Humano,Neutro,721,Janela_Baseline
76538,17,493,366,5.47,2,76538,20,Humano,Neutro,738,Janela_Baseline
76554,17,489,394,5.44,2,76554,20,Humano,Neutro,754,Janela_Baseline
76571,17,461,405,5.44,2,76571,20,Humano,Neutro,771,Janela_Baseline
76588,17,464,405,5.47,2,76588,20,Humano,Neutro,788,Janela_Baseline
76604,17,493,396,5.45,2,76604,20,Humano,Neutro,804,Janela_Baseline
76621,17,488,368,5.36,2,76621,20,Humano,Neutro,821,Janela_Baseline
76638,17,488,372,5.36,2,76638,20,Humano,Neutro,838,Janela_Baseline
76654,17,488,384,5.37,2,76654,20,Humano,Neutro,854,Janela_Baseline
76671,17,493,397,5.37,2,76671,20,Humano,Neutro,871,Janela_Baseline
76688,17,487,392,5.29,2,76688,20,Humano,Neutro,888,Janela_Baseline
76704,17,476,396,5.29,2,76704,20,Humano,Neutro,904,Janela_Baseline
76721,17,487,392,5.28,2,76721,20,Humano,Neutro,921,Janela_Baseline
76737,17,476,379,5.26,2,76737,20,Humano,Neutro,937,Janela_Baseline
76754,17,474,378,5.26,2,76754,20,Humano,Neutro,954,Janela_Baseline
76771,17,477,374,5.26,2,76771,20,Humano,Neutro,971,Janela_Baseline
76787,17,482,360,5.25,1,76787,20,Humano,Neutro,987,Janela_Baseline
76804,17,474,382,5.25,2,76804,20,Humano,Neutro,1004,Janela_Baseline
76821,17,480,380,5.21,2,76821,20,Humano,Neutro,1021,Janela_Baseline
76837,17,485,380,5.2,2,76837,20,Humano,Neutro,1037,Janela_Baseline
76854,17,469,377,5.23,2,76854,20,Humano,Neutro,1054,Janela_Baseline
76871,17,474,397,5.28,2,76871,20,Humano,Neutro,1071,Janela_Baseline
76887,17,473,396,5.26,2,76887,20,Humano,Neutro,1087,Janela_Baseline
76904,17,467,407,5.26,2,76904,20,Humano,Neutro,1104,Janela_Baseline
76920,17,379,402,5.25,2,76920,20,Humano,Neutro,1120,Janela_Baseline
76937,17,350,421,5.21,3,76937,20,Humano,Neutro,1137,Janela_Baseline
76954,17,345,432,5.26,3,76954,20,Humano,Neutro,1154,Janela_Baseline
76970,17,347,411,5.2,2,76970,20,Humano,Neutro,1170,Janela_Baseline
76987,17,351,405,5.2,2,76987,20,Humano,Neutro,1187,Janela_Baseline
77004,17,338,423,5.18,3,77004,20,Humano,Neutro,1204,Janela_Baseline
77020,17,351,414,5.25,2,77020,20,Humano,Neutro,1220,Janela_Baseline
77037,17,358,422,5.25,3,77037,20,Humano,Neutro,1237,Janela_Baseline
77054,17,353,413,5.23,2,77054,20,Humano,Neutro,1254,Janela_Baseline
77070,17,357,403,5.23,2,77070,20,Humano,Neutro,1270,Janela_Baseline
77087,17,353,419,5.28,3,77087,20,Humano,Neutro,1287,Janela_Baseline
77103,17,342,418,5.23,3,77103,20,Humano,Neutro,1303,Exposicao_Face
77120,17,339,432,5.28,3,77120,20,Humano,Neutro,1320,Exposicao_Face
77137,17,356,415,5.29,2,77137,20,Humano,Neutro,1337,Exposicao_Face
77153,17,356,415,5.26,2,77153,20,Humano,Neutro,1353,Exposicao_Face
77170,17,345,440,5.29,3,77170,20,Humano,Neutro,1370,Exposicao_Face
77187,17,334,418,5.26,3,77187,20,Humano,Neutro,1387,Exposicao_Face
77203,17,348,413,5.26,2,77203,20,Humano,Neutro,1403,Exposicao_Face
77220,17,337,415,5.33,2,77220,20,Humano,Neutro,1420,Exposicao_Face
77237,17,352,403,5.31,2,77237,20,Humano,Neutro,1437,Exposicao_Face
77253,17,337,398,5.28,2,77253,20,Humano,Neutro,1453,Exposicao_Face
77270,17,355,406,5.26,2,77270,20,Humano,Neutro,1470,Exposicao_Face
77286,17,338,408,5.34,2,77286,20,Humano,Neutro,1486,Exposicao_Face
77303,17,357,422,5.29,3,77303,20,Humano,Neutro,1503,Exposicao_Face
77320,17,348,422,5.34,3,77320,20,Humano,Neutro,1520,Exposicao_Face
77336,17,366,423,5.36,3,77336,20,Humano,Neutro,1536,Exposicao_Face
77353,17,351,415,5.33,2,77353,20,Humano,Neutro,1553,Exposicao_Face
77370,17,354,423,5.36,3,77370,20,Humano,Neutro,1570,Exposicao_Face
77386,17,349,435,5.34,3,77386,20,Humano,Neutro,1586,Exposicao_Face
77403,17,331,409,5.31,2,77403,20,Humano,Neutro,1603,Exposicao_Face
77420,17,352,410,5.29,2,77420,20,Humano,Neutro,1620,Exposicao_Face
77436,17,359,403,5.34,2,77436,20,Humano,Neutro,1636,Exposicao_Face
77453,17,357,430,5.39,3,77453,20,Humano,Neutro,1653,Exposicao_Face
77469,17,332,419,5.34,3,77469,20,Humano,Neutro,1669,Exposicao_Face
77486,17,363,414,5.31,2,77486,20,Humano,Neutro,1686,Exposicao_Face
77503,17,325,444,5.36,3,77503,20,Humano,Neutro,1703,Exposicao_Face
77519,17,373,432,5.31,3,77519,20,Humano,Neutro,1719,Exposicao_Face
77536,17,485,384,5.37,2,77536,20,Humano,Neutro,1736,Exposicao_Face
77553,17,522,375,5.37,2,77553,20,Humano,Neutro,1753,Exposicao_Face
77569,17,521,382,5.39,2,77569,20,Humano,Neutro,1769,Exposicao_Face
77586,17,542,369,5.41,2,77586,20,Humano,Neutro,1786,Exposicao_Face
77603,17,522,376,5.37,2,77603,20,Humano,Neutro,1803,Exposicao_Face
77619,17,542,384,5.41,2,77619,20,Humano,Neutro,1819,Exposicao_Face
77636,17,539,379,5.36,2,77636,20,Humano,Neutro,1836,Exposicao_Face
77652,17,521,374,5.34,2,77652,20,Humano,Neutro,1852,Exposicao_Face
77669,17,535,384,5.34,2,77669,20,Humano,Neutro,1869,Exposicao_Face
77686,17,539,354,5.34,1,77686,20,Humano,Neutro,1886,Exposicao_Face
77702,17,535,369,5.39,2,77702,20,Humano,Neutro,1902,Exposicao_Face
77719,17,534,374,5.36,2,77719,20,Humano,Neutro,1919,Exposicao_Face
77736,17,531,384,5.33,2,77736,20,Humano,Neutro,1936,Exposicao_Face
77752,17,530,354,5.33,1,77752,20,Humano,Neutro,1952,Exposicao_Face
77769,17,531,387,5.39,2,77769,20,Humano,Neutro,1969,Exposicao_Face
77785,17,525,371,5.36,2,77785,20,Humano,Neutro,1985,Exposicao_Face
77802,17,527,386,5.34,2,77802,20,Humano,Neutro,2002,Exposicao_Face
77819,17,521,374,5.37,2,77819,20,Humano,Neutro,2019,Exposicao_Face
77835,17,528,367,5.28,2,77835,20,Humano,Neutro,2035,Exposicao_Face
77852,17,531,376,5.28,2,77852,20,Humano,Neutro,2052,Exposicao_Face
77869,17,536,367,5.26,2,77869,20,Humano,Neutro,2069,Exposicao_Face
77885,17,533,340,5.21,1,77885,20,Humano,Neutro,2085,Exposicao_Face
77902,17,539,382,5.26,2,77902,20,Humano,Neutro,2102,Exposicao_Face
77919,17,542,376,5.26,2,77919,20,Humano,Neutro,2119,Exposicao_Face
77935,17,542,366,5.25,2,77935,20,Humano,Neutro,2135,Exposicao_Face
77952,17,539,371,5.26,2,77952,20,Humano,Neutro,2152,Exposicao_Face
77968,17,527,357,5.26,1,77968,20,Humano,Neutro,2168,Exposicao_Face
77985,17,540,363,5.26,0,77985,20,Humano,Neutro,2185,Exposicao_Face
78002,17,544,371,5.25,2,78002,20,Humano,Neutro,2202,Exposicao_Face
78018,17,542,366,5.23,2,78018,20,Humano,Neutro,2218,Exposicao_Face
78035,17,541,379,5.23,2,78035,20,Humano,Neutro,2235,Exposicao_Face
78052,17,541,379,5.21,2,78052,20,Humano,Neutro,2252,Exposicao_Face
78068,17,540,364,5.23,2,78068,20,Humano,Neutro,2268,Exposicao_Face
78085,17,542,381,5.26,2,78085,20,Humano,Neutro,2285,Exposicao_Face
78102,17,540,365,5.25,2,78102,20,Humano,Neutro,2302,Exposicao_Face
78118,17,525,358,5.25,1,78118,20,Humano,Neutro,2318,Exposicao_Face
78135,17,481,327,5.23,1,78135,20,Humano,Neutro,2335,Exposicao_Face
78151,17,463,345,5.17,1,78151,20,Humano,Neutro,2351,Exposicao_Face
78168,17,459,353,5.21,1,78168,20,Humano,Neutro,2368,Exposicao_Face
78185,17,462,365,5.2,2,78185,20,Humano,Neutro,2385,Exposicao_Face
78201,17,470,333,5.2,1,78201,20,Humano,Neutro,2401,Exposicao_Face
78218,17,469,346,5.23,1,78218,20,Humano,Neutro,2418,Exposicao_Face
78235,17,465,374,5.28,2,78235,20,Humano,Neutro,2435,Exposicao_Face
78251,17,471,365,5.26,2,78251,20,Humano,Neutro,2451,Exposicao_Face
78285,33,469,379,5.26,2,78285,20,Humano,Neutro,2485,Exposicao_Face
78285,0,469,379,5.26,2,78285,20,Humano,Neutro,2485,Exposicao_Face
78301,17,472,363,5.25,0,78301,20,Humano,Neutro,2501,Exposicao_Face
78318,17,472,349,5.25,1,78318,20,Humano,Neutro,2518,Exposicao_Face
78334,17,458,351,5.26,1,78334,20,Humano,Neutro,2534,Exposicao_Face
78351,17,469,355,5.28,1,78351,20,Humano,Neutro,2551,Exposicao_Face
78368,17,478,366,5.29,2,78368,20,Humano,Neutro,2568,Exposicao_Face
78384,17,470,351,5.28,1,78384,20,Humano,Neutro,2584,Exposicao_Face
78401,17,467,359,5.26,1,78401,20,Humano,Neutro,2601,Exposicao_Face
78418,17,458,356,5.31,1,78418,20,Humano,Neutro,2618,Exposicao_Face
78434,17,468,360,5.29,1,78434,20,Humano,Neutro,2634,Exposicao_Face
78451,17,477,354,5.31,1,78451,20,Humano,Neutro,2651,Exposicao_Face
78468,17,473,355,5.34,1,78468,20,Humano,Neutro,2668,Exposicao_Face
78484,17,472,342,5.33,1,78484,20,Humano,Neutro,2684,Exposicao_Face
78501,17,480,326,5.33,1,78501,20,Humano,Neutro,2701,Exposicao_Face
78517,17,461,345,5.29,1,78517,20,Humano,Neutro,2717,Exposicao_Face
78534,17,466,373,5.34,2,78534,20,Humano,Neutro,2734,Exposicao_Face
78551,17,458,365,5.29,2,78551,20,Humano,Neutro,2751,Exposicao_Face
78567,17,457,346,5.29,1,78567,20,Humano,Neutro,2767,Exposicao_Face
78584,17,476,352,5.37,1,78584,20,Humano,Neutro,2784,Exposicao_Face
78601,17,446,358,5.39,1,78601,20,Humano,Neutro,2801,Exposicao_Face
78617,17,463,365,5.37,2,78617,20,Humano,Neutro,2817,Exposicao_Face
78634,17,467,346,5.34,1,78634,20,Humano,Neutro,2834,Exposicao_Face
78651,17,474,347,5.37,1,78651,20,Humano,Neutro,2851,Exposicao_Face
78667,17,460,345,5.39,1,78667,20,Humano,Neutro,2867,Exposicao_Face
78684,17,467,365,5.41,2,78684,20,Humano,Neutro,2884,Exposicao_Face
78700,17,453,368,5.39,2,78700,20,Humano,Neutro,2900,Exposicao_Face
78717,17,458,370,5.41,2,78717,20,Humano,Neutro,2917,Exposicao_Face
78734,17,476,354,5.41,1,78734,20,Humano,Neutro,2934,Exposicao_Face
78750,17,481,369,5.41,2,78750,20,Humano,Neutro,2950,Exposicao_Face
78767,17,457,341,5.42,1,78767,20,Humano,Neutro,2967,Exposicao_Face
78784,17,447,374,5.47,2,78784,20,Humano,Neutro,2984,Exposicao_Face
78800,17,478,369,5.49,2,78800,20,Humano,Neutro,3000,Exposicao_Face
78817,17,468,367,5.44,2,78817,20,Humano,Neutro,3017,Exposicao_Face
78833,17,465,362,5.42,1,78833,20,Humano,Neutro,3033,Exposicao_Face
78850,17,457,343,5.41,1,78850,20,Humano,Neutro,3050,Exposicao_Face
78867,17,462,374,5.44,2,78867,20,Humano,Neutro,3067,Exposicao_Face
78883,17,449,346,5.45,1,78883,20,Humano,Neutro,3083,Exposicao_Face
78900,17,478,390,5.5,2,78900,20,Humano,Neutro,3100,Exposicao_Face
78917,17,482,351,5.52,1,78917,20,Humano,Neutro,3117,Exposicao_Face
78933,17,458,374,5.49,2,78933,20,Humano,Neutro,3133,Exposicao_Face
78950,17,477,335,5.41,1,78950,20,Humano,Neutro,3150,Exposicao_Face
78967,17,453,364,5.52,2,78967,20,Humano,Neutro,3167,Exposicao_Face
78983,17,449,358,5.45,1,78983,20,Humano,Neutro,3183,Exposicao_Face
79000,17,475,337,5.41,1,79000,20,Humano,Neutro,3200,Exposicao_Face
79016,17,492,410,5.58,2,79016,20,Humano,Neutro,3216,Exposicao_Face
79033,17,496,361,5.44,1,79033,20,Humano,Neutro,3233,Exposicao_Face
79050,17,525,366,5.47,2,79050,20,Humano,Neutro,3250,Exposicao_Face
79066,17,512,374,5.44,2,79066,20,Humano,Neutro,3266,Exposicao_Face
79083,17,511,377,5.41,2,79083,20,Humano,Neutro,3283,Exposicao_Face
79100,17,522,389,5.41,2,79100,20,Humano,Neutro,3300,Exposicao_Face
79116,17,523,396,5.41,2,79116,20,Humano,Neutro,3316,Exposicao_Face
79133,17,520,397,5.41,2,79133,20,Humano,Neutro,3333,Exposicao_Face
79150,17,522,398,5.41,2,79150,20,Humano,Neutro,3350,Exposicao_Face
79166,17,526,378,5.39,2,79166,20,Humano,Neutro,3366,Exposicao_Face
79183,17,518,379,5.39,2,79183,20,Humano,Neutro,3383,Exposicao_Face
79199,17,517,381,5.39,2,79199,20,Humano,Neutro,3399,Exposicao_Face
79216,17,512,379,5.39,2,79216,20,Humano,Neutro,3416,Exposicao_Face
79233,17,523,403,5.39,2,79233,20,Humano,Neutro,3433,Exposicao_Face
79249,17,522,394,5.39,2,79249,20,Humano,Neutro,3449,Exposicao_Face
79266,17,525,385,5.37,2,79266,20,Humano,Neutro,3466,Exposicao_Face
79283,17,526,405,5.39,2,79283,20,Humano,Neutro,3483,Exposicao_Face
79299,17,519,399,5.34,2,79299,20,Humano,Neutro,3499,Exposicao_Face
79316,17,522,380,5.36,2,79316,20,Humano,Neutro,3516,Exposicao_Face
79333,17,521,379,5.34,2,79333,20,Humano,Neutro,3533,Exposicao_Face
79349,17,523,378,5.31,2,79349,20,Humano,Neutro,3549,Exposicao_Face
79366,17,519,374,5.29,2,79366,20,Humano,Neutro,3566,Exposicao_Face
79382,17,521,385,5.34,2,79382,20,Humano,Neutro,3582,Exposicao_Face
79399,17,524,371,5.29,2,79399,20,Humano,Neutro,3599,Exposicao_Face
79416,17,521,372,5.31,2,79416,20,Humano,Neutro,3616,Exposicao_Face
79432,17,521,379,5.31,2,79432,20,Humano,Neutro,3632,Exposicao_Face
79449,17,525,358,5.26,1,79449,20,Humano,Neutro,3649,Exposicao_Face
79466,17,524,354,5.26,1,79466,20,Humano,Neutro,3666,Exposicao_Face
79482,17,521,391,5.33,2,79482,20,Humano,Neutro,3682,Exposicao_Face
79499,17,520,396,5.33,2,79499,20,Humano,Neutro,3699,Exposicao_Face
79516,17,522,379,5.29,2,79516,20,Humano,Neutro,3716,Exposicao_Face
79532,17,519,393,5.36,2,79532,20,Humano,Neutro,3732,Exposicao_Face
79549,17,517,401,5.39,2,79549,20,Humano,Neutro,3749,Exposicao_Face
79565,17,515,409,5.37,2,79565,20,Humano,Neutro,3765,Exposicao_Face
79582,17,516,383,5.31,2,79582,20,Humano,Neutro,3782,Exposicao_Face
79599,17,521,375,5.29,2,79599,20,Humano,Neutro,3799,Exposicao_Face
79615,17,512,400,5.34,2,79615,20,Humano,Neutro,3815,Exposicao_Face
79632,17,517,390,5.33,2,79632,20,Humano,Neutro,3832,Exposicao_Face
79649,17,509,407,5.37,2,79649,20,Humano,Neutro,3849,Exposicao_Face
79665,17,499,422,5.37,3,79665,20,Humano,Neutro,3865,Exposicao_Face
79682,17,512,394,5.36,2,79682,20,Humano,Neutro,3882,Exposicao_Face
79699,17,515,412,5.37,2,79699,20,Humano,Neutro,3899,Exposicao_Face
79715,17,518,398,5.39,2,79715,20,Humano,Neutro,3915,Exposicao_Face
79732,17,519,402,5.37,2,79732,20,Humano,Neutro,3932,Exposicao_Face
79748,17,510,392,5.39,2,79748,20,Humano,Neutro,3948,Exposicao_Face
79765,17,518,386,5.34,2,79765,20,Humano,Neutro,3965,Exposicao_Face
79782,17,515,401,5.42,2,79782,20,Humano,Neutro,3982,Exposicao_Face
79798,17,520,395,5.41,2,79798,20,Humano,Neutro,3998,Exposicao_Face
79815,17,514,382,5.36,2,79815,21,Humano,Raiva,15,Janela_Baseline
79832,17,525,393,5.44,2,79832,21,Humano,Raiva,32,Janela_Baseline
79848,17,500,373,5.39,2,79848,21,Humano,Raiva,48,Janela_Baseline
79865,17,527,358,5.41,1,79865,21,Humano,Raiva,65,Janela_Baseline
79882,17,512,388,5.39,2,79882,21,Humano,Raiva,82,Janela_Baseline
79898,17,506,391,5.41,2,79898,21,Humano,Raiva,98,Janela_Baseline
79915,17,503,369,5.37,2,79915,21,Humano,Raiva,115,Janela_Baseline
79948,33,506,391,5.45,2,79948,21,Humano,Raiva,148,Janela_Baseline
79965,17,502,375,5.44,2,79965,21,Humano,Raiva,165,Janela_Baseline
79981,17,506,395,5.42,2,79981,21,Humano,Raiva,181,Janela_Baseline
79998,17,496,367,5.39,2,79998,21,Humano,Raiva,198,Janela_Baseline
80015,17,507,374,5.41,2,80015,21,Humano,Raiva,215,Janela_Baseline
80031,17,507,385,5.41,2,80031,21,Humano,Raiva,231,Janela_Baseline
80048,17,503,392,5.37,2,80048,21,Humano,Raiva,248,Janela_Baseline
80064,17,511,389,5.31,2,80064,21,Humano,Raiva,264,Janela_Baseline
80081,17,485,695,5.33,3,80081,21,Humano,Raiva,281,Janela_Baseline
80314,233,444,595,5.09,3,80314,21,Humano,Raiva,514,Janela_Baseline
80331,17,455,434,5.04,3,80331,21,Humano,Raiva,531,Janela_Baseline
80347,17,459,350,5.01,1,80347,21,Humano,Raiva,547,Janela_Baseline
80364,17,460,286,5.01,1,80364,21,Humano,Raiva,564,Janela_Baseline
80381,17,459,230,5.02,1,80381,21,Humano,Raiva,581,Janela_Baseline
80397,17,466,210,4.99,1,80397,21,Humano,Raiva,597,Janela_Baseline
80414,17,469,262,4.91,1,80414,21,Humano,Raiva,614,Janela_Baseline
80430,17,469,274,4.89,1,80430,21,Humano,Raiva,630,Janela_Baseline
80447,17,463,299,4.92,1,80447,21,Humano,Raiva,647,Janela_Baseline
80464,17,454,299,4.94,1,80464,21,Humano,Raiva,664,Janela_Baseline
80480,17,487,301,4.92,1,80480,21,Humano,Raiva,680,Janela_Baseline
80497,17,484,324,4.94,1,80497,21,Humano,Raiva,697,Janela_Baseline
80514,17,452,326,4.94,1,80514,21,Humano,Raiva,714,Janela_Baseline
80530,17,459,321,4.99,1,80530,21,Humano,Raiva,730,Janela_Baseline
80547,17,483,336,4.97,1,80547,21,Humano,Raiva,747,Janela_Baseline
80564,17,473,319,4.96,1,80564,21,Humano,Raiva,764,Janela_Baseline
80580,17,468,317,4.97,1,80580,21,Humano,Raiva,780,Janela_Baseline
80597,17,478,307,4.91,1,80597,21,Humano,Raiva,797,Janela_Baseline
80613,17,475,309,4.94,1,80613,21,Humano,Raiva,813,Janela_Baseline
80630,17,475,333,5.01,1,80630,21,Humano,Raiva,830,Janela_Baseline
80647,17,456,336,4.99,1,80647,21,Humano,Raiva,847,Janela_Baseline
80663,17,476,341,5.01,1,80663,21,Humano,Raiva,863,Janela_Baseline
80680,17,574,312,4.99,1,80680,21,Humano,Raiva,880,Janela_Baseline
80697,17,594,341,5.04,1,80697,21,Humano,Raiva,897,Janela_Baseline
80713,17,598,320,5.01,1,80713,21,Humano,Raiva,913,Janela_Baseline
80730,17,604,317,4.97,1,80730,21,Humano,Raiva,930,Janela_Baseline
80747,17,600,320,4.92,1,80747,21,Humano,Raiva,947,Janela_Baseline
80763,17,595,308,4.96,1,80763,21,Humano,Raiva,963,Janela_Baseline
80780,17,597,350,4.99,1,80780,21,Humano,Raiva,980,Janela_Baseline
80796,17,600,303,4.89,1,80796,21,Humano,Raiva,996,Janela_Baseline
80813,17,593,325,4.97,1,80813,21,Humano,Raiva,1013,Janela_Baseline
80830,17,597,331,4.94,1,80830,21,Humano,Raiva,1030,Janela_Baseline
80846,17,595,330,4.88,1,80846,21,Humano,Raiva,1046,Janela_Baseline
80863,17,597,314,4.88,1,80863,21,Humano,Raiva,1063,Janela_Baseline
80880,17,598,307,4.91,1,80880,21,Humano,Raiva,1080,Janela_Baseline
80896,17,606,338,4.88,1,80896,21,Humano,Raiva,1096,Janela_Baseline
80913,17,595,325,4.88,1,80913,21,Humano,Raiva,1113,Janela_Baseline
80930,17,594,317,4.88,1,80930,21,Humano,Raiva,1130,Janela_Baseline
80946,17,592,327,4.83,1,80946,21,Humano,Raiva,1146,Janela_Baseline
80963,17,586,312,4.83,1,80963,21,Humano,Raiva,1163,Janela_Baseline
80979,17,589,336,4.84,1,80979,21,Humano,Raiva,1179,Janela_Baseline
80996,17,588,344,4.81,1,80996,21,Humano,Raiva,1196,Janela_Baseline
81013,17,598,307,4.78,1,81013,21,Humano,Raiva,1213,Janela_Baseline
81029,17,594,316,4.73,1,81029,21,Humano,Raiva,1229,Janela_Baseline
81046,17,598,292,4.68,1,81046,21,Humano,Raiva,1246,Janela_Baseline
81063,17,595,299,4.64,1,81063,21,Humano,Raiva,1263,Janela_Baseline
81079,17,591,311,4.7,1,81079,21,Humano,Raiva,1279,Janela_Baseline
81096,17,592,321,4.68,1,81096,21,Humano,Raiva,1296,Janela_Baseline
81112,17,600,296,4.65,1,81112,21,Humano,Raiva,1312,Exposicao_Face
81129,17,596,342,4.7,1,81129,21,Humano,Raiva,1329,Exposicao_Face
81146,17,596,314,4.62,1,81146,21,Humano,Raiva,1346,Exposicao_Face
81162,17,599,304,4.62,1,81162,21,Humano,Raiva,1362,Exposicao_Face
81179,17,603,308,4.64,1,81179,21,Humano,Raiva,1379,Exposicao_Face
81196,17,597,306,4.6,1,81196,21,Humano,Raiva,1396,Exposicao_Face
81212,17,533,381,4.62,2,81212,21,Humano,Raiva,1412,Exposicao_Face
81229,17,517,411,4.54,2,81229,21,Humano,Raiva,1429,Exposicao_Face
81246,17,515,396,4.6,2,81246,21,Humano,Raiva,1446,Exposicao_Face
81262,17,522,405,4.59,2,81262,21,Humano,Raiva,1462,Exposicao_Face
81279,17,517,394,4.51,2,81279,21,Humano,Raiva,1479,Exposicao_Face
81295,17,517,415,4.54,2,81295,21,Humano,Raiva,1495,Exposicao_Face
81312,17,519,409,4.49,2,81312,21,Humano,Raiva,1512,Exposicao_Face
81329,17,521,418,4.52,3,81329,21,Humano,Raiva,1529,Exposicao_Face
81345,17,515,413,4.49,2,81345,21,Humano,Raiva,1545,Exposicao_Face
81362,17,519,415,4.52,2,81362,21,Humano,Raiva,1562,Exposicao_Face
81379,17,516,414,4.54,2,81379,21,Humano,Raiva,1579,Exposicao_Face
81395,17,516,407,4.54,2,81395,21,Humano,Raiva,1595,Exposicao_Face
81412,17,517,413,4.52,2,81412,21,Humano,Raiva,1612,Exposicao_Face
81429,17,512,400,4.51,2,81429,21,Humano,Raiva,1629,Exposicao_Face
81445,17,518,391,4.52,2,81445,21,Humano,Raiva,1645,Exposicao_Face
81462,17,514,400,4.48,2,81462,21,Humano,Raiva,1662,Exposicao_Face
81478,17,512,393,4.48,2,81478,21,Humano,Raiva,1678,Exposicao_Face
81495,17,516,391,4.52,2,81495,21,Humano,Raiva,1695,Exposicao_Face
81512,17,531,434,4.56,3,81512,21,Humano,Raiva,1712,Exposicao_Face
81528,17,535,438,4.51,3,81528,21,Humano,Raiva,1728,Exposicao_Face
81545,17,540,432,4.52,3,81545,21,Humano,Raiva,1745,Exposicao_Face
81562,17,545,428,4.51,3,81562,21,Humano,Raiva,1762,Exposicao_Face
81578,17,544,436,4.51,3,81578,21,Humano,Raiva,1778,Exposicao_Face
81595,17,545,442,4.51,3,81595,21,Humano,Raiva,1795,Exposicao_Face
81612,17,540,443,4.56,3,81612,21,Humano,Raiva,1812,Exposicao_Face
81628,17,544,416,4.51,5,81628,21,Humano,Raiva,1828,Exposicao_Face
81645,17,545,440,4.51,3,81645,21,Humano,Raiva,1845,Exposicao_Face
81661,17,541,445,4.51,3,81661,21,Humano,Raiva,1861,Exposicao_Face
81678,17,535,421,4.51,3,81678,21,Humano,Raiva,1878,Exposicao_Face
81695,17,545,446,4.52,3,81695,21,Humano,Raiva,1895,Exposicao_Face
81711,17,542,433,4.51,3,81711,21,Humano,Raiva,1911,Exposicao_Face
81728,17,537,449,4.56,3,81728,21,Humano,Raiva,1928,Exposicao_Face
81745,17,538,435,4.51,3,81745,21,Humano,Raiva,1945,Exposicao_Face
81761,17,531,421,4.54,3,81761,21,Humano,Raiva,1961,Exposicao_Face
81778,17,485,353,4.56,1,81778,21,Humano,Raiva,1978,Exposicao_Face
81795,17,464,311,4.57,1,81795,21,Humano,Raiva,1995,Exposicao_Face
81811,17,471,314,4.57,1,81811,21,Humano,Raiva,2011,Exposicao_Face
81828,17,467,304,4.59,1,81828,21,Humano,Raiva,2028,Exposicao_Face
81844,17,467,330,4.6,1,81844,21,Humano,Raiva,2044,Exposicao_Face
81861,17,469,309,4.62,1,81861,21,Humano,Raiva,2061,Exposicao_Face
81878,17,466,323,4.62,1,81878,21,Humano,Raiva,2078,Exposicao_Face
81894,17,471,305,4.62,1,81894,21,Humano,Raiva,2094,Exposicao_Face
81911,17,473,311,4.64,1,81911,21,Humano,Raiva,2111,Exposicao_Face
81928,17,469,316,4.65,1,81928,21,Humano,Raiva,2128,Exposicao_Face
81944,17,473,308,4.67,1,81944,21,Humano,Raiva,2144,Exposicao_Face
81961,17,466,297,4.65,1,81961,21,Humano,Raiva,2161,Exposicao_Face
81978,17,469,312,4.7,1,81978,21,Humano,Raiva,2178,Exposicao_Face
81994,17,467,320,4.75,1,81994,21,Humano,Raiva,2194,Exposicao_Face
82011,17,469,304,4.73,1,82011,21,Humano,Raiva,2211,Exposicao_Face
82027,17,471,308,4.75,1,82027,21,Humano,Raiva,2227,Exposicao_Face
82044,17,466,320,4.7,1,82044,21,Humano,Raiva,2244,Exposicao_Face
82061,17,465,303,4.72,1,82061,21,Humano,Raiva,2261,Exposicao_Face
82077,17,465,313,4.75,1,82077,21,Humano,Raiva,2277,Exposicao_Face
82094,17,461,326,4.75,1,82094,21,Humano,Raiva,2294,Exposicao_Face
82111,17,461,306,4.7,1,82111,21,Humano,Raiva,2311,Exposicao_Face
82127,17,466,310,4.72,1,82127,21,Humano,Raiva,2327,Exposicao_Face
82144,17,488,380,4.75,2,82144,21,Humano,Raiva,2344,Exposicao_Face
82161,17,417,764,0.0,3,82161,21,Humano,Raiva,2361,Exposicao_Face
82377,216,466,1030,0.0,0,82377,21,Humano,Raiva,2577,Exposicao_Face
82393,17,465,933,0.0,0,82393,21,Humano,Raiva,2593,Exposicao_Face
82410,17,484,313,-1.0,1,82410,21,Humano,Raiva,2610,Exposicao_Face
82427,17,489,766,0.0,3,82427,21,Humano,Raiva,2627,Exposicao_Face
82443,17,454,617,0.0,3,82443,21,Humano,Raiva,2643,Exposicao_Face
82460,17,474,665,6.9,3,82460,21,Humano,Raiva,2660,Exposicao_Face
82477,17,478,443,4.91,3,82477,21,Humano,Raiva,2677,Exposicao_Face
82493,17,487,328,4.78,1,82493,21,Humano,Raiva,2693,Exposicao_Face
82510,17,490,234,4.8,1,82510,21,Humano,Raiva,2710,Exposicao_Face
82526,17,474,245,4.75,1,82526,21,Humano,Raiva,2726,Exposicao_Face
82543,17,491,231,4.8,1,82543,21,Humano,Raiva,2743,Exposicao_Face
82560,17,486,212,4.84,1,82560,21,Humano,Raiva,2760,Exposicao_Face
82576,17,499,275,4.8,1,82576,21,Humano,Raiva,2776,Exposicao_Face
82593,17,496,258,4.84,1,82593,21,Humano,Raiva,2793,Exposicao_Face
82610,17,503,312,4.84,1,82610,21,Humano,Raiva,2810,Exposicao_Face
82626,17,486,306,4.84,1,82626,21,Humano,Raiva,2826,Exposicao_Face
82643,17,488,318,4.88,1,82643,21,Humano,Raiva,2843,Exposicao_Face
82660,17,492,311,4.88,1,82660,21,Humano,Raiva,2860,Exposicao_Face
82676,17,481,341,4.91,1,82676,21,Humano,Raiva,2876,Exposicao_Face
82693,17,501,316,4.92,1,82693,21,Humano,Raiva,2893,Exposicao_Face
82709,17,493,325,4.91,1,82709,21,Humano,Raiva,2909,Exposicao_Face
82726,17,496,335,4.91,1,82726,21,Humano,Raiva,2926,Exposicao_Face
82743,17,507,314,4.97,1,82743,21,Humano,Raiva,2943,Exposicao_Face
82759,17,478,355,4.94,1,82759,21,Humano,Raiva,2959,Exposicao_Face
82776,17,478,337,4.96,1,82776,21,Humano,Raiva,2976,Exposicao_Face
82809,33,442,338,4.88,1,82809,21,Humano,Raiva,3009,Exposicao_Face
82809,0,442,338,4.88,1,82809,21,Humano,Raiva,3009,Exposicao_Face
82826,17,476,329,4.89,1,82826,21,Humano,Raiva,3026,Exposicao_Face
82843,17,481,368,4.86,2,82843,21,Humano,Raiva,3043,Exposicao_Face
82859,17,471,353,4.88,1,82859,21,Humano,Raiva,3059,Exposicao_Face
82876,17,479,338,4.83,1,82876,21,Humano,Raiva,3076,Exposicao_Face
82892,17,445,357,4.83,1,82892,21,Humano,Raiva,3092,Exposicao_Face
82909,17,460,346,4.8,1,82909,21,Humano,Raiva,3109,Exposicao_Face
82926,17,447,353,4.76,1,82926,21,Humano,Raiva,3126,Exposicao_Face
82942,17,476,344,4.76,1,82942,21,Humano,Raiva,3142,Exposicao_Face
82959,17,467,343,4.76,1,82959,21,Humano,Raiva,3159,Exposicao_Face
82976,17,463,347,4.76,1,82976,21,Humano,Raiva,3176,Exposicao_Face
82992,17,463,332,4.76,1,82992,21,Humano,Raiva,3192,Exposicao_Face
83009,17,470,353,4.76,1,83009,21,Humano,Raiva,3209,Exposicao_Face
83026,17,450,352,4.73,1,83026,21,Humano,Raiva,3226,Exposicao_Face
83042,17,449,336,4.68,1,83042,21,Humano,Raiva,3242,Exposicao_Face
83059,17,468,343,4.7,1,83059,21,Humano,Raiva,3259,Exposicao_Face
83075,17,446,368,4.75,2,83075,21,Humano,Raiva,3275,Exposicao_Face
83092,17,457,360,4.73,1,83092,21,Humano,Raiva,3292,Exposicao_Face
83109,17,469,351,4.7,1,83109,21,Humano,Raiva,3309,Exposicao_Face
83125,17,481,364,4.72,2,83125,21,Humano,Raiva,3325,Exposicao_Face
83142,17,534,374,4.67,2,83142,21,Humano,Raiva,3342,Exposicao_Face
83159,17,543,370,4.67,2,83159,21,Humano,Raiva,3359,Exposicao_Face
83175,17,548,365,4.64,2,83175,21,Humano,Raiva,3375,Exposicao_Face
83192,17,552,356,4.64,1,83192,21,Humano,Raiva,3392,Exposicao_Face
83209,17,551,364,4.64,2,83209,21,Humano,Raiva,3409,Exposicao_Face
83225,17,547,358,4.6,1,83225,21,Humano,Raiva,3425,Exposicao_Face
83242,17,545,364,4.64,2,83242,21,Humano,Raiva,3442,Exposicao_Face
83258,17,544,368,4.64,2,83258,21,Humano,Raiva,3458,Exposicao_Face
83275,17,546,366,4.6,2,83275,21,Humano,Raiva,3475,Exposicao_Face
83292,17,543,349,4.65,1,83292,21,Humano,Raiva,3492,Exposicao_Face
83308,17,546,348,4.65,1,83308,21,Humano,Raiva,3508,Exposicao_Face
83325,17,550,345,4.62,1,83325,21,Humano,Raiva,3525,Exposicao_Face
83342,17,546,354,4.68,1,83342,21,Humano,Raiva,3542,Exposicao_Face
83358,17,542,349,4.65,1,83358,21,Humano,Raiva,3558,Exposicao_Face
83375,17,542,362,4.64,1,83375,21,Humano,Raiva,3575,Exposicao_Face
83392,17,542,345,4.64,1,83392,21,Humano,Raiva,3592,Exposicao_Face
83408,17,510,710,0.0,3,83408,21,Humano,Raiva,3608,Exposicao_Face
83624,216,523,1074,0.0,0,83624,21,Humano,Raiva,3824,Exposicao_Face
83641,17,505,450,-1.0,3,83641,21,Humano,Raiva,3841,Exposicao_Face
83658,17,508,258,-1.0,1,83658,21,Humano,Raiva,3858,Exposicao_Face
83674,17,518,362,-1.0,1,83674,21,Humano,Raiva,3874,Exposicao_Face
83691,17,517,404,4.8,2,83691,21,Humano,Raiva,3891,Exposicao_Face
83708,17,529,347,4.81,1,83708,21,Humano,Raiva,3908,Exposicao_Face
83724,17,531,268,4.86,1,83724,21,Humano,Raiva,3924,Exposicao_Face
83741,17,525,261,4.83,1,83741,21,Humano,Raiva,3941,Exposicao_Face
83757,17,532,302,4.83,1,83757,21,Humano,Raiva,3957,Exposicao_Face
83774,17,529,362,4.89,1,83774,21,Humano,Raiva,3974,Exposicao_Face
83791,17,516,355,4.83,1,83791,21,Humano,Raiva,3991,Exposicao_Face
83807,17,533,378,4.86,2,83807,22,Humano,Feliz,7,Janela_Baseline
83824,17,538,368,4.89,2,83824,22,Humano,Feliz,24,Janela_Baseline
83841,17,526,368,4.88,2,83841,22,Humano,Feliz,41,Janela_Baseline
83857,17,507,356,4.92,1,83857,22,Humano,Feliz,57,Janela_Baseline
83874,17,547,355,4.91,1,83874,22,Humano,Feliz,74,Janela_Baseline
83891,17,526,364,5.02,2,83891,22,Humano,Feliz,91,Janela_Baseline
83907,17,544,351,5.01,1,83907,22,Humano,Feliz,107,Janela_Baseline
83924,17,516,338,4.92,1,83924,22,Humano,Feliz,124,Janela_Baseline
83940,17,540,350,4.96,1,83940,22,Humano,Feliz,140,Janela_Baseline
83957,17,528,366,4.97,2,83957,22,Humano,Feliz,157,Janela_Baseline
83974,17,538,357,4.89,1,83974,22,Humano,Feliz,174,Janela_Baseline
83990,17,517,387,4.97,2,83990,22,Humano,Feliz,190,Janela_Baseline
84007,17,531,375,4.88,2,84007,22,Humano,Feliz,207,Janela_Baseline
84024,17,537,356,4.88,1,84024,22,Humano,Feliz,224,Janela_Baseline
84040,17,541,368,4.83,2,84040,22,Humano,Feliz,240,Janela_Baseline
84057,17,541,372,4.84,2,84057,22,Humano,Feliz,257,Janela_Baseline
84074,17,515,355,4.81,1,84074,22,Humano,Feliz,274,Janela_Baseline
84090,17,506,341,4.84,1,84090,22,Humano,Feliz,290,Janela_Baseline
84107,17,479,325,4.75,1,84107,22,Humano,Feliz,307,Janela_Baseline
84123,17,487,310,4.73,1,84123,22,Humano,Feliz,323,Janela_Baseline
84140,17,480,308,4.72,1,84140,22,Humano,Feliz,340,Janela_Baseline
84157,17,480,335,4.73,1,84157,22,Humano,Feliz,357,Janela_Baseline
84173,17,493,336,4.76,1,84173,22,Humano,Feliz,373,Janela_Baseline
84190,17,477,312,4.73,1,84190,22,Humano,Feliz,390,Janela_Baseline
84207,17,486,310,4.73,1,84207,22,Humano,Feliz,407,Janela_Baseline
84223,17,488,293,4.72,1,84223,22,Humano,Feliz,423,Janela_Baseline
84240,17,485,358,4.76,1,84240,22,Humano,Feliz,440,Janela_Baseline
84257,17,477,324,4.72,1,84257,22,Humano,Feliz,457,Janela_Baseline
84273,17,488,289,4.67,1,84273,22,Humano,Feliz,473,Janela_Baseline
84290,17,490,314,4.75,1,84290,22,Humano,Feliz,490,Janela_Baseline
84306,17,498,310,4.75,1,84306,22,Humano,Feliz,506,Janela_Baseline
84323,17,478,306,4.8,1,84323,22,Humano,Feliz,523,Janela_Baseline
84340,17,491,328,4.86,1,84340,22,Humano,Feliz,540,Janela_Baseline
84356,17,477,318,4.81,1,84356,22,Humano,Feliz,556,Janela_Baseline
84373,17,478,307,4.75,1,84373,22,Humano,Feliz,573,Janela_Baseline
84390,17,499,315,4.83,1,84390,22,Humano,Feliz,590,Janela_Baseline
84406,17,487,330,4.8,1,84406,22,Humano,Feliz,606,Janela_Baseline
84423,17,503,314,4.81,1,84423,22,Humano,Feliz,623,Janela_Baseline
84440,17,476,338,4.88,1,84440,22,Humano,Feliz,640,Janela_Baseline
84456,17,501,320,4.88,1,84456,22,Humano,Feliz,656,Janela_Baseline
84473,17,500,304,4.84,1,84473,22,Humano,Feliz,673,Janela_Baseline
84489,17,470,338,4.91,1,84489,22,Humano,Feliz,689,Janela_Baseline
84506,17,491,338,4.89,1,84506,22,Humano,Feliz,706,Janela_Baseline
84556,50,499,316,4.89,1,84556,22,Humano,Feliz,756,Janela_Baseline
84573,17,467,330,4.92,1,84573,22,Humano,Feliz,773,Janela_Baseline
84589,17,464,304,4.92,1,84589,22,Humano,Feliz,789,Janela_Baseline
84606,17,472,307,4.92,1,84606,22,Humano,Feliz,806,Janela_Baseline
84622,17,471,324,4.94,1,84622,22,Humano,Feliz,822,Janela_Baseline
84639,17,480,333,5.02,1,84639,22,Humano,Feliz,839,Janela_Baseline
84656,17,487,336,4.99,1,84656,22,Humano,Feliz,856,Janela_Baseline
84672,17,493,346,5.02,1,84672,22,Humano,Feliz,872,Janela_Baseline
84689,17,502,332,4.96,1,84689,22,Humano,Feliz,889,Janela_Baseline
84706,17,444,353,5.02,1,84706,22,Humano,Feliz,906,Janela_Baseline
84722,17,394,323,4.91,1,84722,22,Humano,Feliz,922,Janela_Baseline
84739,17,347,343,4.89,1,84739,22,Humano,Feliz,939,Janela_Baseline
84756,17,392,335,4.94,1,84756,22,Humano,Feliz,956,Janela_Baseline
84772,17,369,351,4.99,1,84772,22,Humano,Feliz,972,Janela_Baseline
84789,17,371,367,5.01,2,84789,22,Humano,Feliz,989,Janela_Baseline
84805,17,384,354,5.02,1,84805,22,Humano,Feliz,1005,Janela_Baseline
84822,17,380,335,5.01,1,84822,22,Humano,Feliz,1022,Janela_Baseline
84839,17,384,323,4.94,1,84839,22,Humano,Feliz,1039,Janela_Baseline
84855,17,360,339,4.96,1,84855,22,Humano,Feliz,1055,Janela_Baseline
84872,17,372,344,5.04,1,84872,22,Humano,Feliz,1072,Janela_Baseline
84922,50,374,339,5.02,1,84922,22,Humano,Feliz,1122,Janela_Baseline
84939,17,381,345,5.05,1,84939,22,Humano,Feliz,1139,Janela_Baseline
84955,17,372,341,5.05,1,84955,22,Humano,Feliz,1155,Janela_Baseline
84972,17,372,344,5.05,1,84972,22,Humano,Feliz,1172,Janela_Baseline
84988,17,338,333,5.02,1,84988,22,Humano,Feliz,1188,Janela_Baseline
85005,17,372,333,5.02,1,85005,22,Humano,Feliz,1205,Janela_Baseline
85022,17,395,345,5.01,1,85022,22,Humano,Feliz,1222,Janela_Baseline
85055,33,394,325,4.99,1,85055,22,Humano,Feliz,1255,Janela_Baseline
85072,17,387,328,5.04,1,85072,22,Humano,Feliz,1272,Janela_Baseline
85088,17,362,337,5.01,1,85088,22,Humano,Feliz,1288,Janela_Baseline
85105,17,363,344,5.04,1,85105,22,Humano,Feliz,1305,Exposicao_Face
85122,17,479,335,5.13,1,85122,22,Humano,Feliz,1322,Exposicao_Face
85138,17,529,344,5.04,1,85138,22,Humano,Feliz,1338,Exposicao_Face
85155,17,542,335,5.13,1,85155,22,Humano,Feliz,1355,Exposicao_Face
85171,17,556,337,5.07,1,85171,22,Humano,Feliz,1371,Exposicao_Face
85188,17,548,338,5.09,1,85188,22,Humano,Feliz,1388,Exposicao_Face
85205,17,551,328,5.04,1,85205,22,Humano,Feliz,1405,Exposicao_Face
85221,17,548,337,5.04,1,85221,22,Humano,Feliz,1421,Exposicao_Face
85238,17,550,333,5.05,1,85238,22,Humano,Feliz,1438,Exposicao_Face
85255,17,544,321,5.04,1,85255,22,Humano,Feliz,1455,Exposicao_Face
85271,17,550,315,5.09,1,85271,22,Humano,Feliz,1471,Exposicao_Face
85288,17,548,330,5.1,1,85288,22,Humano,Feliz,1488,Exposicao_Face
85305,17,554,311,5.07,1,85305,22,Humano,Feliz,1505,Exposicao_Face
85321,17,555,307,5.09,1,85321,22,Humano,Feliz,1521,Exposicao_Face
85338,17,551,322,5.13,1,85338,22,Humano,Feliz,1538,Exposicao_Face
85354,17,546,329,5.13,1,85354,22,Humano,Feliz,1554,Exposicao_Face
85371,17,547,337,5.13,1,85371,22,Humano,Feliz,1571,Exposicao_Face
85388,17,542,336,5.13,1,85388,22,Humano,Feliz,1588,Exposicao_Face
85404,17,547,344,5.13,1,85404,22,Humano,Feliz,1604,Exposicao_Face
85421,17,547,334,5.15,1,85421,22,Humano,Feliz,1621,Exposicao_Face
85438,17,545,329,5.12,1,85438,22,Humano,Feliz,1638,Exposicao_Face
85454,17,549,315,5.07,1,85454,22,Humano,Feliz,1654,Exposicao_Face
85471,17,546,330,5.13,1,85471,22,Humano,Feliz,1671,Exposicao_Face
85488,17,551,319,5.12,1,85488,22,Humano,Feliz,1688,Exposicao_Face
85504,17,548,313,5.1,1,85504,22,Humano,Feliz,1704,Exposicao_Face
85521,17,545,322,5.13,1,85521,22,Humano,Feliz,1721,Exposicao_Face
85537,17,547,303,5.07,1,85537,22,Humano,Feliz,1737,Exposicao_Face
85554,17,543,340,5.15,1,85554,22,Humano,Feliz,1754,Exposicao_Face
85571,17,547,335,5.12,1,85571,22,Humano,Feliz,1771,Exposicao_Face
85587,17,550,338,5.07,1,85587,22,Humano,Feliz,1787,Exposicao_Face
85604,17,545,326,5.01,1,85604,22,Humano,Feliz,1804,Exposicao_Face
85621,17,544,351,5.09,1,85621,22,Humano,Feliz,1821,Exposicao_Face
85637,17,551,321,5.04,1,85637,22,Humano,Feliz,1837,Exposicao_Face
85654,17,546,332,5.05,1,85654,22,Humano,Feliz,1854,Exposicao_Face
85671,17,546,326,5.07,1,85671,22,Humano,Feliz,1871,Exposicao_Face
85687,17,535,377,5.07,2,85687,22,Humano,Feliz,1887,Exposicao_Face
85704,17,528,402,4.99,2,85704,22,Humano,Feliz,1904,Exposicao_Face
85720,17,528,401,5.12,2,85720,22,Humano,Feliz,1920,Exposicao_Face
85737,17,530,395,5.09,2,85737,22,Humano,Feliz,1937,Exposicao_Face
85770,33,533,369,5.01,2,85770,22,Humano,Feliz,1970,Exposicao_Face
85770,0,533,369,5.01,2,85770,22,Humano,Feliz,1970,Exposicao_Face
85787,17,530,377,5.04,2,85787,22,Humano,Feliz,1987,Exposicao_Face
85804,17,534,378,5.04,2,85804,22,Humano,Feliz,2004,Exposicao_Face
85820,17,533,390,5.09,2,85820,22,Humano,Feliz,2020,Exposicao_Face
85837,17,531,385,5.07,2,85837,22,Humano,Feliz,2037,Exposicao_Face
85853,17,528,408,5.09,2,85853,22,Humano,Feliz,2053,Exposicao_Face
85870,17,530,415,5.07,2,85870,22,Humano,Feliz,2070,Exposicao_Face
85887,17,527,397,4.99,2,85887,22,Humano,Feliz,2087,Exposicao_Face
85903,17,535,395,5.04,2,85903,22,Humano,Feliz,2103,Exposicao_Face
85920,17,530,395,4.99,2,85920,22,Humano,Feliz,2120,Exposicao_Face
85937,17,528,425,5.09,3,85937,22,Humano,Feliz,2137,Exposicao_Face
85953,17,535,396,5.05,2,85953,22,Humano,Feliz,2153,Exposicao_Face
85970,17,530,417,5.09,3,85970,22,Humano,Feliz,2170,Exposicao_Face
85987,17,530,401,5.07,2,85987,22,Humano,Feliz,2187,Exposicao_Face
86003,17,527,390,5.07,2,86003,22,Humano,Feliz,2203,Exposicao_Face
86020,17,531,401,5.04,2,86020,22,Humano,Feliz,2220,Exposicao_Face
86036,17,530,391,5.02,2,86036,22,Humano,Feliz,2236,Exposicao_Face
86053,17,532,407,5.02,2,86053,22,Humano,Feliz,2253,Exposicao_Face
86070,17,487,376,5.04,2,86070,22,Humano,Feliz,2270,Exposicao_Face
86086,17,449,315,5.01,1,86086,22,Humano,Feliz,2286,Exposicao_Face
86103,17,466,330,5.01,1,86103,22,Humano,Feliz,2303,Exposicao_Face
86120,17,471,283,4.96,1,86120,22,Humano,Feliz,2320,Exposicao_Face
86136,17,451,300,4.99,1,86136,22,Humano,Feliz,2336,Exposicao_Face
86153,17,454,284,4.96,1,86153,22,Humano,Feliz,2353,Exposicao_Face
86170,17,462,302,5.02,1,86170,22,Humano,Feliz,2370,Exposicao_Face
86186,17,472,309,4.94,1,86186,22,Humano,Feliz,2386,Exposicao_Face
86203,17,445,311,4.91,1,86203,22,Humano,Feliz,2403,Exposicao_Face
86219,17,476,315,4.91,1,86219,22,Humano,Feliz,2419,Exposicao_Face
86236,17,470,333,4.97,1,86236,22,Humano,Feliz,2436,Exposicao_Face
86253,17,456,335,4.97,1,86253,22,Humano,Feliz,2453,Exposicao_Face
86269,17,450,338,4.99,1,86269,22,Humano,Feliz,2469,Exposicao_Face
86286,17,480,326,4.92,1,86286,22,Humano,Feliz,2486,Exposicao_Face
86303,17,482,327,4.96,1,86303,22,Humano,Feliz,2503,Exposicao_Face
86319,17,485,323,4.88,1,86319,22,Humano,Feliz,2519,Exposicao_Face
86336,17,485,345,4.96,1,86336,22,Humano,Feliz,2536,Exposicao_Face
86353,17,456,343,4.96,1,86353,22,Humano,Feliz,2553,Exposicao_Face
86369,17,488,335,4.94,1,86369,22,Humano,Feliz,2569,Exposicao_Face
86386,17,490,329,4.88,1,86386,22,Humano,Feliz,2586,Exposicao_Face
86402,17,487,328,4.88,1,86402,22,Humano,Feliz,2602,Exposicao_Face
86419,17,488,308,4.89,1,86419,22,Humano,Feliz,2619,Exposicao_Face
86436,17,482,340,4.88,1,86436,22,Humano,Feliz,2636,Exposicao_Face
86452,17,479,329,4.88,1,86452,22,Humano,Feliz,2652,Exposicao_Face
86469,17,460,325,4.89,1,86469,22,Humano,Feliz,2669,Exposicao_Face
86486,17,486,313,4.88,1,86486,22,Humano,Feliz,2686,Exposicao_Face
86502,17,477,314,4.88,1,86502,22,Humano,Feliz,2702,Exposicao_Face
86519,17,477,326,4.91,1,86519,22,Humano,Feliz,2719,Exposicao_Face
86536,17,487,339,4.94,1,86536,22,Humano,Feliz,2736,Exposicao_Face
86552,17,488,340,4.94,1,86552,22,Humano,Feliz,2752,Exposicao_Face
86569,17,476,334,4.97,1,86569,22,Humano,Feliz,2769,Exposicao_Face
86585,17,497,329,4.96,1,86585,22,Humano,Feliz,2785,Exposicao_Face
86602,17,459,318,4.97,1,86602,22,Humano,Feliz,2802,Exposicao_Face
86619,17,474,339,5.04,1,86619,22,Humano,Feliz,2819,Exposicao_Face
86635,17,479,342,5.04,1,86635,22,Humano,Feliz,2835,Exposicao_Face
86652,17,479,336,5.01,1,86652,22,Humano,Feliz,2852,Exposicao_Face
86669,17,459,310,5.01,1,86669,22,Humano,Feliz,2869,Exposicao_Face
86685,17,465,307,4.91,1,86685,22,Humano,Feliz,2885,Exposicao_Face
86702,17,487,328,5.09,1,86702,22,Humano,Feliz,2902,Exposicao_Face
86719,17,507,331,5.04,1,86719,22,Humano,Feliz,2919,Exposicao_Face
86735,17,577,294,5.13,1,86735,22,Humano,Feliz,2935,Exposicao_Face
86752,17,596,305,5.12,1,86752,22,Humano,Feliz,2952,Exposicao_Face
86785,33,605,276,5.07,1,86785,22,Humano,Feliz,2985,Exposicao_Face
86785,0,605,276,5.07,1,86785,22,Humano,Feliz,2985,Exposicao_Face
86802,17,597,276,5.09,1,86802,22,Humano,Feliz,3002,Exposicao_Face
86818,17,593,295,5.12,1,86818,22,Humano,Feliz,3018,Exposicao_Face
86835,17,599,323,5.13,1,86835,22,Humano,Feliz,3035,Exposicao_Face
86852,17,595,289,5.15,1,86852,22,Humano,Feliz,3052,Exposicao_Face
86868,17,591,296,5.1,1,86868,22,Humano,Feliz,3068,Exposicao_Face
86885,17,595,301,5.18,1,86885,22,Humano,Feliz,3085,Exposicao_Face
86901,17,589,298,5.13,1,86901,22,Humano,Feliz,3101,Exposicao_Face
86918,17,593,310,5.15,1,86918,22,Humano,Feliz,3118,Exposicao_Face
86935,17,591,317,5.15,1,86935,22,Humano,Feliz,3135,Exposicao_Face
86951,17,596,303,5.15,1,86951,22,Humano,Feliz,3151,Exposicao_Face
86968,17,595,300,5.18,1,86968,22,Humano,Feliz,3168,Exposicao_Face
86985,17,594,301,5.23,1,86985,22,Humano,Feliz,3185,Exposicao_Face
87001,17,593,301,5.15,1,87001,22,Humano,Feliz,3201,Exposicao_Face
87018,17,590,316,5.21,1,87018,22,Humano,Feliz,3218,Exposicao_Face
87035,17,588,306,5.18,1,87035,22,Humano,Feliz,3235,Exposicao_Face
87051,17,585,309,5.2,1,87051,22,Humano,Feliz,3251,Exposicao_Face
87068,17,582,309,5.17,1,87068,22,Humano,Feliz,3268,Exposicao_Face
87084,17,588,325,5.2,1,87084,22,Humano,Feliz,3284,Exposicao_Face
87101,17,589,341,5.26,1,87101,22,Humano,Feliz,3301,Exposicao_Face
87118,17,567,350,5.2,1,87118,22,Humano,Feliz,3318,Exposicao_Face
87134,17,511,348,5.13,1,87134,22,Humano,Feliz,3334,Exposicao_Face
87151,17,512,371,5.17,2,87151,22,Humano,Feliz,3351,Exposicao_Face
87168,17,509,352,5.13,1,87168,22,Humano,Feliz,3368,Exposicao_Face
87184,17,509,363,5.2,0,87184,22,Humano,Feliz,3384,Exposicao_Face
87201,17,510,366,5.1,2,87201,22,Humano,Feliz,3401,Exposicao_Face
87218,17,509,376,5.12,2,87218,22,Humano,Feliz,3418,Exposicao_Face
87234,17,505,356,5.12,1,87234,22,Humano,Feliz,3434,Exposicao_Face
87251,17,500,371,5.13,2,87251,22,Humano,Feliz,3451,Exposicao_Face
87267,17,506,361,5.15,1,87267,22,Humano,Feliz,3467,Exposicao_Face
87284,17,506,374,5.18,2,87284,22,Humano,Feliz,3484,Exposicao_Face
87301,17,510,370,5.1,2,87301,22,Humano,Feliz,3501,Exposicao_Face
87317,17,507,380,5.13,2,87317,22,Humano,Feliz,3517,Exposicao_Face
87334,17,509,380,5.13,2,87334,22,Humano,Feliz,3534,Exposicao_Face
87351,17,505,382,5.15,2,87351,22,Humano,Feliz,3551,Exposicao_Face
87367,17,522,384,5.12,2,87367,22,Humano,Feliz,3567,Exposicao_Face
87384,17,504,385,5.13,2,87384,22,Humano,Feliz,3584,Exposicao_Face
87401,17,510,367,5.17,2,87401,22,Humano,Feliz,3601,Exposicao_Face
87417,17,504,367,5.1,2,87417,22,Humano,Feliz,3617,Exposicao_Face
87434,17,506,374,5.1,2,87434,22,Humano,Feliz,3634,Exposicao_Face
87450,17,509,377,5.13,2,87450,22,Humano,Feliz,3650,Exposicao_Face
87467,17,504,380,5.15,2,87467,22,Humano,Feliz,3667,Exposicao_Face
87484,17,506,382,5.15,2,87484,22,Humano,Feliz,3684,Exposicao_Face
87500,17,508,381,5.17,2,87500,22,Humano,Feliz,3700,Exposicao_Face
87517,17,506,379,5.2,2,87517,22,Humano,Feliz,3717,Exposicao_Face
87534,17,507,360,5.12,1,87534,22,Humano,Feliz,3734,Exposicao_Face
87550,17,507,378,5.15,2,87550,22,Humano,Feliz,3750,Exposicao_Face
87567,17,507,372,5.12,2,87567,22,Humano,Feliz,3767,Exposicao_Face
87584,17,506,385,5.15,2,87584,22,Humano,Feliz,3784,Exposicao_Face
87600,17,513,347,5.04,1,87600,22,Humano,Feliz,3800,Exposicao_Face
87617,17,547,369,5.1,2,87617,22,Humano,Feliz,3817,Exposicao_Face
87633,17,547,380,5.05,2,87633,22,Humano,Feliz,3833,Exposicao_Face
87650,17,546,360,5.07,1,87650,22,Humano,Feliz,3850,Exposicao_Face
87667,17,545,371,5.1,2,87667,22,Humano,Feliz,3867,Exposicao_Face
87683,17,546,382,5.12,2,87683,22,Humano,Feliz,3883,Exposicao_Face
87700,17,556,352,5.04,1,87700,22,Humano,Feliz,3900,Exposicao_Face
87717,17,548,377,5.09,2,87717,22,Humano,Feliz,3917,Exposicao_Face
87733,17,547,381,5.09,2,87733,22,Humano,Feliz,3933,Exposicao_Face
87750,17,541,379,5.04,2,87750,22,Humano,Feliz,3950,Exposicao_Face
87767,17,540,389,5.13,2,87767,22,Humano,Feliz,3967,Exposicao_Face
87783,17,545,372,5.05,2,87783,22,Humano,Feliz,3983,Exposicao_Face
87800,17,537,387,5.09,2,87800,23,Humano,Neutro,0,Janela_Baseline
87816,17,548,361,5.05,1,87816,23,Humano,Neutro,16,Janela_Baseline
87833,17,547,396,5.12,2,87833,23,Humano,Neutro,33,Janela_Baseline
87850,17,543,375,5.05,2,87850,23,Humano,Neutro,50,Janela_Baseline
87866,17,538,394,5.1,2,87866,23,Humano,Neutro,66,Janela_Baseline
87883,17,541,372,5.04,2,87883,23,Humano,Neutro,83,Janela_Baseline
87900,17,541,371,5.1,2,87900,23,Humano,Neutro,100,Janela_Baseline
87916,17,544,377,5.1,2,87916,23,Humano,Neutro,116,Janela_Baseline
87933,17,544,370,5.07,2,87933,23,Humano,Neutro,133,Janela_Baseline
87950,17,540,373,5.09,2,87950,23,Humano,Neutro,150,Janela_Baseline
87966,17,547,371,5.07,2,87966,23,Humano,Neutro,166,Janela_Baseline
87983,17,543,365,5.1,2,87983,23,Humano,Neutro,183,Janela_Baseline
87999,17,542,406,5.15,2,87999,23,Humano,Neutro,199,Janela_Baseline
88016,17,542,386,5.13,2,88016,23,Humano,Neutro,216,Janela_Baseline
88033,17,537,385,5.13,2,88033,23,Humano,Neutro,233,Janela_Baseline
88049,17,541,388,5.12,2,88049,23,Humano,Neutro,249,Janela_Baseline
88066,17,541,385,5.15,2,88066,23,Humano,Neutro,266,Janela_Baseline
88083,17,467,359,5.15,1,88083,23,Humano,Neutro,283,Janela_Baseline
88099,17,449,365,5.13,2,88099,23,Humano,Neutro,299,Janela_Baseline
88116,17,447,351,5.07,1,88116,23,Humano,Neutro,316,Janela_Baseline
88132,17,444,360,5.13,1,88132,23,Humano,Neutro,332,Janela_Baseline
88149,17,458,367,5.15,2,88149,23,Humano,Neutro,349,Janela_Baseline
88166,17,440,361,5.09,1,88166,23,Humano,Neutro,366,Janela_Baseline
88182,17,458,385,5.15,2,88182,23,Humano,Neutro,382,Janela_Baseline
88199,17,468,346,5.05,1,88199,23,Humano,Neutro,399,Janela_Baseline
88216,17,454,372,5.15,2,88216,23,Humano,Neutro,416,Janela_Baseline
88232,17,445,361,5.05,1,88232,23,Humano,Neutro,432,Janela_Baseline
88249,17,451,369,5.13,2,88249,23,Humano,Neutro,449,Janela_Baseline
88266,17,449,379,5.07,2,88266,23,Humano,Neutro,466,Janela_Baseline
88282,17,452,394,5.13,2,88282,23,Humano,Neutro,482,Janela_Baseline
88299,17,453,388,5.09,2,88299,23,Humano,Neutro,499,Janela_Baseline
88315,17,443,382,5.12,2,88315,23,Humano,Neutro,515,Janela_Baseline
88332,17,457,369,5.09,2,88332,23,Humano,Neutro,532,Janela_Baseline
88349,17,440,374,5.15,2,88349,23,Humano,Neutro,549,Janela_Baseline
88365,17,443,373,5.09,2,88365,23,Humano,Neutro,565,Janela_Baseline
88382,17,445,354,5.07,1,88382,23,Humano,Neutro,582,Janela_Baseline
88399,17,448,367,5.13,2,88399,23,Humano,Neutro,599,Janela_Baseline
88415,17,433,386,5.1,2,88415,23,Humano,Neutro,615,Janela_Baseline
88432,17,466,370,5.13,2,88432,23,Humano,Neutro,632,Janela_Baseline
88449,17,429,385,5.12,2,88449,23,Humano,Neutro,649,Janela_Baseline
88465,17,448,377,5.15,2,88465,23,Humano,Neutro,665,Janela_Baseline
88482,17,449,364,5.1,2,88482,23,Humano,Neutro,682,Janela_Baseline
88498,17,451,358,5.12,1,88498,23,Humano,Neutro,698,Janela_Baseline
88515,17,465,367,5.13,2,88515,23,Humano,Neutro,715,Janela_Baseline
88532,17,446,352,5.07,1,88532,23,Humano,Neutro,732,Janela_Baseline
88548,17,481,362,5.12,1,88548,23,Humano,Neutro,748,Janela_Baseline
88565,17,569,318,5.04,1,88565,23,Humano,Neutro,765,Janela_Baseline
88582,17,590,339,5.1,1,88582,23,Humano,Neutro,782,Janela_Baseline
88598,17,596,356,5.13,1,88598,23,Humano,Neutro,798,Janela_Baseline
88615,17,596,350,5.13,1,88615,23,Humano,Neutro,815,Janela_Baseline
88632,17,594,342,5.05,1,88632,23,Humano,Neutro,832,Janela_Baseline
88648,17,599,337,5.09,1,88648,23,Humano,Neutro,848,Janela_Baseline
88665,17,595,331,5.12,1,88665,23,Humano,Neutro,865,Janela_Baseline
88681,17,594,331,5.07,1,88681,23,Humano,Neutro,881,Janela_Baseline
88698,17,592,351,5.12,1,88698,23,Humano,Neutro,898,Janela_Baseline
88715,17,599,324,5.1,1,88715,23,Humano,Neutro,915,Janela_Baseline
88731,17,595,329,5.13,1,88731,23,Humano,Neutro,931,Janela_Baseline
88748,17,593,342,5.13,1,88748,23,Humano,Neutro,948,Janela_Baseline
88765,17,599,344,5.13,1,88765,23,Humano,Neutro,965,Janela_Baseline
88781,17,600,339,5.12,1,88781,23,Humano,Neutro,981,Janela_Baseline
88798,17,597,347,5.13,1,88798,23,Humano,Neutro,998,Janela_Baseline
88815,17,596,350,5.1,1,88815,23,Humano,Neutro,1015,Janela_Baseline
88831,17,592,353,5.12,1,88831,23,Humano,Neutro,1031,Janela_Baseline
88848,17,592,351,5.13,1,88848,23,Humano,Neutro,1048,Janela_Baseline
88864,17,592,336,5.07,1,88864,23,Humano,Neutro,1064,Janela_Baseline
88881,17,593,335,5.13,1,88881,23,Humano,Neutro,1081,Janela_Baseline
88898,17,597,324,5.12,1,88898,23,Humano,Neutro,1098,Janela_Baseline
88914,17,592,330,5.13,1,88914,23,Humano,Neutro,1114,Janela_Baseline
88931,17,598,325,5.12,1,88931,23,Humano,Neutro,1131,Janela_Baseline
88948,17,596,329,5.12,1,88948,23,Humano,Neutro,1148,Janela_Baseline
88964,17,588,357,5.15,1,88964,23,Humano,Neutro,1164,Janela_Baseline
88981,17,594,345,5.13,1,88981,23,Humano,Neutro,1181,Janela_Baseline
88998,17,595,327,5.15,1,88998,23,Humano,Neutro,1198,Janela_Baseline
89014,17,598,339,5.17,1,89014,23,Humano,Neutro,1214,Janela_Baseline
89031,17,603,317,5.15,1,89031,23,Humano,Neutro,1231,Janela_Baseline
89047,17,595,350,5.15,1,89047,23,Humano,Neutro,1247,Janela_Baseline
89064,17,596,340,5.15,1,89064,23,Humano,Neutro,1264,Janela_Baseline
89081,17,601,313,5.13,1,89081,23,Humano,Neutro,1281,Janela_Baseline
89097,17,596,319,5.13,1,89097,23,Humano,Neutro,1297,Janela_Baseline
89114,17,598,323,5.13,1,89114,23,Humano,Neutro,1314,Exposicao_Face
89131,17,595,341,5.21,1,89131,23,Humano,Neutro,1331,Exposicao_Face
89147,17,588,343,5.21,1,89147,23,Humano,Neutro,1347,Exposicao_Face
89164,17,595,345,5.21,1,89164,23,Humano,Neutro,1364,Exposicao_Face
89180,17,596,351,5.26,1,89180,23,Humano,Neutro,1380,Exposicao_Face
89197,17,594,334,5.18,1,89197,23,Humano,Neutro,1397,Exposicao_Face
89214,17,598,335,5.18,1,89214,23,Humano,Neutro,1414,Exposicao_Face
89230,17,595,340,5.25,1,89230,23,Humano,Neutro,1430,Exposicao_Face
89247,17,598,336,5.17,1,89247,23,Humano,Neutro,1447,Exposicao_Face
89264,17,598,333,5.2,1,89264,23,Humano,Neutro,1464,Exposicao_Face
89280,17,598,332,5.23,1,89280,23,Humano,Neutro,1480,Exposicao_Face
89297,17,603,302,5.2,1,89297,23,Humano,Neutro,1497,Exposicao_Face
89314,17,595,322,5.21,1,89314,23,Humano,Neutro,1514,Exposicao_Face
89330,17,505,356,5.25,1,89330,23,Humano,Neutro,1530,Exposicao_Face
89347,17,449,329,5.18,1,89347,23,Humano,Neutro,1547,Exposicao_Face
89363,17,448,339,5.2,1,89363,23,Humano,Neutro,1563,Exposicao_Face
89380,17,448,355,5.25,1,89380,23,Humano,Neutro,1580,Exposicao_Face
89397,17,455,342,5.26,1,89397,23,Humano,Neutro,1597,Exposicao_Face
89413,17,451,324,5.21,1,89413,23,Humano,Neutro,1613,Exposicao_Face
89430,17,438,349,5.31,1,89430,23,Humano,Neutro,1630,Exposicao_Face
89447,17,452,351,5.29,1,89447,23,Humano,Neutro,1647,Exposicao_Face
89463,17,452,347,5.26,1,89463,23,Humano,Neutro,1663,Exposicao_Face
89480,17,425,361,5.33,1,89480,23,Humano,Neutro,1680,Exposicao_Face
89497,17,460,350,5.37,1,89497,23,Humano,Neutro,1697,Exposicao_Face
89513,17,453,355,5.33,1,89513,23,Humano,Neutro,1713,Exposicao_Face
89530,17,451,340,5.31,1,89530,23,Humano,Neutro,1730,Exposicao_Face
89546,17,449,354,5.31,1,89546,23,Humano,Neutro,1746,Exposicao_Face
89563,17,416,358,5.29,1,89563,23,Humano,Neutro,1763,Exposicao_Face
89580,17,459,328,5.26,1,89580,23,Humano,Neutro,1780,Exposicao_Face
89596,17,456,328,5.28,1,89596,23,Humano,Neutro,1796,Exposicao_Face
89613,17,450,339,5.26,1,89613,23,Humano,Neutro,1813,Exposicao_Face
89630,17,457,339,5.28,1,89630,23,Humano,Neutro,1830,Exposicao_Face
89646,17,451,364,5.39,2,89646,23,Humano,Neutro,1846,Exposicao_Face
89663,17,458,335,5.31,1,89663,23,Humano,Neutro,1863,Exposicao_Face
89680,17,425,338,5.34,1,89680,23,Humano,Neutro,1880,Exposicao_Face
89696,17,466,336,5.31,1,89696,23,Humano,Neutro,1896,Exposicao_Face
89713,17,467,334,5.26,1,89713,23,Humano,Neutro,1913,Exposicao_Face
89729,17,466,372,5.37,2,89729,23,Humano,Neutro,1929,Exposicao_Face
89746,17,462,361,5.36,1,89746,23,Humano,Neutro,1946,Exposicao_Face
89763,17,453,336,5.26,1,89763,23,Humano,Neutro,1963,Exposicao_Face
89779,17,456,339,5.29,1,89779,23,Humano,Neutro,1979,Exposicao_Face
89796,17,481,340,5.33,1,89796,23,Humano,Neutro,1996,Exposicao_Face
89813,17,459,339,5.31,1,89813,23,Humano,Neutro,2013,Exposicao_Face
89829,17,451,370,5.39,2,89829,23,Humano,Neutro,2029,Exposicao_Face
89846,17,460,355,5.29,1,89846,23,Humano,Neutro,2046,Exposicao_Face
89863,17,433,367,5.31,2,89863,23,Humano,Neutro,2063,Exposicao_Face
89879,17,449,358,5.36,1,89879,23,Humano,Neutro,2079,Exposicao_Face
89896,17,453,350,5.26,1,89896,23,Humano,Neutro,2096,Exposicao_Face
89912,17,387,350,5.37,1,89912,23,Humano,Neutro,2112,Exposicao_Face
89929,17,337,316,5.26,1,89929,23,Humano,Neutro,2129,Exposicao_Face
89946,17,328,278,5.25,1,89946,23,Humano,Neutro,2146,Exposicao_Face
89962,17,325,294,5.28,1,89962,23,Humano,Neutro,2162,Exposicao_Face
89979,17,323,298,5.26,1,89979,23,Humano,Neutro,2179,Exposicao_Face
89996,17,323,297,5.26,1,89996,23,Humano,Neutro,2196,Exposicao_Face
90012,17,324,278,5.23,1,90012,23,Humano,Neutro,2212,Exposicao_Face
90029,17,326,295,5.21,1,90029,23,Humano,Neutro,2229,Exposicao_Face
90046,17,325,288,5.26,1,90046,23,Humano,Neutro,2246,Exposicao_Face
90062,17,326,286,5.26,1,90062,23,Humano,Neutro,2262,Exposicao_Face
90079,17,326,299,5.26,1,90079,23,Humano,Neutro,2279,Exposicao_Face
90095,17,317,293,5.26,1,90095,23,Humano,Neutro,2295,Exposicao_Face
90112,17,324,296,5.26,1,90112,23,Humano,Neutro,2312,Exposicao_Face
90129,17,322,287,5.23,1,90129,23,Humano,Neutro,2329,Exposicao_Face
90145,17,323,288,5.26,1,90145,23,Humano,Neutro,2345,Exposicao_Face
90162,17,329,285,5.28,1,90162,23,Humano,Neutro,2362,Exposicao_Face
90179,17,316,297,5.21,1,90179,23,Humano,Neutro,2379,Exposicao_Face
90195,17,299,308,5.28,1,90195,23,Humano,Neutro,2395,Exposicao_Face
90212,17,310,284,5.18,1,90212,23,Humano,Neutro,2412,Exposicao_Face
90229,17,321,293,5.25,1,90229,23,Humano,Neutro,2429,Exposicao_Face
90245,17,331,280,5.2,1,90245,23,Humano,Neutro,2445,Exposicao_Face
90262,17,324,273,5.17,1,90262,23,Humano,Neutro,2462,Exposicao_Face
90278,17,292,377,5.2,2,90278,23,Humano,Neutro,2478,Exposicao_Face
90295,17,291,401,5.18,2,90295,23,Humano,Neutro,2495,Exposicao_Face
90312,17,286,420,5.15,3,90312,23,Humano,Neutro,2512,Exposicao_Face
90328,17,274,423,5.17,3,90328,23,Humano,Neutro,2528,Exposicao_Face
90345,17,283,412,5.12,2,90345,23,Humano,Neutro,2545,Exposicao_Face
90395,50,286,432,5.13,3,90395,23,Humano,Neutro,2595,Exposicao_Face
90395,0,286,432,5.13,3,90395,23,Humano,Neutro,2595,Exposicao_Face
90411,17,290,442,5.13,3,90411,23,Humano,Neutro,2611,Exposicao_Face
90428,17,294,423,5.12,3,90428,23,Humano,Neutro,2628,Exposicao_Face
90445,17,273,425,5.13,3,90445,23,Humano,Neutro,2645,Exposicao_Face
90461,17,279,412,5.1,2,90461,23,Humano,Neutro,2661,Exposicao_Face
90478,17,265,403,5.15,2,90478,23,Humano,Neutro,2678,Exposicao_Face
90495,17,279,415,5.12,2,90495,23,Humano,Neutro,2695,Exposicao_Face
90511,17,282,439,5.13,3,90511,23,Humano,Neutro,2711,Exposicao_Face
90528,17,285,420,5.12,3,90528,23,Humano,Neutro,2728,Exposicao_Face
90545,17,276,424,5.17,3,90545,23,Humano,Neutro,2745,Exposicao_Face
90561,17,265,425,5.12,3,90561,23,Humano,Neutro,2761,Exposicao_Face
90578,17,287,423,5.13,3,90578,23,Humano,Neutro,2778,Exposicao_Face
90594,17,276,435,5.12,3,90594,23,Humano,Neutro,2794,Exposicao_Face
90611,17,275,437,5.13,3,90611,23,Humano,Neutro,2811,Exposicao_Face
90628,17,276,426,5.09,3,90628,23,Humano,Neutro,2828,Exposicao_Face
90644,17,283,430,5.13,3,90644,23,Humano,Neutro,2844,Exposicao_Face
90661,17,286,437,5.13,3,90661,23,Humano,Neutro,2861,Exposicao_Face
90678,17,283,437,5.12,3,90678,23,Humano,Neutro,2878,Exposicao_Face
90694,17,298,445,5.12,3,90694,23,Humano,Neutro,2894,Exposicao_Face
90711,17,274,450,5.09,3,90711,23,Humano,Neutro,2911,Exposicao_Face
90728,17,286,460,5.13,3,90728,23,Humano,Neutro,2928,Exposicao_Face
90744,17,270,439,5.04,3,90744,23,Humano,Neutro,2944,Exposicao_Face
90761,17,274,460,5.1,3,90761,23,Humano,Neutro,2961,Exposicao_Face
90777,17,285,433,5.12,3,90777,23,Humano,Neutro,2977,Exposicao_Face
90794,17,278,420,5.1,3,90794,23,Humano,Neutro,2994,Exposicao_Face
90811,17,279,447,5.13,3,90811,23,Humano,Neutro,3011,Exposicao_Face
90827,17,275,472,5.13,3,90827,23,Humano,Neutro,3027,Exposicao_Face
90844,17,282,447,5.09,3,90844,23,Humano,Neutro,3044,Exposicao_Face
90861,17,372,386,5.1,2,90861,23,Humano,Neutro,3061,Exposicao_Face
90877,17,438,342,5.15,1,90877,23,Humano,Neutro,3077,Exposicao_Face
90894,17,473,357,5.15,1,90894,23,Humano,Neutro,3094,Exposicao_Face
90911,17,477,326,5.17,1,90911,23,Humano,Neutro,3111,Exposicao_Face
90927,17,491,328,5.15,1,90927,23,Humano,Neutro,3127,Exposicao_Face
90944,17,486,335,5.13,1,90944,23,Humano,Neutro,3144,Exposicao_Face
90960,17,488,332,5.15,1,90960,23,Humano,Neutro,3160,Exposicao_Face
90977,17,480,327,5.13,1,90977,23,Humano,Neutro,3177,Exposicao_Face
90994,17,487,320,5.18,1,90994,23,Humano,Neutro,3194,Exposicao_Face
91010,17,478,349,5.17,1,91010,23,Humano,Neutro,3210,Exposicao_Face
91027,17,479,359,5.23,1,91027,23,Humano,Neutro,3227,Exposicao_Face
91044,17,482,353,5.23,1,91044,23,Humano,Neutro,3244,Exposicao_Face
91060,17,514,323,5.2,1,91060,23,Humano,Neutro,3260,Exposicao_Face
91077,17,485,342,5.23,1,91077,23,Humano,Neutro,3277,Exposicao_Face
91094,17,481,343,5.23,1,91094,23,Humano,Neutro,3294,Exposicao_Face
91110,17,483,357,5.28,1,91110,23,Humano,Neutro,3310,Exposicao_Face
91127,17,467,315,5.15,1,91127,23,Humano,Neutro,3327,Exposicao_Face
91143,17,476,313,5.15,1,91143,23,Humano,Neutro,3343,Exposicao_Face
91160,17,478,316,5.17,1,91160,23,Humano,Neutro,3360,Exposicao_Face
91177,17,473,431,5.15,3,91177,23,Humano,Neutro,3377,Exposicao_Face
91460,283,518,419,-1.0,3,91460,23,Humano,Neutro,3660,Exposicao_Face
91476,17,511,987,0.0,0,91476,23,Humano,Neutro,3676,Exposicao_Face
91493,17,518,657,5.01,3,91493,23,Humano,Neutro,3693,Exposicao_Face
91509,17,518,530,5.01,3,91509,23,Humano,Neutro,3709,Exposicao_Face
91526,17,520,447,4.97,3,91526,23,Humano,Neutro,3726,Exposicao_Face
91543,17,536,381,4.99,2,91543,23,Humano,Neutro,3743,Exposicao_Face
91559,17,533,317,4.97,1,91559,23,Humano,Neutro,3759,Exposicao_Face
91576,17,535,275,4.96,1,91576,23,Humano,Neutro,3776,Exposicao_Face
91593,17,534,255,4.96,1,91593,23,Humano,Neutro,3793,Exposicao_Face
91609,17,550,276,4.97,1,91609,23,Humano,Neutro,3809,Exposicao_Face
91626,17,527,298,4.99,1,91626,23,Humano,Neutro,3826,Exposicao_Face
91642,17,542,370,5.01,2,91642,23,Humano,Neutro,3842,Exposicao_Face
91659,17,538,367,5.05,2,91659,23,Humano,Neutro,3859,Exposicao_Face
91676,17,544,364,5.05,2,91676,23,Humano,Neutro,3876,Exposicao_Face
91692,17,540,371,5.07,2,91692,23,Humano,Neutro,3892,Exposicao_Face
91709,17,535,372,5.07,2,91709,23,Humano,Neutro,3909,Exposicao_Face
91726,17,539,364,5.07,2,91726,23,Humano,Neutro,3926,Exposicao_Face
91742,17,524,363,5.07,0,91742,23,Humano,Neutro,3942,Exposicao_Face
91759,17,532,373,5.04,2,91759,23,Humano,Neutro,3959,Exposicao_Face
91776,17,535,384,5.07,2,91776,23,Humano,Neutro,3976,Exposicao_Face
91792,17,537,403,5.1,2,91792,23,Humano,Neutro,3992,Exposicao_Face
91809,17,520,410,5.05,2,91809,24,Humano,Raiva,9,Janela_Baseline
91825,17,533,390,5.02,2,91825,24,Humano,Raiva,25,Janela_Baseline
91842,17,537,390,5.01,2,91842,24,Humano,Raiva,42,Janela_Baseline
91859,17,533,389,4.97,2,91859,24,Humano,Raiva,59,Janela_Baseline
91875,17,541,375,4.96,2,91875,24,Humano,Raiva,75,Janela_Baseline
91892,17,544,382,4.88,2,91892,24,Humano,Raiva,92,Janela_Baseline
91909,17,526,393,4.89,2,91909,24,Humano,Raiva,109,Janela_Baseline
91925,17,532,383,4.88,2,91925,24,Humano,Raiva,125,Janela_Baseline
91942,17,527,377,4.84,2,91942,24,Humano,Raiva,142,Janela_Baseline
91959,17,544,369,4.81,2,91959,24,Humano,Raiva,159,Janela_Baseline
91975,17,530,386,4.86,2,91975,24,Humano,Raiva,175,Janela_Baseline
91992,17,535,364,4.78,2,91992,24,Humano,Raiva,192,Janela_Baseline
92008,17,529,381,4.78,2,92008,24,Humano,Raiva,208,Janela_Baseline
92025,17,534,380,4.76,2,92025,24,Humano,Raiva,225,Janela_Baseline
92042,17,534,357,4.7,1,92042,24,Humano,Raiva,242,Janela_Baseline
92058,17,537,365,4.75,2,92058,24,Humano,Raiva,258,Janela_Baseline
92075,17,540,336,4.75,1,92075,24,Humano,Raiva,275,Janela_Baseline
92092,17,538,368,4.75,2,92092,24,Humano,Raiva,292,Janela_Baseline
92108,17,525,359,4.7,1,92108,24,Humano,Raiva,308,Janela_Baseline
92125,17,535,341,4.65,1,92125,24,Humano,Raiva,325,Janela_Baseline
92142,17,537,364,4.68,2,92142,24,Humano,Raiva,342,Janela_Baseline
92158,17,530,384,4.72,2,92158,24,Humano,Raiva,358,Janela_Baseline
92175,17,537,374,4.72,2,92175,24,Humano,Raiva,375,Janela_Baseline
92191,17,533,375,4.7,2,92191,24,Humano,Raiva,391,Janela_Baseline
92208,17,490,317,4.75,1,92208,24,Humano,Raiva,408,Janela_Baseline
92225,17,484,303,4.64,1,92225,24,Humano,Raiva,425,Janela_Baseline
92241,17,486,319,4.68,1,92241,24,Humano,Raiva,441,Janela_Baseline
92258,17,485,332,4.7,1,92258,24,Humano,Raiva,458,Janela_Baseline
92275,17,479,333,4.75,1,92275,24,Humano,Raiva,475,Janela_Baseline
92291,17,483,317,4.75,1,92291,24,Humano,Raiva,491,Janela_Baseline
92308,17,487,311,4.75,1,92308,24,Humano,Raiva,508,Janela_Baseline
92325,17,482,332,4.8,1,92325,24,Humano,Raiva,525,Janela_Baseline
92341,17,477,337,4.76,1,92341,24,Humano,Raiva,541,Janela_Baseline
92358,17,481,337,4.81,1,92358,24,Humano,Raiva,558,Janela_Baseline
92374,17,485,330,4.83,1,92374,24,Humano,Raiva,574,Janela_Baseline
92391,17,484,328,4.8,1,92391,24,Humano,Raiva,591,Janela_Baseline
92408,17,489,311,4.81,1,92408,24,Humano,Raiva,608,Janela_Baseline
92424,17,472,333,4.84,1,92424,24,Humano,Raiva,624,Janela_Baseline
92441,17,484,327,4.84,1,92441,24,Humano,Raiva,641,Janela_Baseline
92458,17,478,326,4.88,1,92458,24,Humano,Raiva,658,Janela_Baseline
92474,17,469,313,4.88,1,92474,24,Humano,Raiva,674,Janela_Baseline
92491,17,498,322,4.96,1,92491,24,Humano,Raiva,691,Janela_Baseline
92508,17,491,304,4.92,1,92508,24,Humano,Raiva,708,Janela_Baseline
92524,17,483,298,4.94,1,92524,24,Humano,Raiva,724,Janela_Baseline
92541,17,515,332,5.02,1,92541,24,Humano,Raiva,741,Janela_Baseline
92557,17,593,299,5.01,1,92557,24,Humano,Raiva,757,Janela_Baseline
92574,17,634,286,4.99,1,92574,24,Humano,Raiva,774,Janela_Baseline
92591,17,633,295,4.99,1,92591,24,Humano,Raiva,791,Janela_Baseline
92607,17,636,295,5.01,1,92607,24,Humano,Raiva,807,Janela_Baseline
92624,17,634,296,5.01,1,92624,24,Humano,Raiva,824,Janela_Baseline
92641,17,636,312,5.02,1,92641,24,Humano,Raiva,841,Janela_Baseline
92657,17,634,322,5.04,1,92657,24,Humano,Raiva,857,Janela_Baseline
92674,17,634,319,5.1,1,92674,24,Humano,Raiva,874,Janela_Baseline
92690,17,637,297,5.04,1,92690,24,Humano,Raiva,890,Janela_Baseline
92707,17,638,279,5.01,1,92707,24,Humano,Raiva,907,Janela_Baseline
92724,17,631,285,5.05,1,92724,24,Humano,Raiva,924,Janela_Baseline
92740,17,629,310,5.13,1,92740,24,Humano,Raiva,940,Janela_Baseline
92757,17,640,305,5.1,1,92757,24,Humano,Raiva,957,Janela_Baseline
92774,17,641,308,5.13,1,92774,24,Humano,Raiva,974,Janela_Baseline
92790,17,631,317,5.13,1,92790,24,Humano,Raiva,990,Janela_Baseline
92807,17,635,291,5.13,1,92807,24,Humano,Raiva,1007,Janela_Baseline
92824,17,630,302,5.12,1,92824,24,Humano,Raiva,1024,Janela_Baseline
92840,17,631,295,5.12,1,92840,24,Humano,Raiva,1040,Janela_Baseline
92857,17,635,308,5.18,1,92857,24,Humano,Raiva,1057,Janela_Baseline
92873,17,628,314,5.15,1,92873,24,Humano,Raiva,1073,Janela_Baseline
92890,17,632,316,5.15,1,92890,24,Humano,Raiva,1090,Janela_Baseline
92907,17,632,319,5.15,1,92907,24,Humano,Raiva,1107,Janela_Baseline
92923,17,631,327,5.21,1,92923,24,Humano,Raiva,1123,Janela_Baseline
92940,17,628,325,5.18,1,92940,24,Humano,Raiva,1140,Janela_Baseline
92957,17,630,314,5.18,1,92957,24,Humano,Raiva,1157,Janela_Baseline
92973,17,638,299,5.15,1,92973,24,Humano,Raiva,1173,Janela_Baseline
92990,17,628,326,5.2,1,92990,24,Humano,Raiva,1190,Janela_Baseline
93007,17,633,347,5.21,1,93007,24,Humano,Raiva,1207,Janela_Baseline
93023,17,629,308,5.13,1,93023,24,Humano,Raiva,1223,Janela_Baseline
93040,17,628,313,5.15,1,93040,24,Humano,Raiva,1240,Janela_Baseline
93056,17,639,298,5.15,1,93056,24,Humano,Raiva,1256,Janela_Baseline
93073,17,633,332,5.21,1,93073,24,Humano,Raiva,1273,Janela_Baseline
93090,17,628,319,5.17,1,93090,24,Humano,Raiva,1290,Janela_Baseline
93106,17,630,345,5.17,1,93106,24,Humano,Raiva,1306,Exposicao_Face
93123,17,631,346,5.2,1,93123,24,Humano,Raiva,1323,Exposicao_Face
93140,17,633,327,5.2,1,93140,24,Humano,Raiva,1340,Exposicao_Face
93156,17,629,315,5.2,1,93156,24,Humano,Raiva,1356,Exposicao_Face
93173,17,628,346,5.23,1,93173,24,Humano,Raiva,1373,Exposicao_Face
93190,17,631,343,5.2,1,93190,24,Humano,Raiva,1390,Exposicao_Face
93206,17,644,307,5.13,1,93206,24,Humano,Raiva,1406,Exposicao_Face
93223,17,637,326,5.17,1,93223,24,Humano,Raiva,1423,Exposicao_Face
93239,17,659,347,5.15,1,93239,24,Humano,Raiva,1439,Exposicao_Face
93256,17,719,337,5.21,1,93256,24,Humano,Raiva,1456,Exposicao_Face
93273,17,742,338,5.15,1,93273,24,Humano,Raiva,1473,Exposicao_Face
93289,17,734,335,5.2,1,93289,24,Humano,Raiva,1489,Exposicao_Face
93306,17,737,342,5.26,1,93306,24,Humano,Raiva,1506,Exposicao_Face
93323,17,740,354,5.25,1,93323,24,Humano,Raiva,1523,Exposicao_Face
93339,17,737,329,5.21,1,93339,24,Humano,Raiva,1539,Exposicao_Face
93356,17,747,333,5.28,1,93356,24,Humano,Raiva,1556,Exposicao_Face
93373,17,743,338,5.26,1,93373,24,Humano,Raiva,1573,Exposicao_Face
93389,17,741,342,5.25,1,93389,24,Humano,Raiva,1589,Exposicao_Face
93406,17,736,360,5.29,1,93406,24,Humano,Raiva,1606,Exposicao_Face
93422,17,724,345,5.26,1,93422,24,Humano,Raiva,1622,Exposicao_Face
93439,17,737,354,5.29,1,93439,24,Humano,Raiva,1639,Exposicao_Face
93456,17,741,348,5.33,1,93456,24,Humano,Raiva,1656,Exposicao_Face
93472,17,737,323,5.29,1,93472,24,Humano,Raiva,1672,Exposicao_Face
93489,17,733,348,5.34,1,93489,24,Humano,Raiva,1689,Exposicao_Face
93506,17,737,321,5.29,1,93506,24,Humano,Raiva,1706,Exposicao_Face
93705,200,499,713,5.41,3,93705,24,Humano,Raiva,1905,Exposicao_Face
93722,17,495,503,5.39,3,93722,24,Humano,Raiva,1922,Exposicao_Face
93739,17,509,381,5.39,2,93739,24,Humano,Raiva,1939,Exposicao_Face
93755,17,514,271,5.42,1,93755,24,Humano,Raiva,1955,Exposicao_Face
93772,17,509,248,5.39,1,93772,24,Humano,Raiva,1972,Exposicao_Face
93788,17,499,322,5.42,1,93788,24,Humano,Raiva,1988,Exposicao_Face
93805,17,504,352,5.42,1,93805,24,Humano,Raiva,2005,Exposicao_Face
93822,17,507,352,5.47,1,93822,24,Humano,Raiva,2022,Exposicao_Face
93838,17,517,335,5.42,1,93838,24,Humano,Raiva,2038,Exposicao_Face
93855,17,524,318,5.41,1,93855,24,Humano,Raiva,2055,Exposicao_Face
93872,17,522,338,5.41,1,93872,24,Humano,Raiva,2072,Exposicao_Face
93888,17,495,352,5.44,1,93888,24,Humano,Raiva,2088,Exposicao_Face
93905,17,501,362,5.39,1,93905,24,Humano,Raiva,2105,Exposicao_Face
93921,17,523,322,5.42,1,93921,24,Humano,Raiva,2121,Exposicao_Face
93938,17,496,337,5.39,1,93938,24,Humano,Raiva,2138,Exposicao_Face
93955,17,518,322,5.45,1,93955,24,Humano,Raiva,2155,Exposicao_Face
93971,17,528,330,5.44,1,93971,24,Humano,Raiva,2171,Exposicao_Face
93988,17,500,353,5.49,1,93988,24,Humano,Raiva,2188,Exposicao_Face
94005,17,491,353,5.44,1,94005,24,Humano,Raiva,2205,Exposicao_Face
94021,17,518,344,5.49,1,94021,24,Humano,Raiva,2221,Exposicao_Face
94038,17,518,336,5.52,1,94038,24,Humano,Raiva,2238,Exposicao_Face
94055,17,466,356,5.53,1,94055,24,Humano,Raiva,2255,Exposicao_Face
94071,17,481,356,5.52,1,94071,24,Humano,Raiva,2271,Exposicao_Face
94088,17,464,338,5.42,1,94088,24,Humano,Raiva,2288,Exposicao_Face
94104,17,468,340,5.42,1,94104,24,Humano,Raiva,2304,Exposicao_Face
94121,17,470,344,5.5,1,94121,24,Humano,Raiva,2321,Exposicao_Face
94138,17,472,365,5.5,2,94138,24,Humano,Raiva,2338,Exposicao_Face
94154,17,438,361,5.5,1,94154,24,Humano,Raiva,2354,Exposicao_Face
94171,17,475,350,5.45,1,94171,24,Humano,Raiva,2371,Exposicao_Face
94188,17,475,339,5.37,1,94188,24,Humano,Raiva,2388,Exposicao_Face
94204,17,472,329,5.37,1,94204,24,Humano,Raiva,2404,Exposicao_Face
94221,17,455,352,5.39,1,94221,24,Humano,Raiva,2421,Exposicao_Face
94238,17,470,357,5.37,1,94238,24,Humano,Raiva,2438,Exposicao_Face
94254,17,432,354,5.39,1,94254,24,Humano,Raiva,2454,Exposicao_Face
94271,17,465,346,5.36,1,94271,24,Humano,Raiva,2471,Exposicao_Face
94287,17,458,333,5.36,1,94287,24,Humano,Raiva,2487,Exposicao_Face
94304,17,441,339,5.39,1,94304,24,Humano,Raiva,2504,Exposicao_Face
94321,17,444,333,5.34,1,94321,24,Humano,Raiva,2521,Exposicao_Face
94337,17,446,331,5.29,1,94337,24,Humano,Raiva,2537,Exposicao_Face
94354,17,463,345,5.34,1,94354,24,Humano,Raiva,2554,Exposicao_Face
94371,17,463,348,5.36,1,94371,24,Humano,Raiva,2571,Exposicao_Face
94387,17,451,344,5.33,1,94387,24,Humano,Raiva,2587,Exposicao_Face
94404,17,462,360,5.33,1,94404,24,Humano,Raiva,2604,Exposicao_Face
94421,17,460,350,5.31,1,94421,24,Humano,Raiva,2621,Exposicao_Face
94437,17,440,351,5.34,1,94437,24,Humano,Raiva,2637,Exposicao_Face
94454,17,542,348,5.42,1,94454,24,Humano,Raiva,2654,Exposicao_Face
94470,17,590,325,5.39,1,94470,24,Humano,Raiva,2670,Exposicao_Face
94487,17,584,316,5.39,1,94487,24,Humano,Raiva,2687,Exposicao_Face
94504,17,604,339,5.39,1,94504,24,Humano,Raiva,2704,Exposicao_Face
94520,17,578,323,5.39,1,94520,24,Humano,Raiva,2720,Exposicao_Face
94537,17,580,329,5.39,1,94537,24,Humano,Raiva,2737,Exposicao_Face
94554,17,600,298,5.41,1,94554,24,Humano,Raiva,2754,Exposicao_Face
94570,17,599,322,5.41,1,94570,24,Humano,Raiva,2770,Exposicao_Face
94587,17,585,328,5.42,1,94587,24,Humano,Raiva,2787,Exposicao_Face
94604,17,599,329,5.42,1,94604,24,Humano,Raiva,2804,Exposicao_Face
94620,17,598,294,5.42,1,94620,24,Humano,Raiva,2820,Exposicao_Face
94637,17,600,314,5.45,1,94637,24,Humano,Raiva,2837,Exposicao_Face
94653,17,581,322,5.45,1,94653,24,Humano,Raiva,2853,Exposicao_Face
94670,17,585,327,5.47,1,94670,24,Humano,Raiva,2870,Exposicao_Face
94687,17,578,333,5.47,1,94687,24,Humano,Raiva,2887,Exposicao_Face
94703,17,603,322,5.44,1,94703,24,Humano,Raiva,2903,Exposicao_Face
94720,17,579,336,5.45,1,94720,24,Humano,Raiva,2920,Exposicao_Face
94737,17,584,338,5.5,1,94737,24,Humano,Raiva,2937,Exposicao_Face
94753,17,581,353,5.49,1,94753,24,Humano,Raiva,2953,Exposicao_Face
94770,17,582,320,5.45,1,94770,24,Humano,Raiva,2970,Exposicao_Face
94787,17,600,300,5.41,1,94787,24,Humano,Raiva,2987,Exposicao_Face
94803,17,574,340,5.45,1,94803,24,Humano,Raiva,3003,Exposicao_Face
94820,17,600,323,5.5,1,94820,24,Humano,Raiva,3020,Exposicao_Face
94836,17,600,319,5.52,1,94836,24,Humano,Raiva,3036,Exposicao_Face
94853,17,585,328,5.47,1,94853,24,Humano,Raiva,3053,Exposicao_Face
94870,17,594,323,5.47,1,94870,24,Humano,Raiva,3070,Exposicao_Face
94886,17,538,355,5.5,1,94886,24,Humano,Raiva,3086,Exposicao_Face
94903,17,492,324,5.44,1,94903,24,Humano,Raiva,3103,Exposicao_Face
94920,17,473,338,5.42,1,94920,24,Humano,Raiva,3120,Exposicao_Face
94936,17,446,331,5.39,1,94936,24,Humano,Raiva,3136,Exposicao_Face
94953,17,478,329,5.45,1,94953,24,Humano,Raiva,3153,Exposicao_Face
94969,17,454,345,5.47,1,94969,24,Humano,Raiva,3169,Exposicao_Face
94986,17,435,348,5.49,1,94986,24,Humano,Raiva,3186,Exposicao_Face
95003,17,475,356,5.5,1,95003,24,Humano,Raiva,3203,Exposicao_Face
95019,17,468,352,5.52,1,95019,24,Humano,Raiva,3219,Exposicao_Face
95036,17,481,374,5.5,2,95036,24,Humano,Raiva,3236,Exposicao_Face
95053,17,479,338,5.44,1,95053,24,Humano,Raiva,3253,Exposicao_Face
95069,17,479,329,5.41,1,95069,24,Humano,Raiva,3269,Exposicao_Face
95086,17,476,345,5.44,1,95086,24,Humano,Raiva,3286,Exposicao_Face
95103,17,431,342,5.47,1,95103,24,Humano,Raiva,3303,Exposicao_Face
95119,17,451,362,5.47,1,95119,24,Humano,Raiva,3319,Exposicao_Face
95136,17,477,345,5.49,1,95136,24,Humano,Raiva,3336,Exposicao_Face
95152,17,433,342,5.44,1,95152,24,Humano,Raiva,3352,Exposicao_Face
95186,33,436,347,5.39,1,95186,24,Humano,Raiva,3386,Exposicao_Face
95202,17,449,363,5.39,0,95202,24,Humano,Raiva,3402,Exposicao_Face
95219,17,447,411,5.36,2,95219,24,Humano,Raiva,3419,Exposicao_Face
95236,17,476,888,0.0,0,95236,24,Humano,Raiva,3436,Exposicao_Face
95252,17,597,552,0.0,3,95252,24,Humano,Raiva,3452,Exposicao_Face
95485,233,561,942,0.0,0,95485,24,Humano,Raiva,3685,Exposicao_Face
95518,33,534,228,-1.0,1,95518,24,Humano,Raiva,3718,Exposicao_Face
95535,17,524,352,-1.0,1,95535,24,Humano,Raiva,3735,Exposicao_Face
95552,17,530,414,5.31,2,95552,24,Humano,Raiva,3752,Exposicao_Face
95568,17,538,382,5.28,2,95568,24,Humano,Raiva,3768,Exposicao_Face
95585,17,537,370,5.31,2,95585,24,Humano,Raiva,3785,Exposicao_Face
95602,17,531,288,5.29,1,95602,24,Humano,Raiva,3802,Exposicao_Face
95618,17,545,269,5.28,1,95618,24,Humano,Raiva,3818,Exposicao_Face
95635,17,551,264,5.33,1,95635,24,Humano,Raiva,3835,Exposicao_Face
95652,17,547,252,5.29,1,95652,24,Humano,Raiva,3852,Exposicao_Face
95668,17,536,287,5.31,1,95668,24,Humano,Raiva,3868,Exposicao_Face
95701,33,547,295,5.34,1,95701,24,Humano,Raiva,3901,Exposicao_Face
95718,17,533,338,5.37,1,95718,24,Humano,Raiva,3918,Exposicao_Face
95735,17,546,348,5.36,1,95735,24,Humano,Raiva,3935,Exposicao_Face
95751,17,541,341,5.37,1,95751,24,Humano,Raiva,3951,Exposicao_Face
95768,17,546,351,5.37,1,95768,24,Humano,Raiva,3968,Exposicao_Face
95785,17,546,366,5.39,2,95785,24,Humano,Raiva,3985,Exposicao_Face
95801,17,531,361,5.34,1,95801,25,Humano,Feliz,1,Janela_Baseline
95818,17,540,352,5.33,1,95818,25,Humano,Feliz,18,Janela_Baseline
95835,17,530,402,5.33,2,95835,25,Humano,Feliz,35,Janela_Baseline
95851,17,530,376,5.33,2,95851,25,Humano,Feliz,51,Janela_Baseline
95868,17,538,359,5.26,1,95868,25,Humano,Feliz,68,Janela_Baseline
95884,17,542,331,5.18,1,95884,25,Humano,Feliz,84,Janela_Baseline
95901,17,543,342,5.18,1,95901,25,Humano,Feliz,101,Janela_Baseline
95918,17,543,359,5.17,1,95918,25,Humano,Feliz,118,Janela_Baseline
95934,17,547,329,5.13,1,95934,25,Humano,Feliz,134,Janela_Baseline
95951,17,541,351,5.15,1,95951,25,Humano,Feliz,151,Janela_Baseline
95968,17,537,365,5.13,2,95968,25,Humano,Feliz,168,Janela_Baseline
95984,17,543,363,5.18,0,95984,25,Humano,Feliz,184,Janela_Baseline
96001,17,538,374,5.15,2,96001,25,Humano,Feliz,201,Janela_Baseline
96018,17,545,360,5.12,1,96018,25,Humano,Feliz,218,Janela_Baseline
96034,17,545,343,5.05,1,96034,25,Humano,Feliz,234,Janela_Baseline
96051,17,532,358,5.15,1,96051,25,Humano,Feliz,251,Janela_Baseline
96067,17,544,365,5.15,2,96067,25,Humano,Feliz,267,Janela_Baseline
96084,17,543,368,5.12,2,96084,25,Humano,Feliz,284,Janela_Baseline
96101,17,555,352,5.09,1,96101,25,Humano,Feliz,301,Janela_Baseline
96117,17,546,348,5.07,1,96117,25,Humano,Feliz,317,Janela_Baseline
96134,17,543,342,5.05,1,96134,25,Humano,Feliz,334,Janela_Baseline
96151,17,541,351,5.04,1,96151,25,Humano,Feliz,351,Janela_Baseline
96167,17,535,381,5.13,2,96167,25,Humano,Feliz,367,Janela_Baseline
96184,17,449,346,5.12,1,96184,25,Humano,Feliz,384,Janela_Baseline
96200,17,428,332,5.04,1,96200,25,Humano,Feliz,400,Janela_Baseline
96217,17,427,345,5.02,1,96217,25,Humano,Feliz,417,Janela_Baseline
96234,17,463,337,5.04,1,96234,25,Humano,Feliz,434,Janela_Baseline
96250,17,438,338,5.04,1,96250,25,Humano,Feliz,450,Janela_Baseline
96267,17,438,345,5.05,1,96267,25,Humano,Feliz,467,Janela_Baseline
96284,17,442,347,5.07,1,96284,25,Humano,Feliz,484,Janela_Baseline
96300,17,440,339,5.04,1,96300,25,Humano,Feliz,500,Janela_Baseline
96317,17,438,353,5.1,1,96317,25,Humano,Feliz,517,Janela_Baseline
96334,17,460,330,5.07,1,96334,25,Humano,Feliz,534,Janela_Baseline
96350,17,438,349,5.09,1,96350,25,Humano,Feliz,550,Janela_Baseline
96367,17,436,330,5.1,1,96367,25,Humano,Feliz,567,Janela_Baseline
96383,17,438,337,5.1,1,96383,25,Humano,Feliz,583,Janela_Baseline
96400,17,437,342,5.12,1,96400,25,Humano,Feliz,600,Janela_Baseline
96417,17,441,336,5.1,1,96417,25,Humano,Feliz,617,Janela_Baseline
96433,17,438,313,5.05,1,96433,25,Humano,Feliz,633,Janela_Baseline
96450,17,439,314,5.07,1,96450,25,Humano,Feliz,650,Janela_Baseline
96467,17,444,317,5.15,1,96467,25,Humano,Feliz,667,Janela_Baseline
96483,17,439,345,5.12,1,96483,25,Humano,Feliz,683,Janela_Baseline
96500,17,438,338,5.15,1,96500,25,Humano,Feliz,700,Janela_Baseline
96517,17,458,334,5.15,1,96517,25,Humano,Feliz,717,Janela_Baseline
96533,17,449,332,5.18,1,96533,25,Humano,Feliz,733,Janela_Baseline
96550,17,452,326,5.15,1,96550,25,Humano,Feliz,750,Janela_Baseline
96566,17,453,342,5.2,1,96566,25,Humano,Feliz,766,Janela_Baseline
96583,17,453,339,5.18,1,96583,25,Humano,Feliz,783,Janela_Baseline
96600,17,450,341,5.18,1,96600,25,Humano,Feliz,800,Janela_Baseline
96616,17,454,343,5.21,1,96616,25,Humano,Feliz,816,Janela_Baseline
96633,17,451,320,5.26,1,96633,25,Humano,Feliz,833,Janela_Baseline
96650,17,450,336,5.26,1,96650,25,Humano,Feliz,850,Janela_Baseline
96666,17,449,344,5.28,1,96666,25,Humano,Feliz,866,Janela_Baseline
96683,17,454,313,5.21,1,96683,25,Humano,Feliz,883,Janela_Baseline
96700,17,443,329,5.25,1,96700,25,Humano,Feliz,900,Janela_Baseline
96716,17,452,340,5.28,1,96716,25,Humano,Feliz,916,Janela_Baseline
96733,17,453,360,5.31,1,96733,25,Humano,Feliz,933,Janela_Baseline
96749,17,447,345,5.31,1,96749,25,Humano,Feliz,949,Janela_Baseline
96766,17,442,353,5.26,1,96766,25,Humano,Feliz,966,Janela_Baseline
96783,17,433,367,5.26,2,96783,25,Humano,Feliz,983,Janela_Baseline
96799,17,446,317,5.28,1,96799,25,Humano,Feliz,999,Janela_Baseline
96816,17,445,357,5.36,1,96816,25,Humano,Feliz,1016,Janela_Baseline
96833,17,424,342,5.29,1,96833,25,Humano,Feliz,1033,Janela_Baseline
96849,17,431,346,5.31,1,96849,25,Humano,Feliz,1049,Janela_Baseline
96866,17,442,346,5.34,1,96866,25,Humano,Feliz,1066,Janela_Baseline
96883,17,438,344,5.34,1,96883,25,Humano,Feliz,1083,Janela_Baseline
96899,17,472,335,5.36,1,96899,25,Humano,Feliz,1099,Janela_Baseline
96916,17,445,337,5.41,1,96916,25,Humano,Feliz,1116,Janela_Baseline
96932,17,431,340,5.34,1,96932,25,Humano,Feliz,1132,Janela_Baseline
96949,17,438,371,5.45,2,96949,25,Humano,Feliz,1149,Janela_Baseline
96966,17,440,355,5.42,1,96966,25,Humano,Feliz,1166,Janela_Baseline
96982,17,516,334,5.41,1,96982,25,Humano,Feliz,1182,Janela_Baseline
96999,17,574,339,5.39,1,96999,25,Humano,Feliz,1199,Janela_Baseline
97016,17,556,334,5.47,1,97016,25,Humano,Feliz,1216,Janela_Baseline
97032,17,570,326,5.44,1,97032,25,Humano,Feliz,1232,Janela_Baseline
97049,17,561,337,5.42,1,97049,25,Humano,Feliz,1249,Janela_Baseline
97066,17,568,348,5.45,1,97066,25,Humano,Feliz,1266,Janela_Baseline
97082,17,570,356,5.49,1,97082,25,Humano,Feliz,1282,Janela_Baseline
97099,17,575,355,5.52,1,97099,25,Humano,Feliz,1299,Janela_Baseline
97115,17,558,329,5.45,1,97115,25,Humano,Feliz,1315,Exposicao_Face
97132,17,568,343,5.52,1,97132,25,Humano,Feliz,1332,Exposicao_Face
97149,17,556,369,5.58,2,97149,25,Humano,Feliz,1349,Exposicao_Face
97165,17,557,345,5.52,1,97165,25,Humano,Feliz,1365,Exposicao_Face
97182,17,565,327,5.52,1,97182,25,Humano,Feliz,1382,Exposicao_Face
97199,17,559,334,5.5,1,97199,25,Humano,Feliz,1399,Exposicao_Face
97215,17,579,349,5.53,1,97215,25,Humano,Feliz,1415,Exposicao_Face
97232,17,572,365,5.52,2,97232,25,Humano,Feliz,1432,Exposicao_Face
97248,17,577,349,5.53,1,97248,25,Humano,Feliz,1448,Exposicao_Face
97265,17,554,351,5.55,1,97265,25,Humano,Feliz,1465,Exposicao_Face
97282,17,558,339,5.53,1,97282,25,Humano,Feliz,1482,Exposicao_Face
97298,17,566,347,5.57,1,97298,25,Humano,Feliz,1498,Exposicao_Face
97315,17,559,337,5.52,1,97315,25,Humano,Feliz,1515,Exposicao_Face
97332,17,579,344,5.53,1,97332,25,Humano,Feliz,1532,Exposicao_Face
97348,17,579,357,5.55,1,97348,25,Humano,Feliz,1548,Exposicao_Face
97365,17,561,349,5.52,1,97365,25,Humano,Feliz,1565,Exposicao_Face
97382,17,562,354,5.53,1,97382,25,Humano,Feliz,1582,Exposicao_Face
97398,17,571,354,5.55,1,97398,25,Humano,Feliz,1598,Exposicao_Face
97415,17,575,336,5.52,1,97415,25,Humano,Feliz,1615,Exposicao_Face
97431,17,570,333,5.52,1,97431,25,Humano,Feliz,1631,Exposicao_Face
97448,17,567,336,5.52,1,97448,25,Humano,Feliz,1648,Exposicao_Face
97465,17,571,332,5.5,1,97465,25,Humano,Feliz,1665,Exposicao_Face
97481,17,564,337,5.52,1,97481,25,Humano,Feliz,1681,Exposicao_Face
97498,17,567,340,5.53,1,97498,25,Humano,Feliz,1698,Exposicao_Face
97515,17,579,361,5.58,1,97515,25,Humano,Feliz,1715,Exposicao_Face
97531,17,559,351,5.53,1,97531,25,Humano,Feliz,1731,Exposicao_Face
97548,17,566,350,5.57,1,97548,25,Humano,Feliz,1748,Exposicao_Face
97565,17,577,331,5.55,1,97565,25,Humano,Feliz,1765,Exposicao_Face
97581,17,577,324,5.55,1,97581,25,Humano,Feliz,1781,Exposicao_Face
97598,17,566,358,5.53,1,97598,25,Humano,Feliz,1798,Exposicao_Face
97614,17,561,358,5.57,1,97614,25,Humano,Feliz,1814,Exposicao_Face
97631,17,588,350,5.55,1,97631,25,Humano,Feliz,1831,Exposicao_Face
97648,17,564,371,5.55,2,97648,25,Humano,Feliz,1848,Exposicao_Face
97664,17,576,323,5.53,1,97664,25,Humano,Feliz,1864,Exposicao_Face
97681,17,578,348,5.6,1,97681,25,Humano,Feliz,1881,Exposicao_Face
97698,17,585,335,5.53,1,97698,25,Humano,Feliz,1898,Exposicao_Face
97714,17,575,343,5.55,1,97714,25,Humano,Feliz,1914,Exposicao_Face
97731,17,569,360,5.58,1,97731,25,Humano,Feliz,1931,Exposicao_Face
97748,17,552,368,5.57,2,97748,25,Humano,Feliz,1948,Exposicao_Face
97764,17,505,439,5.58,3,97764,25,Humano,Feliz,1964,Exposicao_Face
97781,17,475,478,5.57,3,97781,25,Humano,Feliz,1981,Exposicao_Face
97797,17,480,463,5.53,3,97797,25,Humano,Feliz,1997,Exposicao_Face
97814,17,503,471,5.57,3,97814,25,Humano,Feliz,2014,Exposicao_Face
97831,17,502,472,5.55,3,97831,25,Humano,Feliz,2031,Exposicao_Face
97847,17,493,465,5.52,3,97847,25,Humano,Feliz,2047,Exposicao_Face
97864,17,495,453,5.52,3,97864,25,Humano,Feliz,2064,Exposicao_Face
97881,17,475,472,5.53,3,97881,25,Humano,Feliz,2081,Exposicao_Face
97897,17,475,477,5.53,3,97897,25,Humano,Feliz,2097,Exposicao_Face
97914,17,487,457,5.52,3,97914,25,Humano,Feliz,2114,Exposicao_Face
97931,17,493,470,5.53,3,97931,25,Humano,Feliz,2131,Exposicao_Face
97947,17,465,465,5.55,3,97947,25,Humano,Feliz,2147,Exposicao_Face
97964,17,476,475,5.52,3,97964,25,Humano,Feliz,2164,Exposicao_Face
97980,17,504,462,5.53,3,97980,25,Humano,Feliz,2180,Exposicao_Face
97997,17,476,451,5.57,3,97997,25,Humano,Feliz,2197,Exposicao_Face
98014,17,497,473,5.55,3,98014,25,Humano,Feliz,2214,Exposicao_Face
98030,17,488,454,5.58,3,98030,25,Humano,Feliz,2230,Exposicao_Face
98047,17,490,470,5.57,3,98047,25,Humano,Feliz,2247,Exposicao_Face
98064,17,498,459,5.55,3,98064,25,Humano,Feliz,2264,Exposicao_Face
98080,17,488,461,5.61,3,98080,25,Humano,Feliz,2280,Exposicao_Face
98097,17,500,450,5.6,3,98097,25,Humano,Feliz,2297,Exposicao_Face
98114,17,484,450,5.57,3,98114,25,Humano,Feliz,2314,Exposicao_Face
98130,17,494,450,5.55,3,98130,25,Humano,Feliz,2330,Exposicao_Face
98147,17,487,482,5.55,3,98147,25,Humano,Feliz,2347,Exposicao_Face
98163,17,492,423,5.47,3,98163,25,Humano,Feliz,2363,Exposicao_Face
98180,17,494,466,5.55,3,98180,25,Humano,Feliz,2380,Exposicao_Face
98197,17,526,473,5.52,3,98197,25,Humano,Feliz,2397,Exposicao_Face
98213,17,523,451,5.53,3,98213,25,Humano,Feliz,2413,Exposicao_Face
98230,17,516,459,5.5,3,98230,25,Humano,Feliz,2430,Exposicao_Face
98247,17,514,440,5.44,3,98247,25,Humano,Feliz,2447,Exposicao_Face
98263,17,516,457,5.45,3,98263,25,Humano,Feliz,2463,Exposicao_Face
98280,17,497,464,5.42,3,98280,25,Humano,Feliz,2480,Exposicao_Face
98297,17,492,474,5.44,3,98297,25,Humano,Feliz,2497,Exposicao_Face
98313,17,493,437,5.41,3,98313,25,Humano,Feliz,2513,Exposicao_Face
98330,17,488,460,5.45,3,98330,25,Humano,Feliz,2530,Exposicao_Face
98346,17,522,461,5.45,3,98346,25,Humano,Feliz,2546,Exposicao_Face
98363,17,507,455,5.42,3,98363,25,Humano,Feliz,2563,Exposicao_Face
98380,17,499,448,5.41,3,98380,25,Humano,Feliz,2580,Exposicao_Face
98396,17,502,440,5.39,3,98396,25,Humano,Feliz,2596,Exposicao_Face
98413,17,506,432,5.39,3,98413,25,Humano,Feliz,2613,Exposicao_Face
98430,17,488,473,5.42,3,98430,25,Humano,Feliz,2630,Exposicao_Face
98446,17,486,455,5.42,3,98446,25,Humano,Feliz,2646,Exposicao_Face
98463,17,504,465,5.44,3,98463,25,Humano,Feliz,2663,Exposicao_Face
98479,17,494,455,5.45,3,98479,25,Humano,Feliz,2679,Exposicao_Face
98496,17,501,450,5.44,3,98496,25,Humano,Feliz,2696,Exposicao_Face
98513,17,510,459,5.5,3,98513,25,Humano,Feliz,2713,Exposicao_Face
98529,17,487,469,5.45,3,98529,25,Humano,Feliz,2729,Exposicao_Face
98546,17,496,444,5.41,3,98546,25,Humano,Feliz,2746,Exposicao_Face
98563,17,498,445,5.41,3,98563,25,Humano,Feliz,2763,Exposicao_Face
98579,17,492,451,5.41,3,98579,25,Humano,Feliz,2779,Exposicao_Face
98596,17,523,443,5.39,3,98596,25,Humano,Feliz,2796,Exposicao_Face
98613,17,508,463,5.45,3,98613,25,Humano,Feliz,2813,Exposicao_Face
98629,17,523,446,5.5,3,98629,25,Humano,Feliz,2829,Exposicao_Face
98646,17,522,484,5.52,3,98646,25,Humano,Feliz,2846,Exposicao_Face
98662,17,514,463,5.45,3,98662,25,Humano,Feliz,2862,Exposicao_Face
98679,17,510,453,5.47,3,98679,25,Humano,Feliz,2879,Exposicao_Face
98696,17,510,454,5.5,3,98696,25,Humano,Feliz,2896,Exposicao_Face
98712,17,516,447,5.49,3,98712,25,Humano,Feliz,2912,Exposicao_Face
98729,17,517,457,5.47,3,98729,25,Humano,Feliz,2929,Exposicao_Face
98762,33,488,464,5.53,3,98762,25,Humano,Feliz,2962,Exposicao_Face
98779,17,496,435,5.55,3,98779,25,Humano,Feliz,2979,Exposicao_Face
98796,17,522,428,5.52,3,98796,25,Humano,Feliz,2996,Exposicao_Face
98812,17,492,432,5.53,3,98812,25,Humano,Feliz,3012,Exposicao_Face
98829,17,497,443,5.55,3,98829,25,Humano,Feliz,3029,Exposicao_Face
98845,17,521,421,5.53,3,98845,25,Humano,Feliz,3045,Exposicao_Face
98862,17,512,447,5.53,3,98862,25,Humano,Feliz,3062,Exposicao_Face
98879,17,517,442,5.55,3,98879,25,Humano,Feliz,3079,Exposicao_Face
98895,17,517,439,5.57,3,98895,25,Humano,Feliz,3095,Exposicao_Face
98912,17,516,449,5.58,3,98912,25,Humano,Feliz,3112,Exposicao_Face
98929,17,521,434,5.53,3,98929,25,Humano,Feliz,3129,Exposicao_Face
98945,17,521,442,5.57,3,98945,25,Humano,Feliz,3145,Exposicao_Face
98962,17,512,445,5.58,3,98962,25,Humano,Feliz,3162,Exposicao_Face
98979,17,522,442,5.58,3,98979,25,Humano,Feliz,3179,Exposicao_Face
98995,17,513,429,5.6,3,98995,25,Humano,Feliz,3195,Exposicao_Face
99012,17,521,435,5.58,3,99012,25,Humano,Feliz,3212,Exposicao_Face
99028,17,503,464,5.63,3,99028,25,Humano,Feliz,3228,Exposicao_Face
99045,17,509,427,5.53,3,99045,25,Humano,Feliz,3245,Exposicao_Face
99062,17,500,415,5.55,5,99062,25,Humano,Feliz,3262,Exposicao_Face
99078,17,508,447,5.63,3,99078,25,Humano,Feliz,3278,Exposicao_Face
99095,17,522,428,5.6,3,99095,25,Humano,Feliz,3295,Exposicao_Face
99112,17,506,443,5.57,3,99112,25,Humano,Feliz,3312,Exposicao_Face
99128,17,503,458,5.57,3,99128,25,Humano,Feliz,3328,Exposicao_Face
99145,17,507,440,5.55,3,99145,25,Humano,Feliz,3345,Exposicao_Face
99162,17,506,426,5.58,3,99162,25,Humano,Feliz,3362,Exposicao_Face
99178,17,510,448,5.65,3,99178,25,Humano,Feliz,3378,Exposicao_Face
99195,17,496,438,5.63,3,99195,25,Humano,Feliz,3395,Exposicao_Face
99211,17,516,438,5.65,3,99211,25,Humano,Feliz,3411,Exposicao_Face
99228,17,513,422,5.57,3,99228,25,Humano,Feliz,3428,Exposicao_Face
99245,17,514,418,5.57,3,99245,25,Humano,Feliz,3445,Exposicao_Face
99261,17,508,420,5.57,3,99261,25,Humano,Feliz,3461,Exposicao_Face
99278,17,512,425,5.55,3,99278,25,Humano,Feliz,3478,Exposicao_Face
99295,17,515,425,5.57,3,99295,25,Humano,Feliz,3495,Exposicao_Face
99311,17,488,469,5.63,3,99311,25,Humano,Feliz,3511,Exposicao_Face
99328,17,502,467,5.57,3,99328,25,Humano,Feliz,3528,Exposicao_Face
99345,17,495,455,5.55,3,99345,25,Humano,Feliz,3545,Exposicao_Face
99361,17,518,458,5.58,3,99361,25,Humano,Feliz,3561,Exposicao_Face
99378,17,514,444,5.52,3,99378,25,Humano,Feliz,3578,Exposicao_Face
99394,17,506,455,5.52,3,99394,25,Humano,Feliz,3594,Exposicao_Face
99411,17,508,450,5.45,3,99411,25,Humano,Feliz,3611,Exposicao_Face
99428,17,512,451,5.47,3,99428,25,Humano,Feliz,3628,Exposicao_Face
99444,17,513,459,5.47,3,99444,25,Humano,Feliz,3644,Exposicao_Face
99461,17,506,464,5.47,3,99461,25,Humano,Feliz,3661,Exposicao_Face
99478,17,502,457,5.49,3,99478,25,Humano,Feliz,3678,Exposicao_Face
99494,17,492,446,5.42,3,99494,25,Humano,Feliz,3694,Exposicao_Face
99511,17,498,454,5.5,3,99511,25,Humano,Feliz,3711,Exposicao_Face
99527,17,504,447,5.41,3,99527,25,Humano,Feliz,3727,Exposicao_Face
99544,17,491,399,5.42,2,99544,25,Humano,Feliz,3744,Exposicao_Face
99561,17,508,401,5.41,2,99561,25,Humano,Feliz,3761,Exposicao_Face
99577,17,511,422,5.45,3,99577,25,Humano,Feliz,3777,Exposicao_Face
99594,17,493,406,5.41,2,99594,25,Humano,Feliz,3794,Exposicao_Face
99611,17,493,438,5.47,3,99611,25,Humano,Feliz,3811,Exposicao_Face
99627,17,500,427,5.45,3,99627,25,Humano,Feliz,3827,Exposicao_Face
99644,17,493,414,5.41,2,99644,25,Humano,Feliz,3844,Exposicao_Face
99661,17,496,418,5.47,3,99661,25,Humano,Feliz,3861,Exposicao_Face
99677,17,489,410,5.47,2,99677,25,Humano,Feliz,3877,Exposicao_Face
99694,17,515,412,5.49,2,99694,25,Humano,Feliz,3894,Exposicao_Face
99710,17,512,427,5.53,3,99710,25,Humano,Feliz,3910,Exposicao_Face
99727,17,491,396,5.41,2,99727,25,Humano,Feliz,3927,Exposicao_Face
99744,17,512,397,5.44,2,99744,25,Humano,Feliz,3944,Exposicao_Face
99760,17,492,414,5.53,2,99760,25,Humano,Feliz,3960,Exposicao_Face
99777,17,499,414,5.5,2,99777,25,Humano,Feliz,3977,Exposicao_Face
99794,17,511,391,5.41,2,99794,25,Humano,Feliz,3994,Exposicao_Face
99810,17,509,394,5.53,2,99810,26,Humano,Neutro,10,Janela_Baseline
99827,17,501,395,5.52,2,99827,26,Humano,Neutro,27,Janela_Baseline
99844,17,515,382,5.5,2,99844,26,Humano,Neutro,44,Janela_Baseline
99860,17,486,385,5.49,2,99860,26,Humano,Neutro,60,Janela_Baseline
99877,17,509,386,5.52,2,99877,26,Humano,Neutro,77,Janela_Baseline
99893,17,508,411,5.55,2,99893,26,Humano,Neutro,93,Janela_Baseline
99910,17,488,404,5.55,2,99910,26,Humano,Neutro,110,Janela_Baseline
99927,17,480,412,5.55,2,99927,26,Humano,Neutro,127,Janela_Baseline
99943,17,486,405,5.5,2,99943,26,Humano,Neutro,143,Janela_Baseline
99960,17,511,388,5.52,2,99960,26,Humano,Neutro,160,Janela_Baseline
99977,17,518,394,5.53,2,99977,26,Humano,Neutro,177,Janela_Baseline
99993,17,489,406,5.53,2,99993,26,Humano,Neutro,193,Janela_Baseline
100010,17,504,394,5.52,2,100010,26,Humano,Neutro,210,Janela_Baseline
100027,17,489,368,5.44,2,100027,26,Humano,Neutro,227,Janela_Baseline
100043,17,512,385,5.45,2,100043,26,Humano,Neutro,243,Janela_Baseline
100060,17,508,386,5.39,2,100060,26,Humano,Neutro,260,Janela_Baseline
100076,17,515,392,5.42,2,100076,26,Humano,Neutro,276,Janela_Baseline
100093,17,512,384,5.41,2,100093,26,Humano,Neutro,293,Janela_Baseline
100110,17,514,392,5.42,2,100110,26,Humano,Neutro,310,Janela_Baseline
100126,17,517,370,5.42,2,100126,26,Humano,Neutro,326,Janela_Baseline
100143,17,514,378,5.41,2,100143,26,Humano,Neutro,343,Janela_Baseline
100160,17,510,374,5.39,2,100160,26,Humano,Neutro,360,Janela_Baseline
100176,17,449,366,5.44,2,100176,26,Humano,Neutro,376,Janela_Baseline
100193,17,441,341,5.41,1,100193,26,Humano,Neutro,393,Janela_Baseline
100210,17,414,348,5.41,1,100210,26,Humano,Neutro,410,Janela_Baseline
100226,17,444,328,5.36,1,100226,26,Humano,Neutro,426,Janela_Baseline
100243,17,423,354,5.37,1,100243,26,Humano,Neutro,443,Janela_Baseline
100259,17,437,327,5.31,1,100259,26,Humano,Neutro,459,Janela_Baseline
100276,17,419,345,5.31,1,100276,26,Humano,Neutro,476,Janela_Baseline
100293,17,438,329,5.26,1,100293,26,Humano,Neutro,493,Janela_Baseline
100309,17,436,330,5.17,1,100309,26,Humano,Neutro,509,Janela_Baseline
100326,17,439,335,5.18,1,100326,26,Humano,Neutro,526,Janela_Baseline
100343,17,441,314,5.1,1,100343,26,Humano,Neutro,543,Janela_Baseline
100359,17,442,344,5.15,1,100359,26,Humano,Neutro,559,Janela_Baseline
100376,17,435,326,5.09,1,100376,26,Humano,Neutro,576,Janela_Baseline
100393,17,452,346,5.13,1,100393,26,Humano,Neutro,593,Janela_Baseline
100409,17,449,344,5.1,1,100409,26,Humano,Neutro,609,Janela_Baseline
100426,17,435,310,5.02,1,100426,26,Humano,Neutro,626,Janela_Baseline
100442,17,466,325,4.99,1,100442,26,Humano,Neutro,642,Janela_Baseline
100459,17,457,331,5.02,1,100459,26,Humano,Neutro,659,Janela_Baseline
100476,17,490,411,5.01,2,100476,26,Humano,Neutro,676,Janela_Baseline
100492,17,499,449,5.05,3,100492,26,Humano,Neutro,692,Janela_Baseline
100509,17,496,441,5.04,3,100509,26,Humano,Neutro,709,Janela_Baseline
100526,17,509,431,5.04,3,100526,26,Humano,Neutro,726,Janela_Baseline
100542,17,507,424,4.99,3,100542,26,Humano,Neutro,742,Janela_Baseline
100559,17,501,410,4.96,2,100559,26,Humano,Neutro,759,Janela_Baseline
100576,17,503,428,4.99,3,100576,26,Humano,Neutro,776,Janela_Baseline
100592,17,508,438,5.02,3,100592,26,Humano,Neutro,792,Janela_Baseline
100609,17,520,436,5.01,3,100609,26,Humano,Neutro,809,Janela_Baseline
100625,17,506,431,5.02,3,100625,26,Humano,Neutro,825,Janela_Baseline
100642,17,506,435,5.01,3,100642,26,Humano,Neutro,842,Janela_Baseline
100659,17,508,440,4.99,3,100659,26,Humano,Neutro,859,Janela_Baseline
100675,17,497,425,4.97,3,100675,26,Humano,Neutro,875,Janela_Baseline
100692,17,513,426,4.97,3,100692,26,Humano,Neutro,892,Janela_Baseline
100709,17,504,435,5.04,3,100709,26,Humano,Neutro,909,Janela_Baseline
100725,17,510,417,4.96,3,100725,26,Humano,Neutro,925,Janela_Baseline
100742,17,502,433,5.01,3,100742,26,Humano,Neutro,942,Janela_Baseline
100758,17,510,435,4.99,3,100758,26,Humano,Neutro,958,Janela_Baseline
100775,17,500,446,5.01,3,100775,26,Humano,Neutro,975,Janela_Baseline
100808,33,528,428,4.99,3,100808,26,Humano,Neutro,1008,Janela_Baseline
100825,17,532,437,4.99,3,100825,26,Humano,Neutro,1025,Janela_Baseline
100842,17,530,430,4.99,3,100842,26,Humano,Neutro,1042,Janela_Baseline
100858,17,539,405,4.94,2,100858,26,Humano,Neutro,1058,Janela_Baseline
100875,17,538,416,4.94,5,100875,26,Humano,Neutro,1075,Janela_Baseline
100892,17,536,406,4.91,2,100892,26,Humano,Neutro,1092,Janela_Baseline
100908,17,519,437,4.92,3,100908,26,Humano,Neutro,1108,Janela_Baseline
100925,17,513,426,4.94,3,100925,26,Humano,Neutro,1125,Janela_Baseline
100941,17,531,452,4.92,3,100941,26,Humano,Neutro,1141,Janela_Baseline
100958,17,535,434,4.92,3,100958,26,Humano,Neutro,1158,Janela_Baseline
100975,17,533,429,4.89,3,100975,26,Humano,Neutro,1175,Janela_Baseline
100991,17,538,418,4.89,3,100991,26,Humano,Neutro,1191,Janela_Baseline
101008,17,532,415,4.91,5,101008,26,Humano,Neutro,1208,Janela_Baseline
101025,17,537,425,4.97,3,101025,26,Humano,Neutro,1225,Janela_Baseline
101041,17,529,434,4.97,3,101041,26,Humano,Neutro,1241,Janela_Baseline
101058,17,536,418,4.89,3,101058,26,Humano,Neutro,1258,Janela_Baseline
101075,17,530,423,4.91,3,101075,26,Humano,Neutro,1275,Janela_Baseline
101091,17,532,443,4.89,3,101091,26,Humano,Neutro,1291,Janela_Baseline
101108,17,508,444,4.92,3,101108,26,Humano,Neutro,1308,Exposicao_Face
101124,17,534,442,4.89,3,101124,26,Humano,Neutro,1324,Exposicao_Face
101141,17,531,446,4.88,3,101141,26,Humano,Neutro,1341,Exposicao_Face
101158,17,535,453,4.89,3,101158,26,Humano,Neutro,1358,Exposicao_Face
101174,17,531,427,4.84,3,101174,26,Humano,Neutro,1374,Exposicao_Face
101191,17,511,410,4.8,2,101191,26,Humano,Neutro,1391,Exposicao_Face
101208,17,531,422,4.83,3,101208,26,Humano,Neutro,1408,Exposicao_Face
101224,17,533,422,4.8,3,101224,26,Humano,Neutro,1424,Exposicao_Face
101241,17,514,439,4.84,3,101241,26,Humano,Neutro,1441,Exposicao_Face
101258,17,521,424,4.84,3,101258,26,Humano,Neutro,1458,Exposicao_Face
101274,17,536,414,4.81,2,101274,26,Humano,Neutro,1474,Exposicao_Face
101291,17,524,420,4.81,3,101291,26,Humano,Neutro,1491,Exposicao_Face
101307,17,525,406,4.76,2,101307,26,Humano,Neutro,1507,Exposicao_Face
101324,17,520,422,4.81,3,101324,26,Humano,Neutro,1524,Exposicao_Face
101341,17,517,415,4.76,5,101341,26,Humano,Neutro,1541,Exposicao_Face
101357,17,518,416,4.76,5,101357,26,Humano,Neutro,1557,Exposicao_Face
101374,17,512,412,4.76,2,101374,26,Humano,Neutro,1574,Exposicao_Face
101391,17,515,418,4.8,3,101391,26,Humano,Neutro,1591,Exposicao_Face
101407,17,516,421,4.8,3,101407,26,Humano,Neutro,1607,Exposicao_Face
101424,17,532,424,4.83,3,101424,26,Humano,Neutro,1624,Exposicao_Face
101441,17,524,421,4.8,3,101441,26,Humano,Neutro,1641,Exposicao_Face
101457,17,506,439,4.84,3,101457,26,Humano,Neutro,1657,Exposicao_Face
101474,17,507,443,4.88,3,101474,26,Humano,Neutro,1674,Exposicao_Face
101490,17,527,425,4.86,3,101490,26,Humano,Neutro,1690,Exposicao_Face
101507,17,472,541,0.0,3,101507,26,Humano,Neutro,1707,Exposicao_Face
101690,183,432,809,6.77,0,101690,26,Humano,Neutro,1890,Exposicao_Face
101707,17,440,556,6.67,3,101707,26,Humano,Neutro,1907,Exposicao_Face
101723,17,450,306,6.75,1,101723,26,Humano,Neutro,1923,Exposicao_Face
101740,17,460,193,4.99,1,101740,26,Humano,Neutro,1940,Exposicao_Face
101757,17,437,218,4.96,1,101757,26,Humano,Neutro,1957,Exposicao_Face
101773,17,450,274,4.97,1,101773,26,Humano,Neutro,1973,Exposicao_Face
101790,17,451,340,5.01,1,101790,26,Humano,Neutro,1990,Exposicao_Face
101806,17,477,317,5.01,1,101806,26,Humano,Neutro,2006,Exposicao_Face
101823,17,446,332,5.01,1,101823,26,Humano,Neutro,2023,Exposicao_Face
101840,17,469,338,5.02,1,101840,26,Humano,Neutro,2040,Exposicao_Face
101856,17,455,361,5.04,1,101856,26,Humano,Neutro,2056,Exposicao_Face
101873,17,450,347,5.01,1,101873,26,Humano,Neutro,2073,Exposicao_Face
101890,17,464,337,5.04,1,101890,26,Humano,Neutro,2090,Exposicao_Face
101906,17,460,330,5.05,1,101906,26,Humano,Neutro,2106,Exposicao_Face
101923,17,461,313,5.02,1,101923,26,Humano,Neutro,2123,Exposicao_Face
101940,17,458,333,5.12,1,101940,26,Humano,Neutro,2140,Exposicao_Face
101956,17,468,344,5.17,1,101956,26,Humano,Neutro,2156,Exposicao_Face
101973,17,435,336,5.12,1,101973,26,Humano,Neutro,2173,Exposicao_Face
101989,17,439,319,5.12,1,101989,26,Humano,Neutro,2189,Exposicao_Face
102006,17,439,311,5.09,1,102006,26,Humano,Neutro,2206,Exposicao_Face
102023,17,445,323,5.1,1,102023,26,Humano,Neutro,2223,Exposicao_Face
102039,17,449,335,5.1,1,102039,26,Humano,Neutro,2239,Exposicao_Face
102056,17,428,322,5.04,1,102056,26,Humano,Neutro,2256,Exposicao_Face
102073,17,428,357,5.05,1,102073,26,Humano,Neutro,2273,Exposicao_Face
102089,17,430,347,5.01,1,102089,26,Humano,Neutro,2289,Exposicao_Face
102106,17,451,352,5.05,1,102106,26,Humano,Neutro,2306,Exposicao_Face
102123,17,454,344,5.01,1,102123,26,Humano,Neutro,2323,Exposicao_Face
102139,17,445,345,4.99,1,102139,26,Humano,Neutro,2339,Exposicao_Face
102156,17,459,331,4.94,1,102156,26,Humano,Neutro,2356,Exposicao_Face
102172,17,449,305,4.89,1,102172,26,Humano,Neutro,2372,Exposicao_Face
102189,17,435,330,4.94,1,102189,26,Humano,Neutro,2389,Exposicao_Face
102206,17,449,324,4.94,1,102206,26,Humano,Neutro,2406,Exposicao_Face
102222,17,447,336,4.99,1,102222,26,Humano,Neutro,2422,Exposicao_Face
102239,17,456,318,4.94,1,102239,26,Humano,Neutro,2439,Exposicao_Face
102256,17,464,349,4.97,1,102256,26,Humano,Neutro,2456,Exposicao_Face
102272,17,452,340,4.96,1,102272,26,Humano,Neutro,2472,Exposicao_Face
102289,17,493,319,4.91,1,102289,26,Humano,Neutro,2489,Exposicao_Face
102306,17,564,299,4.92,1,102306,26,Humano,Neutro,2506,Exposicao_Face
102322,17,567,348,4.99,1,102322,26,Humano,Neutro,2522,Exposicao_Face
102339,17,573,332,5.01,1,102339,26,Humano,Neutro,2539,Exposicao_Face
102355,17,585,305,4.97,1,102355,26,Humano,Neutro,2555,Exposicao_Face
102372,17,584,313,4.96,1,102372,26,Humano,Neutro,2572,Exposicao_Face
102389,17,579,308,4.92,1,102389,26,Humano,Neutro,2589,Exposicao_Face
102405,17,584,320,4.91,1,102405,26,Humano,Neutro,2605,Exposicao_Face
102422,17,583,313,4.99,1,102422,26,Humano,Neutro,2622,Exposicao_Face
102439,17,571,334,5.01,1,102439,26,Humano,Neutro,2639,Exposicao_Face
102455,17,587,333,5.02,1,102455,26,Humano,Neutro,2655,Exposicao_Face
102472,17,582,315,5.01,1,102472,26,Humano,Neutro,2672,Exposicao_Face
102489,17,576,317,5.01,1,102489,26,Humano,Neutro,2689,Exposicao_Face
102505,17,573,295,5.02,1,102505,26,Humano,Neutro,2705,Exposicao_Face
102522,17,576,314,5.01,1,102522,26,Humano,Neutro,2722,Exposicao_Face
102538,17,572,308,5.02,1,102538,26,Humano,Neutro,2738,Exposicao_Face
102555,17,573,360,5.04,1,102555,26,Humano,Neutro,2755,Exposicao_Face
102572,17,572,344,4.99,1,102572,26,Humano,Neutro,2772,Exposicao_Face
102588,17,575,333,4.99,1,102588,26,Humano,Neutro,2788,Exposicao_Face
102605,17,576,313,5.01,1,102605,26,Humano,Neutro,2805,Exposicao_Face
102622,17,578,318,5.05,1,102622,26,Humano,Neutro,2822,Exposicao_Face
102638,17,572,323,5.02,1,102638,26,Humano,Neutro,2838,Exposicao_Face
102655,17,573,291,5.02,1,102655,26,Humano,Neutro,2855,Exposicao_Face
102672,17,574,309,5.05,1,102672,26,Humano,Neutro,2872,Exposicao_Face
102688,17,575,302,4.97,1,102688,26,Humano,Neutro,2888,Exposicao_Face
102705,17,575,319,4.99,1,102705,26,Humano,Neutro,2905,Exposicao_Face
102721,17,564,331,5.02,1,102721,26,Humano,Neutro,2921,Exposicao_Face
102738,17,573,319,5.04,1,102738,26,Humano,Neutro,2938,Exposicao_Face
102755,17,574,331,5.04,1,102755,26,Humano,Neutro,2955,Exposicao_Face
102771,17,567,298,5.04,1,102771,26,Humano,Neutro,2971,Exposicao_Face
102788,17,568,313,5.05,1,102788,26,Humano,Neutro,2988,Exposicao_Face
102805,17,564,332,5.12,1,102805,26,Humano,Neutro,3005,Exposicao_Face
102821,17,566,319,5.01,1,102821,26,Humano,Neutro,3021,Exposicao_Face
102838,17,568,304,5.02,1,102838,26,Humano,Neutro,3038,Exposicao_Face
102855,17,567,325,5.09,1,102855,26,Humano,Neutro,3055,Exposicao_Face
102871,17,568,312,5.02,1,102871,26,Humano,Neutro,3071,Exposicao_Face
102921,50,568,317,5.12,1,102921,26,Humano,Neutro,3121,Exposicao_Face
102921,0,568,317,5.12,1,102921,26,Humano,Neutro,3121,Exposicao_Face
102938,17,570,327,5.13,1,102938,26,Humano,Neutro,3138,Exposicao_Face
102954,17,573,312,5.09,1,102954,26,Humano,Neutro,3154,Exposicao_Face
102971,17,572,317,5.13,1,102971,26,Humano,Neutro,3171,Exposicao_Face
102988,17,567,314,5.1,1,102988,26,Humano,Neutro,3188,Exposicao_Face
103004,17,575,303,5.1,1,103004,26,Humano,Neutro,3204,Exposicao_Face
103021,17,568,299,5.1,1,103021,26,Humano,Neutro,3221,Exposicao_Face
103037,17,572,313,5.13,1,103037,26,Humano,Neutro,3237,Exposicao_Face
103054,17,564,315,5.1,1,103054,26,Humano,Neutro,3254,Exposicao_Face
103071,17,569,302,5.07,1,103071,26,Humano,Neutro,3271,Exposicao_Face
103087,17,572,309,5.12,1,103087,26,Humano,Neutro,3287,Exposicao_Face
103104,17,575,308,5.07,1,103104,26,Humano,Neutro,3304,Exposicao_Face
103121,17,571,300,5.02,1,103121,26,Humano,Neutro,3321,Exposicao_Face
103137,17,572,295,5.07,1,103137,26,Humano,Neutro,3337,Exposicao_Face
103154,17,573,307,5.05,1,103154,26,Humano,Neutro,3354,Exposicao_Face
103171,17,573,297,5.05,1,103171,26,Humano,Neutro,3371,Exposicao_Face
103187,17,574,307,5.02,1,103187,26,Humano,Neutro,3387,Exposicao_Face
103204,17,571,305,5.02,1,103204,26,Humano,Neutro,3404,Exposicao_Face
103220,17,570,310,5.05,1,103220,26,Humano,Neutro,3420,Exposicao_Face
103237,17,566,323,5.09,1,103237,26,Humano,Neutro,3437,Exposicao_Face
103254,17,566,307,5.07,1,103254,26,Humano,Neutro,3454,Exposicao_Face
103270,17,508,382,5.13,2,103270,26,Humano,Neutro,3470,Exposicao_Face
103287,17,514,359,5.09,1,103287,26,Humano,Neutro,3487,Exposicao_Face
103304,17,511,372,5.12,2,103304,26,Humano,Neutro,3504,Exposicao_Face
103320,17,515,360,5.07,1,103320,26,Humano,Neutro,3520,Exposicao_Face
103337,17,515,350,5.07,1,103337,26,Humano,Neutro,3537,Exposicao_Face
103354,17,510,386,5.15,2,103354,26,Humano,Neutro,3554,Exposicao_Face
103370,17,509,377,5.13,2,103370,26,Humano,Neutro,3570,Exposicao_Face
103387,17,509,378,5.13,2,103387,26,Humano,Neutro,3587,Exposicao_Face
103403,17,509,350,5.15,1,103403,26,Humano,Neutro,3603,Exposicao_Face
103420,17,514,352,5.13,1,103420,26,Humano,Neutro,3620,Exposicao_Face
103437,17,512,348,5.13,1,103437,26,Humano,Neutro,3637,Exposicao_Face
103453,17,509,375,5.13,2,103453,26,Humano,Neutro,3653,Exposicao_Face
103470,17,511,367,5.17,2,103470,26,Humano,Neutro,3670,Exposicao_Face
103487,17,505,348,5.13,1,103487,26,Humano,Neutro,3687,Exposicao_Face
103503,17,508,359,5.21,1,103503,26,Humano,Neutro,3703,Exposicao_Face
103520,17,508,357,5.21,1,103520,26,Humano,Neutro,3720,Exposicao_Face
103537,17,506,363,5.18,0,103537,26,Humano,Neutro,3737,Exposicao_Face
103553,17,504,352,5.18,1,103553,26,Humano,Neutro,3753,Exposicao_Face
103570,17,508,340,5.18,1,103570,26,Humano,Neutro,3770,Exposicao_Face
103586,17,508,357,5.2,1,103586,26,Humano,Neutro,3786,Exposicao_Face
103603,17,507,358,5.23,1,103603,26,Humano,Neutro,3803,Exposicao_Face
103620,17,508,359,5.26,1,103620,26,Humano,Neutro,3820,Exposicao_Face
103636,17,510,355,5.25,1,103636,26,Humano,Neutro,3836,Exposicao_Face
103653,17,499,347,5.21,1,103653,26,Humano,Neutro,3853,Exposicao_Face
103670,17,505,349,5.18,1,103670,26,Humano,Neutro,3870,Exposicao_Face
103686,17,506,380,5.26,2,103686,26,Humano,Neutro,3886,Exposicao_Face
103703,17,496,375,5.26,2,103703,26,Humano,Neutro,3903,Exposicao_Face
103720,17,503,373,5.21,2,103720,26,Humano,Neutro,3920,Exposicao_Face
103736,17,500,368,5.26,2,103736,26,Humano,Neutro,3936,Exposicao_Face
103753,17,503,372,5.28,2,103753,26,Humano,Neutro,3953,Exposicao_Face
103769,17,503,357,5.23,1,103769,26,Humano,Neutro,3969,Exposicao_Face
103786,17,498,353,5.23,1,103786,26,Humano,Neutro,3986,Exposicao_Face
103803,17,490,373,5.28,2,103803,27,Humano,Raiva,3,Janela_Baseline
103819,17,501,365,5.31,2,103819,27,Humano,Raiva,19,Janela_Baseline
103836,17,505,366,5.31,2,103836,27,Humano,Raiva,36,Janela_Baseline
103853,17,526,330,5.29,1,103853,27,Humano,Raiva,53,Janela_Baseline
103869,17,521,338,5.34,1,103869,27,Humano,Raiva,69,Janela_Baseline
103886,17,529,357,5.29,1,103886,27,Humano,Raiva,86,Janela_Baseline
103903,17,525,349,5.33,1,103903,27,Humano,Raiva,103,Janela_Baseline
103919,17,528,322,5.31,1,103919,27,Humano,Raiva,119,Janela_Baseline
103952,33,529,353,5.37,1,103952,27,Humano,Raiva,152,Janela_Baseline
103952,0,529,353,5.37,1,103952,27,Humano,Raiva,152,Janela_Baseline
103969,17,531,353,5.37,1,103969,27,Humano,Raiva,169,Janela_Baseline
103986,17,528,340,5.34,1,103986,27,Humano,Raiva,186,Janela_Baseline
104002,17,534,351,5.37,1,104002,27,Humano,Raiva,202,Janela_Baseline
104019,17,528,356,5.37,1,104019,27,Humano,Raiva,219,Janela_Baseline
104036,17,527,373,5.42,2,104036,27,Humano,Raiva,236,Janela_Baseline
104052,17,529,373,5.41,2,104052,27,Humano,Raiva,252,Janela_Baseline
104069,17,542,354,5.39,1,104069,27,Humano,Raiva,269,Janela_Baseline
104086,17,519,377,5.41,2,104086,27,Humano,Raiva,286,Janela_Baseline
104102,17,522,381,5.42,2,104102,27,Humano,Raiva,302,Janela_Baseline
104119,17,520,366,5.39,2,104119,27,Humano,Raiva,319,Janela_Baseline
104135,17,524,371,5.44,2,104135,27,Humano,Raiva,335,Janela_Baseline
104152,17,517,345,5.39,1,104152,27,Humano,Raiva,352,Janela_Baseline
104169,17,527,374,5.39,2,104169,27,Humano,Raiva,369,Janela_Baseline
104185,17,530,366,5.42,2,104185,27,Humano,Raiva,385,Janela_Baseline
104202,17,516,352,5.41,1,104202,27,Humano,Raiva,402,Janela_Baseline
104219,17,469,344,5.44,1,104219,27,Humano,Raiva,419,Janela_Baseline
104235,17,405,338,5.39,1,104235,27,Humano,Raiva,435,Janela_Baseline
104252,17,432,353,5.36,1,104252,27,Humano,Raiva,452,Janela_Baseline
104268,17,414,342,5.33,1,104268,27,Humano,Raiva,468,Janela_Baseline
104285,17,424,338,5.34,1,104285,27,Humano,Raiva,485,Janela_Baseline
104302,17,418,319,5.25,1,104302,27,Humano,Raiva,502,Janela_Baseline
104318,17,418,322,5.23,1,104318,27,Humano,Raiva,518,Janela_Baseline
104335,17,427,338,5.25,1,104335,27,Humano,Raiva,535,Janela_Baseline
104368,33,426,344,5.2,1,104368,27,Humano,Raiva,568,Janela_Baseline
104385,17,428,346,5.2,1,104385,27,Humano,Raiva,585,Janela_Baseline
104402,17,429,333,5.17,1,104402,27,Humano,Raiva,602,Janela_Baseline
104418,17,429,331,5.21,1,104418,27,Humano,Raiva,618,Janela_Baseline
104435,17,429,338,5.2,1,104435,27,Humano,Raiva,635,Janela_Baseline
104451,17,428,342,5.25,1,104451,27,Humano,Raiva,651,Janela_Baseline
104468,17,433,355,5.2,1,104468,27,Humano,Raiva,668,Janela_Baseline
104485,17,430,342,5.2,1,104485,27,Humano,Raiva,685,Janela_Baseline
104501,17,427,335,5.25,1,104501,27,Humano,Raiva,701,Janela_Baseline
104518,17,434,332,5.21,1,104518,27,Humano,Raiva,718,Janela_Baseline
104535,17,441,353,5.17,1,104535,27,Humano,Raiva,735,Janela_Baseline
104551,17,437,345,5.17,1,104551,27,Humano,Raiva,751,Janela_Baseline
104568,17,448,323,5.13,1,104568,27,Humano,Raiva,768,Janela_Baseline
104585,17,437,345,5.2,1,104585,27,Humano,Raiva,785,Janela_Baseline
104601,17,436,337,5.18,1,104601,27,Humano,Raiva,801,Janela_Baseline
104618,17,440,327,5.18,1,104618,27,Humano,Raiva,818,Janela_Baseline
104634,17,438,345,5.15,1,104634,27,Humano,Raiva,834,Janela_Baseline
104651,17,446,337,5.17,1,104651,27,Humano,Raiva,851,Janela_Baseline
104668,17,466,322,5.13,1,104668,27,Humano,Raiva,868,Janela_Baseline
104684,17,442,357,5.21,1,104684,27,Humano,Raiva,884,Janela_Baseline
104701,17,436,334,5.15,1,104701,27,Humano,Raiva,901,Janela_Baseline
104718,17,433,337,5.2,1,104718,27,Humano,Raiva,918,Janela_Baseline
104734,17,438,316,5.2,1,104734,27,Humano,Raiva,934,Janela_Baseline
104751,17,433,329,5.25,1,104751,27,Humano,Raiva,951,Janela_Baseline
104768,17,431,339,5.28,1,104768,27,Humano,Raiva,968,Janela_Baseline
104784,17,433,324,5.23,1,104784,27,Humano,Raiva,984,Janela_Baseline
104801,17,440,339,5.17,1,104801,27,Humano,Raiva,1001,Janela_Baseline
104817,17,436,320,5.2,1,104817,27,Humano,Raiva,1017,Janela_Baseline
104884,67,600,337,5.29,1,104884,27,Humano,Raiva,1084,Janela_Baseline
104901,17,595,331,5.29,1,104901,27,Humano,Raiva,1101,Janela_Baseline
104917,17,596,343,5.33,1,104917,27,Humano,Raiva,1117,Janela_Baseline
104934,17,595,325,5.29,1,104934,27,Humano,Raiva,1134,Janela_Baseline
104951,17,597,335,5.29,1,104951,27,Humano,Raiva,1151,Janela_Baseline
104967,17,598,339,5.29,1,104967,27,Humano,Raiva,1167,Janela_Baseline
104984,17,591,324,5.33,1,104984,27,Humano,Raiva,1184,Janela_Baseline
105000,17,598,295,5.25,1,105000,27,Humano,Raiva,1200,Janela_Baseline
105017,17,598,337,5.36,1,105017,27,Humano,Raiva,1217,Janela_Baseline
105034,17,595,326,5.33,1,105034,27,Humano,Raiva,1234,Janela_Baseline
105050,17,602,317,5.28,1,105050,27,Humano,Raiva,1250,Janela_Baseline
105067,17,589,319,5.33,1,105067,27,Humano,Raiva,1267,Janela_Baseline
105084,17,591,343,5.28,1,105084,27,Humano,Raiva,1284,Janela_Baseline
105100,17,591,329,5.36,1,105100,27,Humano,Raiva,1300,Exposicao_Face
105117,17,586,326,5.33,1,105117,27,Humano,Raiva,1317,Exposicao_Face
105134,17,568,331,5.36,1,105134,27,Humano,Raiva,1334,Exposicao_Face
105150,17,586,312,5.33,1,105150,27,Humano,Raiva,1350,Exposicao_Face
105167,17,577,310,5.29,1,105167,27,Humano,Raiva,1367,Exposicao_Face
105183,17,586,309,5.29,1,105183,27,Humano,Raiva,1383,Exposicao_Face
105200,17,586,292,5.29,1,105200,27,Humano,Raiva,1400,Exposicao_Face
105217,17,586,312,5.29,1,105217,27,Humano,Raiva,1417,Exposicao_Face
105233,17,592,286,5.29,1,105233,27,Humano,Raiva,1433,Exposicao_Face
105250,17,583,310,5.34,1,105250,27,Humano,Raiva,1450,Exposicao_Face
105267,17,588,319,5.37,1,105267,27,Humano,Raiva,1467,Exposicao_Face
105283,17,576,341,5.31,1,105283,27,Humano,Raiva,1483,Exposicao_Face
105300,17,590,317,5.31,1,105300,27,Humano,Raiva,1500,Exposicao_Face
105316,17,578,312,5.28,1,105316,27,Humano,Raiva,1516,Exposicao_Face
105333,17,591,328,5.31,1,105333,27,Humano,Raiva,1533,Exposicao_Face
105350,17,589,320,5.31,1,105350,27,Humano,Raiva,1550,Exposicao_Face
105366,17,589,323,5.31,1,105366,27,Humano,Raiva,1566,Exposicao_Face
105383,17,589,326,5.29,1,105383,27,Humano,Raiva,1583,Exposicao_Face
105400,17,591,318,5.31,1,105400,27,Humano,Raiva,1600,Exposicao_Face
105416,17,590,320,5.26,1,105416,27,Humano,Raiva,1616,Exposicao_Face
105433,17,587,324,5.28,1,105433,27,Humano,Raiva,1633,Exposicao_Face
105450,17,588,321,5.28,1,105450,27,Humano,Raiva,1650,Exposicao_Face
105466,17,588,304,5.23,1,105466,27,Humano,Raiva,1666,Exposicao_Face
105483,17,593,302,5.2,1,105483,27,Humano,Raiva,1683,Exposicao_Face
105499,17,590,318,5.29,1,105499,27,Humano,Raiva,1699,Exposicao_Face
105516,17,588,313,5.28,1,105516,27,Humano,Raiva,1716,Exposicao_Face
105533,17,585,301,5.18,1,105533,27,Humano,Raiva,1733,Exposicao_Face
105549,17,584,304,5.26,1,105549,27,Humano,Raiva,1749,Exposicao_Face
105566,17,589,310,5.23,1,105566,27,Humano,Raiva,1766,Exposicao_Face
105583,17,585,301,5.23,1,105583,27,Humano,Raiva,1783,Exposicao_Face
105599,17,583,323,5.26,1,105599,27,Humano,Raiva,1799,Exposicao_Face
105616,17,584,324,5.28,1,105616,27,Humano,Raiva,1816,Exposicao_Face
105633,17,589,323,5.21,1,105633,27,Humano,Raiva,1833,Exposicao_Face
105649,17,585,280,5.15,1,105649,27,Humano,Raiva,1849,Exposicao_Face
105666,17,560,314,5.26,1,105666,27,Humano,Raiva,1866,Exposicao_Face
105682,17,453,331,5.26,1,105682,27,Humano,Raiva,1882,Exposicao_Face
105699,17,435,343,5.23,1,105699,27,Humano,Raiva,1899,Exposicao_Face
105716,17,440,318,5.23,1,105716,27,Humano,Raiva,1916,Exposicao_Face
105732,17,445,304,5.26,1,105732,27,Humano,Raiva,1932,Exposicao_Face
105749,17,441,324,5.26,1,105749,27,Humano,Raiva,1949,Exposicao_Face
105766,17,440,332,5.29,1,105766,27,Humano,Raiva,1966,Exposicao_Face
105782,17,438,320,5.25,1,105782,27,Humano,Raiva,1982,Exposicao_Face
105799,17,438,311,5.26,1,105799,27,Humano,Raiva,1999,Exposicao_Face
105816,17,449,302,5.28,1,105816,27,Humano,Raiva,2016,Exposicao_Face
105832,17,433,310,5.26,1,105832,27,Humano,Raiva,2032,Exposicao_Face
105849,17,436,315,5.29,1,105849,27,Humano,Raiva,2049,Exposicao_Face
105865,17,438,304,5.23,1,105865,27,Humano,Raiva,2065,Exposicao_Face
105882,17,437,303,5.26,1,105882,27,Humano,Raiva,2082,Exposicao_Face
105899,17,441,310,5.29,1,105899,27,Humano,Raiva,2099,Exposicao_Face
105915,17,395,410,5.53,2,105915,27,Humano,Raiva,2115,Exposicao_Face
106115,200,488,1041,0.0,0,106115,27,Humano,Raiva,2315,Exposicao_Face
106132,17,456,668,7.03,3,106132,27,Humano,Raiva,2332,Exposicao_Face
106148,17,462,548,5.39,3,106148,27,Humano,Raiva,2348,Exposicao_Face
106165,17,468,506,5.98,3,106165,27,Humano,Raiva,2365,Exposicao_Face
106182,17,464,316,5.33,1,106182,27,Humano,Raiva,2382,Exposicao_Face
106198,17,473,258,5.36,1,106198,27,Humano,Raiva,2398,Exposicao_Face
106215,17,467,267,5.36,1,106215,27,Humano,Raiva,2415,Exposicao_Face
106231,17,487,210,5.33,1,106231,27,Humano,Raiva,2431,Exposicao_Face
106248,17,473,299,5.36,1,106248,27,Humano,Raiva,2448,Exposicao_Face
106265,17,474,320,5.41,1,106265,27,Humano,Raiva,2465,Exposicao_Face
106281,17,476,318,5.37,1,106281,27,Humano,Raiva,2481,Exposicao_Face
106298,17,464,334,5.39,1,106298,27,Humano,Raiva,2498,Exposicao_Face
106315,17,477,337,5.39,1,106315,27,Humano,Raiva,2515,Exposicao_Face
106331,17,472,352,5.39,1,106331,27,Humano,Raiva,2531,Exposicao_Face
106348,17,459,318,5.39,1,106348,27,Humano,Raiva,2548,Exposicao_Face
106365,17,477,337,5.39,1,106365,27,Humano,Raiva,2565,Exposicao_Face
106381,17,497,398,5.44,2,106381,27,Humano,Raiva,2581,Exposicao_Face
106398,17,505,428,5.45,3,106398,27,Humano,Raiva,2598,Exposicao_Face
106414,17,515,408,5.49,2,106414,27,Humano,Raiva,2614,Exposicao_Face
106431,17,516,423,5.45,3,106431,27,Humano,Raiva,2631,Exposicao_Face
106448,17,503,429,5.5,3,106448,27,Humano,Raiva,2648,Exposicao_Face
106464,17,512,417,5.49,3,106464,27,Humano,Raiva,2664,Exposicao_Face
106481,17,513,402,5.47,2,106481,27,Humano,Raiva,2681,Exposicao_Face
106498,17,494,414,5.44,2,106498,27,Humano,Raiva,2698,Exposicao_Face
106514,17,514,398,5.44,2,106514,27,Humano,Raiva,2714,Exposicao_Face
106531,17,518,401,5.42,2,106531,27,Humano,Raiva,2731,Exposicao_Face
106547,17,512,412,5.49,2,106547,27,Humano,Raiva,2747,Exposicao_Face
106564,17,519,426,5.45,3,106564,27,Humano,Raiva,2764,Exposicao_Face
106581,17,510,427,5.42,3,106581,27,Humano,Raiva,2781,Exposicao_Face
106597,17,520,400,5.39,2,106597,27,Humano,Raiva,2797,Exposicao_Face
106614,17,519,408,5.41,2,106614,27,Humano,Raiva,2814,Exposicao_Face
106631,17,518,398,5.44,2,106631,27,Humano,Raiva,2831,Exposicao_Face
106647,17,518,414,5.47,2,106647,27,Humano,Raiva,2847,Exposicao_Face
106664,17,519,416,5.45,3,106664,27,Humano,Raiva,2864,Exposicao_Face
106681,17,513,409,5.41,2,106681,27,Humano,Raiva,2881,Exposicao_Face
106697,17,487,417,5.41,3,106697,27,Humano,Raiva,2897,Exposicao_Face
106714,17,485,437,5.41,3,106714,27,Humano,Raiva,2914,Exposicao_Face
106730,17,494,443,5.45,3,106730,27,Humano,Raiva,2930,Exposicao_Face
106747,17,377,362,5.42,1,106747,27,Humano,Raiva,2947,Exposicao_Face
106764,17,360,308,5.36,1,106764,27,Humano,Raiva,2964,Exposicao_Face
106780,17,354,326,5.36,1,106780,27,Humano,Raiva,2980,Exposicao_Face
106797,17,346,304,5.28,1,106797,27,Humano,Raiva,2997,Exposicao_Face
106814,17,355,318,5.34,1,106814,27,Humano,Raiva,3014,Exposicao_Face
106830,17,349,324,5.26,1,106830,27,Humano,Raiva,3030,Exposicao_Face
106847,17,347,308,5.23,1,106847,27,Humano,Raiva,3047,Exposicao_Face
106864,17,341,295,5.25,1,106864,27,Humano,Raiva,3064,Exposicao_Face
106880,17,350,328,5.29,1,106880,27,Humano,Raiva,3080,Exposicao_Face
106897,17,358,318,5.26,1,106897,27,Humano,Raiva,3097,Exposicao_Face
106913,17,360,320,5.23,1,106913,27,Humano,Raiva,3113,Exposicao_Face
106930,17,350,324,5.26,1,106930,27,Humano,Raiva,3130,Exposicao_Face
106947,17,366,299,5.21,1,106947,27,Humano,Raiva,3147,Exposicao_Face
106963,17,352,318,5.25,1,106963,27,Humano,Raiva,3163,Exposicao_Face
106980,17,353,309,5.25,1,106980,27,Humano,Raiva,3180,Exposicao_Face
106997,17,348,326,5.26,1,106997,27,Humano,Raiva,3197,Exposicao_Face
107013,17,357,327,5.21,1,107013,27,Humano,Raiva,3213,Exposicao_Face
107030,17,352,295,5.18,1,107030,27,Humano,Raiva,3230,Exposicao_Face
107047,17,369,308,5.26,1,107047,27,Humano,Raiva,3247,Exposicao_Face
107063,17,367,306,5.17,1,107063,27,Humano,Raiva,3263,Exposicao_Face
107080,17,349,323,5.21,1,107080,27,Humano,Raiva,3280,Exposicao_Face
107096,17,352,287,5.13,1,107096,27,Humano,Raiva,3296,Exposicao_Face
107113,17,363,309,5.18,1,107113,27,Humano,Raiva,3313,Exposicao_Face
107130,17,369,314,5.2,1,107130,27,Humano,Raiva,3330,Exposicao_Face
107146,17,343,323,5.13,1,107146,27,Humano,Raiva,3346,Exposicao_Face
107163,17,372,311,5.15,1,107163,27,Humano,Raiva,3363,Exposicao_Face
107180,17,357,312,5.15,1,107180,27,Humano,Raiva,3380,Exposicao_Face
107196,17,358,299,5.12,1,107196,27,Humano,Raiva,3396,Exposicao_Face
107213,17,336,299,5.12,1,107213,27,Humano,Raiva,3413,Exposicao_Face
107230,17,339,314,5.12,1,107230,27,Humano,Raiva,3430,Exposicao_Face
107246,17,352,293,5.12,1,107246,27,Humano,Raiva,3446,Exposicao_Face
107263,17,462,334,5.15,1,107263,27,Humano,Raiva,3463,Exposicao_Face
107279,17,505,346,5.18,1,107279,27,Humano,Raiva,3479,Exposicao_Face
107296,17,518,363,5.25,0,107296,27,Humano,Raiva,3496,Exposicao_Face
107313,17,525,361,5.2,1,107313,27,Humano,Raiva,3513,Exposicao_Face
107329,17,524,348,5.23,1,107329,27,Humano,Raiva,3529,Exposicao_Face
107346,17,524,350,5.2,1,107346,27,Humano,Raiva,3546,Exposicao_Face
107363,17,525,357,5.23,1,107363,27,Humano,Raiva,3563,Exposicao_Face
107379,17,529,377,5.25,2,107379,27,Humano,Raiva,3579,Exposicao_Face
107396,17,521,372,5.25,2,107396,27,Humano,Raiva,3596,Exposicao_Face
107413,17,521,357,5.18,1,107413,27,Humano,Raiva,3613,Exposicao_Face
107429,17,523,370,5.18,2,107429,27,Humano,Raiva,3629,Exposicao_Face
107446,17,524,357,5.18,1,107446,27,Humano,Raiva,3646,Exposicao_Face
107462,17,520,379,5.2,2,107462,27,Humano,Raiva,3662,Exposicao_Face
107479,17,515,360,5.21,1,107479,27,Humano,Raiva,3679,Exposicao_Face
107496,17,521,353,5.2,1,107496,27,Humano,Raiva,3696,Exposicao_Face
107512,17,520,359,5.21,1,107512,27,Humano,Raiva,3712,Exposicao_Face
107529,17,519,348,5.23,1,107529,27,Humano,Raiva,3729,Exposicao_Face
107546,17,518,342,5.21,1,107546,27,Humano,Raiva,3746,Exposicao_Face
107562,17,518,347,5.26,1,107562,27,Humano,Raiva,3762,Exposicao_Face
107579,17,517,377,5.25,2,107579,27,Humano,Raiva,3779,Exposicao_Face
107595,17,514,359,5.23,1,107595,27,Humano,Raiva,3795,Exposicao_Face
107612,17,516,362,5.21,1,107612,27,Humano,Raiva,3812,Exposicao_Face
107629,17,517,363,5.2,0,107629,27,Humano,Raiva,3829,Exposicao_Face
107645,17,516,381,5.21,2,107645,27,Humano,Raiva,3845,Exposicao_Face
107662,17,517,380,5.23,2,107662,27,Humano,Raiva,3862,Exposicao_Face
107679,17,514,381,5.2,2,107679,27,Humano,Raiva,3879,Exposicao_Face
107695,17,497,738,5.15,3,107695,27,Humano,Raiva,3895,Exposicao_Face
107712,17,591,652,0.0,3,107712,27,Humano,Raiva,3912,Exposicao_Face
107878,166,480,719,0.0,3,107878,28,Humano,Feliz,78,Janela_Baseline
107895,17,486,445,-1.0,3,107895,28,Humano,Feliz,95,Janela_Baseline
107912,17,567,1051,0.0,0,107912,28,Humano,Feliz,112,Janela_Baseline
107928,17,530,974,0.0,0,107928,28,Humano,Feliz,128,Janela_Baseline
107945,17,490,624,-1.0,3,107945,28,Humano,Feliz,145,Janela_Baseline
107961,17,505,523,-1.0,3,107961,28,Humano,Feliz,161,Janela_Baseline
107978,17,511,509,5.1,3,107978,28,Humano,Feliz,178,Janela_Baseline
107995,17,504,470,5.1,3,107995,28,Humano,Feliz,195,Janela_Baseline
108011,17,497,448,5.13,3,108011,28,Humano,Feliz,211,Janela_Baseline
108028,17,509,438,5.02,3,108028,28,Humano,Feliz,228,Janela_Baseline
108045,17,500,488,5.1,3,108045,28,Humano,Feliz,245,Janela_Baseline
108061,17,495,507,5.13,3,108061,28,Humano,Feliz,261,Janela_Baseline
108078,17,520,506,5.12,3,108078,28,Humano,Feliz,278,Janela_Baseline
108095,17,504,504,5.23,3,108095,28,Humano,Feliz,295,Janela_Baseline
108111,17,509,518,5.2,3,108111,28,Humano,Feliz,311,Janela_Baseline
108128,17,498,516,5.25,3,108128,28,Humano,Feliz,328,Janela_Baseline
108144,17,491,308,5.15,1,108144,28,Humano,Feliz,344,Janela_Baseline
108161,17,483,316,5.15,1,108161,28,Humano,Feliz,361,Janela_Baseline
108178,17,477,351,5.21,1,108178,28,Humano,Feliz,378,Janela_Baseline
108194,17,476,314,5.23,1,108194,28,Humano,Feliz,394,Janela_Baseline
108211,17,477,331,5.21,1,108211,28,Humano,Feliz,411,Janela_Baseline
108228,17,476,323,5.17,1,108228,28,Humano,Feliz,428,Janela_Baseline
108244,17,481,305,5.13,1,108244,28,Humano,Feliz,444,Janela_Baseline
108261,17,472,327,5.18,1,108261,28,Humano,Feliz,461,Janela_Baseline
108278,17,476,333,5.12,1,108278,28,Humano,Feliz,478,Janela_Baseline
108294,17,470,325,5.12,1,108294,28,Humano,Feliz,494,Janela_Baseline
108311,17,488,336,5.12,1,108311,28,Humano,Feliz,511,Janela_Baseline
108327,17,479,331,5.09,1,108327,28,Humano,Feliz,527,Janela_Baseline
108344,17,488,317,5.02,1,108344,28,Humano,Feliz,544,Janela_Baseline
108361,17,480,323,5.04,1,108361,28,Humano,Feliz,561,Janela_Baseline
108377,17,471,342,5.13,1,108377,28,Humano,Feliz,577,Janela_Baseline
108394,17,485,311,5.04,1,108394,28,Humano,Feliz,594,Janela_Baseline
108411,17,488,324,5.04,1,108411,28,Humano,Feliz,611,Janela_Baseline
108427,17,478,320,5.02,1,108427,28,Humano,Feliz,627,Janela_Baseline
108444,17,479,342,5.05,1,108444,28,Humano,Feliz,644,Janela_Baseline
108461,17,485,322,5.05,1,108461,28,Humano,Feliz,661,Janela_Baseline
108477,17,484,344,5.05,1,108477,28,Humano,Feliz,677,Janela_Baseline
108494,17,441,308,5.05,1,108494,28,Humano,Feliz,694,Janela_Baseline
108510,17,443,349,5.02,1,108510,28,Humano,Feliz,710,Janela_Baseline
108527,17,455,327,5.02,1,108527,28,Humano,Feliz,727,Janela_Baseline
108544,17,455,319,5.02,1,108544,28,Humano,Feliz,744,Janela_Baseline
108560,17,456,317,5.09,1,108560,28,Humano,Feliz,760,Janela_Baseline
108577,17,433,342,5.04,1,108577,28,Humano,Feliz,777,Janela_Baseline
108594,17,450,347,5.1,1,108594,28,Humano,Feliz,794,Janela_Baseline
108610,17,452,321,5.04,1,108610,28,Humano,Feliz,810,Janela_Baseline
108627,17,456,319,5.15,1,108627,28,Humano,Feliz,827,Janela_Baseline
108644,17,441,312,5.05,1,108644,28,Humano,Feliz,844,Janela_Baseline
108660,17,452,351,5.15,1,108660,28,Humano,Feliz,860,Janela_Baseline
108677,17,468,324,5.1,1,108677,28,Humano,Feliz,877,Janela_Baseline
108693,17,454,304,5.13,1,108693,28,Humano,Feliz,893,Janela_Baseline
108710,17,449,330,5.17,1,108710,28,Humano,Feliz,910,Janela_Baseline
108727,17,469,330,5.18,1,108727,28,Humano,Feliz,927,Janela_Baseline
108743,17,450,330,5.17,1,108743,28,Humano,Feliz,943,Janela_Baseline
108760,17,437,306,5.13,1,108760,28,Humano,Feliz,960,Janela_Baseline
108777,17,447,335,5.18,1,108777,28,Humano,Feliz,977,Janela_Baseline
108793,17,462,350,5.25,1,108793,28,Humano,Feliz,993,Janela_Baseline
108810,17,564,317,5.23,1,108810,28,Humano,Feliz,1010,Janela_Baseline
108826,17,585,309,5.25,1,108826,28,Humano,Feliz,1026,Janela_Baseline
108843,17,584,307,5.23,1,108843,28,Humano,Feliz,1043,Janela_Baseline
108860,17,585,310,5.26,1,108860,28,Humano,Feliz,1060,Janela_Baseline
108876,17,591,303,5.26,1,108876,28,Humano,Feliz,1076,Janela_Baseline
108893,17,589,299,5.26,1,108893,28,Humano,Feliz,1093,Janela_Baseline
108910,17,585,299,5.28,1,108910,28,Humano,Feliz,1110,Janela_Baseline
108926,17,590,297,5.28,1,108926,28,Humano,Feliz,1126,Janela_Baseline
108943,17,590,293,5.25,1,108943,28,Humano,Feliz,1143,Janela_Baseline
108960,17,582,312,5.28,1,108960,28,Humano,Feliz,1160,Janela_Baseline
108976,17,583,316,5.31,1,108976,28,Humano,Feliz,1176,Janela_Baseline
108993,17,590,313,5.33,1,108993,28,Humano,Feliz,1193,Janela_Baseline
109009,17,590,307,5.34,1,109009,28,Humano,Feliz,1209,Janela_Baseline
109026,17,591,309,5.37,1,109026,28,Humano,Feliz,1226,Janela_Baseline
109043,17,588,299,5.37,1,109043,28,Humano,Feliz,1243,Janela_Baseline
109059,17,582,314,5.37,1,109059,28,Humano,Feliz,1259,Janela_Baseline
109076,17,580,311,5.39,1,109076,28,Humano,Feliz,1276,Janela_Baseline
109093,17,577,299,5.39,1,109093,28,Humano,Feliz,1293,Janela_Baseline
109109,17,579,299,5.39,1,109109,28,Humano,Feliz,1309,Exposicao_Face
109126,17,580,293,5.37,1,109126,28,Humano,Feliz,1326,Exposicao_Face
109143,17,584,318,5.39,1,109143,28,Humano,Feliz,1343,Exposicao_Face
109159,17,555,319,5.44,1,109159,28,Humano,Feliz,1359,Exposicao_Face
109176,17,568,295,5.39,1,109176,28,Humano,Feliz,1376,Exposicao_Face
109192,17,570,294,5.44,1,109192,28,Humano,Feliz,1392,Exposicao_Face
109209,17,564,291,5.44,1,109209,28,Humano,Feliz,1409,Exposicao_Face
109226,17,560,309,5.45,1,109226,28,Humano,Feliz,1426,Exposicao_Face
109242,17,561,315,5.42,1,109242,28,Humano,Feliz,1442,Exposicao_Face
109259,17,566,321,5.41,1,109259,28,Humano,Feliz,1459,Exposicao_Face
109276,17,569,306,5.5,1,109276,28,Humano,Feliz,1476,Exposicao_Face
109292,17,562,333,5.52,1,109292,28,Humano,Feliz,1492,Exposicao_Face
109309,17,564,348,5.52,1,109309,28,Humano,Feliz,1509,Exposicao_Face
109326,17,561,321,5.52,1,109326,28,Humano,Feliz,1526,Exposicao_Face
109342,17,571,314,5.5,1,109342,28,Humano,Feliz,1542,Exposicao_Face
109359,17,570,345,5.55,1,109359,28,Humano,Feliz,1559,Exposicao_Face
109375,17,556,327,5.55,1,109375,28,Humano,Feliz,1575,Exposicao_Face
109392,17,570,316,5.53,1,109392,28,Humano,Feliz,1592,Exposicao_Face
109409,17,559,308,5.52,1,109409,28,Humano,Feliz,1609,Exposicao_Face
109425,17,566,323,5.52,1,109425,28,Humano,Feliz,1625,Exposicao_Face
109442,17,557,323,5.57,1,109442,28,Humano,Feliz,1642,Exposicao_Face
109459,17,577,334,5.6,1,109459,28,Humano,Feliz,1659,Exposicao_Face
109475,17,554,326,5.57,1,109475,28,Humano,Feliz,1675,Exposicao_Face
109492,17,568,339,5.57,1,109492,28,Humano,Feliz,1692,Exposicao_Face
109509,17,554,328,5.58,1,109509,28,Humano,Feliz,1709,Exposicao_Face
109525,17,570,304,5.53,1,109525,28,Humano,Feliz,1725,Exposicao_Face
109542,17,569,326,5.65,1,109542,28,Humano,Feliz,1742,Exposicao_Face
109558,17,559,338,5.57,1,109558,28,Humano,Feliz,1758,Exposicao_Face
109575,17,559,350,5.65,1,109575,28,Humano,Feliz,1775,Exposicao_Face
109592,17,551,352,5.65,1,109592,28,Humano,Feliz,1792,Exposicao_Face
109608,17,561,331,5.6,1,109608,28,Humano,Feliz,1808,Exposicao_Face
109625,17,548,313,5.55,1,109625,28,Humano,Feliz,1825,Exposicao_Face
109642,17,553,309,5.6,1,109642,28,Humano,Feliz,1842,Exposicao_Face
109658,17,561,326,5.65,1,109658,28,Humano,Feliz,1858,Exposicao_Face
109675,17,560,316,5.6,1,109675,28,Humano,Feliz,1875,Exposicao_Face
109692,17,559,314,5.6,1,109692,28,Humano,Feliz,1892,Exposicao_Face
109708,17,551,339,5.65,1,109708,28,Humano,Feliz,1908,Exposicao_Face
109725,17,560,314,5.63,1,109725,28,Humano,Feliz,1925,Exposicao_Face
109741,17,555,312,5.65,1,109741,28,Humano,Feliz,1941,Exposicao_Face
109758,17,564,309,5.63,1,109758,28,Humano,Feliz,1958,Exposicao_Face
109775,17,550,337,5.63,1,109775,28,Humano,Feliz,1975,Exposicao_Face
109791,17,558,328,5.65,1,109791,28,Humano,Feliz,1991,Exposicao_Face
109808,17,565,343,5.68,1,109808,28,Humano,Feliz,2008,Exposicao_Face
109825,17,570,328,5.68,1,109825,28,Humano,Feliz,2025,Exposicao_Face
109841,17,560,318,5.65,1,109841,28,Humano,Feliz,2041,Exposicao_Face
109858,17,555,324,5.68,1,109858,28,Humano,Feliz,2058,Exposicao_Face
109874,17,562,347,5.73,1,109874,28,Humano,Feliz,2074,Exposicao_Face
109891,17,562,313,5.63,1,109891,28,Humano,Feliz,2091,Exposicao_Face
109908,17,556,321,5.66,1,109908,28,Humano,Feliz,2108,Exposicao_Face
109924,17,561,340,5.69,1,109924,28,Humano,Feliz,2124,Exposicao_Face
109941,17,564,332,5.69,1,109941,28,Humano,Feliz,2141,Exposicao_Face
109958,17,560,325,5.68,1,109958,28,Humano,Feliz,2158,Exposicao_Face
109974,17,558,325,5.63,1,109974,28,Humano,Feliz,2174,Exposicao_Face
109991,17,559,326,5.66,1,109991,28,Humano,Feliz,2191,Exposicao_Face
110008,17,550,338,5.65,1,110008,28,Humano,Feliz,2208,Exposicao_Face
110024,17,552,331,5.65,1,110024,28,Humano,Feliz,2224,Exposicao_Face
110041,17,559,343,5.65,1,110041,28,Humano,Feliz,2241,Exposicao_Face
110057,17,467,346,5.65,1,110057,28,Humano,Feliz,2257,Exposicao_Face
110074,17,444,328,5.66,1,110074,28,Humano,Feliz,2274,Exposicao_Face
110091,17,426,344,5.69,1,110091,28,Humano,Feliz,2291,Exposicao_Face
110107,17,426,324,5.65,1,110107,28,Humano,Feliz,2307,Exposicao_Face
110124,17,424,375,5.66,2,110124,28,Humano,Feliz,2324,Exposicao_Face
110141,17,426,357,5.65,1,110141,28,Humano,Feliz,2341,Exposicao_Face
110157,17,424,357,5.66,1,110157,28,Humano,Feliz,2357,Exposicao_Face
110174,17,417,329,5.57,1,110174,28,Humano,Feliz,2374,Exposicao_Face
110191,17,417,343,5.6,1,110191,28,Humano,Feliz,2391,Exposicao_Face
110207,17,443,324,5.57,1,110207,28,Humano,Feliz,2407,Exposicao_Face
110224,17,413,338,5.55,1,110224,28,Humano,Feliz,2424,Exposicao_Face
110240,17,454,313,5.53,1,110240,28,Humano,Feliz,2440,Exposicao_Face
110257,17,449,332,5.6,1,110257,28,Humano,Feliz,2457,Exposicao_Face
110274,17,425,338,5.6,1,110274,28,Humano,Feliz,2474,Exposicao_Face
110290,17,419,344,5.63,1,110290,28,Humano,Feliz,2490,Exposicao_Face
110307,17,440,350,5.58,1,110307,28,Humano,Feliz,2507,Exposicao_Face
110324,17,457,355,5.55,1,110324,28,Humano,Feliz,2524,Exposicao_Face
110340,17,452,348,5.6,1,110340,28,Humano,Feliz,2540,Exposicao_Face
110357,17,444,359,5.65,1,110357,28,Humano,Feliz,2557,Exposicao_Face
110374,17,420,342,5.57,1,110374,28,Humano,Feliz,2574,Exposicao_Face
110390,17,422,340,5.65,1,110390,28,Humano,Feliz,2590,Exposicao_Face
110407,17,450,353,5.65,1,110407,28,Humano,Feliz,2607,Exposicao_Face
110423,17,419,349,5.61,1,110423,28,Humano,Feliz,2623,Exposicao_Face
110440,17,422,333,5.63,1,110440,28,Humano,Feliz,2640,Exposicao_Face
110457,17,456,343,5.58,1,110457,28,Humano,Feliz,2657,Exposicao_Face
110473,17,415,371,5.65,2,110473,28,Humano,Feliz,2673,Exposicao_Face
110490,17,430,366,5.6,2,110490,28,Humano,Feliz,2690,Exposicao_Face
110507,17,433,353,5.58,1,110507,28,Humano,Feliz,2707,Exposicao_Face
110523,17,442,341,5.53,1,110523,28,Humano,Feliz,2723,Exposicao_Face
110540,17,459,334,5.58,1,110540,28,Humano,Feliz,2740,Exposicao_Face
110557,17,445,338,5.52,1,110557,28,Humano,Feliz,2757,Exposicao_Face
110573,17,471,350,5.57,1,110573,28,Humano,Feliz,2773,Exposicao_Face
110590,17,470,365,5.6,2,110590,28,Humano,Feliz,2790,Exposicao_Face
110606,17,440,357,5.53,1,110606,28,Humano,Feliz,2806,Exposicao_Face
110623,17,453,364,5.52,2,110623,28,Humano,Feliz,2823,Exposicao_Face
110640,17,468,350,5.49,1,110640,28,Humano,Feliz,2840,Exposicao_Face
110656,17,448,341,5.5,1,110656,28,Humano,Feliz,2856,Exposicao_Face
110673,17,447,344,5.47,1,110673,28,Humano,Feliz,2873,Exposicao_Face
110690,17,440,349,5.44,1,110690,28,Humano,Feliz,2890,Exposicao_Face
110706,17,433,351,5.47,1,110706,28,Humano,Feliz,2906,Exposicao_Face
110723,17,436,355,5.5,1,110723,28,Humano,Feliz,2923,Exposicao_Face
110740,17,462,375,5.49,2,110740,28,Humano,Feliz,2940,Exposicao_Face
110756,17,459,343,5.45,1,110756,28,Humano,Feliz,2956,Exposicao_Face
110773,17,463,342,5.45,1,110773,28,Humano,Feliz,2973,Exposicao_Face
110789,17,439,348,5.47,1,110789,28,Humano,Feliz,2989,Exposicao_Face
110806,17,439,347,5.44,1,110806,28,Humano,Feliz,3006,Exposicao_Face
110823,17,453,333,5.44,1,110823,28,Humano,Feliz,3023,Exposicao_Face
110839,17,432,369,5.5,2,110839,28,Humano,Feliz,3039,Exposicao_Face
110856,17,463,380,5.52,2,110856,28,Humano,Feliz,3056,Exposicao_Face
110873,17,447,385,5.52,2,110873,28,Humano,Feliz,3073,Exposicao_Face
110889,17,431,367,5.49,2,110889,28,Humano,Feliz,3089,Exposicao_Face
110906,17,446,348,5.42,1,110906,28,Humano,Feliz,3106,Exposicao_Face
110923,17,447,356,5.45,1,110923,28,Humano,Feliz,3123,Exposicao_Face
110939,17,458,350,5.45,1,110939,28,Humano,Feliz,3139,Exposicao_Face
110956,17,513,436,5.55,3,110956,28,Humano,Feliz,3156,Exposicao_Face
110972,17,526,414,5.5,2,110972,28,Humano,Feliz,3172,Exposicao_Face
110989,17,517,416,5.5,3,110989,28,Humano,Feliz,3189,Exposicao_Face
111006,17,531,406,5.44,2,111006,28,Humano,Feliz,3206,Exposicao_Face
111022,17,518,426,5.47,3,111022,28,Humano,Feliz,3222,Exposicao_Face
111039,17,523,432,5.52,3,111039,28,Humano,Feliz,3239,Exposicao_Face
111056,17,519,412,5.53,2,111056,28,Humano,Feliz,3256,Exposicao_Face
111072,17,522,394,5.49,2,111072,28,Humano,Feliz,3272,Exposicao_Face
111089,17,521,399,5.49,2,111089,28,Humano,Feliz,3289,Exposicao_Face
111105,17,533,405,5.47,2,111105,28,Humano,Feliz,3305,Exposicao_Face
111122,17,527,412,5.5,2,111122,28,Humano,Feliz,3322,Exposicao_Face
111139,17,528,409,5.52,2,111139,28,Humano,Feliz,3339,Exposicao_Face
111155,17,518,406,5.52,2,111155,28,Humano,Feliz,3355,Exposicao_Face
111172,17,531,410,5.55,2,111172,28,Humano,Feliz,3372,Exposicao_Face
111189,17,519,397,5.5,2,111189,28,Humano,Feliz,3389,Exposicao_Face
111205,17,529,418,5.55,3,111205,28,Humano,Feliz,3405,Exposicao_Face
111222,17,525,409,5.53,2,111222,28,Humano,Feliz,3422,Exposicao_Face
111239,17,531,419,5.5,3,111239,28,Humano,Feliz,3439,Exposicao_Face
111255,17,531,406,5.52,2,111255,28,Humano,Feliz,3455,Exposicao_Face
111272,17,531,418,5.53,3,111272,28,Humano,Feliz,3472,Exposicao_Face
111288,17,516,406,5.52,2,111288,28,Humano,Feliz,3488,Exposicao_Face
111305,17,536,408,5.52,2,111305,28,Humano,Feliz,3505,Exposicao_Face
111322,17,517,398,5.5,2,111322,28,Humano,Feliz,3522,Exposicao_Face
111338,17,518,393,5.44,2,111338,28,Humano,Feliz,3538,Exposicao_Face
111355,17,515,392,5.41,2,111355,28,Humano,Feliz,3555,Exposicao_Face
111372,17,517,411,5.41,2,111372,28,Humano,Feliz,3572,Exposicao_Face
111388,17,527,403,5.41,2,111388,28,Humano,Feliz,3588,Exposicao_Face
111405,17,526,402,5.36,2,111405,28,Humano,Feliz,3605,Exposicao_Face
111422,17,533,410,5.39,2,111422,28,Humano,Feliz,3622,Exposicao_Face
111438,17,491,388,5.36,2,111438,28,Humano,Feliz,3638,Exposicao_Face
111455,17,482,389,5.34,2,111455,28,Humano,Feliz,3655,Exposicao_Face
111471,17,494,365,5.28,2,111471,28,Humano,Feliz,3671,Exposicao_Face
111488,17,484,378,5.31,2,111488,28,Humano,Feliz,3688,Exposicao_Face
111505,17,491,397,5.25,2,111505,28,Humano,Feliz,3705,Exposicao_Face
111521,17,495,393,5.28,2,111521,28,Humano,Feliz,3721,Exposicao_Face
111538,17,493,393,5.26,2,111538,28,Humano,Feliz,3738,Exposicao_Face
111555,17,493,385,5.25,2,111555,28,Humano,Feliz,3755,Exposicao_Face
111571,17,495,404,5.26,2,111571,28,Humano,Feliz,3771,Exposicao_Face
111588,17,494,401,5.25,2,111588,28,Humano,Feliz,3788,Exposicao_Face
111605,17,493,387,5.12,2,111605,28,Humano,Feliz,3805,Exposicao_Face
111621,17,492,373,5.15,2,111621,28,Humano,Feliz,3821,Exposicao_Face
111638,17,491,379,5.17,2,111638,28,Humano,Feliz,3838,Exposicao_Face
111654,17,495,373,5.17,2,111654,28,Humano,Feliz,3854,Exposicao_Face
111671,17,492,356,5.09,1,111671,28,Humano,Feliz,3871,Exposicao_Face
111688,17,493,379,5.15,2,111688,28,Humano,Feliz,3888,Exposicao_Face
111704,17,499,380,5.1,2,111704,28,Humano,Feliz,3904,Exposicao_Face
111721,17,491,375,5.13,2,111721,28,Humano,Feliz,3921,Exposicao_Face
111738,17,505,376,5.15,2,111738,28,Humano,Feliz,3938,Exposicao_Face
112037,299,360,845,-1.0,0,112037,29,Humano,Neutro,237,Janela_Baseline
112054,17,473,1012,0.0,0,112054,29,Humano,Neutro,254,Janela_Baseline
112087,33,456,984,0.0,0,112087,29,Humano,Neutro,287,Janela_Baseline
112104,17,456,922,0.0,0,112104,29,Humano,Neutro,304,Janela_Baseline
112120,17,383,764,-1.0,3,112120,29,Humano,Neutro,320,Janela_Baseline
112137,17,460,886,0.0,0,112137,29,Humano,Neutro,337,Janela_Baseline
112154,17,381,766,-1.0,3,112154,29,Humano,Neutro,354,Janela_Baseline
112170,17,374,830,-1.0,0,112170,29,Humano,Neutro,370,Janela_Baseline
112187,17,380,762,-1.0,3,112187,29,Humano,Neutro,387,Janela_Baseline
112203,17,467,904,0.0,0,112203,29,Humano,Neutro,403,Janela_Baseline
112220,17,391,706,-1.0,3,112220,29,Humano,Neutro,420,Janela_Baseline
112253,33,443,578,5.2,3,112253,29,Humano,Neutro,453,Janela_Baseline
112270,17,498,317,5.21,1,112270,29,Humano,Neutro,470,Janela_Baseline
112287,17,474,218,5.28,1,112287,29,Humano,Neutro,487,Janela_Baseline
112303,17,473,360,5.21,1,112303,29,Humano,Neutro,503,Janela_Baseline
112320,17,474,349,5.2,1,112320,29,Humano,Neutro,520,Janela_Baseline
112336,17,474,367,5.21,2,112336,29,Humano,Neutro,536,Janela_Baseline
112353,17,478,380,5.25,2,112353,29,Humano,Neutro,553,Janela_Baseline
112370,17,476,365,5.29,2,112370,29,Humano,Neutro,570,Janela_Baseline
112386,17,474,362,5.26,1,112386,29,Humano,Neutro,586,Janela_Baseline
112403,17,479,372,5.28,2,112403,29,Humano,Neutro,603,Janela_Baseline
112420,17,478,373,5.28,2,112420,29,Humano,Neutro,620,Janela_Baseline
112436,17,477,383,5.33,2,112436,29,Humano,Neutro,636,Janela_Baseline
112453,17,474,371,5.34,2,112453,29,Humano,Neutro,653,Janela_Baseline
112470,17,476,346,5.31,1,112470,29,Humano,Neutro,670,Janela_Baseline
112486,17,470,355,5.28,1,112486,29,Humano,Neutro,686,Janela_Baseline
112503,17,475,374,5.28,2,112503,29,Humano,Neutro,703,Janela_Baseline
112519,17,483,363,5.26,0,112519,29,Humano,Neutro,719,Janela_Baseline
112536,17,438,335,5.25,1,112536,29,Humano,Neutro,736,Janela_Baseline
112553,17,442,338,5.25,1,112553,29,Humano,Neutro,753,Janela_Baseline
112569,17,444,314,5.25,1,112569,29,Humano,Neutro,769,Janela_Baseline
112586,17,439,350,5.26,1,112586,29,Humano,Neutro,786,Janela_Baseline
112603,17,428,340,5.23,1,112603,29,Humano,Neutro,803,Janela_Baseline
112619,17,431,335,5.26,1,112619,29,Humano,Neutro,819,Janela_Baseline
112636,17,433,354,5.25,1,112636,29,Humano,Neutro,836,Janela_Baseline
112653,17,438,311,5.15,1,112653,29,Humano,Neutro,853,Janela_Baseline
112669,17,435,322,5.17,1,112669,29,Humano,Neutro,869,Janela_Baseline
112686,17,447,321,5.13,1,112686,29,Humano,Neutro,886,Janela_Baseline
112702,17,431,341,5.18,1,112702,29,Humano,Neutro,902,Janela_Baseline
112719,17,439,336,5.12,1,112719,29,Humano,Neutro,919,Janela_Baseline
112736,17,437,338,5.13,1,112736,29,Humano,Neutro,936,Janela_Baseline
112752,17,436,319,5.1,1,112752,29,Humano,Neutro,952,Janela_Baseline
112769,17,442,332,5.12,1,112769,29,Humano,Neutro,969,Janela_Baseline
112786,17,441,319,5.07,1,112786,29,Humano,Neutro,986,Janela_Baseline
112802,17,462,310,5.05,1,112802,29,Humano,Neutro,1002,Janela_Baseline
112819,17,429,344,5.07,1,112819,29,Humano,Neutro,1019,Janela_Baseline
112836,17,462,325,5.07,1,112836,29,Humano,Neutro,1036,Janela_Baseline
112852,17,464,321,5.01,1,112852,29,Humano,Neutro,1052,Janela_Baseline
112869,17,447,356,4.96,1,112869,29,Humano,Neutro,1069,Janela_Baseline
112885,17,487,432,4.99,3,112885,29,Humano,Neutro,1085,Janela_Baseline
112902,17,506,453,5.05,3,112902,29,Humano,Neutro,1102,Janela_Baseline
112919,17,499,444,5.04,3,112919,29,Humano,Neutro,1119,Janela_Baseline
112935,17,508,430,5.01,3,112935,29,Humano,Neutro,1135,Janela_Baseline
112952,17,490,459,5.05,3,112952,29,Humano,Neutro,1152,Janela_Baseline
112969,17,480,440,4.99,3,112969,29,Humano,Neutro,1169,Janela_Baseline
112985,17,499,456,5.07,3,112985,29,Humano,Neutro,1185,Janela_Baseline
113002,17,500,438,4.99,3,113002,29,Humano,Neutro,1202,Janela_Baseline
113019,17,513,444,5.05,3,113019,29,Humano,Neutro,1219,Janela_Baseline
113035,17,504,441,5.05,3,113035,29,Humano,Neutro,1235,Janela_Baseline
113052,17,499,440,5.05,3,113052,29,Humano,Neutro,1252,Janela_Baseline
113068,17,510,434,5.04,3,113068,29,Humano,Neutro,1268,Janela_Baseline
113085,17,498,425,5.05,3,113085,29,Humano,Neutro,1285,Janela_Baseline
113102,17,491,452,5.05,3,113102,29,Humano,Neutro,1302,Exposicao_Face
113118,17,500,446,5.09,3,113118,29,Humano,Neutro,1318,Exposicao_Face
113135,17,506,448,5.12,3,113135,29,Humano,Neutro,1335,Exposicao_Face
113152,17,496,430,5.01,3,113152,29,Humano,Neutro,1352,Exposicao_Face
113168,17,499,485,5.13,3,113168,29,Humano,Neutro,1368,Exposicao_Face
113185,17,461,407,5.07,2,113185,29,Humano,Neutro,1385,Exposicao_Face
113202,17,416,381,5.01,2,113202,29,Humano,Neutro,1402,Exposicao_Face
113218,17,434,388,5.05,2,113218,29,Humano,Neutro,1418,Exposicao_Face
113235,17,407,371,4.99,2,113235,29,Humano,Neutro,1435,Exposicao_Face
113251,17,413,391,4.99,2,113251,29,Humano,Neutro,1451,Exposicao_Face
113268,17,413,389,4.94,2,113268,29,Humano,Neutro,1468,Exposicao_Face
113285,17,453,378,4.97,2,113285,29,Humano,Neutro,1485,Exposicao_Face
113301,17,440,383,4.96,2,113301,29,Humano,Neutro,1501,Exposicao_Face
113318,17,449,378,4.96,2,113318,29,Humano,Neutro,1518,Exposicao_Face
113335,17,449,391,4.99,2,113335,29,Humano,Neutro,1535,Exposicao_Face
113351,17,425,386,4.94,2,113351,29,Humano,Neutro,1551,Exposicao_Face
113368,17,435,379,4.99,2,113368,29,Humano,Neutro,1568,Exposicao_Face
113384,17,448,381,4.96,2,113384,29,Humano,Neutro,1584,Exposicao_Face
113401,17,413,359,4.96,1,113401,29,Humano,Neutro,1601,Exposicao_Face
113418,17,441,346,5.04,1,113418,29,Humano,Neutro,1618,Exposicao_Face
113434,17,450,350,5.01,1,113434,29,Humano,Neutro,1634,Exposicao_Face
113451,17,451,340,5.01,1,113451,29,Humano,Neutro,1651,Exposicao_Face
113468,17,439,343,5.01,1,113468,29,Humano,Neutro,1668,Exposicao_Face
113484,17,442,324,5.01,1,113484,29,Humano,Neutro,1684,Exposicao_Face
113501,17,444,350,4.97,1,113501,29,Humano,Neutro,1701,Exposicao_Face
113518,17,446,332,4.96,1,113518,29,Humano,Neutro,1718,Exposicao_Face
113534,17,453,339,4.91,1,113534,29,Humano,Neutro,1734,Exposicao_Face
113551,17,449,340,4.96,1,113551,29,Humano,Neutro,1751,Exposicao_Face
113567,17,451,329,4.94,1,113567,29,Humano,Neutro,1767,Exposicao_Face
113584,17,421,336,4.92,1,113584,29,Humano,Neutro,1784,Exposicao_Face
113601,17,461,346,4.91,1,113601,29,Humano,Neutro,1801,Exposicao_Face
113617,17,452,353,4.91,1,113617,29,Humano,Neutro,1817,Exposicao_Face
113634,17,459,356,4.92,1,113634,29,Humano,Neutro,1834,Exposicao_Face
113651,17,449,355,4.94,1,113651,29,Humano,Neutro,1851,Exposicao_Face
113667,17,447,345,4.94,1,113667,29,Humano,Neutro,1867,Exposicao_Face
113684,17,437,349,4.91,1,113684,29,Humano,Neutro,1884,Exposicao_Face
113701,17,449,333,4.89,1,113701,29,Humano,Neutro,1901,Exposicao_Face
113717,17,513,343,4.99,1,113717,29,Humano,Neutro,1917,Exposicao_Face
113734,17,543,331,5.01,1,113734,29,Humano,Neutro,1934,Exposicao_Face
113750,17,544,338,4.91,1,113750,29,Humano,Neutro,1950,Exposicao_Face
113767,17,549,323,4.92,1,113767,29,Humano,Neutro,1967,Exposicao_Face
113784,17,553,354,4.97,1,113784,29,Humano,Neutro,1984,Exposicao_Face
113800,17,550,347,5.04,1,113800,29,Humano,Neutro,2000,Exposicao_Face
113817,17,562,348,4.99,1,113817,29,Humano,Neutro,2017,Exposicao_Face
113834,17,555,337,5.02,1,113834,29,Humano,Neutro,2034,Exposicao_Face
113850,17,545,327,5.01,1,113850,29,Humano,Neutro,2050,Exposicao_Face
113867,17,557,350,5.05,1,113867,29,Humano,Neutro,2067,Exposicao_Face
113884,17,560,345,5.04,1,113884,29,Humano,Neutro,2084,Exposicao_Face
113900,17,563,335,5.01,1,113900,29,Humano,Neutro,2100,Exposicao_Face
113917,17,560,323,5.01,1,113917,29,Humano,Neutro,2117,Exposicao_Face
113933,17,561,332,5.02,1,113933,29,Humano,Neutro,2133,Exposicao_Face
113950,17,561,354,5.1,1,113950,29,Humano,Neutro,2150,Exposicao_Face
113967,17,555,353,5.1,1,113967,29,Humano,Neutro,2167,Exposicao_Face
113983,17,557,318,5.04,1,113983,29,Humano,Neutro,2183,Exposicao_Face
114000,17,558,334,5.1,1,114000,29,Humano,Neutro,2200,Exposicao_Face
114017,17,556,343,5.1,1,114017,29,Humano,Neutro,2217,Exposicao_Face
114033,17,562,351,5.13,1,114033,29,Humano,Neutro,2233,Exposicao_Face
114050,17,561,373,5.13,2,114050,29,Humano,Neutro,2250,Exposicao_Face
114067,17,557,340,5.12,1,114067,29,Humano,Neutro,2267,Exposicao_Face
114083,17,563,344,5.1,1,114083,29,Humano,Neutro,2283,Exposicao_Face
114100,17,565,372,5.13,2,114100,29,Humano,Neutro,2300,Exposicao_Face
114116,17,558,356,5.15,1,114116,29,Humano,Neutro,2316,Exposicao_Face
114133,17,564,337,5.09,1,114133,29,Humano,Neutro,2333,Exposicao_Face
114150,17,562,339,5.09,1,114150,29,Humano,Neutro,2350,Exposicao_Face
114166,17,563,348,5.12,1,114166,29,Humano,Neutro,2366,Exposicao_Face
114183,17,571,323,5.07,1,114183,29,Humano,Neutro,2383,Exposicao_Face
114200,17,565,319,5.09,1,114200,29,Humano,Neutro,2400,Exposicao_Face
114216,17,564,340,5.1,1,114216,29,Humano,Neutro,2416,Exposicao_Face
114233,17,567,333,5.1,1,114233,29,Humano,Neutro,2433,Exposicao_Face
114250,17,455,353,5.15,1,114250,29,Humano,Neutro,2450,Exposicao_Face
114266,17,437,304,5.12,1,114266,29,Humano,Neutro,2466,Exposicao_Face
114283,17,472,307,5.15,1,114283,29,Humano,Neutro,2483,Exposicao_Face
114299,17,438,318,5.12,1,114299,29,Humano,Neutro,2499,Exposicao_Face
114316,17,464,332,5.15,1,114316,29,Humano,Neutro,2516,Exposicao_Face
114333,17,464,337,5.09,1,114333,29,Humano,Neutro,2533,Exposicao_Face
114349,17,449,330,5.1,1,114349,29,Humano,Neutro,2549,Exposicao_Face
114366,17,463,341,5.13,1,114366,29,Humano,Neutro,2566,Exposicao_Face
114383,17,450,337,5.13,1,114383,29,Humano,Neutro,2583,Exposicao_Face
114399,17,452,327,5.13,1,114399,29,Humano,Neutro,2599,Exposicao_Face
114416,17,452,333,5.13,1,114416,29,Humano,Neutro,2616,Exposicao_Face
114433,17,445,326,5.13,1,114433,29,Humano,Neutro,2633,Exposicao_Face
114449,17,445,326,5.13,1,114449,29,Humano,Neutro,2649,Exposicao_Face
114466,17,446,322,5.18,1,114466,29,Humano,Neutro,2666,Exposicao_Face
114482,17,440,335,5.15,1,114482,29,Humano,Neutro,2682,Exposicao_Face
114499,17,449,343,5.18,1,114499,29,Humano,Neutro,2699,Exposicao_Face
114516,17,450,342,5.18,1,114516,29,Humano,Neutro,2716,Exposicao_Face
114532,17,451,341,5.2,1,114532,29,Humano,Neutro,2732,Exposicao_Face
114549,17,439,342,5.2,1,114549,29,Humano,Neutro,2749,Exposicao_Face
114566,17,446,330,5.2,1,114566,29,Humano,Neutro,2766,Exposicao_Face
114582,17,433,322,5.17,1,114582,29,Humano,Neutro,2782,Exposicao_Face
114599,17,447,308,5.17,1,114599,29,Humano,Neutro,2799,Exposicao_Face
114615,17,444,356,5.17,1,114615,29,Humano,Neutro,2815,Exposicao_Face
114632,17,432,530,5.13,3,114632,29,Humano,Neutro,2832,Exposicao_Face
114765,133,435,483,-1.0,3,114765,29,Humano,Neutro,2965,Exposicao_Face
114782,17,495,1065,0.0,0,114782,29,Humano,Neutro,2982,Exposicao_Face
114798,17,429,882,6.4,0,114798,29,Humano,Neutro,2998,Exposicao_Face
114815,17,449,677,5.98,3,114815,29,Humano,Neutro,3015,Exposicao_Face
114832,17,450,420,5.17,3,114832,29,Humano,Neutro,3032,Exposicao_Face
114848,17,465,366,5.2,2,114848,29,Humano,Neutro,3048,Exposicao_Face
114865,17,470,352,5.1,1,114865,29,Humano,Neutro,3065,Exposicao_Face
114882,17,469,290,5.1,1,114882,29,Humano,Neutro,3082,Exposicao_Face
114898,17,483,237,5.12,1,114898,29,Humano,Neutro,3098,Exposicao_Face
114915,17,479,294,5.1,1,114915,29,Humano,Neutro,3115,Exposicao_Face
114932,17,454,363,5.13,0,114932,29,Humano,Neutro,3132,Exposicao_Face
114948,17,475,384,5.13,2,114948,29,Humano,Neutro,3148,Exposicao_Face
114965,17,472,381,5.13,2,114965,29,Humano,Neutro,3165,Exposicao_Face
114981,17,577,328,5.13,1,114981,29,Humano,Neutro,3181,Exposicao_Face
114998,17,608,328,5.1,1,114998,29,Humano,Neutro,3198,Exposicao_Face
115015,17,606,343,5.17,1,115015,29,Humano,Neutro,3215,Exposicao_Face
115031,17,607,309,5.1,1,115031,29,Humano,Neutro,3231,Exposicao_Face
115048,17,608,320,5.05,1,115048,29,Humano,Neutro,3248,Exposicao_Face
115065,17,611,315,5.05,1,115065,29,Humano,Neutro,3265,Exposicao_Face
115081,17,613,311,5.07,1,115081,29,Humano,Neutro,3281,Exposicao_Face
115098,17,613,336,5.07,1,115098,29,Humano,Neutro,3298,Exposicao_Face
115115,17,615,315,5.07,1,115115,29,Humano,Neutro,3315,Exposicao_Face
115131,17,612,313,5.12,1,115131,29,Humano,Neutro,3331,Exposicao_Face
115148,17,618,348,5.1,1,115148,29,Humano,Neutro,3348,Exposicao_Face
115164,17,614,338,5.12,1,115164,29,Humano,Neutro,3364,Exposicao_Face
115181,17,621,333,5.02,1,115181,29,Humano,Neutro,3381,Exposicao_Face
115198,17,612,352,5.1,1,115198,29,Humano,Neutro,3398,Exposicao_Face
115214,17,609,338,5.01,1,115214,29,Humano,Neutro,3414,Exposicao_Face
115231,17,615,337,5.02,1,115231,29,Humano,Neutro,3431,Exposicao_Face
115248,17,617,333,4.99,1,115248,29,Humano,Neutro,3448,Exposicao_Face
115264,17,622,328,5.01,1,115264,29,Humano,Neutro,3464,Exposicao_Face
115281,17,614,329,4.96,1,115281,29,Humano,Neutro,3481,Exposicao_Face
115298,17,613,332,4.94,1,115298,29,Humano,Neutro,3498,Exposicao_Face
115314,17,614,326,4.89,1,115314,29,Humano,Neutro,3514,Exposicao_Face
115331,17,613,352,4.92,1,115331,29,Humano,Neutro,3531,Exposicao_Face
115347,17,594,482,4.91,3,115347,29,Humano,Neutro,3547,Exposicao_Face
115614,266,496,873,7.03,0,115614,29,Humano,Neutro,3814,Exposicao_Face
115630,17,512,351,-1.0,1,115630,29,Humano,Neutro,3830,Exposicao_Face
115647,17,517,529,7.14,3,115647,29,Humano,Neutro,3847,Exposicao_Face
115663,17,521,300,4.83,1,115663,29,Humano,Neutro,3863,Exposicao_Face
115680,17,523,286,4.92,1,115680,29,Humano,Neutro,3880,Exposicao_Face
115697,17,524,238,4.86,1,115697,29,Humano,Neutro,3897,Exposicao_Face
115713,17,539,230,4.88,1,115713,29,Humano,Neutro,3913,Exposicao_Face
115730,17,534,268,4.88,1,115730,29,Humano,Neutro,3930,Exposicao_Face
115747,17,529,364,4.91,2,115747,29,Humano,Neutro,3947,Exposicao_Face
115763,17,509,371,4.88,2,115763,29,Humano,Neutro,3963,Exposicao_Face
115780,17,508,366,4.88,2,115780,29,Humano,Neutro,3980,Exposicao_Face
115797,17,509,362,4.94,1,115797,29,Humano,Neutro,3997,Exposicao_Face
115813,17,533,352,4.92,1,115813,30,Humano,Raiva,13,Janela_Baseline
115830,17,508,356,4.89,1,115830,30,Humano,Raiva,30,Janela_Baseline
115846,17,534,361,4.91,1,115846,30,Humano,Raiva,46,Janela_Baseline
115863,17,530,366,4.97,2,115863,30,Humano,Raiva,63,Janela_Baseline
115880,17,511,350,4.97,1,115880,30,Humano,Raiva,80,Janela_Baseline
115896,17,526,346,4.96,1,115896,30,Humano,Raiva,96,Janela_Baseline
115913,17,533,341,4.91,1,115913,30,Humano,Raiva,113,Janela_Baseline
115930,17,536,357,4.91,1,115930,30,Humano,Raiva,130,Janela_Baseline
115946,17,525,370,4.97,2,115946,30,Humano,Raiva,146,Janela_Baseline
115963,17,536,356,4.89,1,115963,30,Humano,Raiva,163,Janela_Baseline
115980,17,526,368,4.96,2,115980,30,Humano,Raiva,180,Janela_Baseline
115996,17,530,362,4.88,1,115996,30,Humano,Raiva,196,Janela_Baseline
116013,17,534,368,4.88,2,116013,30,Humano,Raiva,213,Janela_Baseline
116046,33,520,355,4.88,1,116046,30,Humano,Raiva,246,Janela_Baseline
116063,17,524,345,4.8,1,116063,30,Humano,Raiva,263,Janela_Baseline
116079,17,536,330,4.76,1,116079,30,Humano,Raiva,279,Janela_Baseline
116096,17,516,362,4.78,1,116096,30,Humano,Raiva,296,Janela_Baseline
116113,17,516,360,4.8,1,116113,30,Humano,Raiva,313,Janela_Baseline
116129,17,519,354,4.75,1,116129,30,Humano,Raiva,329,Janela_Baseline
116146,17,522,386,4.8,2,116146,30,Humano,Raiva,346,Janela_Baseline
116163,17,522,365,4.78,2,116163,30,Humano,Raiva,363,Janela_Baseline
116179,17,526,351,4.75,1,116179,30,Humano,Raiva,379,Janela_Baseline
116196,17,534,341,4.72,1,116196,30,Humano,Raiva,396,Janela_Baseline
116212,17,537,354,4.72,1,116212,30,Humano,Raiva,412,Janela_Baseline
116229,17,531,365,4.7,2,116229,30,Humano,Raiva,429,Janela_Baseline
116246,17,536,362,4.73,1,116246,30,Humano,Raiva,446,Janela_Baseline
116262,17,529,366,4.73,2,116262,30,Humano,Raiva,462,Janela_Baseline
116279,17,535,365,4.75,2,116279,30,Humano,Raiva,479,Janela_Baseline
116296,17,527,346,4.68,1,116296,30,Humano,Raiva,496,Janela_Baseline
116312,17,532,368,4.7,2,116312,30,Humano,Raiva,512,Janela_Baseline
116329,17,515,362,4.75,1,116329,30,Humano,Raiva,529,Janela_Baseline
116346,17,479,287,4.73,1,116346,30,Humano,Raiva,546,Janela_Baseline
116362,17,473,307,4.72,1,116362,30,Humano,Raiva,562,Janela_Baseline
116379,17,462,303,4.7,1,116379,30,Humano,Raiva,579,Janela_Baseline
116395,17,473,303,4.73,1,116395,30,Humano,Raiva,595,Janela_Baseline
116412,17,468,306,4.73,1,116412,30,Humano,Raiva,612,Janela_Baseline
116429,17,467,293,4.68,1,116429,30,Humano,Raiva,629,Janela_Baseline
116445,17,466,304,4.7,1,116445,30,Humano,Raiva,645,Janela_Baseline
116462,17,468,307,4.7,1,116462,30,Humano,Raiva,662,Janela_Baseline
116479,17,472,295,4.67,1,116479,30,Humano,Raiva,679,Janela_Baseline
116495,17,469,287,4.62,1,116495,30,Humano,Raiva,695,Janela_Baseline
116512,17,477,305,4.67,1,116512,30,Humano,Raiva,712,Janela_Baseline
116529,17,474,302,4.67,1,116529,30,Humano,Raiva,729,Janela_Baseline
116545,17,473,299,4.68,1,116545,30,Humano,Raiva,745,Janela_Baseline
116562,17,469,299,4.7,1,116562,30,Humano,Raiva,762,Janela_Baseline
116578,17,469,294,4.67,1,116578,30,Humano,Raiva,778,Janela_Baseline
116595,17,467,296,4.7,1,116595,30,Humano,Raiva,795,Janela_Baseline
116612,17,468,308,4.75,1,116612,30,Humano,Raiva,812,Janela_Baseline
116628,17,478,291,4.73,1,116628,30,Humano,Raiva,828,Janela_Baseline
116645,17,479,305,4.8,1,116645,30,Humano,Raiva,845,Janela_Baseline
116662,17,467,317,4.8,1,116662,30,Humano,Raiva,862,Janela_Baseline
116678,17,449,308,4.83,1,116678,30,Humano,Raiva,878,Janela_Baseline
116695,17,478,309,4.86,1,116695,30,Humano,Raiva,895,Janela_Baseline
116712,17,448,321,4.8,1,116712,30,Humano,Raiva,912,Janela_Baseline
116728,17,464,302,4.78,1,116728,30,Humano,Raiva,928,Janela_Baseline
116745,17,478,301,4.78,1,116745,30,Humano,Raiva,945,Janela_Baseline
116761,17,467,292,4.8,1,116761,30,Humano,Raiva,961,Janela_Baseline
116778,17,472,304,4.83,1,116778,30,Humano,Raiva,978,Janela_Baseline
116795,17,465,293,4.81,1,116795,30,Humano,Raiva,995,Janela_Baseline
116811,17,470,329,4.84,1,116811,30,Humano,Raiva,1011,Janela_Baseline
116828,17,465,327,4.86,1,116828,30,Humano,Raiva,1028,Janela_Baseline
116845,17,462,322,4.86,1,116845,30,Humano,Raiva,1045,Janela_Baseline
116861,17,451,320,4.88,1,116861,30,Humano,Raiva,1061,Janela_Baseline
116878,17,472,314,4.88,1,116878,30,Humano,Raiva,1078,Janela_Baseline
116894,17,542,297,4.96,1,116894,30,Humano,Raiva,1094,Janela_Baseline
116911,17,570,322,4.94,1,116911,30,Humano,Raiva,1111,Janela_Baseline
116928,17,593,298,4.89,1,116928,30,Humano,Raiva,1128,Janela_Baseline
116944,17,591,277,4.91,1,116944,30,Humano,Raiva,1144,Janela_Baseline
116961,17,588,301,4.96,1,116961,30,Humano,Raiva,1161,Janela_Baseline
116978,17,586,305,4.96,1,116978,30,Humano,Raiva,1178,Janela_Baseline
116994,17,593,284,4.94,1,116994,30,Humano,Raiva,1194,Janela_Baseline
117011,17,593,297,4.97,1,117011,30,Humano,Raiva,1211,Janela_Baseline
117028,17,589,310,5.01,1,117028,30,Humano,Raiva,1228,Janela_Baseline
117044,17,582,312,4.97,1,117044,30,Humano,Raiva,1244,Janela_Baseline
117061,17,589,302,5.01,1,117061,30,Humano,Raiva,1261,Janela_Baseline
117077,17,587,302,4.94,1,117077,30,Humano,Raiva,1277,Janela_Baseline
117094,17,581,308,4.91,1,117094,30,Humano,Raiva,1294,Janela_Baseline
117111,17,581,315,4.99,1,117111,30,Humano,Raiva,1311,Exposicao_Face
117127,17,589,305,4.99,1,117127,30,Humano,Raiva,1327,Exposicao_Face
117144,17,582,318,4.99,1,117144,30,Humano,Raiva,1344,Exposicao_Face
117161,17,586,316,5.01,1,117161,30,Humano,Raiva,1361,Exposicao_Face
117177,17,583,328,5.02,1,117177,30,Humano,Raiva,1377,Exposicao_Face
117194,17,582,310,5.02,1,117194,30,Humano,Raiva,1394,Exposicao_Face
117211,17,581,313,5.01,1,117211,30,Humano,Raiva,1411,Exposicao_Face
117227,17,585,316,5.02,1,117227,30,Humano,Raiva,1427,Exposicao_Face
117244,17,582,319,5.02,1,117244,30,Humano,Raiva,1444,Exposicao_Face
117260,17,597,321,5.09,1,117260,30,Humano,Raiva,1460,Exposicao_Face
117277,17,584,328,5.12,1,117277,30,Humano,Raiva,1477,Exposicao_Face
117294,17,581,317,5.12,1,117294,30,Humano,Raiva,1494,Exposicao_Face
117310,17,584,279,5.01,1,117310,30,Humano,Raiva,1510,Exposicao_Face
117327,17,587,287,5.01,1,117327,30,Humano,Raiva,1527,Exposicao_Face
117344,17,588,354,5.05,1,117344,30,Humano,Raiva,1544,Exposicao_Face
117543,200,479,560,-1.0,3,117543,30,Humano,Raiva,1743,Exposicao_Face
117577,33,499,440,-1.0,3,117577,30,Humano,Raiva,1777,Exposicao_Face
117593,17,477,684,7.17,3,117593,30,Humano,Raiva,1793,Exposicao_Face
117610,17,496,427,5.07,3,117610,30,Humano,Raiva,1810,Exposicao_Face
117626,17,502,399,5.12,2,117626,30,Humano,Raiva,1826,Exposicao_Face
117643,17,504,354,5.13,1,117643,30,Humano,Raiva,1843,Exposicao_Face
117660,17,492,318,5.13,1,117660,30,Humano,Raiva,1860,Exposicao_Face
117676,17,514,320,5.1,1,117676,30,Humano,Raiva,1876,Exposicao_Face
117693,17,505,393,5.1,2,117693,30,Humano,Raiva,1893,Exposicao_Face
117710,17,504,419,5.17,3,117710,30,Humano,Raiva,1910,Exposicao_Face
117726,17,505,412,5.13,2,117726,30,Humano,Raiva,1926,Exposicao_Face
117743,17,507,434,5.12,3,117743,30,Humano,Raiva,1943,Exposicao_Face
117760,17,504,447,5.18,3,117760,30,Humano,Raiva,1960,Exposicao_Face
117776,17,506,434,5.13,3,117776,30,Humano,Raiva,1976,Exposicao_Face
117793,17,507,429,5.15,3,117793,30,Humano,Raiva,1993,Exposicao_Face
117809,17,503,430,5.13,3,117809,30,Humano,Raiva,2009,Exposicao_Face
117826,17,503,426,5.13,3,117826,30,Humano,Raiva,2026,Exposicao_Face
117843,17,506,416,5.1,3,117843,30,Humano,Raiva,2043,Exposicao_Face
117859,17,509,404,5.04,2,117859,30,Humano,Raiva,2059,Exposicao_Face
117876,17,510,416,5.07,3,117876,30,Humano,Raiva,2076,Exposicao_Face
117893,17,505,420,5.12,3,117893,30,Humano,Raiva,2093,Exposicao_Face
117909,17,508,408,5.04,2,117909,30,Humano,Raiva,2109,Exposicao_Face
117926,17,513,401,5.04,2,117926,30,Humano,Raiva,2126,Exposicao_Face
117942,17,508,425,5.07,3,117942,30,Humano,Raiva,2142,Exposicao_Face
117959,17,531,419,5.02,3,117959,30,Humano,Raiva,2159,Exposicao_Face
117976,17,520,431,5.04,3,117976,30,Humano,Raiva,2176,Exposicao_Face
117992,17,514,429,5.09,3,117992,30,Humano,Raiva,2192,Exposicao_Face
118009,17,517,430,5.02,3,118009,30,Humano,Raiva,2209,Exposicao_Face
118026,17,500,416,4.99,3,118026,30,Humano,Raiva,2226,Exposicao_Face
118042,17,497,426,5.01,3,118042,30,Humano,Raiva,2242,Exposicao_Face
118059,17,500,422,4.94,3,118059,30,Humano,Raiva,2259,Exposicao_Face
118076,17,514,434,4.91,3,118076,30,Humano,Raiva,2276,Exposicao_Face
118092,17,486,332,4.96,1,118092,30,Humano,Raiva,2292,Exposicao_Face
118109,17,458,323,4.91,1,118109,30,Humano,Raiva,2309,Exposicao_Face
118125,17,479,303,4.88,1,118125,30,Humano,Raiva,2325,Exposicao_Face
118159,33,471,306,4.89,1,118159,30,Humano,Raiva,2359,Exposicao_Face
118175,17,470,312,4.94,1,118175,30,Humano,Raiva,2375,Exposicao_Face
118192,17,464,314,4.94,1,118192,30,Humano,Raiva,2392,Exposicao_Face
118209,17,469,328,4.96,1,118209,30,Humano,Raiva,2409,Exposicao_Face
118225,17,468,315,4.89,1,118225,30,Humano,Raiva,2425,Exposicao_Face
118242,17,458,312,4.89,1,118242,30,Humano,Raiva,2442,Exposicao_Face
118259,17,467,320,4.88,1,118259,30,Humano,Raiva,2459,Exposicao_Face
118275,17,439,333,4.91,1,118275,30,Humano,Raiva,2475,Exposicao_Face
118292,17,473,298,4.89,1,118292,30,Humano,Raiva,2492,Exposicao_Face
118308,17,471,309,4.84,1,118308,30,Humano,Raiva,2508,Exposicao_Face
118325,17,460,292,4.88,1,118325,30,Humano,Raiva,2525,Exposicao_Face
118342,17,474,315,4.91,1,118342,30,Humano,Raiva,2542,Exposicao_Face
118358,17,463,309,4.86,1,118358,30,Humano,Raiva,2558,Exposicao_Face
118375,17,446,325,4.88,1,118375,30,Humano,Raiva,2575,Exposicao_Face
118392,17,463,318,4.88,1,118392,30,Humano,Raiva,2592,Exposicao_Face
118408,17,476,321,4.88,1,118408,30,Humano,Raiva,2608,Exposicao_Face
118425,17,446,309,4.83,1,118425,30,Humano,Raiva,2625,Exposicao_Face
118442,17,464,322,4.88,1,118442,30,Humano,Raiva,2642,Exposicao_Face
118458,17,471,313,4.86,1,118458,30,Humano,Raiva,2658,Exposicao_Face
118475,17,437,311,4.86,1,118475,30,Humano,Raiva,2675,Exposicao_Face
118491,17,468,300,4.88,1,118491,30,Humano,Raiva,2691,Exposicao_Face
118508,17,472,314,4.91,1,118508,30,Humano,Raiva,2708,Exposicao_Face
118525,17,473,297,4.84,1,118525,30,Humano,Raiva,2725,Exposicao_Face
118541,17,475,332,4.92,1,118541,30,Humano,Raiva,2741,Exposicao_Face
118558,17,470,314,4.89,1,118558,30,Humano,Raiva,2758,Exposicao_Face
118575,17,466,311,4.89,1,118575,30,Humano,Raiva,2775,Exposicao_Face
118591,17,467,314,4.92,1,118591,30,Humano,Raiva,2791,Exposicao_Face
118608,17,459,313,4.88,1,118608,30,Humano,Raiva,2808,Exposicao_Face
118625,17,427,337,4.99,1,118625,30,Humano,Raiva,2825,Exposicao_Face
118641,17,430,295,4.91,1,118641,30,Humano,Raiva,2841,Exposicao_Face
118658,17,423,319,4.96,1,118658,30,Humano,Raiva,2858,Exposicao_Face
118674,17,429,300,4.94,1,118674,30,Humano,Raiva,2874,Exposicao_Face
118691,17,419,318,5.01,1,118691,30,Humano,Raiva,2891,Exposicao_Face
118708,17,392,302,4.99,1,118708,30,Humano,Raiva,2908,Exposicao_Face
118724,17,401,303,4.99,1,118724,30,Humano,Raiva,2924,Exposicao_Face
118741,17,420,293,5.04,1,118741,30,Humano,Raiva,2941,Exposicao_Face
118758,17,415,321,5.09,1,118758,30,Humano,Raiva,2958,Exposicao_Face
118774,17,423,318,5.07,1,118774,30,Humano,Raiva,2974,Exposicao_Face
118791,17,407,315,5.02,1,118791,30,Humano,Raiva,2991,Exposicao_Face
118808,17,430,298,5.02,1,118808,30,Humano,Raiva,3008,Exposicao_Face
118824,17,422,316,5.09,1,118824,30,Humano,Raiva,3024,Exposicao_Face
118841,17,425,299,5.05,1,118841,30,Humano,Raiva,3041,Exposicao_Face
118857,17,421,289,5.05,1,118857,30,Humano,Raiva,3057,Exposicao_Face
118874,17,421,333,5.1,1,118874,30,Humano,Raiva,3074,Exposicao_Face
118891,17,408,325,5.1,1,118891,30,Humano,Raiva,3091,Exposicao_Face
118907,17,419,311,5.12,1,118907,30,Humano,Raiva,3107,Exposicao_Face
118924,17,400,307,5.13,1,118924,30,Humano,Raiva,3124,Exposicao_Face
118941,17,424,309,5.13,1,118941,30,Humano,Raiva,3141,Exposicao_Face
118957,17,414,306,5.13,1,118957,30,Humano,Raiva,3157,Exposicao_Face
118974,17,420,306,5.15,1,118974,30,Humano,Raiva,3174,Exposicao_Face
118991,17,418,306,5.13,1,118991,30,Humano,Raiva,3191,Exposicao_Face
119007,17,417,303,5.13,1,119007,30,Humano,Raiva,3207,Exposicao_Face
119024,17,416,307,5.13,1,119024,30,Humano,Raiva,3224,Exposicao_Face
119040,17,418,284,5.13,1,119040,30,Humano,Raiva,3240,Exposicao_Face
119074,33,415,292,5.13,1,119074,30,Humano,Raiva,3274,Exposicao_Face
119074,0,415,292,5.13,1,119074,30,Humano,Raiva,3274,Exposicao_Face
119090,17,414,295,5.13,1,119090,30,Humano,Raiva,3290,Exposicao_Face
119107,17,419,333,5.26,1,119107,30,Humano,Raiva,3307,Exposicao_Face
119124,17,408,316,5.26,1,119124,30,Humano,Raiva,3324,Exposicao_Face
119140,17,413,311,5.26,1,119140,30,Humano,Raiva,3340,Exposicao_Face
119157,17,413,300,5.21,1,119157,30,Humano,Raiva,3357,Exposicao_Face
119173,17,417,316,5.28,1,119173,30,Humano,Raiva,3373,Exposicao_Face
119190,17,414,315,5.28,1,119190,30,Humano,Raiva,3390,Exposicao_Face
119207,17,392,328,5.25,1,119207,30,Humano,Raiva,3407,Exposicao_Face
119223,17,416,302,5.25,1,119223,30,Humano,Raiva,3423,Exposicao_Face
119240,17,402,280,5.33,1,119240,30,Humano,Raiva,3440,Exposicao_Face
119257,17,374,618,5.29,3,119257,30,Humano,Raiva,3457,Exposicao_Face
119440,183,472,978,7.15,0,119440,30,Humano,Raiva,3640,Exposicao_Face
119473,33,482,733,7.12,3,119473,30,Humano,Raiva,3673,Exposicao_Face
119490,17,144,724,7.17,3,119490,30,Humano,Raiva,3690,Exposicao_Face
119506,17,493,297,-1.0,1,119506,30,Humano,Raiva,3706,Exposicao_Face
119523,17,177,528,7.12,3,119523,30,Humano,Raiva,3723,Exposicao_Face
119539,17,491,444,5.2,3,119539,30,Humano,Raiva,3739,Exposicao_Face
119556,17,493,423,5.25,3,119556,30,Humano,Raiva,3756,Exposicao_Face
119606,50,485,582,5.13,3,119606,30,Humano,Raiva,3806,Exposicao_Face
119939,333,509,335,-1.0,1,119939,31,Desenho,Feliz,139,Janela_Baseline
119972,33,514,336,-1.0,1,119972,31,Desenho,Feliz,172,Janela_Baseline
119989,17,478,915,7.07,0,119989,31,Desenho,Feliz,189,Janela_Baseline
120005,17,515,768,6.14,3,120005,31,Desenho,Feliz,205,Janela_Baseline
120022,17,509,734,6.43,3,120022,31,Desenho,Feliz,222,Janela_Baseline
120039,17,522,388,5.1,2,120039,31,Desenho,Feliz,239,Janela_Baseline
120055,17,560,279,5.15,1,120055,31,Desenho,Feliz,255,Janela_Baseline
120072,17,537,341,5.13,1,120072,31,Desenho,Feliz,272,Janela_Baseline
120088,17,530,304,5.1,1,120088,31,Desenho,Feliz,288,Janela_Baseline
120105,17,553,289,5.13,1,120105,31,Desenho,Feliz,305,Janela_Baseline
120122,17,525,297,5.13,1,120122,31,Desenho,Feliz,322,Janela_Baseline
120138,17,536,258,5.13,1,120138,31,Desenho,Feliz,338,Janela_Baseline
120155,17,542,247,5.17,1,120155,31,Desenho,Feliz,355,Janela_Baseline
120172,17,540,297,5.18,1,120172,31,Desenho,Feliz,372,Janela_Baseline
120188,17,539,285,5.18,1,120188,31,Desenho,Feliz,388,Janela_Baseline
120205,17,537,352,5.2,1,120205,31,Desenho,Feliz,405,Janela_Baseline
120222,17,535,370,5.13,2,120222,31,Desenho,Feliz,422,Janela_Baseline
120238,17,533,374,5.17,2,120238,31,Desenho,Feliz,438,Janela_Baseline
120255,17,533,377,5.21,2,120255,31,Desenho,Feliz,455,Janela_Baseline
120271,17,535,390,5.17,2,120271,31,Desenho,Feliz,471,Janela_Baseline
120288,17,537,400,5.2,2,120288,31,Desenho,Feliz,488,Janela_Baseline
120305,17,545,384,5.17,2,120305,31,Desenho,Feliz,505,Janela_Baseline
120338,33,538,404,5.15,2,120338,31,Desenho,Feliz,538,Janela_Baseline
120338,0,538,404,5.15,2,120338,31,Desenho,Feliz,538,Janela_Baseline
120371,33,543,381,5.07,2,120371,31,Desenho,Feliz,571,Janela_Baseline
120388,17,540,391,5.12,2,120388,31,Desenho,Feliz,588,Janela_Baseline
120404,17,544,410,5.09,2,120404,31,Desenho,Feliz,604,Janela_Baseline
120421,17,535,368,5.01,2,120421,31,Desenho,Feliz,621,Janela_Baseline
120438,17,535,374,5.01,2,120438,31,Desenho,Feliz,638,Janela_Baseline
120454,17,471,308,4.99,1,120454,31,Desenho,Feliz,654,Janela_Baseline
120471,17,469,339,4.99,1,120471,31,Desenho,Feliz,671,Janela_Baseline
120488,17,473,328,4.96,1,120488,31,Desenho,Feliz,688,Janela_Baseline
120504,17,477,343,5.01,1,120504,31,Desenho,Feliz,704,Janela_Baseline
120521,17,490,334,4.99,1,120521,31,Desenho,Feliz,721,Janela_Baseline
120538,17,473,319,4.96,1,120538,31,Desenho,Feliz,738,Janela_Baseline
120554,17,473,330,4.92,1,120554,31,Desenho,Feliz,754,Janela_Baseline
120571,17,484,341,4.92,1,120571,31,Desenho,Feliz,771,Janela_Baseline
120587,17,473,345,5.01,1,120587,31,Desenho,Feliz,787,Janela_Baseline
120604,17,473,341,4.97,1,120604,31,Desenho,Feliz,804,Janela_Baseline
120621,17,473,339,5.01,1,120621,31,Desenho,Feliz,821,Janela_Baseline
120637,17,477,336,5.01,1,120637,31,Desenho,Feliz,837,Janela_Baseline
120654,17,468,338,5.02,1,120654,31,Desenho,Feliz,854,Janela_Baseline
120671,17,487,330,5.01,1,120671,31,Desenho,Feliz,871,Janela_Baseline
120687,17,469,345,5.04,1,120687,31,Desenho,Feliz,887,Janela_Baseline
120704,17,474,354,5.1,1,120704,31,Desenho,Feliz,904,Janela_Baseline
120721,17,450,311,5.07,1,120721,31,Desenho,Feliz,921,Janela_Baseline
120737,17,470,310,5.05,1,120737,31,Desenho,Feliz,937,Janela_Baseline
120754,17,457,336,5.12,1,120754,31,Desenho,Feliz,954,Janela_Baseline
120770,17,467,323,5.12,1,120770,31,Desenho,Feliz,970,Janela_Baseline
120787,17,460,325,5.07,1,120787,31,Desenho,Feliz,987,Janela_Baseline
120804,17,463,314,5.1,1,120804,31,Desenho,Feliz,1004,Janela_Baseline
120820,17,467,322,5.13,1,120820,31,Desenho,Feliz,1020,Janela_Baseline
120837,17,462,335,5.17,1,120837,31,Desenho,Feliz,1037,Janela_Baseline
120854,17,480,329,5.13,1,120854,31,Desenho,Feliz,1054,Janela_Baseline
120870,17,462,322,5.13,1,120870,31,Desenho,Feliz,1070,Janela_Baseline
120887,17,465,311,5.13,1,120887,31,Desenho,Feliz,1087,Janela_Baseline
120904,17,521,335,5.17,1,120904,31,Desenho,Feliz,1104,Janela_Baseline
120920,17,552,335,5.2,1,120920,31,Desenho,Feliz,1120,Janela_Baseline
120937,17,547,331,5.2,1,120937,31,Desenho,Feliz,1137,Janela_Baseline
120953,17,551,313,5.2,1,120953,31,Desenho,Feliz,1153,Janela_Baseline
120970,17,557,319,5.25,1,120970,31,Desenho,Feliz,1170,Janela_Baseline
120987,17,552,313,5.21,1,120987,31,Desenho,Feliz,1187,Janela_Baseline
121003,17,556,325,5.23,1,121003,31,Desenho,Feliz,1203,Janela_Baseline
121020,17,547,337,5.26,1,121020,31,Desenho,Feliz,1220,Janela_Baseline
121037,17,555,315,5.26,1,121037,31,Desenho,Feliz,1237,Janela_Baseline
121053,17,550,327,5.29,1,121053,31,Desenho,Feliz,1253,Janela_Baseline
121070,17,556,334,5.33,1,121070,31,Desenho,Feliz,1270,Janela_Baseline
121087,17,555,328,5.29,1,121087,31,Desenho,Feliz,1287,Janela_Baseline
121103,17,549,332,5.29,1,121103,31,Desenho,Feliz,1303,Exposicao_Face
121120,17,551,350,5.36,1,121120,31,Desenho,Feliz,1320,Exposicao_Face
121136,17,544,340,5.37,1,121136,31,Desenho,Feliz,1336,Exposicao_Face
121153,17,555,330,5.34,1,121153,31,Desenho,Feliz,1353,Exposicao_Face
121170,17,544,325,5.34,1,121170,31,Desenho,Feliz,1370,Exposicao_Face
121186,17,543,329,5.37,1,121186,31,Desenho,Feliz,1386,Exposicao_Face
121203,17,566,339,5.39,1,121203,31,Desenho,Feliz,1403,Exposicao_Face
121220,17,548,343,5.41,1,121220,31,Desenho,Feliz,1420,Exposicao_Face
121236,17,543,341,5.37,1,121236,31,Desenho,Feliz,1436,Exposicao_Face
121253,17,546,331,5.41,1,121253,31,Desenho,Feliz,1453,Exposicao_Face
121270,17,548,327,5.42,1,121270,31,Desenho,Feliz,1470,Exposicao_Face
121286,17,535,341,5.47,1,121286,31,Desenho,Feliz,1486,Exposicao_Face
121319,33,564,319,5.44,1,121319,31,Desenho,Feliz,1519,Exposicao_Face
121336,17,545,321,5.41,1,121336,31,Desenho,Feliz,1536,Exposicao_Face
121353,17,552,321,5.39,1,121353,31,Desenho,Feliz,1553,Exposicao_Face
121369,17,565,338,5.42,1,121369,31,Desenho,Feliz,1569,Exposicao_Face
121386,17,528,374,5.5,2,121386,31,Desenho,Feliz,1586,Exposicao_Face
121403,17,469,342,5.5,1,121403,31,Desenho,Feliz,1603,Exposicao_Face
121419,17,460,365,5.53,2,121419,31,Desenho,Feliz,1619,Exposicao_Face
121436,17,451,351,5.52,1,121436,31,Desenho,Feliz,1636,Exposicao_Face
121452,17,491,363,5.49,0,121452,31,Desenho,Feliz,1652,Exposicao_Face
121469,17,489,338,5.5,1,121469,31,Desenho,Feliz,1669,Exposicao_Face
121486,17,486,346,5.47,1,121486,31,Desenho,Feliz,1686,Exposicao_Face
121502,17,445,377,5.5,2,121502,31,Desenho,Feliz,1702,Exposicao_Face
121519,17,446,382,5.5,2,121519,31,Desenho,Feliz,1719,Exposicao_Face
121536,17,455,363,5.47,0,121536,31,Desenho,Feliz,1736,Exposicao_Face
121552,17,482,363,5.5,0,121552,31,Desenho,Feliz,1752,Exposicao_Face
121569,17,460,360,5.52,1,121569,31,Desenho,Feliz,1769,Exposicao_Face
121586,17,487,361,5.52,1,121586,31,Desenho,Feliz,1786,Exposicao_Face
121602,17,486,351,5.5,1,121602,31,Desenho,Feliz,1802,Exposicao_Face
121619,17,443,356,5.5,1,121619,31,Desenho,Feliz,1819,Exposicao_Face
121635,17,447,373,5.49,2,121635,31,Desenho,Feliz,1835,Exposicao_Face
121652,17,453,329,5.42,1,121652,31,Desenho,Feliz,1852,Exposicao_Face
121669,17,484,339,5.5,1,121669,31,Desenho,Feliz,1869,Exposicao_Face
121685,17,477,351,5.52,1,121685,31,Desenho,Feliz,1885,Exposicao_Face
121702,17,480,324,5.44,1,121702,31,Desenho,Feliz,1902,Exposicao_Face
121719,17,450,337,5.53,1,121719,31,Desenho,Feliz,1919,Exposicao_Face
121735,17,444,343,5.5,1,121735,31,Desenho,Feliz,1935,Exposicao_Face
121752,17,468,356,5.49,1,121752,31,Desenho,Feliz,1952,Exposicao_Face
121769,17,539,377,5.53,2,121769,31,Desenho,Feliz,1969,Exposicao_Face
121785,17,534,375,5.57,2,121785,31,Desenho,Feliz,1985,Exposicao_Face
121802,17,566,371,5.6,2,121802,31,Desenho,Feliz,2002,Exposicao_Face
121818,17,571,347,5.52,1,121818,31,Desenho,Feliz,2018,Exposicao_Face
121835,17,548,355,5.53,1,121835,31,Desenho,Feliz,2035,Exposicao_Face
121852,17,562,356,5.52,1,121852,31,Desenho,Feliz,2052,Exposicao_Face
121868,17,542,367,5.52,2,121868,31,Desenho,Feliz,2068,Exposicao_Face
121885,17,567,374,5.55,2,121885,31,Desenho,Feliz,2085,Exposicao_Face
121902,17,563,360,5.52,1,121902,31,Desenho,Feliz,2102,Exposicao_Face
121918,17,567,349,5.5,1,121918,31,Desenho,Feliz,2118,Exposicao_Face
121935,17,552,356,5.52,1,121935,31,Desenho,Feliz,2135,Exposicao_Face
121952,17,538,385,5.6,2,121952,31,Desenho,Feliz,2152,Exposicao_Face
121968,17,560,345,5.52,1,121968,31,Desenho,Feliz,2168,Exposicao_Face
121985,17,558,356,5.57,1,121985,31,Desenho,Feliz,2185,Exposicao_Face
122001,17,555,354,5.52,1,122001,31,Desenho,Feliz,2201,Exposicao_Face
122018,17,555,386,5.63,2,122018,31,Desenho,Feliz,2218,Exposicao_Face
122035,17,567,361,5.53,1,122035,31,Desenho,Feliz,2235,Exposicao_Face
122051,17,578,339,5.63,1,122051,31,Desenho,Feliz,2251,Exposicao_Face
122068,17,582,346,5.57,1,122068,31,Desenho,Feliz,2268,Exposicao_Face
122085,17,562,361,5.57,1,122085,31,Desenho,Feliz,2285,Exposicao_Face
122101,17,562,326,5.55,1,122101,31,Desenho,Feliz,2301,Exposicao_Face
122118,17,576,331,5.63,1,122118,31,Desenho,Feliz,2318,Exposicao_Face
122135,17,574,328,5.55,1,122135,31,Desenho,Feliz,2335,Exposicao_Face
122151,17,572,361,5.58,1,122151,31,Desenho,Feliz,2351,Exposicao_Face
122168,17,578,371,5.63,2,122168,31,Desenho,Feliz,2368,Exposicao_Face
122184,17,578,323,5.57,1,122184,31,Desenho,Feliz,2384,Exposicao_Face
122201,17,566,356,5.61,1,122201,31,Desenho,Feliz,2401,Exposicao_Face
122218,17,578,351,5.6,1,122218,31,Desenho,Feliz,2418,Exposicao_Face
122234,17,574,350,5.52,1,122234,31,Desenho,Feliz,2434,Exposicao_Face
122251,17,583,348,5.57,1,122251,31,Desenho,Feliz,2451,Exposicao_Face
122268,17,579,343,5.57,1,122268,31,Desenho,Feliz,2468,Exposicao_Face
122284,17,577,327,5.53,1,122284,31,Desenho,Feliz,2484,Exposicao_Face
122301,17,583,353,5.52,1,122301,31,Desenho,Feliz,2501,Exposicao_Face
122318,17,575,334,5.52,1,122318,31,Desenho,Feliz,2518,Exposicao_Face
122334,17,568,349,5.61,1,122334,31,Desenho,Feliz,2534,Exposicao_Face
122351,17,576,342,5.6,1,122351,31,Desenho,Feliz,2551,Exposicao_Face
122367,17,581,362,5.57,1,122367,31,Desenho,Feliz,2567,Exposicao_Face
122384,17,575,347,5.57,1,122384,31,Desenho,Feliz,2584,Exposicao_Face
122401,17,582,337,5.55,1,122401,31,Desenho,Feliz,2601,Exposicao_Face
122417,17,513,373,5.58,2,122417,31,Desenho,Feliz,2617,Exposicao_Face
122434,17,474,332,5.57,1,122434,31,Desenho,Feliz,2634,Exposicao_Face
122451,17,445,332,5.5,1,122451,31,Desenho,Feliz,2651,Exposicao_Face
122467,17,439,348,5.53,1,122467,31,Desenho,Feliz,2667,Exposicao_Face
122484,17,468,348,5.57,1,122484,31,Desenho,Feliz,2684,Exposicao_Face
122501,17,484,351,5.53,1,122501,31,Desenho,Feliz,2701,Exposicao_Face
122517,17,441,364,5.52,2,122517,31,Desenho,Feliz,2717,Exposicao_Face
122534,17,458,375,5.57,2,122534,31,Desenho,Feliz,2734,Exposicao_Face
122550,17,445,365,5.53,2,122550,31,Desenho,Feliz,2750,Exposicao_Face
122567,17,460,379,5.65,2,122567,31,Desenho,Feliz,2767,Exposicao_Face
122584,17,468,351,5.52,1,122584,31,Desenho,Feliz,2784,Exposicao_Face
122600,17,462,358,5.61,1,122600,31,Desenho,Feliz,2800,Exposicao_Face
122617,17,471,360,5.57,1,122617,31,Desenho,Feliz,2817,Exposicao_Face
122634,17,448,373,5.61,2,122634,31,Desenho,Feliz,2834,Exposicao_Face
122650,17,447,350,5.57,1,122650,31,Desenho,Feliz,2850,Exposicao_Face
122667,17,447,323,5.53,1,122667,31,Desenho,Feliz,2867,Exposicao_Face
122683,17,447,343,5.63,1,122683,31,Desenho,Feliz,2883,Exposicao_Face
122700,17,470,340,5.58,1,122700,31,Desenho,Feliz,2900,Exposicao_Face
122717,17,469,363,5.65,0,122717,31,Desenho,Feliz,2917,Exposicao_Face
122733,17,471,367,5.63,2,122733,31,Desenho,Feliz,2933,Exposicao_Face
122750,17,463,370,5.66,2,122750,31,Desenho,Feliz,2950,Exposicao_Face
122767,17,575,323,5.61,1,122767,31,Desenho,Feliz,2967,Exposicao_Face
122783,17,586,353,5.71,1,122783,31,Desenho,Feliz,2983,Exposicao_Face
122800,17,601,333,5.65,1,122800,31,Desenho,Feliz,3000,Exposicao_Face
122817,17,597,353,5.71,1,122817,31,Desenho,Feliz,3017,Exposicao_Face
122833,17,587,333,5.66,1,122833,31,Desenho,Feliz,3033,Exposicao_Face
122850,17,594,340,5.71,1,122850,31,Desenho,Feliz,3050,Exposicao_Face
122866,17,590,332,5.68,1,122866,31,Desenho,Feliz,3066,Exposicao_Face
122883,17,591,330,5.66,1,122883,31,Desenho,Feliz,3083,Exposicao_Face
122900,17,590,311,5.65,1,122900,31,Desenho,Feliz,3100,Exposicao_Face
122916,17,590,328,5.69,1,122916,31,Desenho,Feliz,3116,Exposicao_Face
122933,17,594,346,5.69,1,122933,31,Desenho,Feliz,3133,Exposicao_Face
122950,17,592,345,5.74,1,122950,31,Desenho,Feliz,3150,Exposicao_Face
122966,17,596,344,5.74,1,122966,31,Desenho,Feliz,3166,Exposicao_Face
122983,17,591,337,5.76,1,122983,31,Desenho,Feliz,3183,Exposicao_Face
123000,17,593,356,5.78,1,123000,31,Desenho,Feliz,3200,Exposicao_Face
123016,17,592,369,5.78,2,123016,31,Desenho,Feliz,3216,Exposicao_Face
123033,17,591,344,5.79,1,123033,31,Desenho,Feliz,3233,Exposicao_Face
123049,17,592,328,5.78,1,123049,31,Desenho,Feliz,3249,Exposicao_Face
123066,17,588,325,5.79,1,123066,31,Desenho,Feliz,3266,Exposicao_Face
123083,17,588,345,5.82,1,123083,31,Desenho,Feliz,3283,Exposicao_Face
123099,17,588,366,5.84,2,123099,31,Desenho,Feliz,3299,Exposicao_Face
123116,17,593,362,5.79,1,123116,31,Desenho,Feliz,3316,Exposicao_Face
123133,17,586,365,5.84,2,123133,31,Desenho,Feliz,3333,Exposicao_Face
123149,17,589,360,5.81,1,123149,31,Desenho,Feliz,3349,Exposicao_Face
123166,17,586,368,5.81,2,123166,31,Desenho,Feliz,3366,Exposicao_Face
123183,17,593,359,5.78,1,123183,31,Desenho,Feliz,3383,Exposicao_Face
123199,17,598,340,5.81,1,123199,31,Desenho,Feliz,3399,Exposicao_Face
123216,17,591,345,5.78,1,123216,31,Desenho,Feliz,3416,Exposicao_Face
123232,17,589,342,5.81,1,123232,31,Desenho,Feliz,3432,Exposicao_Face
123249,17,595,336,5.81,1,123249,31,Desenho,Feliz,3449,Exposicao_Face
123266,17,582,364,5.79,2,123266,31,Desenho,Feliz,3466,Exposicao_Face
123282,17,592,366,5.79,2,123282,31,Desenho,Feliz,3482,Exposicao_Face
123299,17,582,337,5.79,1,123299,31,Desenho,Feliz,3499,Exposicao_Face
123316,17,579,360,5.81,1,123316,31,Desenho,Feliz,3516,Exposicao_Face
123332,17,580,378,5.82,2,123332,31,Desenho,Feliz,3532,Exposicao_Face
123349,17,578,348,5.78,1,123349,31,Desenho,Feliz,3549,Exposicao_Face
123366,17,579,368,5.86,2,123366,31,Desenho,Feliz,3566,Exposicao_Face
123382,17,588,374,5.86,2,123382,31,Desenho,Feliz,3582,Exposicao_Face
123399,17,583,356,5.79,1,123399,31,Desenho,Feliz,3599,Exposicao_Face
123415,17,579,365,5.82,2,123415,31,Desenho,Feliz,3615,Exposicao_Face
123432,17,524,369,5.79,2,123432,31,Desenho,Feliz,3632,Exposicao_Face
123449,17,494,370,5.79,2,123449,31,Desenho,Feliz,3649,Exposicao_Face
123465,17,501,367,5.78,2,123465,31,Desenho,Feliz,3665,Exposicao_Face
123482,17,497,407,5.84,2,123482,31,Desenho,Feliz,3682,Exposicao_Face
123499,17,492,377,5.76,2,123499,31,Desenho,Feliz,3699,Exposicao_Face
123515,17,489,380,5.76,2,123515,31,Desenho,Feliz,3715,Exposicao_Face
123532,17,498,362,5.68,1,123532,31,Desenho,Feliz,3732,Exposicao_Face
123549,17,496,379,5.65,2,123549,31,Desenho,Feliz,3749,Exposicao_Face
123565,17,478,364,5.69,2,123565,31,Desenho,Feliz,3765,Exposicao_Face
123582,17,480,371,5.66,2,123582,31,Desenho,Feliz,3782,Exposicao_Face
123598,17,474,394,5.71,2,123598,31,Desenho,Feliz,3798,Exposicao_Face
123615,17,495,377,5.61,2,123615,31,Desenho,Feliz,3815,Exposicao_Face
123632,17,492,391,5.69,2,123632,31,Desenho,Feliz,3832,Exposicao_Face
123648,17,474,379,5.55,2,123648,31,Desenho,Feliz,3848,Exposicao_Face
123665,17,472,384,5.61,2,123665,31,Desenho,Feliz,3865,Exposicao_Face
123682,17,496,374,5.6,2,123682,31,Desenho,Feliz,3882,Exposicao_Face
123698,17,470,376,5.58,2,123698,31,Desenho,Feliz,3898,Exposicao_Face
123715,17,480,366,5.55,2,123715,31,Desenho,Feliz,3915,Exposicao_Face
123731,17,505,355,5.57,1,123731,31,Desenho,Feliz,3931,Exposicao_Face
123748,17,451,697,5.61,3,123748,31,Desenho,Feliz,3948,Exposicao_Face
123964,216,493,745,5.69,3,123964,32,Desenho,Neutro,164,Janela_Baseline
124014,50,514,387,5.66,2,124014,32,Desenho,Neutro,214,Janela_Baseline
124014,0,514,387,5.66,2,124014,32,Desenho,Neutro,214,Janela_Baseline
124031,17,508,405,5.68,2,124031,32,Desenho,Neutro,231,Janela_Baseline
124048,17,512,364,5.61,2,124048,32,Desenho,Neutro,248,Janela_Baseline
124064,17,508,282,5.6,1,124064,32,Desenho,Neutro,264,Janela_Baseline
124081,17,511,311,5.68,1,124081,32,Desenho,Neutro,281,Janela_Baseline
124097,17,536,330,5.68,1,124097,32,Desenho,Neutro,297,Janela_Baseline
124114,17,525,357,5.6,1,124114,32,Desenho,Neutro,314,Janela_Baseline
124131,17,496,387,5.63,2,124131,32,Desenho,Neutro,331,Janela_Baseline
124147,17,530,379,5.65,2,124147,32,Desenho,Neutro,347,Janela_Baseline
124164,17,531,387,5.65,2,124164,32,Desenho,Neutro,364,Janela_Baseline
124181,17,526,388,5.65,2,124181,32,Desenho,Neutro,381,Janela_Baseline
124197,17,493,413,5.73,2,124197,32,Desenho,Neutro,397,Janela_Baseline
124214,17,499,401,5.69,2,124214,32,Desenho,Neutro,414,Janela_Baseline
124231,17,520,381,5.68,2,124231,32,Desenho,Neutro,431,Janela_Baseline
124247,17,518,398,5.68,2,124247,32,Desenho,Neutro,447,Janela_Baseline
124264,17,521,379,5.65,2,124264,32,Desenho,Neutro,464,Janela_Baseline
124280,17,525,398,5.65,2,124280,32,Desenho,Neutro,480,Janela_Baseline
124297,17,530,394,5.66,2,124297,32,Desenho,Neutro,497,Janela_Baseline
124314,17,528,391,5.63,2,124314,32,Desenho,Neutro,514,Janela_Baseline
124330,17,518,393,5.63,2,124330,32,Desenho,Neutro,530,Janela_Baseline
124347,17,519,393,5.61,2,124347,32,Desenho,Neutro,547,Janela_Baseline
124364,17,500,402,5.6,2,124364,32,Desenho,Neutro,564,Janela_Baseline
124380,17,526,396,5.57,2,124380,32,Desenho,Neutro,580,Janela_Baseline
124397,17,503,403,5.61,2,124397,32,Desenho,Neutro,597,Janela_Baseline
124414,17,530,385,5.52,2,124414,32,Desenho,Neutro,614,Janela_Baseline
124430,17,533,403,5.6,2,124430,32,Desenho,Neutro,630,Janela_Baseline
124447,17,465,409,5.58,2,124447,32,Desenho,Neutro,647,Janela_Baseline
124463,17,443,383,5.52,2,124463,32,Desenho,Neutro,663,Janela_Baseline
124480,17,443,378,5.5,2,124480,32,Desenho,Neutro,680,Janela_Baseline
124497,17,441,369,5.52,2,124497,32,Desenho,Neutro,697,Janela_Baseline
124513,17,446,384,5.5,2,124513,32,Desenho,Neutro,713,Janela_Baseline
124530,17,444,403,5.52,2,124530,32,Desenho,Neutro,730,Janela_Baseline
124547,17,481,399,5.52,2,124547,32,Desenho,Neutro,747,Janela_Baseline
124563,17,474,384,5.52,2,124563,32,Desenho,Neutro,763,Janela_Baseline
124580,17,437,401,5.52,2,124580,32,Desenho,Neutro,780,Janela_Baseline
124597,17,478,395,5.53,2,124597,32,Desenho,Neutro,797,Janela_Baseline
124613,17,450,390,5.5,2,124613,32,Desenho,Neutro,813,Janela_Baseline
124630,17,438,372,5.49,2,124630,32,Desenho,Neutro,830,Janela_Baseline
124646,17,471,385,5.52,2,124646,32,Desenho,Neutro,846,Janela_Baseline
124663,17,485,391,5.53,2,124663,32,Desenho,Neutro,863,Janela_Baseline
124680,17,471,393,5.52,2,124680,32,Desenho,Neutro,880,Janela_Baseline
124696,17,467,377,5.53,2,124696,32,Desenho,Neutro,896,Janela_Baseline
124713,17,478,385,5.58,2,124713,32,Desenho,Neutro,913,Janela_Baseline
124730,17,441,395,5.57,2,124730,32,Desenho,Neutro,930,Janela_Baseline
124746,17,477,414,5.61,2,124746,32,Desenho,Neutro,946,Janela_Baseline
124763,17,465,390,5.61,2,124763,32,Desenho,Neutro,963,Janela_Baseline
124780,17,433,392,5.57,2,124780,32,Desenho,Neutro,980,Janela_Baseline
124796,17,456,365,5.53,2,124796,32,Desenho,Neutro,996,Janela_Baseline
124813,17,475,392,5.55,2,124813,32,Desenho,Neutro,1013,Janela_Baseline
124829,17,470,385,5.58,2,124829,32,Desenho,Neutro,1029,Janela_Baseline
124846,17,475,392,5.65,2,124846,32,Desenho,Neutro,1046,Janela_Baseline
124863,17,439,388,5.58,2,124863,32,Desenho,Neutro,1063,Janela_Baseline
124879,17,440,396,5.63,2,124879,32,Desenho,Neutro,1079,Janela_Baseline
124896,17,432,383,5.55,2,124896,32,Desenho,Neutro,1096,Janela_Baseline
124913,17,430,381,5.53,2,124913,32,Desenho,Neutro,1113,Janela_Baseline
124929,17,450,415,5.63,5,124929,32,Desenho,Neutro,1129,Janela_Baseline
124946,17,512,411,5.65,2,124946,32,Desenho,Neutro,1146,Janela_Baseline
124962,17,488,448,5.63,3,124962,32,Desenho,Neutro,1162,Janela_Baseline
124979,17,483,432,5.61,3,124979,32,Desenho,Neutro,1179,Janela_Baseline
124996,17,481,447,5.65,3,124996,32,Desenho,Neutro,1196,Janela_Baseline
125012,17,498,410,5.63,2,125012,32,Desenho,Neutro,1212,Janela_Baseline
125029,17,518,419,5.55,3,125029,32,Desenho,Neutro,1229,Janela_Baseline
125046,17,490,420,5.6,3,125046,32,Desenho,Neutro,1246,Janela_Baseline
125062,17,518,434,5.63,3,125062,32,Desenho,Neutro,1262,Janela_Baseline
125079,17,510,432,5.63,3,125079,32,Desenho,Neutro,1279,Janela_Baseline
125096,17,501,429,5.65,3,125096,32,Desenho,Neutro,1296,Janela_Baseline
125112,17,501,423,5.65,3,125112,32,Desenho,Neutro,1312,Exposicao_Face
125129,17,490,418,5.66,3,125129,32,Desenho,Neutro,1329,Exposicao_Face
125145,17,502,410,5.65,2,125145,32,Desenho,Neutro,1345,Exposicao_Face
125162,17,503,406,5.66,2,125162,32,Desenho,Neutro,1362,Exposicao_Face
125179,17,504,391,5.65,2,125179,32,Desenho,Neutro,1379,Exposicao_Face
125195,17,496,412,5.68,2,125195,32,Desenho,Neutro,1395,Exposicao_Face
125212,17,501,423,5.65,3,125212,32,Desenho,Neutro,1412,Exposicao_Face
125229,17,507,422,5.66,3,125229,32,Desenho,Neutro,1429,Exposicao_Face
125245,17,506,416,5.65,3,125245,32,Desenho,Neutro,1445,Exposicao_Face
125262,17,510,416,5.65,3,125262,32,Desenho,Neutro,1462,Exposicao_Face
125279,17,488,407,5.65,2,125279,32,Desenho,Neutro,1479,Exposicao_Face
125295,17,519,420,5.66,3,125295,32,Desenho,Neutro,1495,Exposicao_Face
125312,17,516,418,5.63,3,125312,32,Desenho,Neutro,1512,Exposicao_Face
125328,17,499,434,5.69,3,125328,32,Desenho,Neutro,1528,Exposicao_Face
125345,17,492,432,5.66,3,125345,32,Desenho,Neutro,1545,Exposicao_Face
125362,17,444,375,5.66,2,125362,32,Desenho,Neutro,1562,Exposicao_Face
125378,17,432,348,5.65,1,125378,32,Desenho,Neutro,1578,Exposicao_Face
125395,17,429,361,5.65,1,125395,32,Desenho,Neutro,1595,Exposicao_Face
125412,17,476,319,5.65,1,125412,32,Desenho,Neutro,1612,Exposicao_Face
125428,17,428,331,5.66,1,125428,32,Desenho,Neutro,1628,Exposicao_Face
125445,17,436,370,5.63,2,125445,32,Desenho,Neutro,1645,Exposicao_Face
125462,17,468,345,5.69,1,125462,32,Desenho,Neutro,1662,Exposicao_Face
125478,17,421,354,5.61,1,125478,32,Desenho,Neutro,1678,Exposicao_Face
125495,17,430,355,5.66,1,125495,32,Desenho,Neutro,1695,Exposicao_Face
125511,17,447,339,5.65,1,125511,32,Desenho,Neutro,1711,Exposicao_Face
125528,17,431,340,5.63,1,125528,32,Desenho,Neutro,1728,Exposicao_Face
125545,17,434,346,5.65,1,125545,32,Desenho,Neutro,1745,Exposicao_Face
125561,17,470,341,5.69,1,125561,32,Desenho,Neutro,1761,Exposicao_Face
125578,17,432,352,5.69,1,125578,32,Desenho,Neutro,1778,Exposicao_Face
125595,17,463,349,5.68,1,125595,32,Desenho,Neutro,1795,Exposicao_Face
125611,17,433,373,5.73,2,125611,32,Desenho,Neutro,1811,Exposicao_Face
125628,17,433,352,5.69,1,125628,32,Desenho,Neutro,1828,Exposicao_Face
125645,17,433,355,5.66,1,125645,32,Desenho,Neutro,1845,Exposicao_Face
125661,17,446,339,5.73,1,125661,32,Desenho,Neutro,1861,Exposicao_Face
125678,17,435,335,5.66,1,125678,32,Desenho,Neutro,1878,Exposicao_Face
125694,17,457,336,5.68,1,125694,32,Desenho,Neutro,1894,Exposicao_Face
125711,17,466,347,5.71,1,125711,32,Desenho,Neutro,1911,Exposicao_Face
125728,17,456,343,5.69,1,125728,32,Desenho,Neutro,1928,Exposicao_Face
125744,17,455,359,5.73,1,125744,32,Desenho,Neutro,1944,Exposicao_Face
125761,17,437,358,5.66,1,125761,32,Desenho,Neutro,1961,Exposicao_Face
125778,17,453,356,5.71,1,125778,32,Desenho,Neutro,1978,Exposicao_Face
125794,17,455,367,5.74,2,125794,32,Desenho,Neutro,1994,Exposicao_Face
125811,17,452,346,5.66,1,125811,32,Desenho,Neutro,2011,Exposicao_Face
125828,17,442,348,5.74,1,125828,32,Desenho,Neutro,2028,Exposicao_Face
125844,17,436,353,5.68,1,125844,32,Desenho,Neutro,2044,Exposicao_Face
125861,17,432,355,5.74,1,125861,32,Desenho,Neutro,2061,Exposicao_Face
125877,17,439,348,5.78,1,125877,32,Desenho,Neutro,2077,Exposicao_Face
125894,17,454,357,5.78,1,125894,32,Desenho,Neutro,2094,Exposicao_Face
125911,17,436,370,5.76,2,125911,32,Desenho,Neutro,2111,Exposicao_Face
125927,17,441,368,5.74,2,125927,32,Desenho,Neutro,2127,Exposicao_Face
125944,17,438,387,5.74,2,125944,32,Desenho,Neutro,2144,Exposicao_Face
126127,183,555,520,0.0,3,126127,32,Desenho,Neutro,2327,Exposicao_Face
126193,67,238,843,6.98,0,126193,32,Desenho,Neutro,2393,Exposicao_Face
126210,17,406,682,7.11,3,126210,32,Desenho,Neutro,2410,Exposicao_Face
126227,17,444,650,5.84,3,126227,32,Desenho,Neutro,2427,Exposicao_Face
126243,17,447,566,5.78,3,126243,32,Desenho,Neutro,2443,Exposicao_Face
126260,17,409,484,5.84,3,126260,32,Desenho,Neutro,2460,Exposicao_Face
126277,17,452,497,5.86,3,126277,32,Desenho,Neutro,2477,Exposicao_Face
126293,17,415,427,5.81,3,126293,32,Desenho,Neutro,2493,Exposicao_Face
126310,17,448,410,5.81,2,126310,32,Desenho,Neutro,2510,Exposicao_Face
126327,17,455,373,5.78,2,126327,32,Desenho,Neutro,2527,Exposicao_Face
126343,17,453,392,5.86,2,126343,32,Desenho,Neutro,2543,Exposicao_Face
126360,17,434,368,5.84,2,126360,32,Desenho,Neutro,2560,Exposicao_Face
126376,17,457,317,5.86,1,126376,32,Desenho,Neutro,2576,Exposicao_Face
126393,17,465,316,5.82,1,126393,32,Desenho,Neutro,2593,Exposicao_Face
126410,17,466,363,5.82,0,126410,32,Desenho,Neutro,2610,Exposicao_Face
126426,17,459,329,5.9,1,126426,32,Desenho,Neutro,2626,Exposicao_Face
126443,17,459,352,5.9,1,126443,32,Desenho,Neutro,2643,Exposicao_Face
126460,17,472,322,5.9,1,126460,32,Desenho,Neutro,2660,Exposicao_Face
126476,17,461,332,5.81,1,126476,32,Desenho,Neutro,2676,Exposicao_Face
126493,17,470,285,5.81,1,126493,32,Desenho,Neutro,2693,Exposicao_Face
126526,33,463,313,5.89,1,126526,32,Desenho,Neutro,2726,Exposicao_Face
126543,17,465,329,5.9,1,126543,32,Desenho,Neutro,2743,Exposicao_Face
126559,17,465,360,5.9,1,126559,32,Desenho,Neutro,2759,Exposicao_Face
126576,17,463,334,5.9,1,126576,32,Desenho,Neutro,2776,Exposicao_Face
126593,17,465,339,5.9,1,126593,32,Desenho,Neutro,2793,Exposicao_Face
126609,17,474,319,5.9,1,126609,32,Desenho,Neutro,2809,Exposicao_Face
126626,17,464,286,5.92,1,126626,32,Desenho,Neutro,2826,Exposicao_Face
126643,17,459,345,5.9,1,126643,32,Desenho,Neutro,2843,Exposicao_Face
126659,17,488,352,5.9,1,126659,32,Desenho,Neutro,2859,Exposicao_Face
126676,17,495,329,5.89,1,126676,32,Desenho,Neutro,2876,Exposicao_Face
126693,17,506,333,5.92,1,126693,32,Desenho,Neutro,2893,Exposicao_Face
126709,17,513,309,5.84,1,126709,32,Desenho,Neutro,2909,Exposicao_Face
126726,17,509,315,5.82,1,126726,32,Desenho,Neutro,2926,Exposicao_Face
126742,17,507,338,5.92,1,126742,32,Desenho,Neutro,2942,Exposicao_Face
126759,17,503,370,5.9,2,126759,32,Desenho,Neutro,2959,Exposicao_Face
126776,17,511,338,5.94,1,126776,32,Desenho,Neutro,2976,Exposicao_Face
126792,17,503,341,5.9,1,126792,32,Desenho,Neutro,2992,Exposicao_Face
126809,17,502,368,5.94,2,126809,32,Desenho,Neutro,3009,Exposicao_Face
126826,17,504,351,5.87,1,126826,32,Desenho,Neutro,3026,Exposicao_Face
126842,17,498,361,5.94,1,126842,32,Desenho,Neutro,3042,Exposicao_Face
126859,17,503,358,5.86,1,126859,32,Desenho,Neutro,3059,Exposicao_Face
126876,17,490,372,5.9,2,126876,32,Desenho,Neutro,3076,Exposicao_Face
126892,17,499,371,5.89,2,126892,32,Desenho,Neutro,3092,Exposicao_Face
126909,17,500,373,5.94,2,126909,32,Desenho,Neutro,3109,Exposicao_Face
126925,17,497,359,5.84,1,126925,32,Desenho,Neutro,3125,Exposicao_Face
126942,17,505,375,5.94,2,126942,32,Desenho,Neutro,3142,Exposicao_Face
126959,17,495,373,5.9,2,126959,32,Desenho,Neutro,3159,Exposicao_Face
126975,17,502,379,5.89,2,126975,32,Desenho,Neutro,3175,Exposicao_Face
126992,17,500,363,5.92,0,126992,32,Desenho,Neutro,3192,Exposicao_Face
127009,17,490,372,5.9,2,127009,32,Desenho,Neutro,3209,Exposicao_Face
127025,17,509,378,5.95,2,127025,32,Desenho,Neutro,3225,Exposicao_Face
127042,17,498,380,5.92,2,127042,32,Desenho,Neutro,3242,Exposicao_Face
127059,17,501,367,5.94,2,127059,32,Desenho,Neutro,3259,Exposicao_Face
127075,17,489,370,5.9,2,127075,32,Desenho,Neutro,3275,Exposicao_Face
127092,17,500,376,5.89,2,127092,32,Desenho,Neutro,3292,Exposicao_Face
127108,17,501,373,5.9,2,127108,32,Desenho,Neutro,3308,Exposicao_Face
127125,17,483,371,5.9,2,127125,32,Desenho,Neutro,3325,Exposicao_Face
127142,17,510,374,5.92,2,127142,32,Desenho,Neutro,3342,Exposicao_Face
127158,17,500,358,5.89,1,127158,32,Desenho,Neutro,3358,Exposicao_Face
127175,17,501,368,5.95,2,127175,32,Desenho,Neutro,3375,Exposicao_Face
127192,17,494,378,5.94,2,127192,32,Desenho,Neutro,3392,Exposicao_Face
127208,17,503,363,5.87,0,127208,32,Desenho,Neutro,3408,Exposicao_Face
127225,17,480,382,5.94,2,127225,32,Desenho,Neutro,3425,Exposicao_Face
127241,17,508,340,5.9,1,127241,32,Desenho,Neutro,3441,Exposicao_Face
127258,17,492,373,5.9,2,127258,32,Desenho,Neutro,3458,Exposicao_Face
127275,17,478,393,5.92,2,127275,32,Desenho,Neutro,3475,Exposicao_Face
127291,17,491,368,5.92,2,127291,32,Desenho,Neutro,3491,Exposicao_Face
127308,17,502,370,5.92,2,127308,32,Desenho,Neutro,3508,Exposicao_Face
127325,17,500,334,5.95,1,127325,32,Desenho,Neutro,3525,Exposicao_Face
127341,17,496,359,5.94,1,127341,32,Desenho,Neutro,3541,Exposicao_Face
127358,17,497,372,5.95,2,127358,32,Desenho,Neutro,3558,Exposicao_Face
127375,17,496,373,5.97,2,127375,32,Desenho,Neutro,3575,Exposicao_Face
127391,17,499,354,5.94,1,127391,32,Desenho,Neutro,3591,Exposicao_Face
127408,17,501,380,5.9,2,127408,32,Desenho,Neutro,3608,Exposicao_Face
127424,17,500,367,5.9,2,127424,32,Desenho,Neutro,3624,Exposicao_Face
127441,17,512,363,5.9,0,127441,32,Desenho,Neutro,3641,Exposicao_Face
127458,17,482,387,5.86,2,127458,32,Desenho,Neutro,3658,Exposicao_Face
127474,17,498,383,5.86,2,127474,32,Desenho,Neutro,3674,Exposicao_Face
127491,17,501,360,5.78,1,127491,32,Desenho,Neutro,3691,Exposicao_Face
127508,17,490,372,5.79,2,127508,32,Desenho,Neutro,3708,Exposicao_Face
127524,17,500,390,5.79,2,127524,32,Desenho,Neutro,3724,Exposicao_Face
127541,17,501,385,5.78,2,127541,32,Desenho,Neutro,3741,Exposicao_Face
127558,17,502,362,5.71,1,127558,32,Desenho,Neutro,3758,Exposicao_Face
127574,17,503,355,5.69,1,127574,32,Desenho,Neutro,3774,Exposicao_Face
127591,17,505,367,5.69,2,127591,32,Desenho,Neutro,3791,Exposicao_Face
127607,17,500,406,5.68,2,127607,32,Desenho,Neutro,3807,Exposicao_Face
127624,17,517,380,5.65,2,127624,32,Desenho,Neutro,3824,Exposicao_Face
127641,17,512,377,5.65,2,127641,32,Desenho,Neutro,3841,Exposicao_Face
127657,17,514,397,5.65,2,127657,32,Desenho,Neutro,3857,Exposicao_Face
127674,17,518,388,5.61,2,127674,32,Desenho,Neutro,3874,Exposicao_Face
127691,17,520,374,5.6,2,127691,32,Desenho,Neutro,3891,Exposicao_Face
127707,17,514,373,5.58,2,127707,32,Desenho,Neutro,3907,Exposicao_Face
127724,17,512,369,5.57,2,127724,32,Desenho,Neutro,3924,Exposicao_Face
127741,17,520,366,5.58,2,127741,32,Desenho,Neutro,3941,Exposicao_Face
127757,17,516,359,5.58,1,127757,32,Desenho,Neutro,3957,Exposicao_Face
127774,17,507,398,5.61,2,127774,32,Desenho,Neutro,3974,Exposicao_Face
127790,17,518,369,5.61,2,127790,32,Desenho,Neutro,3990,Exposicao_Face
127807,17,514,371,5.55,2,127807,33,Desenho,Raiva,7,Janela_Baseline
127824,17,520,402,5.58,2,127824,33,Desenho,Raiva,24,Janela_Baseline
127840,17,518,381,5.58,2,127840,33,Desenho,Raiva,40,Janela_Baseline
127857,17,524,410,5.63,2,127857,33,Desenho,Raiva,57,Janela_Baseline
127874,17,523,392,5.63,2,127874,33,Desenho,Raiva,74,Janela_Baseline
127890,17,522,365,5.57,2,127890,33,Desenho,Raiva,90,Janela_Baseline
127907,17,520,372,5.6,2,127907,33,Desenho,Raiva,107,Janela_Baseline
127924,17,518,373,5.55,2,127924,33,Desenho,Raiva,124,Janela_Baseline
127940,17,530,380,5.55,2,127940,33,Desenho,Raiva,140,Janela_Baseline
127957,17,521,365,5.55,2,127957,33,Desenho,Raiva,157,Janela_Baseline
127973,17,518,382,5.6,2,127973,33,Desenho,Raiva,173,Janela_Baseline
127990,17,519,392,5.57,2,127990,33,Desenho,Raiva,190,Janela_Baseline
128007,17,523,358,5.55,1,128007,33,Desenho,Raiva,207,Janela_Baseline
128023,17,532,357,5.53,1,128023,33,Desenho,Raiva,223,Janela_Baseline
128040,17,527,382,5.53,2,128040,33,Desenho,Raiva,240,Janela_Baseline
128057,17,510,386,5.52,2,128057,33,Desenho,Raiva,257,Janela_Baseline
128073,17,513,380,5.53,2,128073,33,Desenho,Raiva,273,Janela_Baseline
128090,17,526,359,5.45,1,128090,33,Desenho,Raiva,290,Janela_Baseline
128107,17,520,382,5.53,2,128107,33,Desenho,Raiva,307,Janela_Baseline
128123,17,523,387,5.57,2,128123,33,Desenho,Raiva,323,Janela_Baseline
128140,17,536,380,5.53,2,128140,33,Desenho,Raiva,340,Janela_Baseline
128156,17,509,378,5.52,2,128156,33,Desenho,Raiva,356,Janela_Baseline
128173,17,510,383,5.52,2,128173,33,Desenho,Raiva,373,Janela_Baseline
128190,17,529,387,5.52,2,128190,33,Desenho,Raiva,390,Janela_Baseline
128206,17,523,377,5.52,2,128206,33,Desenho,Raiva,406,Janela_Baseline
128223,17,525,374,5.52,2,128223,33,Desenho,Raiva,423,Janela_Baseline
128240,17,512,398,5.53,2,128240,33,Desenho,Raiva,440,Janela_Baseline
128256,17,517,370,5.52,2,128256,33,Desenho,Raiva,456,Janela_Baseline
128273,17,531,347,5.53,1,128273,33,Desenho,Raiva,473,Janela_Baseline
128289,17,523,365,5.57,2,128289,33,Desenho,Raiva,489,Janela_Baseline
128306,17,519,368,5.57,2,128306,33,Desenho,Raiva,506,Janela_Baseline
128323,17,520,358,5.52,1,128323,33,Desenho,Raiva,523,Janela_Baseline
128339,17,532,377,5.57,2,128339,33,Desenho,Raiva,539,Janela_Baseline
128356,17,526,385,5.6,2,128356,33,Desenho,Raiva,556,Janela_Baseline
128373,17,519,394,5.6,2,128373,33,Desenho,Raiva,573,Janela_Baseline
128389,17,523,379,5.55,2,128389,33,Desenho,Raiva,589,Janela_Baseline
128406,17,525,367,5.53,2,128406,33,Desenho,Raiva,606,Janela_Baseline
128423,17,525,362,5.53,1,128423,33,Desenho,Raiva,623,Janela_Baseline
128439,17,518,361,5.57,1,128439,33,Desenho,Raiva,639,Janela_Baseline
128456,17,504,389,5.57,2,128456,33,Desenho,Raiva,656,Janela_Baseline
128472,17,529,362,5.53,1,128472,33,Desenho,Raiva,672,Janela_Baseline
128489,17,506,349,5.5,1,128489,33,Desenho,Raiva,689,Janela_Baseline
128506,17,505,393,5.52,2,128506,33,Desenho,Raiva,706,Janela_Baseline
128522,17,504,369,5.49,2,128522,33,Desenho,Raiva,722,Janela_Baseline
128539,17,521,350,5.47,1,128539,33,Desenho,Raiva,739,Janela_Baseline
128556,17,500,365,5.44,2,128556,33,Desenho,Raiva,756,Janela_Baseline
128572,17,444,360,5.41,1,128572,33,Desenho,Raiva,772,Janela_Baseline
128589,17,427,347,5.42,1,128589,33,Desenho,Raiva,789,Janela_Baseline
128606,17,466,345,5.41,1,128606,33,Desenho,Raiva,806,Janela_Baseline
128622,17,467,364,5.39,2,128622,33,Desenho,Raiva,822,Janela_Baseline
128639,17,470,347,5.41,1,128639,33,Desenho,Raiva,839,Janela_Baseline
128655,17,456,354,5.44,1,128655,33,Desenho,Raiva,855,Janela_Baseline
128672,17,446,335,5.39,1,128672,33,Desenho,Raiva,872,Janela_Baseline
128689,17,449,362,5.37,1,128689,33,Desenho,Raiva,889,Janela_Baseline
128705,17,419,349,5.41,1,128705,33,Desenho,Raiva,905,Janela_Baseline
128722,17,435,364,5.39,2,128722,33,Desenho,Raiva,922,Janela_Baseline
128739,17,427,363,5.37,2,128739,33,Desenho,Raiva,939,Janela_Baseline
128755,17,424,369,5.39,2,128755,33,Desenho,Raiva,955,Janela_Baseline
128772,17,432,343,5.39,1,128772,33,Desenho,Raiva,972,Janela_Baseline
128789,17,455,346,5.39,1,128789,33,Desenho,Raiva,989,Janela_Baseline
128805,17,459,344,5.39,1,128805,33,Desenho,Raiva,1005,Janela_Baseline
128822,17,429,346,5.47,1,128822,33,Desenho,Raiva,1022,Janela_Baseline
128838,17,464,337,5.44,1,128838,33,Desenho,Raiva,1038,Janela_Baseline
128855,17,455,350,5.49,1,128855,33,Desenho,Raiva,1055,Janela_Baseline
128872,17,425,347,5.49,1,128872,33,Desenho,Raiva,1072,Janela_Baseline
128888,17,418,353,5.49,1,128888,33,Desenho,Raiva,1088,Janela_Baseline
128905,17,464,352,5.49,1,128905,33,Desenho,Raiva,1105,Janela_Baseline
128922,17,429,353,5.44,1,128922,33,Desenho,Raiva,1122,Janela_Baseline
128938,17,462,360,5.5,1,128938,33,Desenho,Raiva,1138,Janela_Baseline
128955,17,454,343,5.49,1,128955,33,Desenho,Raiva,1155,Janela_Baseline
128972,17,422,355,5.45,1,128972,33,Desenho,Raiva,1172,Janela_Baseline
128988,17,459,355,5.49,1,128988,33,Desenho,Raiva,1188,Janela_Baseline
129005,17,487,351,5.57,1,129005,33,Desenho,Raiva,1205,Janela_Baseline
129021,17,506,341,5.55,1,129021,33,Desenho,Raiva,1221,Janela_Baseline
129038,17,512,340,5.53,1,129038,33,Desenho,Raiva,1238,Janela_Baseline
129055,17,518,330,5.55,1,129055,33,Desenho,Raiva,1255,Janela_Baseline
129071,17,524,328,5.55,1,129071,33,Desenho,Raiva,1271,Janela_Baseline
129088,17,515,341,5.57,1,129088,33,Desenho,Raiva,1288,Janela_Baseline
129105,17,528,337,5.55,1,129105,33,Desenho,Raiva,1305,Exposicao_Face
129121,17,517,338,5.53,1,129121,33,Desenho,Raiva,1321,Exposicao_Face
129138,17,511,356,5.57,1,129138,33,Desenho,Raiva,1338,Exposicao_Face
129155,17,539,345,5.61,1,129155,33,Desenho,Raiva,1355,Exposicao_Face
129171,17,524,356,5.57,1,129171,33,Desenho,Raiva,1371,Exposicao_Face
129188,17,525,337,5.61,1,129188,33,Desenho,Raiva,1388,Exposicao_Face
129204,17,511,346,5.57,1,129204,33,Desenho,Raiva,1404,Exposicao_Face
129221,17,528,344,5.58,1,129221,33,Desenho,Raiva,1421,Exposicao_Face
129238,17,516,362,5.6,1,129238,33,Desenho,Raiva,1438,Exposicao_Face
129254,17,532,341,5.61,1,129254,33,Desenho,Raiva,1454,Exposicao_Face
129271,17,523,339,5.61,1,129271,33,Desenho,Raiva,1471,Exposicao_Face
129288,17,526,365,5.61,2,129288,33,Desenho,Raiva,1488,Exposicao_Face
129304,17,521,358,5.61,1,129304,33,Desenho,Raiva,1504,Exposicao_Face
129321,17,509,374,5.53,2,129321,33,Desenho,Raiva,1521,Exposicao_Face
129354,33,511,354,5.58,1,129354,33,Desenho,Raiva,1554,Exposicao_Face
129354,0,511,354,5.58,1,129354,33,Desenho,Raiva,1554,Exposicao_Face
129371,17,520,361,5.65,1,129371,33,Desenho,Raiva,1571,Exposicao_Face
129387,17,527,345,5.57,1,129387,33,Desenho,Raiva,1587,Exposicao_Face
129404,17,527,376,5.58,2,129404,33,Desenho,Raiva,1604,Exposicao_Face
129421,17,510,339,5.55,1,129421,33,Desenho,Raiva,1621,Exposicao_Face
129437,17,511,369,5.57,2,129437,33,Desenho,Raiva,1637,Exposicao_Face
129454,17,509,506,5.61,3,129454,33,Desenho,Raiva,1654,Exposicao_Face
129753,299,558,1060,0.0,0,129753,33,Desenho,Raiva,1953,Exposicao_Face
129770,17,474,859,6.34,0,129770,33,Desenho,Raiva,1970,Exposicao_Face
129787,17,479,571,7.2,3,129787,33,Desenho,Raiva,1987,Exposicao_Face
129803,17,489,449,5.52,3,129803,33,Desenho,Raiva,2003,Exposicao_Face
129820,17,495,356,5.55,1,129820,33,Desenho,Raiva,2020,Exposicao_Face
129837,17,505,327,5.53,1,129837,33,Desenho,Raiva,2037,Exposicao_Face
129853,17,513,338,5.52,1,129853,33,Desenho,Raiva,2053,Exposicao_Face
129870,17,496,290,5.52,1,129870,33,Desenho,Raiva,2070,Exposicao_Face
129886,17,501,286,5.52,1,129886,33,Desenho,Raiva,2086,Exposicao_Face
129903,17,517,274,5.53,1,129903,33,Desenho,Raiva,2103,Exposicao_Face
129920,17,522,303,5.52,1,129920,33,Desenho,Raiva,2120,Exposicao_Face
129936,17,504,309,5.55,1,129936,33,Desenho,Raiva,2136,Exposicao_Face
129953,17,508,361,5.55,1,129953,33,Desenho,Raiva,2153,Exposicao_Face
129970,17,492,363,5.52,0,129970,33,Desenho,Raiva,2170,Exposicao_Face
129986,17,492,372,5.53,2,129986,33,Desenho,Raiva,2186,Exposicao_Face
130003,17,513,387,5.58,2,130003,33,Desenho,Raiva,2203,Exposicao_Face
130020,17,514,369,5.52,2,130020,33,Desenho,Raiva,2220,Exposicao_Face
130036,17,488,389,5.49,2,130036,33,Desenho,Raiva,2236,Exposicao_Face
130053,17,497,400,5.52,2,130053,33,Desenho,Raiva,2253,Exposicao_Face
130069,17,491,387,5.52,2,130069,33,Desenho,Raiva,2269,Exposicao_Face
130086,17,518,354,5.41,1,130086,33,Desenho,Raiva,2286,Exposicao_Face
130103,17,528,374,5.44,2,130103,33,Desenho,Raiva,2303,Exposicao_Face
130119,17,527,378,5.47,2,130119,33,Desenho,Raiva,2319,Exposicao_Face
130136,17,497,373,5.39,2,130136,33,Desenho,Raiva,2336,Exposicao_Face
130153,17,506,371,5.31,2,130153,33,Desenho,Raiva,2353,Exposicao_Face
130169,17,527,373,5.31,2,130169,33,Desenho,Raiva,2369,Exposicao_Face
130186,17,512,372,5.28,2,130186,33,Desenho,Raiva,2386,Exposicao_Face
130203,17,519,394,5.37,2,130203,33,Desenho,Raiva,2403,Exposicao_Face
130219,17,516,382,5.21,2,130219,33,Desenho,Raiva,2419,Exposicao_Face
130236,17,489,376,5.26,2,130236,33,Desenho,Raiva,2436,Exposicao_Face
130252,17,445,360,5.18,1,130252,33,Desenho,Raiva,2452,Exposicao_Face
130269,17,439,349,5.15,1,130269,33,Desenho,Raiva,2469,Exposicao_Face
130286,17,437,369,5.2,2,130286,33,Desenho,Raiva,2486,Exposicao_Face
130302,17,435,361,5.15,1,130302,33,Desenho,Raiva,2502,Exposicao_Face
130319,17,439,355,5.15,1,130319,33,Desenho,Raiva,2519,Exposicao_Face
130336,17,437,365,5.13,2,130336,33,Desenho,Raiva,2536,Exposicao_Face
130352,17,434,369,5.18,2,130352,33,Desenho,Raiva,2552,Exposicao_Face
130369,17,436,367,5.15,2,130369,33,Desenho,Raiva,2569,Exposicao_Face
130386,17,432,363,5.1,2,130386,33,Desenho,Raiva,2586,Exposicao_Face
130402,17,427,362,5.07,1,130402,33,Desenho,Raiva,2602,Exposicao_Face
130419,17,435,370,5.07,2,130419,33,Desenho,Raiva,2619,Exposicao_Face
130435,17,432,369,5.07,2,130435,33,Desenho,Raiva,2635,Exposicao_Face
130502,67,440,380,5.05,2,130502,33,Desenho,Raiva,2702,Exposicao_Face
130502,0,440,380,5.05,2,130502,33,Desenho,Raiva,2702,Exposicao_Face
130519,17,449,359,5.04,1,130519,33,Desenho,Raiva,2719,Exposicao_Face
130535,17,459,362,5.02,1,130535,33,Desenho,Raiva,2735,Exposicao_Face
130552,17,446,358,5.04,1,130552,33,Desenho,Raiva,2752,Exposicao_Face
130568,17,425,355,4.97,1,130568,33,Desenho,Raiva,2768,Exposicao_Face
130585,17,424,370,4.99,2,130585,33,Desenho,Raiva,2785,Exposicao_Face
130602,17,444,356,4.94,1,130602,33,Desenho,Raiva,2802,Exposicao_Face
130618,17,441,358,4.97,1,130618,33,Desenho,Raiva,2818,Exposicao_Face
130635,17,424,336,4.94,1,130635,33,Desenho,Raiva,2835,Exposicao_Face
130652,17,429,347,4.94,1,130652,33,Desenho,Raiva,2852,Exposicao_Face
130668,17,440,356,4.96,1,130668,33,Desenho,Raiva,2868,Exposicao_Face
130685,17,439,342,5.01,1,130685,33,Desenho,Raiva,2885,Exposicao_Face
130702,17,415,370,5.02,2,130702,33,Desenho,Raiva,2902,Exposicao_Face
130718,17,458,350,4.96,1,130718,33,Desenho,Raiva,2918,Exposicao_Face
130735,17,455,354,4.94,1,130735,33,Desenho,Raiva,2935,Exposicao_Face
130751,17,450,345,4.89,1,130751,33,Desenho,Raiva,2951,Exposicao_Face
130768,17,449,361,4.97,1,130768,33,Desenho,Raiva,2968,Exposicao_Face
130785,17,444,366,4.97,2,130785,33,Desenho,Raiva,2985,Exposicao_Face
130801,17,447,356,4.99,1,130801,33,Desenho,Raiva,3001,Exposicao_Face
130818,17,427,357,5.02,1,130818,33,Desenho,Raiva,3018,Exposicao_Face
130835,17,433,364,5.04,2,130835,33,Desenho,Raiva,3035,Exposicao_Face
130851,17,445,353,5.05,1,130851,33,Desenho,Raiva,3051,Exposicao_Face
130868,17,443,355,5.07,1,130868,33,Desenho,Raiva,3068,Exposicao_Face
130885,17,446,360,5.07,1,130885,33,Desenho,Raiva,3085,Exposicao_Face
130901,17,439,357,5.12,1,130901,33,Desenho,Raiva,3101,Exposicao_Face
130918,17,435,355,5.04,1,130918,33,Desenho,Raiva,3118,Exposicao_Face
130934,17,440,357,5.13,1,130934,33,Desenho,Raiva,3134,Exposicao_Face
130951,17,437,352,5.17,1,130951,33,Desenho,Raiva,3151,Exposicao_Face
130968,17,433,350,5.15,1,130968,33,Desenho,Raiva,3168,Exposicao_Face
130984,17,438,387,5.15,2,130984,33,Desenho,Raiva,3184,Exposicao_Face
131001,17,436,369,5.18,2,131001,33,Desenho,Raiva,3201,Exposicao_Face
131018,17,427,367,5.17,2,131018,33,Desenho,Raiva,3218,Exposicao_Face
131034,17,438,338,5.18,1,131034,33,Desenho,Raiva,3234,Exposicao_Face
131051,17,417,300,6.13,1,131051,33,Desenho,Raiva,3251,Exposicao_Face
131334,283,483,800,7.12,0,131334,33,Desenho,Raiva,3534,Exposicao_Face
131350,17,496,296,-1.0,1,131350,33,Desenho,Raiva,3550,Exposicao_Face
131400,50,502,265,5.34,1,131400,33,Desenho,Raiva,3600,Exposicao_Face
131417,17,512,275,5.26,1,131417,33,Desenho,Raiva,3617,Exposicao_Face
131434,17,522,238,5.26,1,131434,33,Desenho,Raiva,3634,Exposicao_Face
131450,17,512,293,5.21,1,131450,33,Desenho,Raiva,3650,Exposicao_Face
131467,17,510,333,5.23,1,131467,33,Desenho,Raiva,3667,Exposicao_Face
131483,17,536,331,5.28,1,131483,33,Desenho,Raiva,3683,Exposicao_Face
131500,17,512,348,5.29,1,131500,33,Desenho,Raiva,3700,Exposicao_Face
131517,17,511,357,5.28,1,131517,33,Desenho,Raiva,3717,Exposicao_Face
131533,17,506,369,5.34,2,131533,33,Desenho,Raiva,3733,Exposicao_Face
131550,17,513,350,5.31,1,131550,33,Desenho,Raiva,3750,Exposicao_Face
131567,17,516,368,5.33,2,131567,33,Desenho,Raiva,3767,Exposicao_Face
131583,17,510,349,5.26,1,131583,33,Desenho,Raiva,3783,Exposicao_Face
131600,17,503,343,5.33,1,131600,33,Desenho,Raiva,3800,Exposicao_Face
131617,17,501,356,5.34,1,131617,33,Desenho,Raiva,3817,Exposicao_Face
131633,17,520,353,5.28,1,131633,33,Desenho,Raiva,3833,Exposicao_Face
131650,17,508,340,5.26,1,131650,33,Desenho,Raiva,3850,Exposicao_Face
131666,17,494,384,5.26,2,131666,33,Desenho,Raiva,3866,Exposicao_Face
131683,17,505,396,5.28,2,131683,33,Desenho,Raiva,3883,Exposicao_Face
131700,17,505,413,5.28,2,131700,33,Desenho,Raiva,3900,Exposicao_Face
131716,17,503,406,5.29,2,131716,33,Desenho,Raiva,3916,Exposicao_Face
131733,17,502,395,5.29,2,131733,33,Desenho,Raiva,3933,Exposicao_Face
131750,17,499,405,5.25,2,131750,33,Desenho,Raiva,3950,Exposicao_Face
131766,17,504,392,5.25,2,131766,33,Desenho,Raiva,3966,Exposicao_Face
131783,17,504,387,5.18,2,131783,33,Desenho,Raiva,3983,Exposicao_Face
131799,17,503,396,5.2,2,131799,33,Desenho,Raiva,3999,Exposicao_Face
131816,17,502,374,5.17,2,131816,34,Desenho,Feliz,16,Janela_Baseline
131833,17,497,365,5.13,2,131833,34,Desenho,Feliz,33,Janela_Baseline
131849,17,502,385,5.17,2,131849,34,Desenho,Feliz,49,Janela_Baseline
131866,17,502,406,5.21,2,131866,34,Desenho,Feliz,66,Janela_Baseline
131883,17,508,385,5.07,2,131883,34,Desenho,Feliz,83,Janela_Baseline
131899,17,502,391,5.15,2,131899,34,Desenho,Feliz,99,Janela_Baseline
131916,17,501,378,5.12,2,131916,34,Desenho,Feliz,116,Janela_Baseline
131933,17,503,349,5.13,1,131933,34,Desenho,Feliz,133,Janela_Baseline
131949,17,506,340,5.1,1,131949,34,Desenho,Feliz,149,Janela_Baseline
131966,17,508,363,5.15,0,131966,34,Desenho,Feliz,166,Janela_Baseline
131982,17,507,357,5.1,1,131982,34,Desenho,Feliz,182,Janela_Baseline
131999,17,504,369,5.15,2,131999,34,Desenho,Feliz,199,Janela_Baseline
132016,17,504,367,5.17,2,132016,34,Desenho,Feliz,216,Janela_Baseline
132032,17,507,374,5.13,2,132032,34,Desenho,Feliz,232,Janela_Baseline
132049,17,503,378,5.15,2,132049,34,Desenho,Feliz,249,Janela_Baseline
132066,17,502,389,5.17,2,132066,34,Desenho,Feliz,266,Janela_Baseline
132082,17,502,389,5.25,2,132082,34,Desenho,Feliz,282,Janela_Baseline
132099,17,501,371,5.13,2,132099,34,Desenho,Feliz,299,Janela_Baseline
132116,17,499,370,5.15,2,132116,34,Desenho,Feliz,316,Janela_Baseline
132132,17,502,373,5.13,2,132132,34,Desenho,Feliz,332,Janela_Baseline
132149,17,502,388,5.17,2,132149,34,Desenho,Feliz,349,Janela_Baseline
132165,17,503,382,5.18,2,132165,34,Desenho,Feliz,365,Janela_Baseline
132182,17,497,373,5.15,2,132182,34,Desenho,Feliz,382,Janela_Baseline
132199,17,500,358,5.13,1,132199,34,Desenho,Feliz,399,Janela_Baseline
132215,17,504,372,5.13,2,132215,34,Desenho,Feliz,415,Janela_Baseline
132232,17,506,370,5.15,2,132232,34,Desenho,Feliz,432,Janela_Baseline
132249,17,506,370,5.15,2,132249,34,Desenho,Feliz,449,Janela_Baseline
132265,17,504,361,5.17,1,132265,34,Desenho,Feliz,465,Janela_Baseline
132282,17,505,370,5.18,2,132282,34,Desenho,Feliz,482,Janela_Baseline
132299,17,507,371,5.18,2,132299,34,Desenho,Feliz,499,Janela_Baseline
132315,17,503,387,5.2,2,132315,34,Desenho,Feliz,515,Janela_Baseline
132332,17,502,402,5.21,2,132332,34,Desenho,Feliz,532,Janela_Baseline
132348,17,507,394,5.21,2,132348,34,Desenho,Feliz,548,Janela_Baseline
132365,17,503,390,5.23,2,132365,34,Desenho,Feliz,565,Janela_Baseline
132382,17,506,380,5.18,2,132382,34,Desenho,Feliz,582,Janela_Baseline
132398,17,502,388,5.23,2,132398,34,Desenho,Feliz,598,Janela_Baseline
132415,17,507,379,5.21,2,132415,34,Desenho,Feliz,615,Janela_Baseline
132432,17,503,384,5.18,2,132432,34,Desenho,Feliz,632,Janela_Baseline
132448,17,505,389,5.23,2,132448,34,Desenho,Feliz,648,Janela_Baseline
132465,17,507,397,5.25,2,132465,34,Desenho,Feliz,665,Janela_Baseline
132482,17,451,339,5.23,1,132482,34,Desenho,Feliz,682,Janela_Baseline
132498,17,451,365,5.26,2,132498,34,Desenho,Feliz,698,Janela_Baseline
132515,17,441,375,5.26,2,132515,34,Desenho,Feliz,715,Janela_Baseline
132531,17,445,366,5.26,2,132531,34,Desenho,Feliz,731,Janela_Baseline
132548,17,454,351,5.21,1,132548,34,Desenho,Feliz,748,Janela_Baseline
132565,17,453,367,5.25,2,132565,34,Desenho,Feliz,765,Janela_Baseline
132581,17,453,371,5.21,2,132581,34,Desenho,Feliz,781,Janela_Baseline
132598,17,451,361,5.17,1,132598,34,Desenho,Feliz,798,Janela_Baseline
132615,17,452,369,5.2,2,132615,34,Desenho,Feliz,815,Janela_Baseline
132631,17,454,363,5.18,0,132631,34,Desenho,Feliz,831,Janela_Baseline
132648,17,452,331,5.15,1,132648,34,Desenho,Feliz,848,Janela_Baseline
132665,17,450,333,5.13,1,132665,34,Desenho,Feliz,865,Janela_Baseline
132681,17,454,336,5.13,1,132681,34,Desenho,Feliz,881,Janela_Baseline
132698,17,456,357,5.2,1,132698,34,Desenho,Feliz,898,Janela_Baseline
132714,17,455,374,5.23,2,132714,34,Desenho,Feliz,914,Janela_Baseline
132731,17,453,369,5.21,2,132731,34,Desenho,Feliz,931,Janela_Baseline
132748,17,452,372,5.21,2,132748,34,Desenho,Feliz,948,Janela_Baseline
132764,17,457,365,5.23,2,132764,34,Desenho,Feliz,964,Janela_Baseline
132781,17,469,391,5.2,2,132781,34,Desenho,Feliz,981,Janela_Baseline
132798,17,498,446,5.25,3,132798,34,Desenho,Feliz,998,Janela_Baseline
132814,17,501,450,5.26,3,132814,34,Desenho,Feliz,1014,Janela_Baseline
132831,17,499,445,5.25,3,132831,34,Desenho,Feliz,1031,Janela_Baseline
132848,17,500,458,5.25,3,132848,34,Desenho,Feliz,1048,Janela_Baseline
132864,17,502,439,5.2,3,132864,34,Desenho,Feliz,1064,Janela_Baseline
132881,17,500,441,5.21,3,132881,34,Desenho,Feliz,1081,Janela_Baseline
132897,17,496,452,5.25,3,132897,34,Desenho,Feliz,1097,Janela_Baseline
132914,17,492,458,5.26,3,132914,34,Desenho,Feliz,1114,Janela_Baseline
132931,17,497,444,5.23,3,132931,34,Desenho,Feliz,1131,Janela_Baseline
132947,17,503,450,5.26,3,132947,34,Desenho,Feliz,1147,Janela_Baseline
132964,17,500,447,5.31,3,132964,34,Desenho,Feliz,1164,Janela_Baseline
132981,17,492,439,5.26,3,132981,34,Desenho,Feliz,1181,Janela_Baseline
132997,17,492,454,5.26,3,132997,34,Desenho,Feliz,1197,Janela_Baseline
133014,17,490,445,5.28,3,133014,34,Desenho,Feliz,1214,Janela_Baseline
133030,17,494,459,5.31,3,133030,34,Desenho,Feliz,1230,Janela_Baseline
133047,17,498,458,5.29,3,133047,34,Desenho,Feliz,1247,Janela_Baseline
133064,17,490,457,5.33,3,133064,34,Desenho,Feliz,1264,Janela_Baseline
133080,17,491,446,5.31,3,133080,34,Desenho,Feliz,1280,Janela_Baseline
133097,17,496,430,5.29,3,133097,34,Desenho,Feliz,1297,Janela_Baseline
133114,17,491,479,5.36,3,133114,34,Desenho,Feliz,1314,Exposicao_Face
133130,17,490,446,5.29,3,133130,34,Desenho,Feliz,1330,Exposicao_Face
133147,17,495,443,5.28,3,133147,34,Desenho,Feliz,1347,Exposicao_Face
133164,17,495,463,5.37,3,133164,34,Desenho,Feliz,1364,Exposicao_Face
133180,17,495,428,5.26,3,133180,34,Desenho,Feliz,1380,Exposicao_Face
133197,17,481,463,5.29,3,133197,34,Desenho,Feliz,1397,Exposicao_Face
133213,17,486,469,5.33,3,133213,34,Desenho,Feliz,1413,Exposicao_Face
133230,17,474,483,5.28,3,133230,34,Desenho,Feliz,1430,Exposicao_Face
133247,17,480,479,5.33,3,133247,34,Desenho,Feliz,1447,Exposicao_Face
133263,17,460,492,5.31,3,133263,34,Desenho,Feliz,1463,Exposicao_Face
133280,17,487,476,5.29,3,133280,34,Desenho,Feliz,1480,Exposicao_Face
133297,17,468,481,5.33,3,133297,34,Desenho,Feliz,1497,Exposicao_Face
133313,17,468,478,5.29,3,133313,34,Desenho,Feliz,1513,Exposicao_Face
133330,17,479,491,5.29,3,133330,34,Desenho,Feliz,1530,Exposicao_Face
133347,17,480,502,5.36,3,133347,34,Desenho,Feliz,1547,Exposicao_Face
133363,17,478,482,5.31,3,133363,34,Desenho,Feliz,1563,Exposicao_Face
133380,17,462,487,5.31,3,133380,34,Desenho,Feliz,1580,Exposicao_Face
133396,17,485,492,5.29,3,133396,34,Desenho,Feliz,1596,Exposicao_Face
133413,17,480,506,5.36,3,133413,34,Desenho,Feliz,1613,Exposicao_Face
133430,17,466,501,5.39,3,133430,34,Desenho,Feliz,1630,Exposicao_Face
133446,17,486,494,5.34,3,133446,34,Desenho,Feliz,1646,Exposicao_Face
133463,17,481,520,5.34,3,133463,34,Desenho,Feliz,1663,Exposicao_Face
133480,17,457,504,5.29,3,133480,34,Desenho,Feliz,1680,Exposicao_Face
133496,17,462,479,5.31,3,133496,34,Desenho,Feliz,1696,Exposicao_Face
133513,17,468,482,5.29,3,133513,34,Desenho,Feliz,1713,Exposicao_Face
133530,17,483,498,5.34,3,133530,34,Desenho,Feliz,1730,Exposicao_Face
133546,17,474,495,5.31,3,133546,34,Desenho,Feliz,1746,Exposicao_Face
133563,17,447,498,5.33,3,133563,34,Desenho,Feliz,1763,Exposicao_Face
133579,17,475,491,5.31,3,133579,34,Desenho,Feliz,1779,Exposicao_Face
133596,17,485,488,5.28,3,133596,34,Desenho,Feliz,1796,Exposicao_Face
133613,17,488,487,5.34,3,133613,34,Desenho,Feliz,1813,Exposicao_Face
133629,17,489,464,5.28,3,133629,34,Desenho,Feliz,1829,Exposicao_Face
133646,17,470,499,5.31,3,133646,34,Desenho,Feliz,1846,Exposicao_Face
133663,17,463,490,5.34,3,133663,34,Desenho,Feliz,1863,Exposicao_Face
133679,17,465,526,5.37,3,133679,34,Desenho,Feliz,1879,Exposicao_Face
133696,17,476,516,5.37,3,133696,34,Desenho,Feliz,1896,Exposicao_Face
133713,17,473,493,5.29,3,133713,34,Desenho,Feliz,1913,Exposicao_Face
133729,17,460,507,5.39,3,133729,34,Desenho,Feliz,1929,Exposicao_Face
133746,17,466,500,5.31,3,133746,34,Desenho,Feliz,1946,Exposicao_Face
133762,17,489,513,5.37,3,133762,34,Desenho,Feliz,1962,Exposicao_Face
133779,17,483,500,5.39,3,133779,34,Desenho,Feliz,1979,Exposicao_Face
133796,17,449,384,5.31,2,133796,34,Desenho,Feliz,1996,Exposicao_Face
133812,17,454,371,5.36,2,133812,34,Desenho,Feliz,2012,Exposicao_Face
133829,17,462,376,5.39,2,133829,34,Desenho,Feliz,2029,Exposicao_Face
133846,17,442,373,5.41,2,133846,34,Desenho,Feliz,2046,Exposicao_Face
133862,17,450,359,5.36,1,133862,34,Desenho,Feliz,2062,Exposicao_Face
133879,17,444,367,5.41,2,133879,34,Desenho,Feliz,2079,Exposicao_Face
133896,17,436,369,5.39,2,133896,34,Desenho,Feliz,2096,Exposicao_Face
133912,17,443,369,5.39,2,133912,34,Desenho,Feliz,2112,Exposicao_Face
133929,17,429,375,5.41,2,133929,34,Desenho,Feliz,2129,Exposicao_Face
133945,17,444,373,5.41,2,133945,34,Desenho,Feliz,2145,Exposicao_Face
133962,17,433,386,5.41,2,133962,34,Desenho,Feliz,2162,Exposicao_Face
133979,17,467,396,5.45,2,133979,34,Desenho,Feliz,2179,Exposicao_Face
133995,17,470,379,5.44,2,133995,34,Desenho,Feliz,2195,Exposicao_Face
134012,17,468,363,5.39,0,134012,34,Desenho,Feliz,2212,Exposicao_Face
134029,17,472,365,5.41,2,134029,34,Desenho,Feliz,2229,Exposicao_Face
134045,17,438,385,5.45,2,134045,34,Desenho,Feliz,2245,Exposicao_Face
134062,17,461,371,5.45,2,134062,34,Desenho,Feliz,2262,Exposicao_Face
134078,17,461,367,5.47,2,134078,34,Desenho,Feliz,2278,Exposicao_Face
134095,17,461,342,5.39,1,134095,34,Desenho,Feliz,2295,Exposicao_Face
134112,17,475,352,5.42,1,134112,34,Desenho,Feliz,2312,Exposicao_Face
134128,17,476,353,5.39,1,134128,34,Desenho,Feliz,2328,Exposicao_Face
134145,17,437,392,5.47,2,134145,34,Desenho,Feliz,2345,Exposicao_Face
134162,17,482,370,5.41,2,134162,34,Desenho,Feliz,2362,Exposicao_Face
134178,17,441,378,5.41,2,134178,34,Desenho,Feliz,2378,Exposicao_Face
134195,17,464,379,5.42,2,134195,34,Desenho,Feliz,2395,Exposicao_Face
134212,17,440,373,5.42,2,134212,34,Desenho,Feliz,2412,Exposicao_Face
134228,17,471,391,5.41,2,134228,34,Desenho,Feliz,2428,Exposicao_Face
134245,17,470,358,5.39,1,134245,34,Desenho,Feliz,2445,Exposicao_Face
134261,17,455,380,5.42,2,134261,34,Desenho,Feliz,2461,Exposicao_Face
134278,17,463,356,5.41,1,134278,34,Desenho,Feliz,2478,Exposicao_Face
134295,17,441,374,5.41,2,134295,34,Desenho,Feliz,2495,Exposicao_Face
134311,17,441,398,5.41,2,134311,34,Desenho,Feliz,2511,Exposicao_Face
134328,17,438,381,5.42,2,134328,34,Desenho,Feliz,2528,Exposicao_Face
134345,17,464,369,5.44,2,134345,34,Desenho,Feliz,2545,Exposicao_Face
134361,17,476,362,5.37,1,134361,34,Desenho,Feliz,2561,Exposicao_Face
134378,17,461,348,5.34,1,134378,34,Desenho,Feliz,2578,Exposicao_Face
134395,17,467,360,5.42,1,134395,34,Desenho,Feliz,2595,Exposicao_Face
134411,17,465,379,5.39,2,134411,34,Desenho,Feliz,2611,Exposicao_Face
134428,17,448,378,5.41,2,134428,34,Desenho,Feliz,2628,Exposicao_Face
134444,17,453,374,5.39,2,134444,34,Desenho,Feliz,2644,Exposicao_Face
134461,17,456,376,5.39,2,134461,34,Desenho,Feliz,2661,Exposicao_Face
134478,17,461,359,5.33,1,134478,34,Desenho,Feliz,2678,Exposicao_Face
134494,17,467,391,5.34,2,134494,34,Desenho,Feliz,2694,Exposicao_Face
134511,17,454,364,5.37,2,134511,34,Desenho,Feliz,2711,Exposicao_Face
134528,17,456,388,5.36,2,134528,34,Desenho,Feliz,2728,Exposicao_Face
134544,17,460,372,5.34,2,134544,34,Desenho,Feliz,2744,Exposicao_Face
134561,17,462,365,5.31,2,134561,34,Desenho,Feliz,2761,Exposicao_Face
134578,17,458,379,5.36,2,134578,34,Desenho,Feliz,2778,Exposicao_Face
134594,17,462,379,5.36,2,134594,34,Desenho,Feliz,2794,Exposicao_Face
134611,17,447,512,5.31,3,134611,34,Desenho,Feliz,2811,Exposicao_Face
134827,216,521,310,-1.0,1,134827,34,Desenho,Feliz,3027,Exposicao_Face
134844,17,530,995,0.0,0,134844,34,Desenho,Feliz,3044,Exposicao_Face
134860,17,264,847,6.74,0,134860,34,Desenho,Feliz,3060,Exposicao_Face
134877,17,523,486,5.53,3,134877,34,Desenho,Feliz,3077,Exposicao_Face
134894,17,548,291,5.29,1,134894,34,Desenho,Feliz,3094,Exposicao_Face
134910,17,509,268,5.28,1,134910,34,Desenho,Feliz,3110,Exposicao_Face
134927,17,540,290,5.31,1,134927,34,Desenho,Feliz,3127,Exposicao_Face
134944,17,538,233,5.39,1,134944,34,Desenho,Feliz,3144,Exposicao_Face
134960,17,539,250,5.34,1,134960,34,Desenho,Feliz,3160,Exposicao_Face
134977,17,541,223,5.34,1,134977,34,Desenho,Feliz,3177,Exposicao_Face
134993,17,529,368,5.34,2,134993,34,Desenho,Feliz,3193,Exposicao_Face
135010,17,526,349,5.33,1,135010,34,Desenho,Feliz,3210,Exposicao_Face
135027,17,527,377,5.37,2,135027,34,Desenho,Feliz,3227,Exposicao_Face
135043,17,521,365,5.41,2,135043,34,Desenho,Feliz,3243,Exposicao_Face
135060,17,528,358,5.34,1,135060,34,Desenho,Feliz,3260,Exposicao_Face
135077,17,541,397,5.41,2,135077,34,Desenho,Feliz,3277,Exposicao_Face
135093,17,514,382,5.41,2,135093,34,Desenho,Feliz,3293,Exposicao_Face
135110,17,537,365,5.39,2,135110,34,Desenho,Feliz,3310,Exposicao_Face
135127,17,521,370,5.41,2,135127,34,Desenho,Feliz,3327,Exposicao_Face
135143,17,517,368,5.39,2,135143,34,Desenho,Feliz,3343,Exposicao_Face
135160,17,515,450,5.39,3,135160,34,Desenho,Feliz,3360,Exposicao_Face
135176,17,513,448,5.37,3,135176,34,Desenho,Feliz,3376,Exposicao_Face
135193,17,494,446,5.34,3,135193,34,Desenho,Feliz,3393,Exposicao_Face
135210,17,500,456,5.28,3,135210,34,Desenho,Feliz,3410,Exposicao_Face
135226,17,505,462,5.34,3,135226,34,Desenho,Feliz,3426,Exposicao_Face
135243,17,514,456,5.33,3,135243,34,Desenho,Feliz,3443,Exposicao_Face
135260,17,502,463,5.29,3,135260,34,Desenho,Feliz,3460,Exposicao_Face
135276,17,497,460,5.29,3,135276,34,Desenho,Feliz,3476,Exposicao_Face
135293,17,508,469,5.28,3,135293,34,Desenho,Feliz,3493,Exposicao_Face
135309,17,491,476,5.33,3,135309,34,Desenho,Feliz,3509,Exposicao_Face
135326,17,499,492,5.29,3,135326,34,Desenho,Feliz,3526,Exposicao_Face
135343,17,505,474,5.25,3,135343,34,Desenho,Feliz,3543,Exposicao_Face
135359,17,511,453,5.28,3,135359,34,Desenho,Feliz,3559,Exposicao_Face
135376,17,511,471,5.26,3,135376,34,Desenho,Feliz,3576,Exposicao_Face
135393,17,508,476,5.28,3,135393,34,Desenho,Feliz,3593,Exposicao_Face
135426,33,495,478,5.26,3,135426,34,Desenho,Feliz,3626,Exposicao_Face
135426,0,495,478,5.26,3,135426,34,Desenho,Feliz,3626,Exposicao_Face
135443,17,505,465,5.26,3,135443,34,Desenho,Feliz,3643,Exposicao_Face
135459,17,504,484,5.26,3,135459,34,Desenho,Feliz,3659,Exposicao_Face
135476,17,507,493,5.28,3,135476,34,Desenho,Feliz,3676,Exposicao_Face
135492,17,507,419,5.26,3,135492,34,Desenho,Feliz,3692,Exposicao_Face
135509,17,516,419,5.26,3,135509,34,Desenho,Feliz,3709,Exposicao_Face
135526,17,511,409,5.26,2,135526,34,Desenho,Feliz,3726,Exposicao_Face
135542,17,507,400,5.25,2,135542,34,Desenho,Feliz,3742,Exposicao_Face
135559,17,514,414,5.26,5,135559,34,Desenho,Feliz,3759,Exposicao_Face
135576,17,519,406,5.23,2,135576,34,Desenho,Feliz,3776,Exposicao_Face
135592,17,517,379,5.18,2,135592,34,Desenho,Feliz,3792,Exposicao_Face
135609,17,522,394,5.15,2,135609,34,Desenho,Feliz,3809,Exposicao_Face
135626,17,512,397,5.15,2,135626,34,Desenho,Feliz,3826,Exposicao_Face
135642,17,514,382,5.15,2,135642,34,Desenho,Feliz,3842,Exposicao_Face
135659,17,514,392,5.18,2,135659,34,Desenho,Feliz,3859,Exposicao_Face
135675,17,528,402,5.13,2,135675,34,Desenho,Feliz,3875,Exposicao_Face
135692,17,513,414,5.23,5,135692,34,Desenho,Feliz,3892,Exposicao_Face
135709,17,514,377,5.17,2,135709,34,Desenho,Feliz,3909,Exposicao_Face
135725,17,513,366,5.13,2,135725,34,Desenho,Feliz,3925,Exposicao_Face
135742,17,514,387,5.17,2,135742,34,Desenho,Feliz,3942,Exposicao_Face
135759,17,515,398,5.2,2,135759,34,Desenho,Feliz,3959,Exposicao_Face
135775,17,513,386,5.15,2,135775,34,Desenho,Feliz,3975,Exposicao_Face
135792,17,513,371,5.18,2,135792,34,Desenho,Feliz,3992,Exposicao_Face
135809,17,512,392,5.25,2,135809,35,Desenho,Neutro,9,Janela_Baseline
135825,17,516,401,5.21,2,135825,35,Desenho,Neutro,25,Janela_Baseline
135842,17,516,391,5.18,2,135842,35,Desenho,Neutro,42,Janela_Baseline
135858,17,512,386,5.23,2,135858,35,Desenho,Neutro,58,Janela_Baseline
135875,17,520,381,5.23,2,135875,35,Desenho,Neutro,75,Janela_Baseline
135892,17,519,368,5.17,2,135892,35,Desenho,Neutro,92,Janela_Baseline
135908,17,518,390,5.23,2,135908,35,Desenho,Neutro,108,Janela_Baseline
135925,17,515,368,5.25,2,135925,35,Desenho,Neutro,125,Janela_Baseline
135942,17,517,359,5.2,1,135942,35,Desenho,Neutro,142,Janela_Baseline
135958,17,512,366,5.26,2,135958,35,Desenho,Neutro,158,Janela_Baseline
135975,17,513,387,5.29,2,135975,35,Desenho,Neutro,175,Janela_Baseline
135992,17,521,377,5.26,2,135992,35,Desenho,Neutro,192,Janela_Baseline
136008,17,518,367,5.18,2,136008,35,Desenho,Neutro,208,Janela_Baseline
136025,17,520,372,5.26,2,136025,35,Desenho,Neutro,225,Janela_Baseline
136041,17,517,385,5.31,2,136041,35,Desenho,Neutro,241,Janela_Baseline
136058,17,520,368,5.28,2,136058,35,Desenho,Neutro,258,Janela_Baseline
136075,17,510,386,5.26,2,136075,35,Desenho,Neutro,275,Janela_Baseline
136091,17,523,376,5.28,2,136091,35,Desenho,Neutro,291,Janela_Baseline
136108,17,542,382,5.34,2,136108,35,Desenho,Neutro,308,Janela_Baseline
136125,17,517,365,5.29,2,136125,35,Desenho,Neutro,325,Janela_Baseline
136141,17,522,362,5.26,1,136141,35,Desenho,Neutro,341,Janela_Baseline
136158,17,519,357,5.29,1,136158,35,Desenho,Neutro,358,Janela_Baseline
136175,17,509,384,5.33,2,136175,35,Desenho,Neutro,375,Janela_Baseline
136191,17,529,366,5.31,2,136191,35,Desenho,Neutro,391,Janela_Baseline
136208,17,518,371,5.29,2,136208,35,Desenho,Neutro,408,Janela_Baseline
136224,17,519,375,5.33,2,136224,35,Desenho,Neutro,424,Janela_Baseline
136241,17,517,377,5.29,2,136241,35,Desenho,Neutro,441,Janela_Baseline
136258,17,522,370,5.29,2,136258,35,Desenho,Neutro,458,Janela_Baseline
136274,17,518,364,5.26,2,136274,35,Desenho,Neutro,474,Janela_Baseline
136291,17,516,364,5.29,2,136291,35,Desenho,Neutro,491,Janela_Baseline
136308,17,517,373,5.33,2,136308,35,Desenho,Neutro,508,Janela_Baseline
136324,17,518,367,5.33,2,136324,35,Desenho,Neutro,524,Janela_Baseline
136341,17,524,367,5.28,2,136341,35,Desenho,Neutro,541,Janela_Baseline
136357,17,517,395,5.39,2,136357,35,Desenho,Neutro,557,Janela_Baseline
136374,17,513,379,5.37,2,136374,35,Desenho,Neutro,574,Janela_Baseline
136391,17,512,407,5.36,2,136391,35,Desenho,Neutro,591,Janela_Baseline
136407,17,523,365,5.39,2,136407,35,Desenho,Neutro,607,Janela_Baseline
136674,266,480,342,-1.0,1,136674,35,Desenho,Neutro,874,Janela_Baseline
136740,67,491,320,-1.0,1,136740,35,Desenho,Neutro,940,Janela_Baseline
136757,17,522,919,0.0,0,136757,35,Desenho,Neutro,957,Janela_Baseline
136773,17,177,662,7.12,3,136773,35,Desenho,Neutro,973,Janela_Baseline
136790,17,488,684,7.64,3,136790,35,Desenho,Neutro,990,Janela_Baseline
136807,17,498,454,7.2,3,136807,35,Desenho,Neutro,1007,Janela_Baseline
136823,17,498,441,5.37,3,136823,35,Desenho,Neutro,1023,Janela_Baseline
136840,17,504,366,5.29,2,136840,35,Desenho,Neutro,1040,Janela_Baseline
136857,17,506,352,5.44,1,136857,35,Desenho,Neutro,1057,Janela_Baseline
136873,17,504,282,5.39,1,136873,35,Desenho,Neutro,1073,Janela_Baseline
136890,17,508,331,5.41,1,136890,35,Desenho,Neutro,1090,Janela_Baseline
136906,17,518,364,5.34,2,136906,35,Desenho,Neutro,1106,Janela_Baseline
136923,17,504,335,5.37,1,136923,35,Desenho,Neutro,1123,Janela_Baseline
136940,17,509,299,5.39,1,136940,35,Desenho,Neutro,1140,Janela_Baseline
136956,17,511,377,5.42,2,136956,35,Desenho,Neutro,1156,Janela_Baseline
136973,17,524,297,5.39,1,136973,35,Desenho,Neutro,1173,Janela_Baseline
136990,17,518,330,5.44,1,136990,35,Desenho,Neutro,1190,Janela_Baseline
137006,17,520,322,5.45,1,137006,35,Desenho,Neutro,1206,Janela_Baseline
137023,17,527,270,5.41,1,137023,35,Desenho,Neutro,1223,Janela_Baseline
137040,17,499,396,5.47,2,137040,35,Desenho,Neutro,1240,Janela_Baseline
137056,17,511,314,5.42,1,137056,35,Desenho,Neutro,1256,Janela_Baseline
137073,17,492,361,5.39,1,137073,35,Desenho,Neutro,1273,Janela_Baseline
137089,17,502,391,5.39,2,137089,35,Desenho,Neutro,1289,Janela_Baseline
137106,17,510,417,5.33,3,137106,35,Desenho,Neutro,1306,Exposicao_Face
137123,17,505,417,5.28,3,137123,35,Desenho,Neutro,1323,Exposicao_Face
137139,17,509,427,5.29,3,137139,35,Desenho,Neutro,1339,Exposicao_Face
137156,17,497,418,5.28,3,137156,35,Desenho,Neutro,1356,Exposicao_Face
137173,17,504,430,5.33,3,137173,35,Desenho,Neutro,1373,Exposicao_Face
137189,17,503,425,5.29,3,137189,35,Desenho,Neutro,1389,Exposicao_Face
137206,17,505,423,5.26,3,137206,35,Desenho,Neutro,1406,Exposicao_Face
137223,17,488,457,5.36,3,137223,35,Desenho,Neutro,1423,Exposicao_Face
137239,17,497,417,5.23,3,137239,35,Desenho,Neutro,1439,Exposicao_Face
137256,17,505,439,5.29,3,137256,35,Desenho,Neutro,1456,Exposicao_Face
137272,17,502,430,5.25,3,137272,35,Desenho,Neutro,1472,Exposicao_Face
137289,17,500,431,5.31,3,137289,35,Desenho,Neutro,1489,Exposicao_Face
137306,17,505,416,5.25,3,137306,35,Desenho,Neutro,1506,Exposicao_Face
137322,17,507,420,5.25,3,137322,35,Desenho,Neutro,1522,Exposicao_Face
137339,17,501,448,5.25,3,137339,35,Desenho,Neutro,1539,Exposicao_Face
137356,17,505,423,5.26,3,137356,35,Desenho,Neutro,1556,Exposicao_Face
137372,17,507,418,5.21,3,137372,35,Desenho,Neutro,1572,Exposicao_Face
137389,17,502,414,5.23,5,137389,35,Desenho,Neutro,1589,Exposicao_Face
137406,17,507,407,5.25,2,137406,35,Desenho,Neutro,1606,Exposicao_Face
137422,17,508,385,5.23,2,137422,35,Desenho,Neutro,1622,Exposicao_Face
137439,17,478,753,5.25,3,137439,35,Desenho,Neutro,1639,Exposicao_Face
137755,316,470,400,-1.0,2,137755,35,Desenho,Neutro,1955,Exposicao_Face
137771,17,482,332,-1.0,1,137771,35,Desenho,Neutro,1971,Exposicao_Face
137788,17,483,355,-1.0,1,137788,35,Desenho,Neutro,1988,Exposicao_Face
137821,33,473,939,7.27,0,137821,35,Desenho,Neutro,2021,Exposicao_Face
137838,17,482,758,7.14,3,137838,35,Desenho,Neutro,2038,Exposicao_Face
137855,17,473,738,7.3,3,137855,35,Desenho,Neutro,2055,Exposicao_Face
137871,17,485,655,7.23,3,137871,35,Desenho,Neutro,2071,Exposicao_Face
137888,17,496,514,7.09,3,137888,35,Desenho,Neutro,2088,Exposicao_Face
137905,17,496,432,5.31,3,137905,35,Desenho,Neutro,2105,Exposicao_Face
137921,17,501,391,5.37,2,137921,35,Desenho,Neutro,2121,Exposicao_Face
137938,17,498,377,5.33,2,137938,35,Desenho,Neutro,2138,Exposicao_Face
137954,17,505,321,5.41,1,137954,35,Desenho,Neutro,2154,Exposicao_Face
137971,17,501,321,5.37,1,137971,35,Desenho,Neutro,2171,Exposicao_Face
137988,17,504,344,5.41,1,137988,35,Desenho,Neutro,2188,Exposicao_Face
138004,17,512,302,5.42,1,138004,35,Desenho,Neutro,2204,Exposicao_Face
138021,17,514,357,5.41,1,138021,35,Desenho,Neutro,2221,Exposicao_Face
138038,17,525,324,5.42,1,138038,35,Desenho,Neutro,2238,Exposicao_Face
138054,17,519,327,5.41,1,138054,35,Desenho,Neutro,2254,Exposicao_Face
138071,17,511,289,5.42,1,138071,35,Desenho,Neutro,2271,Exposicao_Face
138088,17,509,345,5.44,1,138088,35,Desenho,Neutro,2288,Exposicao_Face
138104,17,505,313,5.39,1,138104,35,Desenho,Neutro,2304,Exposicao_Face
138121,17,520,272,5.42,1,138121,35,Desenho,Neutro,2321,Exposicao_Face
138137,17,520,285,5.39,1,138137,35,Desenho,Neutro,2337,Exposicao_Face
138154,17,517,279,5.39,1,138154,35,Desenho,Neutro,2354,Exposicao_Face
138171,17,505,375,5.39,2,138171,35,Desenho,Neutro,2371,Exposicao_Face
138187,17,517,312,5.39,1,138187,35,Desenho,Neutro,2387,Exposicao_Face
138204,17,516,367,5.37,2,138204,35,Desenho,Neutro,2404,Exposicao_Face
138221,17,517,375,5.34,2,138221,35,Desenho,Neutro,2421,Exposicao_Face
138237,17,515,394,5.29,2,138237,35,Desenho,Neutro,2437,Exposicao_Face
138254,17,512,406,5.37,2,138254,35,Desenho,Neutro,2454,Exposicao_Face
138271,17,528,390,5.34,2,138271,35,Desenho,Neutro,2471,Exposicao_Face
138287,17,518,400,5.29,2,138287,35,Desenho,Neutro,2487,Exposicao_Face
138304,17,510,398,5.29,2,138304,35,Desenho,Neutro,2504,Exposicao_Face
138320,17,508,422,5.28,3,138320,35,Desenho,Neutro,2520,Exposicao_Face
138337,17,506,404,5.21,2,138337,35,Desenho,Neutro,2537,Exposicao_Face
138354,17,507,402,5.18,2,138354,35,Desenho,Neutro,2554,Exposicao_Face
138370,17,503,418,5.17,3,138370,35,Desenho,Neutro,2570,Exposicao_Face
138387,17,510,429,5.18,3,138387,35,Desenho,Neutro,2587,Exposicao_Face
138404,17,511,425,5.21,3,138404,35,Desenho,Neutro,2604,Exposicao_Face
138420,17,511,433,5.18,3,138420,35,Desenho,Neutro,2620,Exposicao_Face
138437,17,512,423,5.12,3,138437,35,Desenho,Neutro,2637,Exposicao_Face
138454,17,510,409,5.12,2,138454,35,Desenho,Neutro,2654,Exposicao_Face
138470,17,509,430,5.13,3,138470,35,Desenho,Neutro,2670,Exposicao_Face
138487,17,507,394,5.15,2,138487,35,Desenho,Neutro,2687,Exposicao_Face
138503,17,509,403,5.13,2,138503,35,Desenho,Neutro,2703,Exposicao_Face
138520,17,515,409,5.13,2,138520,35,Desenho,Neutro,2720,Exposicao_Face
138537,17,517,385,5.09,2,138537,35,Desenho,Neutro,2737,Exposicao_Face
138553,17,510,396,5.04,2,138553,35,Desenho,Neutro,2753,Exposicao_Face
138570,17,508,411,5.13,2,138570,35,Desenho,Neutro,2770,Exposicao_Face
138587,17,508,439,5.12,3,138587,35,Desenho,Neutro,2787,Exposicao_Face
138603,17,511,406,5.07,2,138603,35,Desenho,Neutro,2803,Exposicao_Face
138620,17,511,396,5.05,2,138620,35,Desenho,Neutro,2820,Exposicao_Face
138636,17,510,442,5.12,3,138636,35,Desenho,Neutro,2836,Exposicao_Face
138653,17,509,423,5.13,3,138653,35,Desenho,Neutro,2853,Exposicao_Face
138670,17,521,415,5.05,5,138670,35,Desenho,Neutro,2870,Exposicao_Face
138686,17,506,404,5.13,2,138686,35,Desenho,Neutro,2886,Exposicao_Face
138703,17,507,406,5.1,2,138703,35,Desenho,Neutro,2903,Exposicao_Face
138720,17,508,412,5.1,2,138720,35,Desenho,Neutro,2920,Exposicao_Face
138736,17,509,407,5.09,2,138736,35,Desenho,Neutro,2936,Exposicao_Face
138753,17,507,424,5.15,3,138753,35,Desenho,Neutro,2953,Exposicao_Face
138770,17,510,404,5.1,2,138770,35,Desenho,Neutro,2970,Exposicao_Face
138786,17,510,393,5.15,2,138786,35,Desenho,Neutro,2986,Exposicao_Face
138803,17,506,402,5.18,2,138803,35,Desenho,Neutro,3003,Exposicao_Face
138819,17,509,401,5.23,2,138819,35,Desenho,Neutro,3019,Exposicao_Face
138836,17,510,412,5.21,2,138836,35,Desenho,Neutro,3036,Exposicao_Face
138853,17,508,406,5.28,2,138853,35,Desenho,Neutro,3053,Exposicao_Face
138869,17,512,413,5.23,2,138869,35,Desenho,Neutro,3069,Exposicao_Face
138886,17,517,397,5.26,2,138886,35,Desenho,Neutro,3086,Exposicao_Face
138903,17,513,400,5.26,2,138903,35,Desenho,Neutro,3103,Exposicao_Face
138919,17,507,412,5.29,2,138919,35,Desenho,Neutro,3119,Exposicao_Face
138936,17,510,401,5.33,2,138936,35,Desenho,Neutro,3136,Exposicao_Face
138953,17,520,400,5.28,2,138953,35,Desenho,Neutro,3153,Exposicao_Face
138969,17,520,412,5.29,2,138969,35,Desenho,Neutro,3169,Exposicao_Face
138986,17,513,405,5.31,2,138986,35,Desenho,Neutro,3186,Exposicao_Face
139002,17,519,364,5.25,2,139002,35,Desenho,Neutro,3202,Exposicao_Face
139019,17,520,396,5.33,2,139019,35,Desenho,Neutro,3219,Exposicao_Face
139036,17,520,386,5.29,2,139036,35,Desenho,Neutro,3236,Exposicao_Face
139052,17,522,408,5.39,2,139052,35,Desenho,Neutro,3252,Exposicao_Face
139069,17,519,392,5.36,2,139069,35,Desenho,Neutro,3269,Exposicao_Face
139086,17,536,371,5.34,2,139086,35,Desenho,Neutro,3286,Exposicao_Face
139102,17,519,399,5.31,2,139102,35,Desenho,Neutro,3302,Exposicao_Face
139119,17,510,383,5.39,2,139119,35,Desenho,Neutro,3319,Exposicao_Face
139136,17,521,367,5.36,2,139136,35,Desenho,Neutro,3336,Exposicao_Face
139152,17,522,378,5.41,2,139152,35,Desenho,Neutro,3352,Exposicao_Face
139169,17,544,361,5.39,1,139169,35,Desenho,Neutro,3369,Exposicao_Face
139185,17,535,351,5.37,1,139185,35,Desenho,Neutro,3385,Exposicao_Face
139202,17,530,359,5.45,1,139202,35,Desenho,Neutro,3402,Exposicao_Face
139219,17,553,353,5.36,1,139219,35,Desenho,Neutro,3419,Exposicao_Face
139235,17,531,368,5.42,2,139235,35,Desenho,Neutro,3435,Exposicao_Face
139252,17,550,379,5.45,2,139252,35,Desenho,Neutro,3452,Exposicao_Face
139269,17,548,389,5.39,2,139269,35,Desenho,Neutro,3469,Exposicao_Face
139285,17,545,368,5.39,2,139285,35,Desenho,Neutro,3485,Exposicao_Face
139302,17,550,379,5.39,2,139302,35,Desenho,Neutro,3502,Exposicao_Face
139319,17,549,361,5.41,1,139319,35,Desenho,Neutro,3519,Exposicao_Face
139335,17,549,331,5.41,1,139335,35,Desenho,Neutro,3535,Exposicao_Face
139352,17,543,380,5.39,2,139352,35,Desenho,Neutro,3552,Exposicao_Face
139368,17,552,389,5.45,2,139368,35,Desenho,Neutro,3568,Exposicao_Face
139385,17,548,369,5.44,2,139385,35,Desenho,Neutro,3585,Exposicao_Face
139402,17,555,333,5.42,1,139402,35,Desenho,Neutro,3602,Exposicao_Face
139418,17,550,369,5.44,2,139418,35,Desenho,Neutro,3618,Exposicao_Face
139435,17,547,315,5.41,1,139435,35,Desenho,Neutro,3635,Exposicao_Face
139452,17,519,370,5.52,2,139452,35,Desenho,Neutro,3652,Exposicao_Face
139468,17,527,372,5.47,2,139468,35,Desenho,Neutro,3668,Exposicao_Face
139485,17,548,375,5.52,2,139485,35,Desenho,Neutro,3685,Exposicao_Face
139502,17,546,370,5.53,2,139502,35,Desenho,Neutro,3702,Exposicao_Face
139518,17,544,347,5.52,1,139518,35,Desenho,Neutro,3718,Exposicao_Face
139535,17,544,364,5.52,2,139535,35,Desenho,Neutro,3735,Exposicao_Face
139585,50,547,381,5.53,2,139585,35,Desenho,Neutro,3785,Exposicao_Face
139601,17,522,390,5.57,2,139601,35,Desenho,Neutro,3801,Exposicao_Face
139618,17,540,377,5.52,2,139618,35,Desenho,Neutro,3818,Exposicao_Face
139635,17,545,302,5.52,1,139635,35,Desenho,Neutro,3835,Exposicao_Face
139651,17,521,537,5.5,3,139651,35,Desenho,Neutro,3851,Exposicao_Face
139668,17,479,913,6.46,0,139668,35,Desenho,Neutro,3868,Exposicao_Face
139685,17,496,645,0.0,3,139685,35,Desenho,Neutro,3885,Exposicao_Face
139884,200,554,635,0.0,3,139884,36,Desenho,Raiva,84,Janela_Baseline
139951,67,511,399,-1.0,2,139951,36,Desenho,Raiva,151,Janela_Baseline
139967,17,559,1041,0.0,0,139967,36,Desenho,Raiva,167,Janela_Baseline
139984,17,532,381,-1.0,2,139984,36,Desenho,Raiva,184,Janela_Baseline
140001,17,522,383,-1.0,2,140001,36,Desenho,Raiva,201,Janela_Baseline
140017,17,510,806,7.38,0,140017,36,Desenho,Raiva,217,Janela_Baseline
140034,17,527,533,5.39,3,140034,36,Desenho,Raiva,234,Janela_Baseline
140050,17,522,515,5.41,3,140050,36,Desenho,Raiva,250,Janela_Baseline
140067,17,529,462,5.39,3,140067,36,Desenho,Raiva,267,Janela_Baseline
140084,17,531,400,5.41,2,140084,36,Desenho,Raiva,284,Janela_Baseline
140100,17,529,416,5.47,3,140100,36,Desenho,Raiva,300,Janela_Baseline
140117,17,533,439,5.41,3,140117,36,Desenho,Raiva,317,Janela_Baseline
140134,17,531,467,5.44,3,140134,36,Desenho,Raiva,334,Janela_Baseline
140150,17,542,352,5.39,1,140150,36,Desenho,Raiva,350,Janela_Baseline
140167,17,537,318,5.44,1,140167,36,Desenho,Raiva,367,Janela_Baseline
140184,17,549,402,5.49,2,140184,36,Desenho,Raiva,384,Janela_Baseline
140200,17,544,321,5.44,1,140200,36,Desenho,Raiva,400,Janela_Baseline
140217,17,549,314,5.45,1,140217,36,Desenho,Raiva,417,Janela_Baseline
140233,17,546,313,5.37,1,140233,36,Desenho,Raiva,433,Janela_Baseline
140250,17,551,396,5.39,2,140250,36,Desenho,Raiva,450,Janela_Baseline
140267,17,539,331,5.39,1,140267,36,Desenho,Raiva,467,Janela_Baseline
140283,17,530,421,5.39,3,140283,36,Desenho,Raiva,483,Janela_Baseline
140300,17,551,422,5.39,3,140300,36,Desenho,Raiva,500,Janela_Baseline
140317,17,541,432,5.37,3,140317,36,Desenho,Raiva,517,Janela_Baseline
140333,17,543,427,5.33,3,140333,36,Desenho,Raiva,533,Janela_Baseline
140350,17,546,416,5.28,3,140350,36,Desenho,Raiva,550,Janela_Baseline
140367,17,534,416,5.26,3,140367,36,Desenho,Raiva,567,Janela_Baseline
140383,17,542,423,5.25,3,140383,36,Desenho,Raiva,583,Janela_Baseline
140400,17,542,421,5.18,3,140400,36,Desenho,Raiva,600,Janela_Baseline
140416,17,540,412,5.2,2,140416,36,Desenho,Raiva,616,Janela_Baseline
140433,17,544,425,5.15,3,140433,36,Desenho,Raiva,633,Janela_Baseline
140450,17,547,415,5.15,5,140450,36,Desenho,Raiva,650,Janela_Baseline
140466,17,542,428,5.18,3,140466,36,Desenho,Raiva,666,Janela_Baseline
140483,17,545,434,5.13,3,140483,36,Desenho,Raiva,683,Janela_Baseline
140500,17,545,407,5.1,2,140500,36,Desenho,Raiva,700,Janela_Baseline
140516,17,548,414,5.09,5,140516,36,Desenho,Raiva,716,Janela_Baseline
140533,17,544,423,5.09,3,140533,36,Desenho,Raiva,733,Janela_Baseline
140550,17,547,407,5.04,2,140550,36,Desenho,Raiva,750,Janela_Baseline
140566,17,546,420,5.1,3,140566,36,Desenho,Raiva,766,Janela_Baseline
140583,17,545,413,5.05,2,140583,36,Desenho,Raiva,783,Janela_Baseline
140599,17,544,407,4.99,2,140599,36,Desenho,Raiva,799,Janela_Baseline
140616,17,550,416,5.04,3,140616,36,Desenho,Raiva,816,Janela_Baseline
140633,17,545,396,5.02,2,140633,36,Desenho,Raiva,833,Janela_Baseline
140649,17,531,416,4.99,3,140649,36,Desenho,Raiva,849,Janela_Baseline
140666,17,473,358,5.01,1,140666,36,Desenho,Raiva,866,Janela_Baseline
140683,17,506,343,4.97,1,140683,36,Desenho,Raiva,883,Janela_Baseline
140699,17,468,356,4.96,1,140699,36,Desenho,Raiva,899,Janela_Baseline
140716,17,472,344,4.91,1,140716,36,Desenho,Raiva,916,Janela_Baseline
140733,17,479,354,4.94,1,140733,36,Desenho,Raiva,933,Janela_Baseline
140749,17,468,347,4.92,1,140749,36,Desenho,Raiva,949,Janela_Baseline
140766,17,465,362,4.99,1,140766,36,Desenho,Raiva,966,Janela_Baseline
140782,17,496,357,5.01,1,140782,36,Desenho,Raiva,982,Janela_Baseline
140799,17,465,351,4.99,1,140799,36,Desenho,Raiva,999,Janela_Baseline
140816,17,495,344,5.01,1,140816,36,Desenho,Raiva,1016,Janela_Baseline
140832,17,487,356,5.02,1,140832,36,Desenho,Raiva,1032,Janela_Baseline
140849,17,495,349,5.01,1,140849,36,Desenho,Raiva,1049,Janela_Baseline
140866,17,490,358,5.04,1,140866,36,Desenho,Raiva,1066,Janela_Baseline
140882,17,468,352,5.01,1,140882,36,Desenho,Raiva,1082,Janela_Baseline
140899,17,465,335,5.04,1,140899,36,Desenho,Raiva,1099,Janela_Baseline
140916,17,485,339,5.05,1,140916,36,Desenho,Raiva,1116,Janela_Baseline
140932,17,483,358,5.07,1,140932,36,Desenho,Raiva,1132,Janela_Baseline
140949,17,478,351,5.07,1,140949,36,Desenho,Raiva,1149,Janela_Baseline
140965,17,481,356,5.15,1,140965,36,Desenho,Raiva,1165,Janela_Baseline
140982,17,477,354,5.18,1,140982,36,Desenho,Raiva,1182,Janela_Baseline
140999,17,483,363,5.25,0,140999,36,Desenho,Raiva,1199,Janela_Baseline
141015,17,475,343,5.18,1,141015,36,Desenho,Raiva,1215,Janela_Baseline
141032,17,478,360,5.26,1,141032,36,Desenho,Raiva,1232,Janela_Baseline
141049,17,470,381,5.29,2,141049,36,Desenho,Raiva,1249,Janela_Baseline
141065,17,483,309,5.26,1,141065,36,Desenho,Raiva,1265,Janela_Baseline
141082,17,473,364,5.28,2,141082,36,Desenho,Raiva,1282,Janela_Baseline
141098,17,463,348,5.28,1,141098,36,Desenho,Raiva,1298,Janela_Baseline
141115,17,492,321,5.31,1,141115,36,Desenho,Raiva,1315,Exposicao_Face
141132,17,461,335,5.33,1,141132,36,Desenho,Raiva,1332,Exposicao_Face
141148,17,496,344,5.37,1,141148,36,Desenho,Raiva,1348,Exposicao_Face
141182,33,456,358,5.39,1,141182,36,Desenho,Raiva,1382,Exposicao_Face
141182,0,456,358,5.39,1,141182,36,Desenho,Raiva,1382,Exposicao_Face
141198,17,447,359,5.39,1,141198,36,Desenho,Raiva,1398,Exposicao_Face
141215,17,458,362,5.49,1,141215,36,Desenho,Raiva,1415,Exposicao_Face
141232,17,457,360,5.47,1,141232,36,Desenho,Raiva,1432,Exposicao_Face
141248,17,454,357,5.5,1,141248,36,Desenho,Raiva,1448,Exposicao_Face
141265,17,438,373,5.5,2,141265,36,Desenho,Raiva,1465,Exposicao_Face
141281,17,482,339,5.42,1,141281,36,Desenho,Raiva,1481,Exposicao_Face
141298,17,450,340,5.49,1,141298,36,Desenho,Raiva,1498,Exposicao_Face
141315,17,443,355,5.41,1,141315,36,Desenho,Raiva,1515,Exposicao_Face
141331,17,443,377,5.5,2,141331,36,Desenho,Raiva,1531,Exposicao_Face
141348,17,459,358,5.5,1,141348,36,Desenho,Raiva,1548,Exposicao_Face
141365,17,456,342,5.5,1,141365,36,Desenho,Raiva,1565,Exposicao_Face
141381,17,474,355,5.5,1,141381,36,Desenho,Raiva,1581,Exposicao_Face
141398,17,475,349,5.53,1,141398,36,Desenho,Raiva,1598,Exposicao_Face
141415,17,450,366,5.53,2,141415,36,Desenho,Raiva,1615,Exposicao_Face
141431,17,451,361,5.58,1,141431,36,Desenho,Raiva,1631,Exposicao_Face
141448,17,464,371,5.53,2,141448,36,Desenho,Raiva,1648,Exposicao_Face
141464,17,482,367,5.57,2,141464,36,Desenho,Raiva,1664,Exposicao_Face
141481,17,476,374,5.63,2,141481,36,Desenho,Raiva,1681,Exposicao_Face
141498,17,452,386,5.63,2,141498,36,Desenho,Raiva,1698,Exposicao_Face
141514,17,476,377,5.65,2,141514,36,Desenho,Raiva,1714,Exposicao_Face
141531,17,446,382,5.65,2,141531,36,Desenho,Raiva,1731,Exposicao_Face
141548,17,464,380,5.63,2,141548,36,Desenho,Raiva,1748,Exposicao_Face
141564,17,450,374,5.63,2,141564,36,Desenho,Raiva,1764,Exposicao_Face
141581,17,444,361,5.65,1,141581,36,Desenho,Raiva,1781,Exposicao_Face
141598,17,449,365,5.61,2,141598,36,Desenho,Raiva,1798,Exposicao_Face
141614,17,455,368,5.61,2,141614,36,Desenho,Raiva,1814,Exposicao_Face
141631,17,483,353,5.58,1,141631,36,Desenho,Raiva,1831,Exposicao_Face
141647,17,466,351,5.57,1,141647,36,Desenho,Raiva,1847,Exposicao_Face
141664,17,466,345,5.63,1,141664,36,Desenho,Raiva,1864,Exposicao_Face
141681,17,461,343,5.58,1,141681,36,Desenho,Raiva,1881,Exposicao_Face
141697,17,491,345,5.58,1,141697,36,Desenho,Raiva,1897,Exposicao_Face
141714,17,489,332,5.53,1,141714,36,Desenho,Raiva,1914,Exposicao_Face
141731,17,477,344,5.61,1,141731,36,Desenho,Raiva,1931,Exposicao_Face
141747,17,485,314,5.58,1,141747,36,Desenho,Raiva,1947,Exposicao_Face
141764,17,469,333,5.6,1,141764,36,Desenho,Raiva,1964,Exposicao_Face
141781,17,486,350,5.65,1,141781,36,Desenho,Raiva,1981,Exposicao_Face
141797,17,479,331,5.63,1,141797,36,Desenho,Raiva,1997,Exposicao_Face
141814,17,482,340,5.63,1,141814,36,Desenho,Raiva,2014,Exposicao_Face
141830,17,468,350,5.65,1,141830,36,Desenho,Raiva,2030,Exposicao_Face
141847,17,468,352,5.65,1,141847,36,Desenho,Raiva,2047,Exposicao_Face
141864,17,465,337,5.63,1,141864,36,Desenho,Raiva,2064,Exposicao_Face
141880,17,472,345,5.63,1,141880,36,Desenho,Raiva,2080,Exposicao_Face
141897,17,489,340,5.66,1,141897,36,Desenho,Raiva,2097,Exposicao_Face
141914,17,475,340,5.65,1,141914,36,Desenho,Raiva,2114,Exposicao_Face
141930,17,484,356,5.69,1,141930,36,Desenho,Raiva,2130,Exposicao_Face
141947,17,466,336,5.68,1,141947,36,Desenho,Raiva,2147,Exposicao_Face
141964,17,525,357,5.69,1,141964,36,Desenho,Raiva,2164,Exposicao_Face
141980,17,546,330,5.68,1,141980,36,Desenho,Raiva,2180,Exposicao_Face
141997,17,551,355,5.69,1,141997,36,Desenho,Raiva,2197,Exposicao_Face
142013,17,554,343,5.71,1,142013,36,Desenho,Raiva,2213,Exposicao_Face
142030,17,561,319,5.71,1,142030,36,Desenho,Raiva,2230,Exposicao_Face
142047,17,556,348,5.76,1,142047,36,Desenho,Raiva,2247,Exposicao_Face
142063,17,547,343,5.69,1,142063,36,Desenho,Raiva,2263,Exposicao_Face
142080,17,550,335,5.66,1,142080,36,Desenho,Raiva,2280,Exposicao_Face
142097,17,554,312,5.74,1,142097,36,Desenho,Raiva,2297,Exposicao_Face
142113,17,558,360,5.79,1,142113,36,Desenho,Raiva,2313,Exposicao_Face
142130,17,554,321,5.78,1,142130,36,Desenho,Raiva,2330,Exposicao_Face
142146,17,554,349,5.81,1,142146,36,Desenho,Raiva,2346,Exposicao_Face
142163,17,559,308,5.69,1,142163,36,Desenho,Raiva,2363,Exposicao_Face
142180,17,554,358,5.78,1,142180,36,Desenho,Raiva,2380,Exposicao_Face
142196,17,555,321,5.73,1,142196,36,Desenho,Raiva,2396,Exposicao_Face
142213,17,553,340,5.73,1,142213,36,Desenho,Raiva,2413,Exposicao_Face
142230,17,555,310,5.68,1,142230,36,Desenho,Raiva,2430,Exposicao_Face
142246,17,551,324,5.69,1,142246,36,Desenho,Raiva,2446,Exposicao_Face
142263,17,553,359,5.79,1,142263,36,Desenho,Raiva,2463,Exposicao_Face
142280,17,555,328,5.71,1,142280,36,Desenho,Raiva,2480,Exposicao_Face
142296,17,554,338,5.73,1,142296,36,Desenho,Raiva,2496,Exposicao_Face
142313,17,554,332,5.78,1,142313,36,Desenho,Raiva,2513,Exposicao_Face
142329,17,554,302,5.73,1,142329,36,Desenho,Raiva,2529,Exposicao_Face
142346,17,555,317,5.68,1,142346,36,Desenho,Raiva,2546,Exposicao_Face
142363,17,553,309,5.65,1,142363,36,Desenho,Raiva,2563,Exposicao_Face
142379,17,558,309,5.66,1,142379,36,Desenho,Raiva,2579,Exposicao_Face
142396,17,530,322,5.73,1,142396,36,Desenho,Raiva,2596,Exposicao_Face
142413,17,465,329,5.65,1,142413,36,Desenho,Raiva,2613,Exposicao_Face
142429,17,474,320,5.61,1,142429,36,Desenho,Raiva,2629,Exposicao_Face
142446,17,472,327,5.65,1,142446,36,Desenho,Raiva,2646,Exposicao_Face
142463,17,473,342,5.65,1,142463,36,Desenho,Raiva,2663,Exposicao_Face
142479,17,459,345,5.68,1,142479,36,Desenho,Raiva,2679,Exposicao_Face
142496,17,470,324,5.69,1,142496,36,Desenho,Raiva,2696,Exposicao_Face
142512,17,473,331,5.66,1,142512,36,Desenho,Raiva,2712,Exposicao_Face
142529,17,466,326,5.6,1,142529,36,Desenho,Raiva,2729,Exposicao_Face
142546,17,459,343,5.63,1,142546,36,Desenho,Raiva,2746,Exposicao_Face
142562,17,475,344,5.63,1,142562,36,Desenho,Raiva,2762,Exposicao_Face
142579,17,472,347,5.65,1,142579,36,Desenho,Raiva,2779,Exposicao_Face
142596,17,461,337,5.61,1,142596,36,Desenho,Raiva,2796,Exposicao_Face
142612,17,466,325,5.53,1,142612,36,Desenho,Raiva,2812,Exposicao_Face
142629,17,463,310,5.52,1,142629,36,Desenho,Raiva,2829,Exposicao_Face
142646,17,470,346,5.6,1,142646,36,Desenho,Raiva,2846,Exposicao_Face
142662,17,472,317,5.53,1,142662,36,Desenho,Raiva,2862,Exposicao_Face
142679,17,475,343,5.61,1,142679,36,Desenho,Raiva,2879,Exposicao_Face
142695,17,480,356,5.65,1,142695,36,Desenho,Raiva,2895,Exposicao_Face
142712,17,464,313,5.55,1,142712,36,Desenho,Raiva,2912,Exposicao_Face
142729,17,457,337,5.57,1,142729,36,Desenho,Raiva,2929,Exposicao_Face
142745,17,459,355,5.58,1,142745,36,Desenho,Raiva,2945,Exposicao_Face
142779,33,470,352,5.66,1,142779,36,Desenho,Raiva,2979,Exposicao_Face
142779,0,470,352,5.66,1,142779,36,Desenho,Raiva,2979,Exposicao_Face
142795,17,459,346,5.6,1,142795,36,Desenho,Raiva,2995,Exposicao_Face
142812,17,464,341,5.63,1,142812,36,Desenho,Raiva,3012,Exposicao_Face
142829,17,464,326,5.61,1,142829,36,Desenho,Raiva,3029,Exposicao_Face
142845,17,464,346,5.63,1,142845,36,Desenho,Raiva,3045,Exposicao_Face
142862,17,463,346,5.63,1,142862,36,Desenho,Raiva,3062,Exposicao_Face
142878,17,465,325,5.58,1,142878,36,Desenho,Raiva,3078,Exposicao_Face
142895,17,473,356,5.69,1,142895,36,Desenho,Raiva,3095,Exposicao_Face
142912,17,439,707,5.58,3,142912,36,Desenho,Raiva,3112,Exposicao_Face
143061,150,706,695,0.0,3,143061,36,Desenho,Raiva,3261,Exposicao_Face
143078,17,597,681,0.0,3,143078,36,Desenho,Raiva,3278,Exposicao_Face
143111,33,987,465,0.0,3,143111,36,Desenho,Raiva,3311,Exposicao_Face
143128,17,499,988,7.62,0,143128,36,Desenho,Raiva,3328,Exposicao_Face
143145,17,429,344,-1.0,1,143145,36,Desenho,Raiva,3345,Exposicao_Face
143161,17,494,641,7.57,3,143161,36,Desenho,Raiva,3361,Exposicao_Face
143178,17,526,447,5.65,3,143178,36,Desenho,Raiva,3378,Exposicao_Face
143195,17,545,389,5.71,2,143195,36,Desenho,Raiva,3395,Exposicao_Face
143211,17,531,320,5.65,1,143211,36,Desenho,Raiva,3411,Exposicao_Face
143228,17,535,357,5.65,1,143228,36,Desenho,Raiva,3428,Exposicao_Face
143244,17,542,300,5.69,1,143244,36,Desenho,Raiva,3444,Exposicao_Face
143261,17,539,252,5.66,1,143261,36,Desenho,Raiva,3461,Exposicao_Face
143278,17,525,228,5.65,1,143278,36,Desenho,Raiva,3478,Exposicao_Face
143294,17,557,248,5.65,1,143294,36,Desenho,Raiva,3494,Exposicao_Face
143311,17,531,215,5.68,1,143311,36,Desenho,Raiva,3511,Exposicao_Face
143328,17,562,278,5.66,1,143328,36,Desenho,Raiva,3528,Exposicao_Face
143344,17,566,236,5.69,1,143344,36,Desenho,Raiva,3544,Exposicao_Face
143361,17,553,315,5.69,1,143361,36,Desenho,Raiva,3561,Exposicao_Face
143377,17,561,340,5.68,1,143377,36,Desenho,Raiva,3577,Exposicao_Face
143394,17,554,340,5.69,1,143394,36,Desenho,Raiva,3594,Exposicao_Face
143411,17,561,359,5.66,1,143411,36,Desenho,Raiva,3611,Exposicao_Face
143427,17,528,339,5.6,1,143427,36,Desenho,Raiva,3627,Exposicao_Face
143444,17,533,335,5.61,1,143444,36,Desenho,Raiva,3644,Exposicao_Face
143461,17,543,381,5.65,2,143461,36,Desenho,Raiva,3661,Exposicao_Face
143477,17,544,367,5.61,2,143477,36,Desenho,Raiva,3677,Exposicao_Face
143494,17,534,353,5.55,1,143494,36,Desenho,Raiva,3694,Exposicao_Face
143511,17,536,351,5.57,1,143511,36,Desenho,Raiva,3711,Exposicao_Face
143527,17,537,347,5.57,1,143527,36,Desenho,Raiva,3727,Exposicao_Face
143544,17,535,342,5.53,1,143544,36,Desenho,Raiva,3744,Exposicao_Face
143560,17,539,351,5.53,1,143560,36,Desenho,Raiva,3760,Exposicao_Face
143577,17,565,348,5.5,1,143577,36,Desenho,Raiva,3777,Exposicao_Face
143594,17,554,352,5.5,1,143594,36,Desenho,Raiva,3794,Exposicao_Face
143610,17,538,354,5.5,1,143610,36,Desenho,Raiva,3810,Exposicao_Face
143627,17,543,354,5.52,1,143627,36,Desenho,Raiva,3827,Exposicao_Face
143644,17,537,374,5.5,2,143644,36,Desenho,Raiva,3844,Exposicao_Face
143660,17,540,391,5.53,2,143660,36,Desenho,Raiva,3860,Exposicao_Face
143677,17,546,358,5.49,1,143677,36,Desenho,Raiva,3877,Exposicao_Face
143694,17,527,358,5.41,1,143694,36,Desenho,Raiva,3894,Exposicao_Face
143710,17,530,369,5.39,2,143710,36,Desenho,Raiva,3910,Exposicao_Face
143727,17,517,383,5.42,2,143727,36,Desenho,Raiva,3927,Exposicao_Face
143743,17,509,396,5.44,2,143743,36,Desenho,Raiva,3943,Exposicao_Face
143760,17,530,367,5.39,2,143760,36,Desenho,Raiva,3960,Exposicao_Face
143777,17,537,362,5.41,1,143777,36,Desenho,Raiva,3977,Exposicao_Face
143793,17,527,385,5.39,2,143793,36,Desenho,Raiva,3993,Exposicao_Face
143810,17,525,377,5.41,2,143810,37,Desenho,Feliz,10,Janela_Baseline
143827,17,526,358,5.41,1,143827,37,Desenho,Feliz,27,Janela_Baseline
143860,33,506,364,5.42,2,143860,37,Desenho,Feliz,60,Janela_Baseline
143877,17,516,359,5.44,1,143877,37,Desenho,Feliz,77,Janela_Baseline
143893,17,507,365,5.42,2,143893,37,Desenho,Feliz,93,Janela_Baseline
143910,17,509,364,5.45,2,143910,37,Desenho,Feliz,110,Janela_Baseline
143926,17,530,380,5.44,2,143926,37,Desenho,Feliz,126,Janela_Baseline
143943,17,501,359,5.39,1,143943,37,Desenho,Feliz,143,Janela_Baseline
143960,17,507,358,5.37,1,143960,37,Desenho,Feliz,160,Janela_Baseline
143976,17,523,382,5.39,2,143976,37,Desenho,Feliz,176,Janela_Baseline
143993,17,524,379,5.37,2,143993,37,Desenho,Feliz,193,Janela_Baseline
144010,17,504,372,5.39,2,144010,37,Desenho,Feliz,210,Janela_Baseline
144026,17,529,367,5.39,2,144026,37,Desenho,Feliz,226,Janela_Baseline
144043,17,529,369,5.39,2,144043,37,Desenho,Feliz,243,Janela_Baseline
144060,17,521,373,5.39,2,144060,37,Desenho,Feliz,260,Janela_Baseline
144076,17,505,359,5.39,1,144076,37,Desenho,Feliz,276,Janela_Baseline
144093,17,500,387,5.39,2,144093,37,Desenho,Feliz,293,Janela_Baseline
144109,17,520,379,5.34,2,144109,37,Desenho,Feliz,309,Janela_Baseline
144126,17,513,375,5.37,2,144126,37,Desenho,Feliz,326,Janela_Baseline
144143,17,507,364,5.36,2,144143,37,Desenho,Feliz,343,Janela_Baseline
144159,17,505,377,5.39,2,144159,37,Desenho,Feliz,359,Janela_Baseline
144176,17,517,443,5.39,3,144176,37,Desenho,Feliz,376,Janela_Baseline
144376,200,504,564,-1.0,3,144376,37,Desenho,Feliz,576,Janela_Baseline
144409,33,547,963,0.0,0,144409,37,Desenho,Feliz,609,Janela_Baseline
144425,17,436,384,-1.0,2,144425,37,Desenho,Feliz,625,Janela_Baseline
144442,17,522,456,5.41,3,144442,37,Desenho,Feliz,642,Janela_Baseline
144459,17,571,303,5.41,1,144459,37,Desenho,Feliz,659,Janela_Baseline
144475,17,547,334,5.41,1,144475,37,Desenho,Feliz,675,Janela_Baseline
144492,17,563,243,5.39,1,144492,37,Desenho,Feliz,692,Janela_Baseline
144509,17,535,267,5.44,1,144509,37,Desenho,Feliz,709,Janela_Baseline
144525,17,530,371,5.41,2,144525,37,Desenho,Feliz,725,Janela_Baseline
144542,17,522,385,5.44,2,144542,37,Desenho,Feliz,742,Janela_Baseline
144559,17,552,366,5.45,2,144559,37,Desenho,Feliz,759,Janela_Baseline
144575,17,530,382,5.44,2,144575,37,Desenho,Feliz,775,Janela_Baseline
144592,17,549,347,5.44,1,144592,37,Desenho,Feliz,792,Janela_Baseline
144608,17,560,340,5.44,1,144608,37,Desenho,Feliz,808,Janela_Baseline
144625,17,531,355,5.49,1,144625,37,Desenho,Feliz,825,Janela_Baseline
144642,17,560,326,5.44,1,144642,37,Desenho,Feliz,842,Janela_Baseline
144658,17,535,335,5.47,1,144658,37,Desenho,Feliz,858,Janela_Baseline
144675,17,554,334,5.45,1,144675,37,Desenho,Feliz,875,Janela_Baseline
144692,17,536,332,5.47,1,144692,37,Desenho,Feliz,892,Janela_Baseline
144708,17,461,360,5.53,1,144708,37,Desenho,Feliz,908,Janela_Baseline
144725,17,438,348,5.47,1,144725,37,Desenho,Feliz,925,Janela_Baseline
144742,17,450,380,5.5,2,144742,37,Desenho,Feliz,942,Janela_Baseline
144758,17,452,357,5.52,1,144758,37,Desenho,Feliz,958,Janela_Baseline
144775,17,440,349,5.44,1,144775,37,Desenho,Feliz,975,Janela_Baseline
144791,17,433,301,0.0,1,144791,37,Desenho,Feliz,991,Janela_Baseline
144808,17,445,339,5.42,1,144808,37,Desenho,Feliz,1008,Janela_Baseline
144825,17,480,355,5.44,1,144825,37,Desenho,Feliz,1025,Janela_Baseline
144841,17,474,363,5.47,0,144841,37,Desenho,Feliz,1041,Janela_Baseline
144858,17,452,359,5.42,1,144858,37,Desenho,Feliz,1058,Janela_Baseline
144875,17,452,369,5.44,2,144875,37,Desenho,Feliz,1075,Janela_Baseline
144891,17,473,361,5.42,1,144891,37,Desenho,Feliz,1091,Janela_Baseline
144908,17,473,352,5.41,1,144908,37,Desenho,Feliz,1108,Janela_Baseline
144925,17,476,371,5.41,2,144925,37,Desenho,Feliz,1125,Janela_Baseline
144941,17,445,356,5.42,1,144941,37,Desenho,Feliz,1141,Janela_Baseline
144958,17,477,345,5.42,1,144958,37,Desenho,Feliz,1158,Janela_Baseline
144974,17,445,360,5.44,1,144974,37,Desenho,Feliz,1174,Janela_Baseline
144991,17,442,362,5.42,1,144991,37,Desenho,Feliz,1191,Janela_Baseline
145008,17,467,363,5.39,0,145008,37,Desenho,Feliz,1208,Janela_Baseline
145024,17,453,372,5.39,2,145024,37,Desenho,Feliz,1224,Janela_Baseline
145041,17,479,352,5.39,1,145041,37,Desenho,Feliz,1241,Janela_Baseline
145058,17,462,353,5.39,1,145058,37,Desenho,Feliz,1258,Janela_Baseline
145074,17,464,354,5.39,1,145074,37,Desenho,Feliz,1274,Janela_Baseline
145091,17,433,361,5.39,1,145091,37,Desenho,Feliz,1291,Janela_Baseline
145108,17,445,353,5.37,1,145108,37,Desenho,Feliz,1308,Exposicao_Face
145124,17,471,392,5.39,2,145124,37,Desenho,Feliz,1324,Exposicao_Face
145141,17,503,310,0.0,1,145141,37,Desenho,Feliz,1341,Exposicao_Face
145157,17,507,354,0.0,1,145157,37,Desenho,Feliz,1357,Exposicao_Face
145174,17,490,345,0.0,1,145174,37,Desenho,Feliz,1374,Exposicao_Face
145191,17,502,355,0.0,1,145191,37,Desenho,Feliz,1391,Exposicao_Face
145207,17,508,326,0.0,1,145207,37,Desenho,Feliz,1407,Exposicao_Face
145224,17,520,328,0.0,1,145224,37,Desenho,Feliz,1424,Exposicao_Face
145241,17,512,328,0.0,1,145241,37,Desenho,Feliz,1441,Exposicao_Face
145257,17,507,336,0.0,1,145257,37,Desenho,Feliz,1457,Exposicao_Face
145274,17,493,330,0.0,1,145274,37,Desenho,Feliz,1474,Exposicao_Face
145291,17,507,334,0.0,1,145291,37,Desenho,Feliz,1491,Exposicao_Face
145307,17,515,360,0.0,1,145307,37,Desenho,Feliz,1507,Exposicao_Face
145324,17,511,348,0.0,1,145324,37,Desenho,Feliz,1524,Exposicao_Face
145340,17,511,298,0.0,1,145340,37,Desenho,Feliz,1540,Exposicao_Face
145357,17,506,314,0.0,1,145357,37,Desenho,Feliz,1557,Exposicao_Face
145374,17,490,319,0.0,1,145374,37,Desenho,Feliz,1574,Exposicao_Face
145390,17,511,348,0.0,1,145390,37,Desenho,Feliz,1590,Exposicao_Face
145407,17,493,324,0.0,1,145407,37,Desenho,Feliz,1607,Exposicao_Face
145424,17,513,342,0.0,1,145424,37,Desenho,Feliz,1624,Exposicao_Face
145440,17,540,362,0.0,1,145440,37,Desenho,Feliz,1640,Exposicao_Face
145457,17,499,341,0.0,1,145457,37,Desenho,Feliz,1657,Exposicao_Face
145474,17,522,333,0.0,1,145474,37,Desenho,Feliz,1674,Exposicao_Face
145490,17,498,333,0.0,1,145490,37,Desenho,Feliz,1690,Exposicao_Face
145507,17,501,357,0.0,1,145507,37,Desenho,Feliz,1707,Exposicao_Face
145523,17,517,342,0.0,1,145523,37,Desenho,Feliz,1723,Exposicao_Face
145540,17,522,343,0.0,1,145540,37,Desenho,Feliz,1740,Exposicao_Face
145557,17,490,329,0.0,1,145557,37,Desenho,Feliz,1757,Exposicao_Face
145573,17,491,345,0.0,1,145573,37,Desenho,Feliz,1773,Exposicao_Face
145590,17,485,346,0.0,1,145590,37,Desenho,Feliz,1790,Exposicao_Face
145623,33,500,384,0.0,2,145623,37,Desenho,Feliz,1823,Exposicao_Face
145640,17,488,333,0.0,1,145640,37,Desenho,Feliz,1840,Exposicao_Face
145656,17,532,345,5.58,1,145656,37,Desenho,Feliz,1856,Exposicao_Face
145673,17,514,345,5.57,1,145673,37,Desenho,Feliz,1873,Exposicao_Face
145690,17,534,343,5.61,1,145690,37,Desenho,Feliz,1890,Exposicao_Face
145706,17,520,361,5.65,1,145706,37,Desenho,Feliz,1906,Exposicao_Face
145723,17,529,365,5.63,2,145723,37,Desenho,Feliz,1923,Exposicao_Face
145740,17,520,377,5.65,2,145740,37,Desenho,Feliz,1940,Exposicao_Face
145756,17,528,353,5.66,1,145756,37,Desenho,Feliz,1956,Exposicao_Face
145773,17,521,357,5.65,1,145773,37,Desenho,Feliz,1973,Exposicao_Face
145790,17,528,344,5.66,1,145790,37,Desenho,Feliz,1990,Exposicao_Face
145806,17,535,334,5.68,1,145806,37,Desenho,Feliz,2006,Exposicao_Face
145823,17,538,332,5.61,1,145823,37,Desenho,Feliz,2023,Exposicao_Face
145839,17,527,361,5.71,1,145839,37,Desenho,Feliz,2039,Exposicao_Face
145856,17,536,367,5.71,2,145856,37,Desenho,Feliz,2056,Exposicao_Face
145873,17,527,362,5.71,1,145873,37,Desenho,Feliz,2073,Exposicao_Face
145889,17,530,353,5.69,1,145889,37,Desenho,Feliz,2089,Exposicao_Face
145906,17,526,363,5.69,0,145906,37,Desenho,Feliz,2106,Exposicao_Face
145923,17,528,365,5.69,2,145923,37,Desenho,Feliz,2123,Exposicao_Face
145939,17,523,361,5.68,1,145939,37,Desenho,Feliz,2139,Exposicao_Face
145956,17,535,355,5.68,1,145956,37,Desenho,Feliz,2156,Exposicao_Face
145973,17,517,375,5.78,2,145973,37,Desenho,Feliz,2173,Exposicao_Face
145989,17,532,364,5.69,2,145989,37,Desenho,Feliz,2189,Exposicao_Face
146006,17,524,379,5.73,2,146006,37,Desenho,Feliz,2206,Exposicao_Face
146022,17,514,342,5.69,1,146022,37,Desenho,Feliz,2222,Exposicao_Face
146039,17,520,357,5.66,1,146039,37,Desenho,Feliz,2239,Exposicao_Face
146056,17,530,365,5.74,2,146056,37,Desenho,Feliz,2256,Exposicao_Face
146072,17,531,371,5.74,2,146072,37,Desenho,Feliz,2272,Exposicao_Face
146089,17,524,336,5.74,1,146089,37,Desenho,Feliz,2289,Exposicao_Face
146106,17,533,367,5.76,2,146106,37,Desenho,Feliz,2306,Exposicao_Face
146122,17,524,347,5.69,1,146122,37,Desenho,Feliz,2322,Exposicao_Face
146172,50,455,386,5.74,2,146172,37,Desenho,Feliz,2372,Exposicao_Face
146189,17,437,366,5.66,2,146189,37,Desenho,Feliz,2389,Exposicao_Face
146205,17,449,376,5.71,2,146205,37,Desenho,Feliz,2405,Exposicao_Face
146239,33,442,373,5.68,2,146239,37,Desenho,Feliz,2439,Exposicao_Face
146239,0,442,373,5.68,2,146239,37,Desenho,Feliz,2439,Exposicao_Face
146255,17,446,395,5.71,2,146255,37,Desenho,Feliz,2455,Exposicao_Face
146272,17,444,383,5.76,2,146272,37,Desenho,Feliz,2472,Exposicao_Face
146289,17,432,348,5.68,1,146289,37,Desenho,Feliz,2489,Exposicao_Face
146305,17,453,348,5.65,1,146305,37,Desenho,Feliz,2505,Exposicao_Face
146322,17,461,375,5.69,2,146322,37,Desenho,Feliz,2522,Exposicao_Face
146339,17,451,397,5.79,2,146339,37,Desenho,Feliz,2539,Exposicao_Face
146355,17,452,375,5.76,2,146355,37,Desenho,Feliz,2555,Exposicao_Face
146372,17,450,368,5.69,2,146372,37,Desenho,Feliz,2572,Exposicao_Face
146388,17,443,351,5.68,1,146388,37,Desenho,Feliz,2588,Exposicao_Face
146405,17,447,375,5.74,2,146405,37,Desenho,Feliz,2605,Exposicao_Face
146422,17,441,373,5.71,2,146422,37,Desenho,Feliz,2622,Exposicao_Face
146438,17,447,372,5.81,2,146438,37,Desenho,Feliz,2638,Exposicao_Face
146455,17,450,389,5.78,2,146455,37,Desenho,Feliz,2655,Exposicao_Face
146472,17,442,377,5.76,2,146472,37,Desenho,Feliz,2672,Exposicao_Face
146488,17,447,384,5.78,2,146488,37,Desenho,Feliz,2688,Exposicao_Face
146505,17,442,366,5.74,2,146505,37,Desenho,Feliz,2705,Exposicao_Face
146522,17,440,367,5.73,2,146522,37,Desenho,Feliz,2722,Exposicao_Face
146538,17,456,363,5.74,0,146538,37,Desenho,Feliz,2738,Exposicao_Face
146555,17,434,675,5.74,3,146555,37,Desenho,Feliz,2755,Exposicao_Face
146754,200,455,981,7.52,0,146754,37,Desenho,Feliz,2954,Exposicao_Face
146771,17,488,671,7.49,3,146771,37,Desenho,Feliz,2971,Exposicao_Face
146788,17,502,534,5.78,3,146788,37,Desenho,Feliz,2988,Exposicao_Face
146804,17,503,427,5.78,3,146804,37,Desenho,Feliz,3004,Exposicao_Face
146821,17,506,413,5.76,2,146821,37,Desenho,Feliz,3021,Exposicao_Face
146838,17,501,367,5.73,2,146838,37,Desenho,Feliz,3038,Exposicao_Face
146854,17,572,333,5.73,1,146854,37,Desenho,Feliz,3054,Exposicao_Face
146871,17,508,286,5.84,1,146871,37,Desenho,Feliz,3071,Exposicao_Face
146887,17,548,268,5.78,1,146887,37,Desenho,Feliz,3087,Exposicao_Face
146904,17,513,324,5.81,1,146904,37,Desenho,Feliz,3104,Exposicao_Face
146921,17,517,328,5.78,1,146921,37,Desenho,Feliz,3121,Exposicao_Face
146937,17,523,360,5.74,1,146937,37,Desenho,Feliz,3137,Exposicao_Face
146954,17,518,376,5.79,2,146954,37,Desenho,Feliz,3154,Exposicao_Face
146971,17,508,394,5.81,2,146971,37,Desenho,Feliz,3171,Exposicao_Face
146987,17,523,374,5.74,2,146987,37,Desenho,Feliz,3187,Exposicao_Face
147004,17,521,401,5.79,2,147004,37,Desenho,Feliz,3204,Exposicao_Face
147021,17,519,385,5.78,2,147021,37,Desenho,Feliz,3221,Exposicao_Face
147037,17,519,399,5.78,2,147037,37,Desenho,Feliz,3237,Exposicao_Face
147054,17,522,396,5.76,2,147054,37,Desenho,Feliz,3254,Exposicao_Face
147070,17,516,398,5.79,2,147070,37,Desenho,Feliz,3270,Exposicao_Face
147087,17,523,398,5.82,2,147087,37,Desenho,Feliz,3287,Exposicao_Face
147104,17,524,384,5.69,2,147104,37,Desenho,Feliz,3304,Exposicao_Face
147120,17,517,397,5.69,2,147120,37,Desenho,Feliz,3320,Exposicao_Face
147137,17,459,362,5.78,1,147137,37,Desenho,Feliz,3337,Exposicao_Face
147154,17,445,324,5.66,1,147154,37,Desenho,Feliz,3354,Exposicao_Face
147170,17,437,377,5.69,2,147170,37,Desenho,Feliz,3370,Exposicao_Face
147187,17,446,341,5.71,1,147187,37,Desenho,Feliz,3387,Exposicao_Face
147204,17,454,360,5.68,1,147204,37,Desenho,Feliz,3404,Exposicao_Face
147220,17,453,355,5.68,1,147220,37,Desenho,Feliz,3420,Exposicao_Face
147237,17,455,334,5.65,1,147237,37,Desenho,Feliz,3437,Exposicao_Face
147253,17,455,328,5.66,1,147253,37,Desenho,Feliz,3453,Exposicao_Face
147270,17,450,355,5.65,1,147270,37,Desenho,Feliz,3470,Exposicao_Face
147287,17,453,356,5.66,1,147287,37,Desenho,Feliz,3487,Exposicao_Face
147303,17,454,346,5.65,1,147303,37,Desenho,Feliz,3503,Exposicao_Face
147320,17,464,318,5.6,1,147320,37,Desenho,Feliz,3520,Exposicao_Face
147337,17,451,332,5.61,1,147337,37,Desenho,Feliz,3537,Exposicao_Face
147353,17,476,335,5.65,1,147353,37,Desenho,Feliz,3553,Exposicao_Face
147370,17,467,343,5.65,1,147370,37,Desenho,Feliz,3570,Exposicao_Face
147387,17,450,348,5.61,1,147387,37,Desenho,Feliz,3587,Exposicao_Face
147403,17,451,362,5.66,1,147403,37,Desenho,Feliz,3603,Exposicao_Face
147420,17,447,334,5.63,1,147420,37,Desenho,Feliz,3620,Exposicao_Face
147436,17,464,352,5.65,1,147436,37,Desenho,Feliz,3636,Exposicao_Face
147453,17,454,346,5.65,1,147453,37,Desenho,Feliz,3653,Exposicao_Face
147470,17,458,330,5.71,1,147470,37,Desenho,Feliz,3670,Exposicao_Face
147486,17,446,350,5.66,1,147486,37,Desenho,Feliz,3686,Exposicao_Face
147503,17,486,352,5.63,1,147503,37,Desenho,Feliz,3703,Exposicao_Face
147520,17,447,344,5.69,1,147520,37,Desenho,Feliz,3720,Exposicao_Face
147536,17,468,338,5.68,1,147536,37,Desenho,Feliz,3736,Exposicao_Face
147553,17,469,354,5.68,1,147553,37,Desenho,Feliz,3753,Exposicao_Face
147570,17,467,350,5.66,1,147570,37,Desenho,Feliz,3770,Exposicao_Face
147603,33,457,344,5.69,1,147603,37,Desenho,Feliz,3803,Exposicao_Face
147603,0,457,344,5.69,1,147603,37,Desenho,Feliz,3803,Exposicao_Face
147619,17,460,359,5.63,1,147619,37,Desenho,Feliz,3819,Exposicao_Face
147636,17,533,356,5.66,1,147636,37,Desenho,Feliz,3836,Exposicao_Face
147653,17,521,347,5.66,1,147653,37,Desenho,Feliz,3853,Exposicao_Face
147669,17,535,333,5.61,1,147669,37,Desenho,Feliz,3869,Exposicao_Face
147686,17,513,349,5.6,1,147686,37,Desenho,Feliz,3886,Exposicao_Face
147703,17,507,359,5.57,1,147703,37,Desenho,Feliz,3903,Exposicao_Face
147719,17,535,343,5.52,1,147719,37,Desenho,Feliz,3919,Exposicao_Face
147736,17,512,354,5.53,1,147736,37,Desenho,Feliz,3936,Exposicao_Face
147753,17,535,335,5.52,1,147753,37,Desenho,Feliz,3953,Exposicao_Face
147769,17,514,358,5.44,1,147769,37,Desenho,Feliz,3969,Exposicao_Face
147786,17,539,353,5.42,1,147786,37,Desenho,Feliz,3986,Exposicao_Face
147802,17,512,406,5.44,2,147802,38,Desenho,Neutro,2,Janela_Baseline
148035,233,488,849,7.23,0,148035,38,Desenho,Neutro,235,Janela_Baseline
148052,17,495,333,-1.0,1,148052,38,Desenho,Neutro,252,Janela_Baseline
148069,17,496,416,5.84,3,148069,38,Desenho,Neutro,269,Janela_Baseline
148085,17,506,342,5.28,1,148085,38,Desenho,Neutro,285,Janela_Baseline
148102,17,520,298,5.26,1,148102,38,Desenho,Neutro,302,Janela_Baseline
148118,17,522,282,5.26,1,148118,38,Desenho,Neutro,318,Janela_Baseline
148135,17,528,265,5.28,1,148135,38,Desenho,Neutro,335,Janela_Baseline
148152,17,503,311,5.33,1,148152,38,Desenho,Neutro,352,Janela_Baseline
148168,17,502,364,5.31,2,148168,38,Desenho,Neutro,368,Janela_Baseline
148185,17,508,371,5.29,2,148185,38,Desenho,Neutro,385,Janela_Baseline
148202,17,489,379,5.28,2,148202,38,Desenho,Neutro,402,Janela_Baseline
148218,17,510,372,5.36,2,148218,38,Desenho,Neutro,418,Janela_Baseline
148235,17,504,353,5.34,1,148235,38,Desenho,Neutro,435,Janela_Baseline
148252,17,504,377,5.39,2,148252,38,Desenho,Neutro,452,Janela_Baseline
148268,17,515,367,5.33,2,148268,38,Desenho,Neutro,468,Janela_Baseline
148285,17,506,371,5.34,2,148285,38,Desenho,Neutro,485,Janela_Baseline
148301,17,520,367,5.34,2,148301,38,Desenho,Neutro,501,Janela_Baseline
148318,17,518,358,5.34,1,148318,38,Desenho,Neutro,518,Janela_Baseline
148335,17,514,329,5.29,1,148335,38,Desenho,Neutro,535,Janela_Baseline
148351,17,502,368,5.28,2,148351,38,Desenho,Neutro,551,Janela_Baseline
148368,17,514,360,5.28,1,148368,38,Desenho,Neutro,568,Janela_Baseline
148385,17,514,359,5.28,1,148385,38,Desenho,Neutro,585,Janela_Baseline
148401,17,513,353,5.23,1,148401,38,Desenho,Neutro,601,Janela_Baseline
148418,17,507,366,5.29,2,148418,38,Desenho,Neutro,618,Janela_Baseline
148435,17,517,361,5.26,1,148435,38,Desenho,Neutro,635,Janela_Baseline
148451,17,518,359,5.23,1,148451,38,Desenho,Neutro,651,Janela_Baseline
148468,17,521,361,5.21,1,148468,38,Desenho,Neutro,668,Janela_Baseline
148484,17,521,356,5.18,1,148484,38,Desenho,Neutro,684,Janela_Baseline
148501,17,521,342,5.12,1,148501,38,Desenho,Neutro,701,Janela_Baseline
148518,17,519,369,5.12,2,148518,38,Desenho,Neutro,718,Janela_Baseline
148534,17,521,369,5.13,2,148534,38,Desenho,Neutro,734,Janela_Baseline
148551,17,523,359,5.13,1,148551,38,Desenho,Neutro,751,Janela_Baseline
148568,17,521,397,5.13,2,148568,38,Desenho,Neutro,768,Janela_Baseline
148584,17,524,385,5.12,2,148584,38,Desenho,Neutro,784,Janela_Baseline
148601,17,514,397,5.13,2,148601,38,Desenho,Neutro,801,Janela_Baseline
148618,17,516,405,5.13,2,148618,38,Desenho,Neutro,818,Janela_Baseline
148634,17,526,376,5.07,2,148634,38,Desenho,Neutro,834,Janela_Baseline
148667,33,540,352,5.01,1,148667,38,Desenho,Neutro,867,Janela_Baseline
148684,17,528,365,5.02,2,148684,38,Desenho,Neutro,884,Janela_Baseline
148701,17,529,346,5.04,1,148701,38,Desenho,Neutro,901,Janela_Baseline
148717,17,540,382,5.01,2,148717,38,Desenho,Neutro,917,Janela_Baseline
148734,17,510,376,4.99,2,148734,38,Desenho,Neutro,934,Janela_Baseline
148751,17,509,376,4.96,2,148751,38,Desenho,Neutro,951,Janela_Baseline
148767,17,528,364,4.96,2,148767,38,Desenho,Neutro,967,Janela_Baseline
148784,17,539,362,4.97,1,148784,38,Desenho,Neutro,984,Janela_Baseline
148801,17,528,339,4.94,1,148801,38,Desenho,Neutro,1001,Janela_Baseline
148817,17,525,364,5.02,2,148817,38,Desenho,Neutro,1017,Janela_Baseline
148834,17,534,349,4.97,1,148834,38,Desenho,Neutro,1034,Janela_Baseline
148850,17,530,350,4.96,1,148850,38,Desenho,Neutro,1050,Janela_Baseline
148867,17,516,363,4.99,0,148867,38,Desenho,Neutro,1067,Janela_Baseline
148884,17,528,357,4.97,1,148884,38,Desenho,Neutro,1084,Janela_Baseline
148900,17,527,379,5.07,2,148900,38,Desenho,Neutro,1100,Janela_Baseline
148917,17,491,364,5.09,2,148917,38,Desenho,Neutro,1117,Janela_Baseline
148934,17,475,329,5.02,1,148934,38,Desenho,Neutro,1134,Janela_Baseline
148950,17,481,325,5.05,1,148950,38,Desenho,Neutro,1150,Janela_Baseline
148967,17,478,322,5.09,1,148967,38,Desenho,Neutro,1167,Janela_Baseline
148983,17,479,334,5.13,1,148983,38,Desenho,Neutro,1183,Janela_Baseline
149000,17,494,343,5.13,1,149000,38,Desenho,Neutro,1200,Janela_Baseline
149017,17,477,341,5.15,1,149017,38,Desenho,Neutro,1217,Janela_Baseline
149033,17,475,323,5.1,1,149033,38,Desenho,Neutro,1233,Janela_Baseline
149050,17,481,323,5.15,1,149050,38,Desenho,Neutro,1250,Janela_Baseline
149067,17,478,319,5.15,1,149067,38,Desenho,Neutro,1267,Janela_Baseline
149083,17,473,321,5.13,1,149083,38,Desenho,Neutro,1283,Janela_Baseline
149100,17,471,319,5.15,1,149100,38,Desenho,Neutro,1300,Exposicao_Face
149117,17,474,337,5.18,1,149117,38,Desenho,Neutro,1317,Exposicao_Face
149133,17,487,333,5.18,1,149133,38,Desenho,Neutro,1333,Exposicao_Face
149150,17,473,352,5.26,1,149150,38,Desenho,Neutro,1350,Exposicao_Face
149166,17,485,330,5.25,1,149166,38,Desenho,Neutro,1366,Exposicao_Face
149183,17,461,323,5.26,1,149183,38,Desenho,Neutro,1383,Exposicao_Face
149200,17,474,339,5.26,1,149200,38,Desenho,Neutro,1400,Exposicao_Face
149216,17,478,312,5.26,1,149216,38,Desenho,Neutro,1416,Exposicao_Face
149233,17,447,309,5.26,1,149233,38,Desenho,Neutro,1433,Exposicao_Face
149250,17,483,318,5.28,1,149250,38,Desenho,Neutro,1450,Exposicao_Face
149266,17,492,319,5.37,1,149266,38,Desenho,Neutro,1466,Exposicao_Face
149300,33,478,357,5.39,1,149300,38,Desenho,Neutro,1500,Exposicao_Face
149333,33,469,316,5.34,1,149333,38,Desenho,Neutro,1533,Exposicao_Face
149349,17,495,331,5.41,1,149349,38,Desenho,Neutro,1549,Exposicao_Face
149366,17,466,334,5.41,1,149366,38,Desenho,Neutro,1566,Exposicao_Face
149383,17,483,322,5.39,1,149383,38,Desenho,Neutro,1583,Exposicao_Face
149399,17,501,328,5.44,1,149399,38,Desenho,Neutro,1599,Exposicao_Face
149416,17,469,320,5.44,1,149416,38,Desenho,Neutro,1616,Exposicao_Face
149433,17,467,327,5.41,1,149433,38,Desenho,Neutro,1633,Exposicao_Face
149449,17,503,341,5.45,1,149449,38,Desenho,Neutro,1649,Exposicao_Face
149466,17,460,348,5.44,1,149466,38,Desenho,Neutro,1666,Exposicao_Face
149483,17,492,326,5.42,1,149483,38,Desenho,Neutro,1683,Exposicao_Face
149499,17,472,328,5.44,1,149499,38,Desenho,Neutro,1699,Exposicao_Face
149516,17,472,317,5.44,1,149516,38,Desenho,Neutro,1716,Exposicao_Face
149532,17,490,335,5.47,1,149532,38,Desenho,Neutro,1732,Exposicao_Face
149549,17,510,334,5.5,1,149549,38,Desenho,Neutro,1749,Exposicao_Face
149566,17,471,354,5.49,1,149566,38,Desenho,Neutro,1766,Exposicao_Face
149582,17,496,342,5.45,1,149582,38,Desenho,Neutro,1782,Exposicao_Face
149599,17,493,335,5.44,1,149599,38,Desenho,Neutro,1799,Exposicao_Face
149616,17,508,339,5.45,1,149616,38,Desenho,Neutro,1816,Exposicao_Face
149632,17,472,351,5.44,1,149632,38,Desenho,Neutro,1832,Exposicao_Face
149649,17,505,346,5.5,1,149649,38,Desenho,Neutro,1849,Exposicao_Face
149666,17,475,338,5.47,1,149666,38,Desenho,Neutro,1866,Exposicao_Face
149682,17,503,360,5.5,1,149682,38,Desenho,Neutro,1882,Exposicao_Face
149699,17,496,352,5.53,1,149699,38,Desenho,Neutro,1899,Exposicao_Face
149715,17,476,371,5.53,2,149715,38,Desenho,Neutro,1915,Exposicao_Face
149732,17,474,354,5.49,1,149732,38,Desenho,Neutro,1932,Exposicao_Face
149749,17,502,332,5.45,1,149749,38,Desenho,Neutro,1949,Exposicao_Face
149765,17,477,341,5.45,1,149765,38,Desenho,Neutro,1965,Exposicao_Face
149782,17,473,356,5.5,1,149782,38,Desenho,Neutro,1982,Exposicao_Face
149799,17,469,360,5.49,1,149799,38,Desenho,Neutro,1999,Exposicao_Face
149815,17,473,348,5.52,1,149815,38,Desenho,Neutro,2015,Exposicao_Face
149832,17,502,332,5.52,1,149832,38,Desenho,Neutro,2032,Exposicao_Face
149849,17,489,355,5.55,1,149849,38,Desenho,Neutro,2049,Exposicao_Face
149865,17,489,360,5.52,1,149865,38,Desenho,Neutro,2065,Exposicao_Face
149882,17,512,369,5.57,2,149882,38,Desenho,Neutro,2082,Exposicao_Face
149898,17,503,361,5.57,1,149898,38,Desenho,Neutro,2098,Exposicao_Face
149915,17,475,349,5.52,1,149915,38,Desenho,Neutro,2115,Exposicao_Face
149932,17,487,345,5.52,1,149932,38,Desenho,Neutro,2132,Exposicao_Face
149948,17,489,345,5.47,1,149948,38,Desenho,Neutro,2148,Exposicao_Face
149965,17,491,342,5.52,1,149965,38,Desenho,Neutro,2165,Exposicao_Face
149982,17,491,362,5.55,1,149982,38,Desenho,Neutro,2182,Exposicao_Face
149998,17,492,339,5.55,1,149998,38,Desenho,Neutro,2198,Exposicao_Face
150015,17,482,371,5.63,2,150015,38,Desenho,Neutro,2215,Exposicao_Face
150032,17,504,359,5.55,1,150032,38,Desenho,Neutro,2232,Exposicao_Face
150048,17,520,361,5.61,1,150048,38,Desenho,Neutro,2248,Exposicao_Face
150065,17,519,350,5.65,1,150065,38,Desenho,Neutro,2265,Exposicao_Face
150081,17,514,344,5.61,1,150081,38,Desenho,Neutro,2281,Exposicao_Face
150098,17,518,340,5.6,1,150098,38,Desenho,Neutro,2298,Exposicao_Face
150115,17,519,376,5.63,2,150115,38,Desenho,Neutro,2315,Exposicao_Face
150131,17,520,359,5.65,1,150131,38,Desenho,Neutro,2331,Exposicao_Face
150148,17,517,369,5.69,2,150148,38,Desenho,Neutro,2348,Exposicao_Face
150165,17,504,353,5.61,1,150165,38,Desenho,Neutro,2365,Exposicao_Face
150181,17,522,364,5.68,2,150181,38,Desenho,Neutro,2381,Exposicao_Face
150198,17,515,345,5.65,1,150198,38,Desenho,Neutro,2398,Exposicao_Face
150214,17,515,335,5.66,1,150214,38,Desenho,Neutro,2414,Exposicao_Face
150231,17,520,363,5.71,0,150231,38,Desenho,Neutro,2431,Exposicao_Face
150248,17,516,360,5.66,1,150248,38,Desenho,Neutro,2448,Exposicao_Face
150264,17,514,371,5.68,2,150264,38,Desenho,Neutro,2464,Exposicao_Face
150281,17,513,377,5.76,2,150281,38,Desenho,Neutro,2481,Exposicao_Face
150298,17,495,347,5.68,1,150298,38,Desenho,Neutro,2498,Exposicao_Face
150314,17,517,352,5.71,1,150314,38,Desenho,Neutro,2514,Exposicao_Face
150331,17,516,316,5.65,1,150331,38,Desenho,Neutro,2531,Exposicao_Face
150348,17,508,354,5.74,1,150348,38,Desenho,Neutro,2548,Exposicao_Face
150364,17,507,372,5.78,2,150364,38,Desenho,Neutro,2564,Exposicao_Face
150381,17,509,349,5.74,1,150381,38,Desenho,Neutro,2581,Exposicao_Face
150397,17,510,336,5.68,1,150397,38,Desenho,Neutro,2597,Exposicao_Face
150414,17,515,376,5.76,2,150414,38,Desenho,Neutro,2614,Exposicao_Face
150431,17,509,378,5.78,2,150431,38,Desenho,Neutro,2631,Exposicao_Face
150447,17,514,365,5.78,2,150447,38,Desenho,Neutro,2647,Exposicao_Face
150464,17,502,361,5.73,1,150464,38,Desenho,Neutro,2664,Exposicao_Face
150481,17,512,363,5.78,0,150481,38,Desenho,Neutro,2681,Exposicao_Face
150497,17,514,382,5.78,2,150497,38,Desenho,Neutro,2697,Exposicao_Face
150514,17,513,362,5.73,1,150514,38,Desenho,Neutro,2714,Exposicao_Face
150531,17,496,330,5.68,1,150531,38,Desenho,Neutro,2731,Exposicao_Face
150547,17,520,328,5.73,1,150547,38,Desenho,Neutro,2747,Exposicao_Face
150564,17,515,329,5.66,1,150564,38,Desenho,Neutro,2764,Exposicao_Face
150580,17,511,348,5.69,1,150580,38,Desenho,Neutro,2780,Exposicao_Face
150597,17,515,333,5.71,1,150597,38,Desenho,Neutro,2797,Exposicao_Face
150614,17,512,353,5.74,1,150614,38,Desenho,Neutro,2814,Exposicao_Face
150630,17,514,359,5.74,1,150630,38,Desenho,Neutro,2830,Exposicao_Face
150647,17,515,354,5.74,1,150647,38,Desenho,Neutro,2847,Exposicao_Face
150664,17,525,395,5.76,2,150664,38,Desenho,Neutro,2864,Exposicao_Face
150680,17,554,382,5.78,2,150680,38,Desenho,Neutro,2880,Exposicao_Face
150697,17,565,373,5.73,2,150697,38,Desenho,Neutro,2897,Exposicao_Face
150714,17,559,359,5.69,1,150714,38,Desenho,Neutro,2914,Exposicao_Face
150730,17,554,347,5.68,1,150730,38,Desenho,Neutro,2930,Exposicao_Face
150747,17,560,343,5.66,1,150747,38,Desenho,Neutro,2947,Exposicao_Face
150763,17,536,380,5.66,2,150763,38,Desenho,Neutro,2963,Exposicao_Face
150780,17,555,371,5.66,2,150780,38,Desenho,Neutro,2980,Exposicao_Face
150797,17,551,385,5.71,2,150797,38,Desenho,Neutro,2997,Exposicao_Face
150813,17,556,378,5.69,2,150813,38,Desenho,Neutro,3013,Exposicao_Face
150830,17,555,395,5.78,2,150830,38,Desenho,Neutro,3030,Exposicao_Face
150847,17,552,392,5.76,2,150847,38,Desenho,Neutro,3047,Exposicao_Face
150863,17,569,382,5.71,2,150863,38,Desenho,Neutro,3063,Exposicao_Face
150880,17,561,393,5.81,2,150880,38,Desenho,Neutro,3080,Exposicao_Face
150897,17,552,359,5.74,1,150897,38,Desenho,Neutro,3097,Exposicao_Face
150913,17,538,380,5.79,2,150913,38,Desenho,Neutro,3113,Exposicao_Face
150930,17,549,393,5.81,2,150930,38,Desenho,Neutro,3130,Exposicao_Face
150946,17,556,399,5.81,2,150946,38,Desenho,Neutro,3146,Exposicao_Face
150963,17,562,384,5.79,2,150963,38,Desenho,Neutro,3163,Exposicao_Face
150980,17,544,389,5.78,2,150980,38,Desenho,Neutro,3180,Exposicao_Face
150996,17,538,388,5.76,2,150996,38,Desenho,Neutro,3196,Exposicao_Face
151013,17,545,364,5.78,2,151013,38,Desenho,Neutro,3213,Exposicao_Face
151030,17,578,370,5.74,2,151030,38,Desenho,Neutro,3230,Exposicao_Face
151046,17,575,390,5.76,2,151046,38,Desenho,Neutro,3246,Exposicao_Face
151063,17,546,400,5.84,2,151063,38,Desenho,Neutro,3263,Exposicao_Face
151080,17,549,380,5.74,2,151080,38,Desenho,Neutro,3280,Exposicao_Face
151096,17,547,383,5.79,2,151096,38,Desenho,Neutro,3296,Exposicao_Face
151113,17,545,369,5.73,2,151113,38,Desenho,Neutro,3313,Exposicao_Face
151129,17,546,394,5.74,2,151129,38,Desenho,Neutro,3329,Exposicao_Face
151146,17,511,370,5.78,2,151146,38,Desenho,Neutro,3346,Exposicao_Face
151163,17,451,360,5.66,1,151163,38,Desenho,Neutro,3363,Exposicao_Face
151179,17,464,370,5.74,2,151179,38,Desenho,Neutro,3379,Exposicao_Face
151196,17,460,370,5.78,2,151196,38,Desenho,Neutro,3396,Exposicao_Face
151213,17,460,373,5.74,2,151213,38,Desenho,Neutro,3413,Exposicao_Face
151229,17,461,382,5.78,2,151229,38,Desenho,Neutro,3429,Exposicao_Face
151246,17,461,388,5.74,2,151246,38,Desenho,Neutro,3446,Exposicao_Face
151263,17,462,388,5.76,2,151263,38,Desenho,Neutro,3463,Exposicao_Face
151279,17,463,356,5.74,1,151279,38,Desenho,Neutro,3479,Exposicao_Face
151296,17,463,369,5.78,2,151296,38,Desenho,Neutro,3496,Exposicao_Face
151312,17,467,371,5.78,2,151312,38,Desenho,Neutro,3512,Exposicao_Face
151329,17,462,361,5.73,1,151329,38,Desenho,Neutro,3529,Exposicao_Face
151346,17,463,364,5.74,2,151346,38,Desenho,Neutro,3546,Exposicao_Face
151362,17,461,373,5.76,2,151362,38,Desenho,Neutro,3562,Exposicao_Face
151379,17,464,374,5.76,2,151379,38,Desenho,Neutro,3579,Exposicao_Face
151396,17,455,380,5.69,2,151396,38,Desenho,Neutro,3596,Exposicao_Face
151412,17,458,368,5.73,2,151412,38,Desenho,Neutro,3612,Exposicao_Face
151429,17,451,352,5.66,1,151429,38,Desenho,Neutro,3629,Exposicao_Face
151445,17,453,380,5.71,2,151445,38,Desenho,Neutro,3645,Exposicao_Face
151462,17,473,381,5.78,2,151462,38,Desenho,Neutro,3662,Exposicao_Face
151479,17,453,374,5.78,2,151479,38,Desenho,Neutro,3679,Exposicao_Face
151495,17,460,377,5.78,2,151495,38,Desenho,Neutro,3695,Exposicao_Face
151512,17,468,381,5.79,2,151512,38,Desenho,Neutro,3712,Exposicao_Face
151529,17,465,366,5.74,2,151529,38,Desenho,Neutro,3729,Exposicao_Face
151545,17,465,360,5.76,1,151545,38,Desenho,Neutro,3745,Exposicao_Face
151562,17,459,383,5.78,2,151562,38,Desenho,Neutro,3762,Exposicao_Face
151579,17,454,438,5.78,3,151579,38,Desenho,Neutro,3779,Exposicao_Face
151595,17,422,776,5.86,0,151595,38,Desenho,Neutro,3795,Exposicao_Face
151778,183,573,1011,0.0,0,151778,38,Desenho,Neutro,3978,Exposicao_Face
151795,17,572,914,0.0,0,151795,38,Desenho,Neutro,3995,Exposicao_Face
151811,17,503,693,5.66,3,151811,39,Desenho,Raiva,11,Janela_Baseline
151828,17,526,549,5.55,3,151828,39,Desenho,Raiva,28,Janela_Baseline
151845,17,536,455,5.55,3,151845,39,Desenho,Raiva,45,Janela_Baseline
151861,17,540,431,5.53,3,151861,39,Desenho,Raiva,61,Janela_Baseline
151878,17,550,335,5.53,1,151878,39,Desenho,Raiva,78,Janela_Baseline
151895,17,530,282,5.52,1,151895,39,Desenho,Raiva,95,Janela_Baseline
151911,17,571,289,5.52,1,151911,39,Desenho,Raiva,111,Janela_Baseline
151928,17,550,248,5.5,1,151928,39,Desenho,Raiva,128,Janela_Baseline
151945,17,548,285,5.57,1,151945,39,Desenho,Raiva,145,Janela_Baseline
151961,17,534,315,5.53,1,151961,39,Desenho,Raiva,161,Janela_Baseline
151978,17,565,343,5.61,1,151978,39,Desenho,Raiva,178,Janela_Baseline
151994,17,568,343,5.49,1,151994,39,Desenho,Raiva,194,Janela_Baseline
152011,17,564,349,5.57,1,152011,39,Desenho,Raiva,211,Janela_Baseline
152028,17,556,393,5.58,2,152028,39,Desenho,Raiva,228,Janela_Baseline
152044,17,498,358,5.55,1,152044,39,Desenho,Raiva,244,Janela_Baseline
152061,17,529,371,5.55,2,152061,39,Desenho,Raiva,261,Janela_Baseline
152078,17,538,406,5.57,2,152078,39,Desenho,Raiva,278,Janela_Baseline
152094,17,503,400,5.53,2,152094,39,Desenho,Raiva,294,Janela_Baseline
152128,33,517,382,5.52,2,152128,39,Desenho,Raiva,328,Janela_Baseline
152144,17,536,387,5.55,2,152144,39,Desenho,Raiva,344,Janela_Baseline
152161,17,508,385,5.49,2,152161,39,Desenho,Raiva,361,Janela_Baseline
152177,17,528,384,5.44,2,152177,39,Desenho,Raiva,377,Janela_Baseline
152194,17,505,375,5.41,2,152194,39,Desenho,Raiva,394,Janela_Baseline
152211,17,507,369,5.39,2,152211,39,Desenho,Raiva,411,Janela_Baseline
152227,17,505,384,5.37,2,152227,39,Desenho,Raiva,427,Janela_Baseline
152244,17,524,376,5.31,2,152244,39,Desenho,Raiva,444,Janela_Baseline
152261,17,512,375,5.29,2,152261,39,Desenho,Raiva,461,Janela_Baseline
152277,17,520,372,5.28,2,152277,39,Desenho,Raiva,477,Janela_Baseline
152294,17,526,377,5.29,2,152294,39,Desenho,Raiva,494,Janela_Baseline
152311,17,518,361,5.28,1,152311,39,Desenho,Raiva,511,Janela_Baseline
152327,17,522,368,5.29,2,152327,39,Desenho,Raiva,527,Janela_Baseline
152344,17,518,384,5.25,2,152344,39,Desenho,Raiva,544,Janela_Baseline
152360,17,522,375,5.21,2,152360,39,Desenho,Raiva,560,Janela_Baseline
152377,17,516,369,5.23,2,152377,39,Desenho,Raiva,577,Janela_Baseline
152394,17,513,376,5.15,2,152394,39,Desenho,Raiva,594,Janela_Baseline
152410,17,519,374,5.13,2,152410,39,Desenho,Raiva,610,Janela_Baseline
152427,17,516,379,5.13,2,152427,39,Desenho,Raiva,627,Janela_Baseline
152444,17,521,366,5.13,2,152444,39,Desenho,Raiva,644,Janela_Baseline
152460,17,520,366,5.13,2,152460,39,Desenho,Raiva,660,Janela_Baseline
152477,17,520,372,5.13,2,152477,39,Desenho,Raiva,677,Janela_Baseline
152493,17,514,378,5.12,2,152493,39,Desenho,Raiva,693,Janela_Baseline
152510,17,520,380,5.12,2,152510,39,Desenho,Raiva,710,Janela_Baseline
152527,17,527,382,5.12,2,152527,39,Desenho,Raiva,727,Janela_Baseline
152543,17,518,360,5.09,1,152543,39,Desenho,Raiva,743,Janela_Baseline
152560,17,520,361,5.04,1,152560,39,Desenho,Raiva,760,Janela_Baseline
152577,17,520,362,5.05,1,152577,39,Desenho,Raiva,777,Janela_Baseline
152593,17,520,341,5.02,1,152593,39,Desenho,Raiva,793,Janela_Baseline
152610,17,518,357,5.05,1,152610,39,Desenho,Raiva,810,Janela_Baseline
152660,50,514,385,5.12,2,152660,39,Desenho,Raiva,860,Janela_Baseline
152660,0,514,385,5.12,2,152660,39,Desenho,Raiva,860,Janela_Baseline
152676,17,485,323,5.09,1,152676,39,Desenho,Raiva,876,Janela_Baseline
152693,17,464,347,5.05,1,152693,39,Desenho,Raiva,893,Janela_Baseline
152710,17,483,353,5.1,1,152710,39,Desenho,Raiva,910,Janela_Baseline
152726,17,471,356,5.1,1,152726,39,Desenho,Raiva,926,Janela_Baseline
152743,17,464,319,5.02,1,152743,39,Desenho,Raiva,943,Janela_Baseline
152760,17,484,343,5.04,1,152760,39,Desenho,Raiva,960,Janela_Baseline
152776,17,488,325,5.02,1,152776,39,Desenho,Raiva,976,Janela_Baseline
152793,17,484,314,5.07,1,152793,39,Desenho,Raiva,993,Janela_Baseline
152810,17,471,315,5.05,1,152810,39,Desenho,Raiva,1010,Janela_Baseline
152826,17,489,302,5.07,1,152826,39,Desenho,Raiva,1026,Janela_Baseline
153076,250,475,993,0.0,0,153076,39,Desenho,Raiva,1276,Janela_Baseline
153092,17,456,590,6.18,3,153092,39,Desenho,Raiva,1292,Janela_Baseline
153109,17,466,301,5.31,1,153109,39,Desenho,Raiva,1309,Exposicao_Face
153126,17,470,247,5.34,1,153126,39,Desenho,Raiva,1326,Exposicao_Face
153142,17,487,273,5.31,1,153142,39,Desenho,Raiva,1342,Exposicao_Face
153159,17,474,270,5.37,1,153159,39,Desenho,Raiva,1359,Exposicao_Face
153176,17,476,215,5.36,1,153176,39,Desenho,Raiva,1376,Exposicao_Face
153192,17,483,253,5.34,1,153192,39,Desenho,Raiva,1392,Exposicao_Face
153209,17,469,311,5.34,1,153209,39,Desenho,Raiva,1409,Exposicao_Face
153225,17,488,337,5.36,1,153225,39,Desenho,Raiva,1425,Exposicao_Face
153242,17,472,358,5.37,1,153242,39,Desenho,Raiva,1442,Exposicao_Face
153259,17,498,357,5.41,1,153259,39,Desenho,Raiva,1459,Exposicao_Face
153325,67,473,365,5.44,2,153325,39,Desenho,Raiva,1525,Exposicao_Face
153325,0,473,365,5.44,2,153325,39,Desenho,Raiva,1525,Exposicao_Face
153342,17,453,375,5.44,2,153342,39,Desenho,Raiva,1542,Exposicao_Face
153359,17,488,392,5.47,2,153359,39,Desenho,Raiva,1559,Exposicao_Face
153375,17,488,384,5.44,2,153375,39,Desenho,Raiva,1575,Exposicao_Face
153392,17,462,366,5.44,2,153392,39,Desenho,Raiva,1592,Exposicao_Face
153408,17,492,380,5.49,2,153408,39,Desenho,Raiva,1608,Exposicao_Face
153425,17,491,370,5.49,2,153425,39,Desenho,Raiva,1625,Exposicao_Face
153442,17,452,364,5.47,2,153442,39,Desenho,Raiva,1642,Exposicao_Face
153458,17,454,339,5.42,1,153458,39,Desenho,Raiva,1658,Exposicao_Face
153475,17,461,366,5.45,2,153475,39,Desenho,Raiva,1675,Exposicao_Face
153492,17,488,371,5.42,2,153492,39,Desenho,Raiva,1692,Exposicao_Face
153508,17,474,380,5.41,2,153508,39,Desenho,Raiva,1708,Exposicao_Face
153525,17,473,370,5.41,2,153525,39,Desenho,Raiva,1725,Exposicao_Face
153542,17,484,375,5.42,2,153542,39,Desenho,Raiva,1742,Exposicao_Face
153558,17,461,366,5.39,2,153558,39,Desenho,Raiva,1758,Exposicao_Face
153575,17,456,378,5.42,2,153575,39,Desenho,Raiva,1775,Exposicao_Face
153591,17,496,367,5.42,2,153591,39,Desenho,Raiva,1791,Exposicao_Face
153608,17,485,353,5.44,1,153608,39,Desenho,Raiva,1808,Exposicao_Face
153625,17,472,351,5.39,1,153625,39,Desenho,Raiva,1825,Exposicao_Face
153641,17,462,381,5.45,2,153641,39,Desenho,Raiva,1841,Exposicao_Face
153658,17,483,384,5.45,2,153658,39,Desenho,Raiva,1858,Exposicao_Face
153675,17,481,385,5.45,2,153675,39,Desenho,Raiva,1875,Exposicao_Face
153691,17,496,365,5.42,2,153691,39,Desenho,Raiva,1891,Exposicao_Face
153708,17,471,379,5.5,2,153708,39,Desenho,Raiva,1908,Exposicao_Face
153724,17,490,346,5.42,1,153724,39,Desenho,Raiva,1924,Exposicao_Face
153741,17,487,380,5.45,2,153741,39,Desenho,Raiva,1941,Exposicao_Face
153758,17,465,364,5.52,2,153758,39,Desenho,Raiva,1958,Exposicao_Face
153774,17,467,411,5.53,2,153774,39,Desenho,Raiva,1974,Exposicao_Face
153791,17,495,389,5.52,2,153791,39,Desenho,Raiva,1991,Exposicao_Face
153808,17,485,371,5.49,2,153808,39,Desenho,Raiva,2008,Exposicao_Face
153824,17,465,390,5.55,2,153824,39,Desenho,Raiva,2024,Exposicao_Face
153841,17,464,359,5.52,1,153841,39,Desenho,Raiva,2041,Exposicao_Face
153858,17,467,379,5.49,2,153858,39,Desenho,Raiva,2058,Exposicao_Face
153874,17,493,371,5.49,2,153874,39,Desenho,Raiva,2074,Exposicao_Face
153891,17,484,380,5.49,2,153891,39,Desenho,Raiva,2091,Exposicao_Face
153907,17,489,386,5.52,2,153907,39,Desenho,Raiva,2107,Exposicao_Face
153924,17,465,342,5.5,1,153924,39,Desenho,Raiva,2124,Exposicao_Face
153941,17,467,375,5.55,2,153941,39,Desenho,Raiva,2141,Exposicao_Face
153957,17,496,346,5.49,1,153957,39,Desenho,Raiva,2157,Exposicao_Face
153974,17,460,391,5.61,2,153974,39,Desenho,Raiva,2174,Exposicao_Face
153991,17,463,376,5.57,2,153991,39,Desenho,Raiva,2191,Exposicao_Face
154007,17,492,369,5.5,2,154007,39,Desenho,Raiva,2207,Exposicao_Face
154024,17,459,345,5.53,1,154024,39,Desenho,Raiva,2224,Exposicao_Face
154041,17,462,370,5.52,2,154041,39,Desenho,Raiva,2241,Exposicao_Face
154057,17,455,369,5.53,2,154057,39,Desenho,Raiva,2257,Exposicao_Face
154074,17,463,360,5.57,1,154074,39,Desenho,Raiva,2274,Exposicao_Face
154090,17,467,376,5.57,2,154090,39,Desenho,Raiva,2290,Exposicao_Face
154107,17,469,365,5.55,2,154107,39,Desenho,Raiva,2307,Exposicao_Face
154124,17,464,376,5.57,2,154124,39,Desenho,Raiva,2324,Exposicao_Face
154140,17,466,372,5.57,2,154140,39,Desenho,Raiva,2340,Exposicao_Face
154157,17,465,382,5.6,2,154157,39,Desenho,Raiva,2357,Exposicao_Face
154174,17,461,382,5.6,2,154174,39,Desenho,Raiva,2374,Exposicao_Face
154190,17,465,385,5.61,2,154190,39,Desenho,Raiva,2390,Exposicao_Face
154207,17,464,374,5.6,2,154207,39,Desenho,Raiva,2407,Exposicao_Face
154224,17,473,376,5.6,2,154224,39,Desenho,Raiva,2424,Exposicao_Face
154240,17,467,353,5.6,1,154240,39,Desenho,Raiva,2440,Exposicao_Face
154257,17,468,352,5.63,1,154257,39,Desenho,Raiva,2457,Exposicao_Face
154273,17,471,359,5.61,1,154273,39,Desenho,Raiva,2473,Exposicao_Face
154290,17,467,374,5.68,2,154290,39,Desenho,Raiva,2490,Exposicao_Face
154307,17,460,354,5.66,1,154307,39,Desenho,Raiva,2507,Exposicao_Face
154323,17,466,331,5.61,1,154323,39,Desenho,Raiva,2523,Exposicao_Face
154340,17,466,373,5.68,2,154340,39,Desenho,Raiva,2540,Exposicao_Face
154357,17,466,353,5.65,1,154357,39,Desenho,Raiva,2557,Exposicao_Face
154373,17,476,347,5.65,1,154373,39,Desenho,Raiva,2573,Exposicao_Face
154390,17,473,349,5.65,1,154390,39,Desenho,Raiva,2590,Exposicao_Face
154407,17,468,351,5.66,1,154407,39,Desenho,Raiva,2607,Exposicao_Face
154423,17,481,358,5.66,1,154423,39,Desenho,Raiva,2623,Exposicao_Face
154440,17,473,364,5.71,2,154440,39,Desenho,Raiva,2640,Exposicao_Face
154456,17,482,347,5.69,1,154456,39,Desenho,Raiva,2656,Exposicao_Face
154473,17,472,352,5.68,1,154473,39,Desenho,Raiva,2673,Exposicao_Face
154490,17,460,355,5.68,1,154490,39,Desenho,Raiva,2690,Exposicao_Face
154506,17,452,712,5.71,3,154506,39,Desenho,Raiva,2706,Exposicao_Face
154789,283,475,1057,0.0,0,154789,39,Desenho,Raiva,2989,Exposicao_Face
154806,17,263,476,-1.0,3,154806,39,Desenho,Raiva,3006,Exposicao_Face
154822,17,412,633,6.21,3,154822,39,Desenho,Raiva,3022,Exposicao_Face
154839,17,463,456,5.78,3,154839,39,Desenho,Raiva,3039,Exposicao_Face
154856,17,468,472,5.69,3,154856,39,Desenho,Raiva,3056,Exposicao_Face
154872,17,466,441,5.78,3,154872,39,Desenho,Raiva,3072,Exposicao_Face
154889,17,443,314,5.74,1,154889,39,Desenho,Raiva,3089,Exposicao_Face
154906,17,472,304,5.74,1,154906,39,Desenho,Raiva,3106,Exposicao_Face
154922,17,478,321,5.71,1,154922,39,Desenho,Raiva,3122,Exposicao_Face
154939,17,496,313,5.79,1,154939,39,Desenho,Raiva,3139,Exposicao_Face
154955,17,482,300,5.79,1,154955,39,Desenho,Raiva,3155,Exposicao_Face
154972,17,480,293,5.76,1,154972,39,Desenho,Raiva,3172,Exposicao_Face
154989,17,478,304,5.79,1,154989,39,Desenho,Raiva,3189,Exposicao_Face
155005,17,477,308,5.78,1,155005,39,Desenho,Raiva,3205,Exposicao_Face
155022,17,493,329,5.74,1,155022,39,Desenho,Raiva,3222,Exposicao_Face
155039,17,494,307,5.74,1,155039,39,Desenho,Raiva,3239,Exposicao_Face
155055,17,484,344,5.74,1,155055,39,Desenho,Raiva,3255,Exposicao_Face
155072,17,481,343,5.76,1,155072,39,Desenho,Raiva,3272,Exposicao_Face
155089,17,481,376,5.78,2,155089,39,Desenho,Raiva,3289,Exposicao_Face
155105,17,470,347,5.74,1,155105,39,Desenho,Raiva,3305,Exposicao_Face
155122,17,479,371,5.78,2,155122,39,Desenho,Raiva,3322,Exposicao_Face
155138,17,483,359,5.73,1,155138,39,Desenho,Raiva,3338,Exposicao_Face
155155,17,487,350,5.73,1,155155,39,Desenho,Raiva,3355,Exposicao_Face
155172,17,485,374,5.73,2,155172,39,Desenho,Raiva,3372,Exposicao_Face
155188,17,478,363,5.63,0,155188,39,Desenho,Raiva,3388,Exposicao_Face
155205,17,476,370,5.63,2,155205,39,Desenho,Raiva,3405,Exposicao_Face
155222,17,446,345,5.57,1,155222,39,Desenho,Raiva,3422,Exposicao_Face
155238,17,460,357,5.53,1,155238,39,Desenho,Raiva,3438,Exposicao_Face
155255,17,474,338,5.52,1,155255,39,Desenho,Raiva,3455,Exposicao_Face
155272,17,455,340,5.53,1,155272,39,Desenho,Raiva,3472,Exposicao_Face
155288,17,470,353,5.53,1,155288,39,Desenho,Raiva,3488,Exposicao_Face
155305,17,472,350,5.49,1,155305,39,Desenho,Raiva,3505,Exposicao_Face
155321,17,453,324,5.5,1,155321,39,Desenho,Raiva,3521,Exposicao_Face
155338,17,452,354,5.52,1,155338,39,Desenho,Raiva,3538,Exposicao_Face
155355,17,465,342,5.5,1,155355,39,Desenho,Raiva,3555,Exposicao_Face
155371,17,445,328,5.47,1,155371,39,Desenho,Raiva,3571,Exposicao_Face
155388,17,470,337,5.5,1,155388,39,Desenho,Raiva,3588,Exposicao_Face
155405,17,469,329,5.42,1,155405,39,Desenho,Raiva,3605,Exposicao_Face
155421,17,478,327,5.45,1,155421,39,Desenho,Raiva,3621,Exposicao_Face
155438,17,467,338,5.52,1,155438,39,Desenho,Raiva,3638,Exposicao_Face
155455,17,472,332,5.49,1,155455,39,Desenho,Raiva,3655,Exposicao_Face
155471,17,446,365,5.52,2,155471,39,Desenho,Raiva,3671,Exposicao_Face
155488,17,466,382,5.52,2,155488,39,Desenho,Raiva,3688,Exposicao_Face
155504,17,461,344,5.5,1,155504,39,Desenho,Raiva,3704,Exposicao_Face
155521,17,464,353,5.49,1,155521,39,Desenho,Raiva,3721,Exposicao_Face
155538,17,471,365,5.52,2,155538,39,Desenho,Raiva,3738,Exposicao_Face
155554,17,442,363,5.52,0,155554,39,Desenho,Raiva,3754,Exposicao_Face
155571,17,468,357,5.49,1,155571,39,Desenho,Raiva,3771,Exposicao_Face
155588,17,465,359,5.5,1,155588,39,Desenho,Raiva,3788,Exposicao_Face
155604,17,469,368,5.49,2,155604,39,Desenho,Raiva,3804,Exposicao_Face
155621,17,452,335,5.5,1,155621,39,Desenho,Raiva,3821,Exposicao_Face
155638,17,441,344,5.52,1,155638,39,Desenho,Raiva,3838,Exposicao_Face
155654,17,430,333,5.45,1,155654,39,Desenho,Raiva,3854,Exposicao_Face
155671,17,471,337,5.47,1,155671,39,Desenho,Raiva,3871,Exposicao_Face
155687,17,472,324,5.45,1,155687,39,Desenho,Raiva,3887,Exposicao_Face
155704,17,523,365,5.44,2,155704,39,Desenho,Raiva,3904,Exposicao_Face
155721,17,534,356,5.42,1,155721,39,Desenho,Raiva,3921,Exposicao_Face
155737,17,513,344,5.39,1,155737,39,Desenho,Raiva,3937,Exposicao_Face
155754,17,543,352,5.44,1,155754,39,Desenho,Raiva,3954,Exposicao_Face
155771,17,545,382,5.45,2,155771,39,Desenho,Raiva,3971,Exposicao_Face
155787,17,540,366,5.41,2,155787,39,Desenho,Raiva,3987,Exposicao_Face
155804,17,542,385,5.42,2,155804,40,Desenho,Feliz,4,Janela_Baseline
155821,17,538,363,5.37,0,155821,40,Desenho,Feliz,21,Janela_Baseline
155837,17,517,353,5.41,1,155837,40,Desenho,Feliz,37,Janela_Baseline
155854,17,541,371,5.39,2,155854,40,Desenho,Feliz,54,Janela_Baseline
155870,17,526,381,5.39,2,155870,40,Desenho,Feliz,70,Janela_Baseline
155887,17,536,370,5.34,2,155887,40,Desenho,Feliz,87,Janela_Baseline
155904,17,538,369,5.39,2,155904,40,Desenho,Feliz,104,Janela_Baseline
155920,17,522,378,5.33,2,155920,40,Desenho,Feliz,120,Janela_Baseline
155937,17,519,362,5.31,1,155937,40,Desenho,Feliz,137,Janela_Baseline
155954,17,537,368,5.29,2,155954,40,Desenho,Feliz,154,Janela_Baseline
155970,17,545,360,5.33,1,155970,40,Desenho,Feliz,170,Janela_Baseline
155987,17,538,355,5.37,1,155987,40,Desenho,Feliz,187,Janela_Baseline
156003,17,520,352,5.36,1,156003,40,Desenho,Feliz,203,Janela_Baseline
156020,17,540,346,5.34,1,156020,40,Desenho,Feliz,220,Janela_Baseline
156037,17,513,370,5.36,2,156037,40,Desenho,Feliz,237,Janela_Baseline
156053,17,535,354,5.33,1,156053,40,Desenho,Feliz,253,Janela_Baseline
156070,17,515,339,5.33,1,156070,40,Desenho,Feliz,270,Janela_Baseline
156087,17,513,358,5.34,1,156087,40,Desenho,Feliz,287,Janela_Baseline
156103,17,544,364,5.28,2,156103,40,Desenho,Feliz,303,Janela_Baseline
156120,17,550,362,5.29,1,156120,40,Desenho,Feliz,320,Janela_Baseline
156137,17,535,358,5.28,1,156137,40,Desenho,Feliz,337,Janela_Baseline
156153,17,524,369,5.26,2,156153,40,Desenho,Feliz,353,Janela_Baseline
156170,17,543,370,5.33,2,156170,40,Desenho,Feliz,370,Janela_Baseline
156186,17,541,359,5.29,1,156186,40,Desenho,Feliz,386,Janela_Baseline
156203,17,523,364,5.26,2,156203,40,Desenho,Feliz,403,Janela_Baseline
156220,17,539,354,5.33,1,156220,40,Desenho,Feliz,420,Janela_Baseline
156236,17,531,366,5.21,2,156236,40,Desenho,Feliz,436,Janela_Baseline
156253,17,526,365,5.28,2,156253,40,Desenho,Feliz,453,Janela_Baseline
156270,17,522,349,5.17,1,156270,40,Desenho,Feliz,470,Janela_Baseline
156286,17,515,378,5.26,2,156286,40,Desenho,Feliz,486,Janela_Baseline
156303,17,537,357,5.21,1,156303,40,Desenho,Feliz,503,Janela_Baseline
156320,17,532,352,5.28,1,156320,40,Desenho,Feliz,520,Janela_Baseline
156336,17,534,353,5.26,1,156336,40,Desenho,Feliz,536,Janela_Baseline
156353,17,538,366,5.28,2,156353,40,Desenho,Feliz,553,Janela_Baseline
156369,17,541,354,5.26,1,156369,40,Desenho,Feliz,569,Janela_Baseline
156386,17,535,361,5.26,1,156386,40,Desenho,Feliz,586,Janela_Baseline
156403,17,536,361,5.23,1,156403,40,Desenho,Feliz,603,Janela_Baseline
156419,17,536,335,5.2,1,156419,40,Desenho,Feliz,619,Janela_Baseline
156436,17,516,370,5.23,2,156436,40,Desenho,Feliz,636,Janela_Baseline
156453,17,537,358,5.25,1,156453,40,Desenho,Feliz,653,Janela_Baseline
156469,17,539,351,5.26,1,156469,40,Desenho,Feliz,669,Janela_Baseline
156486,17,539,355,5.29,1,156486,40,Desenho,Feliz,686,Janela_Baseline
156503,17,533,358,5.31,1,156503,40,Desenho,Feliz,703,Janela_Baseline
156519,17,538,352,5.23,1,156519,40,Desenho,Feliz,719,Janela_Baseline
156536,17,519,362,5.31,1,156536,40,Desenho,Feliz,736,Janela_Baseline
156552,17,534,357,5.25,1,156552,40,Desenho,Feliz,752,Janela_Baseline
156569,17,535,350,5.26,1,156569,40,Desenho,Feliz,769,Janela_Baseline
156586,17,533,353,5.26,1,156586,40,Desenho,Feliz,786,Janela_Baseline
156602,17,539,359,5.31,1,156602,40,Desenho,Feliz,802,Janela_Baseline
156619,17,540,349,5.28,1,156619,40,Desenho,Feliz,819,Janela_Baseline
156636,17,537,353,5.28,1,156636,40,Desenho,Feliz,836,Janela_Baseline
156652,17,537,367,5.34,2,156652,40,Desenho,Feliz,852,Janela_Baseline
156669,17,533,368,5.39,2,156669,40,Desenho,Feliz,869,Janela_Baseline
156686,17,498,338,5.31,1,156686,40,Desenho,Feliz,886,Janela_Baseline
156702,17,470,360,5.34,1,156702,40,Desenho,Feliz,902,Janela_Baseline
156735,33,476,379,5.37,2,156735,40,Desenho,Feliz,935,Janela_Baseline
156752,17,474,361,5.33,1,156752,40,Desenho,Feliz,952,Janela_Baseline
156785,33,481,349,5.33,1,156785,40,Desenho,Feliz,985,Janela_Baseline
156802,17,481,339,5.26,1,156802,40,Desenho,Feliz,1002,Janela_Baseline
156819,17,469,362,5.26,1,156819,40,Desenho,Feliz,1019,Janela_Baseline
156835,17,481,366,5.28,2,156835,40,Desenho,Feliz,1035,Janela_Baseline
156852,17,478,359,5.28,1,156852,40,Desenho,Feliz,1052,Janela_Baseline
156869,17,475,364,5.31,2,156869,40,Desenho,Feliz,1069,Janela_Baseline
156885,17,469,512,5.25,3,156885,40,Desenho,Feliz,1085,Janela_Baseline
157101,216,518,253,-1.0,1,157101,40,Desenho,Feliz,1301,Exposicao_Face
157135,33,527,876,0.0,0,157135,40,Desenho,Feliz,1335,Exposicao_Face
157151,17,519,490,5.18,3,157151,40,Desenho,Feliz,1351,Exposicao_Face
157168,17,519,385,5.25,2,157168,40,Desenho,Feliz,1368,Exposicao_Face
157185,17,534,334,5.26,1,157185,40,Desenho,Feliz,1385,Exposicao_Face
157201,17,540,268,5.26,1,157201,40,Desenho,Feliz,1401,Exposicao_Face
157218,17,552,245,5.23,1,157218,40,Desenho,Feliz,1418,Exposicao_Face
157234,17,548,308,5.26,1,157234,40,Desenho,Feliz,1434,Exposicao_Face
157251,17,542,193,5.18,1,157251,40,Desenho,Feliz,1451,Exposicao_Face
157268,17,533,370,5.25,2,157268,40,Desenho,Feliz,1468,Exposicao_Face
157284,17,529,384,5.23,2,157284,40,Desenho,Feliz,1484,Exposicao_Face
157301,17,529,393,5.26,2,157301,40,Desenho,Feliz,1501,Exposicao_Face
157318,17,522,391,5.26,2,157318,40,Desenho,Feliz,1518,Exposicao_Face
157334,17,527,394,5.26,2,157334,40,Desenho,Feliz,1534,Exposicao_Face
157351,17,520,381,5.25,2,157351,40,Desenho,Feliz,1551,Exposicao_Face
157368,17,516,370,5.21,2,157368,40,Desenho,Feliz,1568,Exposicao_Face
157384,17,522,385,5.29,2,157384,40,Desenho,Feliz,1584,Exposicao_Face
157401,17,516,381,5.26,2,157401,40,Desenho,Feliz,1601,Exposicao_Face
157417,17,529,372,5.26,2,157417,40,Desenho,Feliz,1617,Exposicao_Face
157434,17,532,373,5.31,2,157434,40,Desenho,Feliz,1634,Exposicao_Face
157451,17,519,349,5.26,1,157451,40,Desenho,Feliz,1651,Exposicao_Face
157467,17,537,369,5.29,2,157467,40,Desenho,Feliz,1667,Exposicao_Face
157484,17,529,401,5.26,2,157484,40,Desenho,Feliz,1684,Exposicao_Face
157501,17,525,386,5.21,2,157501,40,Desenho,Feliz,1701,Exposicao_Face
157517,17,522,392,5.21,2,157517,40,Desenho,Feliz,1717,Exposicao_Face
157534,17,530,354,5.21,1,157534,40,Desenho,Feliz,1734,Exposicao_Face
157551,17,531,367,5.17,2,157551,40,Desenho,Feliz,1751,Exposicao_Face
157567,17,528,379,5.17,2,157567,40,Desenho,Feliz,1767,Exposicao_Face
157584,17,525,367,5.13,2,157584,40,Desenho,Feliz,1784,Exposicao_Face
157600,17,523,373,5.09,2,157600,40,Desenho,Feliz,1800,Exposicao_Face
157617,17,530,385,5.13,2,157617,40,Desenho,Feliz,1817,Exposicao_Face
157634,17,535,372,5.04,2,157634,40,Desenho,Feliz,1834,Exposicao_Face
157650,17,529,366,5.09,2,157650,40,Desenho,Feliz,1850,Exposicao_Face
157667,17,520,388,5.1,2,157667,40,Desenho,Feliz,1867,Exposicao_Face
157684,17,523,388,5.05,2,157684,40,Desenho,Feliz,1884,Exposicao_Face
157700,17,531,379,5.05,2,157700,40,Desenho,Feliz,1900,Exposicao_Face
157717,17,532,379,5.09,2,157717,40,Desenho,Feliz,1917,Exposicao_Face
157734,17,535,356,5.01,1,157734,40,Desenho,Feliz,1934,Exposicao_Face
157750,17,528,353,4.97,1,157750,40,Desenho,Feliz,1950,Exposicao_Face
157767,17,530,370,5.01,2,157767,40,Desenho,Feliz,1967,Exposicao_Face
157783,17,533,373,5.01,2,157783,40,Desenho,Feliz,1983,Exposicao_Face
157800,17,537,394,5.02,2,157800,40,Desenho,Feliz,2000,Exposicao_Face
157817,17,469,351,5.01,1,157817,40,Desenho,Feliz,2017,Exposicao_Face
157833,17,457,337,5.01,1,157833,40,Desenho,Feliz,2033,Exposicao_Face
157850,17,494,353,4.96,1,157850,40,Desenho,Feliz,2050,Exposicao_Face
157867,17,452,360,5.01,1,157867,40,Desenho,Feliz,2067,Exposicao_Face
157883,17,462,326,4.92,1,157883,40,Desenho,Feliz,2083,Exposicao_Face
157900,17,454,342,4.96,1,157900,40,Desenho,Feliz,2100,Exposicao_Face
157917,17,481,342,4.96,1,157917,40,Desenho,Feliz,2117,Exposicao_Face
157933,17,486,345,4.94,1,157933,40,Desenho,Feliz,2133,Exposicao_Face
157950,17,455,350,4.92,1,157950,40,Desenho,Feliz,2150,Exposicao_Face
157966,17,494,333,4.94,1,157966,40,Desenho,Feliz,2166,Exposicao_Face
157983,17,454,348,4.89,1,157983,40,Desenho,Feliz,2183,Exposicao_Face
158000,17,453,347,4.91,1,158000,40,Desenho,Feliz,2200,Exposicao_Face
158016,17,485,333,4.89,1,158016,40,Desenho,Feliz,2216,Exposicao_Face
158033,17,480,329,4.91,1,158033,40,Desenho,Feliz,2233,Exposicao_Face
158050,17,459,354,4.97,1,158050,40,Desenho,Feliz,2250,Exposicao_Face
158066,17,456,346,4.94,1,158066,40,Desenho,Feliz,2266,Exposicao_Face
158083,17,461,327,4.88,1,158083,40,Desenho,Feliz,2283,Exposicao_Face
158100,17,468,351,4.94,1,158100,40,Desenho,Feliz,2300,Exposicao_Face
158116,17,493,348,4.97,1,158116,40,Desenho,Feliz,2316,Exposicao_Face
158133,17,457,347,4.96,1,158133,40,Desenho,Feliz,2333,Exposicao_Face
158149,17,461,338,4.96,1,158149,40,Desenho,Feliz,2349,Exposicao_Face
158166,17,460,310,4.91,1,158166,40,Desenho,Feliz,2366,Exposicao_Face
158183,17,452,323,4.92,1,158183,40,Desenho,Feliz,2383,Exposicao_Face
158199,17,452,335,4.91,1,158199,40,Desenho,Feliz,2399,Exposicao_Face
158216,17,462,330,4.94,1,158216,40,Desenho,Feliz,2416,Exposicao_Face
158233,17,494,334,4.94,1,158233,40,Desenho,Feliz,2433,Exposicao_Face
158249,17,455,313,4.91,1,158249,40,Desenho,Feliz,2449,Exposicao_Face
158266,17,488,317,4.89,1,158266,40,Desenho,Feliz,2466,Exposicao_Face
158282,17,452,320,4.92,1,158282,40,Desenho,Feliz,2482,Exposicao_Face
158299,17,459,343,4.92,1,158299,40,Desenho,Feliz,2499,Exposicao_Face
158316,17,493,305,4.88,1,158316,40,Desenho,Feliz,2516,Exposicao_Face
158332,17,455,318,4.91,1,158332,40,Desenho,Feliz,2532,Exposicao_Face
158349,17,466,458,4.94,3,158349,40,Desenho,Feliz,2549,Exposicao_Face
158599,250,436,944,7.11,0,158599,40,Desenho,Feliz,2799,Exposicao_Face
158615,17,440,661,7.15,3,158615,40,Desenho,Feliz,2815,Exposicao_Face
158632,17,463,353,5.04,1,158632,40,Desenho,Feliz,2832,Exposicao_Face
158648,17,469,229,5.1,1,158648,40,Desenho,Feliz,2848,Exposicao_Face
158665,17,469,237,5.1,1,158665,40,Desenho,Feliz,2865,Exposicao_Face
158682,17,488,204,5.1,1,158682,40,Desenho,Feliz,2882,Exposicao_Face
158698,17,478,302,5.1,1,158698,40,Desenho,Feliz,2898,Exposicao_Face
158715,17,469,314,5.13,1,158715,40,Desenho,Feliz,2915,Exposicao_Face
158732,17,475,355,5.18,1,158732,40,Desenho,Feliz,2932,Exposicao_Face
158748,17,470,344,5.15,1,158748,40,Desenho,Feliz,2948,Exposicao_Face
158765,17,467,327,5.13,1,158765,40,Desenho,Feliz,2965,Exposicao_Face
158782,17,472,336,5.15,1,158782,40,Desenho,Feliz,2982,Exposicao_Face
158798,17,470,332,5.15,1,158798,40,Desenho,Feliz,2998,Exposicao_Face
158848,50,473,347,5.26,1,158848,40,Desenho,Feliz,3048,Exposicao_Face
158865,17,467,330,5.21,1,158865,40,Desenho,Feliz,3065,Exposicao_Face
158881,17,468,342,5.23,1,158881,40,Desenho,Feliz,3081,Exposicao_Face
158898,17,474,343,5.21,1,158898,40,Desenho,Feliz,3098,Exposicao_Face
158915,17,472,344,5.26,1,158915,40,Desenho,Feliz,3115,Exposicao_Face
158931,17,477,342,5.28,1,158931,40,Desenho,Feliz,3131,Exposicao_Face
158948,17,469,345,5.26,1,158948,40,Desenho,Feliz,3148,Exposicao_Face
158965,17,467,353,5.26,1,158965,40,Desenho,Feliz,3165,Exposicao_Face
158981,17,474,355,5.26,1,158981,40,Desenho,Feliz,3181,Exposicao_Face
158998,17,469,363,5.29,0,158998,40,Desenho,Feliz,3198,Exposicao_Face
159014,17,461,336,5.18,1,159014,40,Desenho,Feliz,3214,Exposicao_Face
159031,17,473,334,5.18,1,159031,40,Desenho,Feliz,3231,Exposicao_Face
159048,17,474,349,5.18,1,159048,40,Desenho,Feliz,3248,Exposicao_Face
159064,17,464,329,5.17,1,159064,40,Desenho,Feliz,3264,Exposicao_Face
159081,17,475,373,5.26,2,159081,40,Desenho,Feliz,3281,Exposicao_Face
159098,17,481,365,5.26,2,159098,40,Desenho,Feliz,3298,Exposicao_Face
159114,17,472,354,5.25,1,159114,40,Desenho,Feliz,3314,Exposicao_Face
159131,17,469,380,5.26,2,159131,40,Desenho,Feliz,3331,Exposicao_Face
159148,17,473,353,5.25,1,159148,40,Desenho,Feliz,3348,Exposicao_Face
159164,17,477,349,5.2,1,159164,40,Desenho,Feliz,3364,Exposicao_Face
159181,17,467,337,5.2,1,159181,40,Desenho,Feliz,3381,Exposicao_Face
159197,17,465,368,5.21,2,159197,40,Desenho,Feliz,3397,Exposicao_Face
159214,17,470,345,5.21,1,159214,40,Desenho,Feliz,3414,Exposicao_Face
159231,17,468,345,5.23,1,159231,40,Desenho,Feliz,3431,Exposicao_Face
159247,17,467,366,5.25,2,159247,40,Desenho,Feliz,3447,Exposicao_Face
159264,17,467,359,5.18,1,159264,40,Desenho,Feliz,3464,Exposicao_Face
159281,17,467,375,5.23,2,159281,40,Desenho,Feliz,3481,Exposicao_Face
159297,17,465,363,5.28,0,159297,40,Desenho,Feliz,3497,Exposicao_Face
159314,17,469,358,5.23,1,159314,40,Desenho,Feliz,3514,Exposicao_Face
159330,17,465,358,5.26,1,159330,40,Desenho,Feliz,3530,Exposicao_Face
159347,17,467,341,5.25,1,159347,40,Desenho,Feliz,3547,Exposicao_Face
159364,17,458,360,5.26,1,159364,40,Desenho,Feliz,3564,Exposicao_Face
159380,17,460,347,5.28,1,159380,40,Desenho,Feliz,3580,Exposicao_Face
159397,17,471,346,5.2,1,159397,40,Desenho,Feliz,3597,Exposicao_Face
159414,17,464,347,5.23,1,159414,40,Desenho,Feliz,3614,Exposicao_Face
159430,17,473,350,5.25,1,159430,40,Desenho,Feliz,3630,Exposicao_Face
159447,17,474,366,5.29,2,159447,40,Desenho,Feliz,3647,Exposicao_Face
159464,17,499,351,5.28,1,159464,40,Desenho,Feliz,3664,Exposicao_Face
159480,17,539,343,5.29,1,159480,40,Desenho,Feliz,3680,Exposicao_Face
159497,17,541,351,5.29,1,159497,40,Desenho,Feliz,3697,Exposicao_Face
159513,17,541,338,5.28,1,159513,40,Desenho,Feliz,3713,Exposicao_Face
159530,17,536,340,5.25,1,159530,40,Desenho,Feliz,3730,Exposicao_Face
159547,17,548,354,5.33,1,159547,40,Desenho,Feliz,3747,Exposicao_Face
159563,17,546,350,5.36,1,159563,40,Desenho,Feliz,3763,Exposicao_Face
159580,17,549,315,5.28,1,159580,40,Desenho,Feliz,3780,Exposicao_Face
159597,17,539,323,5.31,1,159597,40,Desenho,Feliz,3797,Exposicao_Face
159613,17,537,331,5.39,1,159613,40,Desenho,Feliz,3813,Exposicao_Face
159630,17,540,349,5.34,1,159630,40,Desenho,Feliz,3830,Exposicao_Face
159647,17,545,316,5.33,1,159647,40,Desenho,Feliz,3847,Exposicao_Face
159663,17,545,339,5.39,1,159663,40,Desenho,Feliz,3863,Exposicao_Face
159680,17,540,326,5.34,1,159680,40,Desenho,Feliz,3880,Exposicao_Face
159696,17,558,333,5.37,1,159696,40,Desenho,Feliz,3896,Exposicao_Face
159713,17,541,339,5.37,1,159713,40,Desenho,Feliz,3913,Exposicao_Face
159730,17,540,327,5.28,1,159730,40,Desenho,Feliz,3930,Exposicao_Face
159746,17,562,334,5.36,1,159746,40,Desenho,Feliz,3946,Exposicao_Face
159763,17,539,318,5.31,1,159763,40,Desenho,Feliz,3963,Exposicao_Face
159780,17,552,358,5.36,1,159780,40,Desenho,Feliz,3980,Exposicao_Face
159796,17,546,343,5.29,1,159796,40,Desenho,Feliz,3996,Exposicao_Face
159813,17,499,401,5.28,2,159813,41,Desenho,Neutro,13,Janela_Baseline
159830,17,502,400,5.29,2,159830,41,Desenho,Neutro,30,Janela_Baseline
159846,17,519,348,5.26,1,159846,41,Desenho,Neutro,46,Janela_Baseline
159863,17,520,373,5.25,2,159863,41,Desenho,Neutro,63,Janela_Baseline
159879,17,516,386,5.21,2,159879,41,Desenho,Neutro,79,Janela_Baseline
159896,17,509,378,5.17,2,159896,41,Desenho,Neutro,96,Janela_Baseline
159913,17,516,405,5.26,2,159913,41,Desenho,Neutro,113,Janela_Baseline
159929,17,515,397,5.26,2,159929,41,Desenho,Neutro,129,Janela_Baseline
159946,17,517,387,5.26,2,159946,41,Desenho,Neutro,146,Janela_Baseline
159963,17,524,405,5.25,2,159963,41,Desenho,Neutro,163,Janela_Baseline
159979,17,521,397,5.21,2,159979,41,Desenho,Neutro,179,Janela_Baseline
159996,17,515,386,5.2,2,159996,41,Desenho,Neutro,196,Janela_Baseline
160013,17,525,377,5.18,2,160013,41,Desenho,Neutro,213,Janela_Baseline
160029,17,522,386,5.21,2,160029,41,Desenho,Neutro,229,Janela_Baseline
160046,17,520,389,5.23,2,160046,41,Desenho,Neutro,246,Janela_Baseline
160062,17,520,389,5.21,2,160062,41,Desenho,Neutro,262,Janela_Baseline
160079,17,509,395,5.18,2,160079,41,Desenho,Neutro,279,Janela_Baseline
160096,17,529,387,5.17,2,160096,41,Desenho,Neutro,296,Janela_Baseline
160112,17,524,378,5.2,2,160112,41,Desenho,Neutro,312,Janela_Baseline
160129,17,521,365,5.2,2,160129,41,Desenho,Neutro,329,Janela_Baseline
160146,17,525,394,5.23,2,160146,41,Desenho,Neutro,346,Janela_Baseline
160162,17,519,376,5.25,2,160162,41,Desenho,Neutro,362,Janela_Baseline
160179,17,511,398,5.25,2,160179,41,Desenho,Neutro,379,Janela_Baseline
160196,17,517,377,5.23,2,160196,41,Desenho,Neutro,396,Janela_Baseline
160212,17,524,384,5.25,2,160212,41,Desenho,Neutro,412,Janela_Baseline
160229,17,518,407,5.29,2,160229,41,Desenho,Neutro,429,Janela_Baseline
160245,17,520,393,5.26,2,160245,41,Desenho,Neutro,445,Janela_Baseline
160262,17,523,388,5.28,2,160262,41,Desenho,Neutro,462,Janela_Baseline
160279,17,520,399,5.31,2,160279,41,Desenho,Neutro,479,Janela_Baseline
160295,17,519,419,5.36,3,160295,41,Desenho,Neutro,495,Janela_Baseline
160312,17,533,412,5.39,2,160312,41,Desenho,Neutro,512,Janela_Baseline
160329,17,530,395,5.39,2,160329,41,Desenho,Neutro,529,Janela_Baseline
160345,17,527,420,5.41,3,160345,41,Desenho,Neutro,545,Janela_Baseline
160362,17,529,389,5.37,2,160362,41,Desenho,Neutro,562,Janela_Baseline
160379,17,520,378,5.36,2,160379,41,Desenho,Neutro,579,Janela_Baseline
160395,17,520,420,5.39,3,160395,41,Desenho,Neutro,595,Janela_Baseline
160412,17,528,412,5.42,2,160412,41,Desenho,Neutro,612,Janela_Baseline
160428,17,526,425,5.45,3,160428,41,Desenho,Neutro,628,Janela_Baseline
160445,17,527,398,5.42,2,160445,41,Desenho,Neutro,645,Janela_Baseline
160462,17,503,402,5.45,2,160462,41,Desenho,Neutro,662,Janela_Baseline
160478,17,510,387,5.39,2,160478,41,Desenho,Neutro,678,Janela_Baseline
160495,17,523,378,5.41,2,160495,41,Desenho,Neutro,695,Janela_Baseline
160512,17,504,398,5.42,2,160512,41,Desenho,Neutro,712,Janela_Baseline
160528,17,497,387,5.39,2,160528,41,Desenho,Neutro,728,Janela_Baseline
160545,17,502,397,5.45,2,160545,41,Desenho,Neutro,745,Janela_Baseline
160561,17,541,401,5.47,2,160561,41,Desenho,Neutro,761,Janela_Baseline
160578,17,501,407,5.49,2,160578,41,Desenho,Neutro,778,Janela_Baseline
160595,17,522,407,5.5,2,160595,41,Desenho,Neutro,795,Janela_Baseline
160611,17,502,398,5.52,2,160611,41,Desenho,Neutro,811,Janela_Baseline
160628,17,528,410,5.55,2,160628,41,Desenho,Neutro,828,Janela_Baseline
160645,17,498,419,5.55,3,160645,41,Desenho,Neutro,845,Janela_Baseline
160661,17,503,419,5.55,3,160661,41,Desenho,Neutro,861,Janela_Baseline
160678,17,495,399,5.55,2,160678,41,Desenho,Neutro,878,Janela_Baseline
160695,17,498,404,5.52,2,160695,41,Desenho,Neutro,895,Janela_Baseline
160711,17,501,399,5.49,2,160711,41,Desenho,Neutro,911,Janela_Baseline
160728,17,506,371,5.52,2,160728,41,Desenho,Neutro,928,Janela_Baseline
160744,17,500,389,5.52,2,160744,41,Desenho,Neutro,944,Janela_Baseline
160761,17,500,410,5.58,2,160761,41,Desenho,Neutro,961,Janela_Baseline
160811,50,452,386,5.55,2,160811,41,Desenho,Neutro,1011,Janela_Baseline
160828,17,442,359,5.58,1,160828,41,Desenho,Neutro,1028,Janela_Baseline
160844,17,453,350,5.57,1,160844,41,Desenho,Neutro,1044,Janela_Baseline
160861,17,452,376,5.52,2,160861,41,Desenho,Neutro,1061,Janela_Baseline
160878,17,490,366,5.55,2,160878,41,Desenho,Neutro,1078,Janela_Baseline
160894,17,477,364,5.57,2,160894,41,Desenho,Neutro,1094,Janela_Baseline
160911,17,441,395,5.6,2,160911,41,Desenho,Neutro,1111,Janela_Baseline
160927,17,455,372,5.55,2,160927,41,Desenho,Neutro,1127,Janela_Baseline
160944,17,450,366,5.57,2,160944,41,Desenho,Neutro,1144,Janela_Baseline
160961,17,453,354,5.55,1,160961,41,Desenho,Neutro,1161,Janela_Baseline
160977,17,448,393,5.58,2,160977,41,Desenho,Neutro,1177,Janela_Baseline
160994,17,486,349,5.55,1,160994,41,Desenho,Neutro,1194,Janela_Baseline
161011,17,457,374,5.58,2,161011,41,Desenho,Neutro,1211,Janela_Baseline
161027,17,490,354,5.53,1,161027,41,Desenho,Neutro,1227,Janela_Baseline
161044,17,476,352,5.53,1,161044,41,Desenho,Neutro,1244,Janela_Baseline
161061,17,476,365,5.57,2,161061,41,Desenho,Neutro,1261,Janela_Baseline
161077,17,495,357,5.53,1,161077,41,Desenho,Neutro,1277,Janela_Baseline
161094,17,459,360,5.53,1,161094,41,Desenho,Neutro,1294,Janela_Baseline
161110,17,456,365,5.55,2,161110,41,Desenho,Neutro,1310,Exposicao_Face
161127,17,455,379,5.6,2,161127,41,Desenho,Neutro,1327,Exposicao_Face
161144,17,436,375,5.61,2,161144,41,Desenho,Neutro,1344,Exposicao_Face
161160,17,453,398,5.66,2,161160,41,Desenho,Neutro,1360,Exposicao_Face
161177,17,448,383,5.65,2,161177,41,Desenho,Neutro,1377,Exposicao_Face
161194,17,478,367,5.61,2,161194,41,Desenho,Neutro,1394,Exposicao_Face
161210,17,454,386,5.63,2,161210,41,Desenho,Neutro,1410,Exposicao_Face
161227,17,453,359,5.58,1,161227,41,Desenho,Neutro,1427,Exposicao_Face
161244,17,471,359,5.61,1,161244,41,Desenho,Neutro,1444,Exposicao_Face
161260,17,449,338,5.58,1,161260,41,Desenho,Neutro,1460,Exposicao_Face
161277,17,448,358,5.61,1,161277,41,Desenho,Neutro,1477,Exposicao_Face
161293,17,486,351,5.6,1,161293,41,Desenho,Neutro,1493,Exposicao_Face
161310,17,450,368,5.58,2,161310,41,Desenho,Neutro,1510,Exposicao_Face
161327,17,446,389,5.61,2,161327,41,Desenho,Neutro,1527,Exposicao_Face
161343,17,463,384,5.65,2,161343,41,Desenho,Neutro,1543,Exposicao_Face
161360,17,479,364,5.58,2,161360,41,Desenho,Neutro,1560,Exposicao_Face
161377,17,472,340,5.61,1,161377,41,Desenho,Neutro,1577,Exposicao_Face
161393,17,474,360,5.65,1,161393,41,Desenho,Neutro,1593,Exposicao_Face
161410,17,473,356,5.65,1,161410,41,Desenho,Neutro,1610,Exposicao_Face
161427,17,479,387,5.61,2,161427,41,Desenho,Neutro,1627,Exposicao_Face
161443,17,476,359,5.65,1,161443,41,Desenho,Neutro,1643,Exposicao_Face
161460,17,473,384,5.65,2,161460,41,Desenho,Neutro,1660,Exposicao_Face
161476,17,493,399,5.69,2,161476,41,Desenho,Neutro,1676,Exposicao_Face
161493,17,496,364,5.61,2,161493,41,Desenho,Neutro,1693,Exposicao_Face
161510,17,486,365,5.65,2,161510,41,Desenho,Neutro,1710,Exposicao_Face
161526,17,479,359,5.68,1,161526,41,Desenho,Neutro,1726,Exposicao_Face
161543,17,474,374,5.66,2,161543,41,Desenho,Neutro,1743,Exposicao_Face
161560,17,472,399,5.66,2,161560,41,Desenho,Neutro,1760,Exposicao_Face
161576,17,478,382,5.65,2,161576,41,Desenho,Neutro,1776,Exposicao_Face
161593,17,475,384,5.65,2,161593,41,Desenho,Neutro,1793,Exposicao_Face
161610,17,472,355,5.66,1,161610,41,Desenho,Neutro,1810,Exposicao_Face
161626,17,480,359,5.61,1,161626,41,Desenho,Neutro,1826,Exposicao_Face
161643,17,486,367,5.61,2,161643,41,Desenho,Neutro,1843,Exposicao_Face
161659,17,471,385,5.65,2,161659,41,Desenho,Neutro,1859,Exposicao_Face
161676,17,492,400,5.65,2,161676,41,Desenho,Neutro,1876,Exposicao_Face
161709,33,477,395,5.65,2,161709,41,Desenho,Neutro,1909,Exposicao_Face
161726,17,490,376,5.65,2,161726,41,Desenho,Neutro,1926,Exposicao_Face
161743,17,478,388,5.65,2,161743,41,Desenho,Neutro,1943,Exposicao_Face
161776,33,489,363,5.65,0,161776,41,Desenho,Neutro,1976,Exposicao_Face
161776,0,489,363,5.65,0,161776,41,Desenho,Neutro,1976,Exposicao_Face
161809,33,490,353,5.66,1,161809,41,Desenho,Neutro,2009,Exposicao_Face
161826,17,489,379,5.65,2,161826,41,Desenho,Neutro,2026,Exposicao_Face
161842,17,492,370,5.65,2,161842,41,Desenho,Neutro,2042,Exposicao_Face
161859,17,485,370,5.65,2,161859,41,Desenho,Neutro,2059,Exposicao_Face
161876,17,491,364,5.65,2,161876,41,Desenho,Neutro,2076,Exposicao_Face
161892,17,470,391,5.65,2,161892,41,Desenho,Neutro,2092,Exposicao_Face
161909,17,480,393,5.69,2,161909,41,Desenho,Neutro,2109,Exposicao_Face
161926,17,488,370,5.66,2,161926,41,Desenho,Neutro,2126,Exposicao_Face
161942,17,493,367,5.63,2,161942,41,Desenho,Neutro,2142,Exposicao_Face
161959,17,489,377,5.68,2,161959,41,Desenho,Neutro,2159,Exposicao_Face
161975,17,489,356,5.61,1,161975,41,Desenho,Neutro,2175,Exposicao_Face
161992,17,492,367,5.66,2,161992,41,Desenho,Neutro,2192,Exposicao_Face
162009,17,487,372,5.65,2,162009,41,Desenho,Neutro,2209,Exposicao_Face
162025,17,492,367,5.65,2,162025,41,Desenho,Neutro,2225,Exposicao_Face
162042,17,482,380,5.65,2,162042,41,Desenho,Neutro,2242,Exposicao_Face
162059,17,482,372,5.65,2,162059,41,Desenho,Neutro,2259,Exposicao_Face
162075,17,483,358,5.65,1,162075,41,Desenho,Neutro,2275,Exposicao_Face
162092,17,480,363,5.65,0,162092,41,Desenho,Neutro,2292,Exposicao_Face
162109,17,482,365,5.65,2,162109,41,Desenho,Neutro,2309,Exposicao_Face
162125,17,489,387,5.65,2,162125,41,Desenho,Neutro,2325,Exposicao_Face
162142,17,488,369,5.66,2,162142,41,Desenho,Neutro,2342,Exposicao_Face
162158,17,482,384,5.63,2,162158,41,Desenho,Neutro,2358,Exposicao_Face
162175,17,488,368,5.63,2,162175,41,Desenho,Neutro,2375,Exposicao_Face
162192,17,498,346,5.66,1,162192,41,Desenho,Neutro,2392,Exposicao_Face
162208,17,530,366,5.63,2,162208,41,Desenho,Neutro,2408,Exposicao_Face
162225,17,530,373,5.65,2,162225,41,Desenho,Neutro,2425,Exposicao_Face
162242,17,535,366,5.66,2,162242,41,Desenho,Neutro,2442,Exposicao_Face
162258,17,534,367,5.66,2,162258,41,Desenho,Neutro,2458,Exposicao_Face
162275,17,533,364,5.65,2,162275,41,Desenho,Neutro,2475,Exposicao_Face
162292,17,528,375,5.66,2,162292,41,Desenho,Neutro,2492,Exposicao_Face
162308,17,531,373,5.65,2,162308,41,Desenho,Neutro,2508,Exposicao_Face
162325,17,529,367,5.65,2,162325,41,Desenho,Neutro,2525,Exposicao_Face
162341,17,531,367,5.69,2,162341,41,Desenho,Neutro,2541,Exposicao_Face
162358,17,534,377,5.68,2,162358,41,Desenho,Neutro,2558,Exposicao_Face
162375,17,532,358,5.66,1,162375,41,Desenho,Neutro,2575,Exposicao_Face
162391,17,529,375,5.65,2,162391,41,Desenho,Neutro,2591,Exposicao_Face
162408,17,528,350,5.66,1,162408,41,Desenho,Neutro,2608,Exposicao_Face
162425,17,529,372,5.68,2,162425,41,Desenho,Neutro,2625,Exposicao_Face
162441,17,519,363,5.63,0,162441,41,Desenho,Neutro,2641,Exposicao_Face
162458,17,523,344,5.71,1,162458,41,Desenho,Neutro,2658,Exposicao_Face
162475,17,532,357,5.71,1,162475,41,Desenho,Neutro,2675,Exposicao_Face
162491,17,532,340,5.65,1,162491,41,Desenho,Neutro,2691,Exposicao_Face
162508,17,531,342,5.66,1,162508,41,Desenho,Neutro,2708,Exposicao_Face
162524,17,523,375,5.68,2,162524,41,Desenho,Neutro,2724,Exposicao_Face
162541,17,527,356,5.66,1,162541,41,Desenho,Neutro,2741,Exposicao_Face
162558,17,534,373,5.65,2,162558,41,Desenho,Neutro,2758,Exposicao_Face
162574,17,527,381,5.66,2,162574,41,Desenho,Neutro,2774,Exposicao_Face
162591,17,542,374,5.68,2,162591,41,Desenho,Neutro,2791,Exposicao_Face
162608,17,529,356,5.66,1,162608,41,Desenho,Neutro,2808,Exposicao_Face
162624,17,528,396,5.69,2,162624,41,Desenho,Neutro,2824,Exposicao_Face
162641,17,531,363,5.65,0,162641,41,Desenho,Neutro,2841,Exposicao_Face
162658,17,529,356,5.6,1,162658,41,Desenho,Neutro,2858,Exposicao_Face
162674,17,529,373,5.68,2,162674,41,Desenho,Neutro,2874,Exposicao_Face
162691,17,531,370,5.66,2,162691,41,Desenho,Neutro,2891,Exposicao_Face
162707,17,529,403,5.65,2,162707,41,Desenho,Neutro,2907,Exposicao_Face
162724,17,513,393,5.66,2,162724,41,Desenho,Neutro,2924,Exposicao_Face
162741,17,529,406,5.63,2,162741,41,Desenho,Neutro,2941,Exposicao_Face
162757,17,535,406,5.66,2,162757,41,Desenho,Neutro,2957,Exposicao_Face
162774,17,531,385,5.61,2,162774,41,Desenho,Neutro,2974,Exposicao_Face
162791,17,529,390,5.6,2,162791,41,Desenho,Neutro,2991,Exposicao_Face
162807,17,527,391,5.61,2,162807,41,Desenho,Neutro,3007,Exposicao_Face
162824,17,539,424,5.66,3,162824,41,Desenho,Neutro,3024,Exposicao_Face
162840,17,533,407,5.71,2,162840,41,Desenho,Neutro,3040,Exposicao_Face
162857,17,533,424,5.68,3,162857,41,Desenho,Neutro,3057,Exposicao_Face
162874,17,529,408,5.66,2,162874,41,Desenho,Neutro,3074,Exposicao_Face
162890,17,534,437,5.65,3,162890,41,Desenho,Neutro,3090,Exposicao_Face
163173,283,558,754,0.0,3,163173,41,Desenho,Neutro,3373,Exposicao_Face
163190,17,367,409,-1.0,2,163190,41,Desenho,Neutro,3390,Exposicao_Face
163206,17,491,581,5.66,3,163206,41,Desenho,Neutro,3406,Exposicao_Face
163223,17,501,429,5.65,3,163223,41,Desenho,Neutro,3423,Exposicao_Face
163240,17,508,451,5.63,3,163240,41,Desenho,Neutro,3440,Exposicao_Face
163256,17,512,395,5.57,2,163256,41,Desenho,Neutro,3456,Exposicao_Face
163273,17,526,334,5.63,1,163273,41,Desenho,Neutro,3473,Exposicao_Face
163290,17,543,286,5.65,1,163290,41,Desenho,Neutro,3490,Exposicao_Face
163306,17,537,285,5.66,1,163306,41,Desenho,Neutro,3506,Exposicao_Face
163323,17,541,295,5.65,1,163323,41,Desenho,Neutro,3523,Exposicao_Face
163340,17,517,301,5.65,1,163340,41,Desenho,Neutro,3540,Exposicao_Face
163356,17,542,374,5.66,2,163356,41,Desenho,Neutro,3556,Exposicao_Face
163373,17,532,403,5.63,2,163373,41,Desenho,Neutro,3573,Exposicao_Face
163389,17,510,390,5.63,2,163389,41,Desenho,Neutro,3589,Exposicao_Face
163406,17,542,405,5.68,2,163406,41,Desenho,Neutro,3606,Exposicao_Face
163423,17,523,420,5.65,3,163423,41,Desenho,Neutro,3623,Exposicao_Face
163439,17,508,420,5.58,3,163439,41,Desenho,Neutro,3639,Exposicao_Face
163456,17,526,396,5.57,2,163456,41,Desenho,Neutro,3656,Exposicao_Face
163473,17,514,416,5.61,3,163473,41,Desenho,Neutro,3673,Exposicao_Face
163489,17,529,423,5.61,3,163489,41,Desenho,Neutro,3689,Exposicao_Face
163506,17,549,396,5.52,2,163506,41,Desenho,Neutro,3706,Exposicao_Face
163523,17,528,399,5.52,2,163523,41,Desenho,Neutro,3723,Exposicao_Face
163539,17,516,423,5.5,3,163539,41,Desenho,Neutro,3739,Exposicao_Face
163556,17,516,401,5.42,2,163556,41,Desenho,Neutro,3756,Exposicao_Face
163572,17,537,388,5.45,2,163572,41,Desenho,Neutro,3772,Exposicao_Face
163589,17,522,419,5.45,3,163589,41,Desenho,Neutro,3789,Exposicao_Face
163606,17,522,409,5.39,2,163606,41,Desenho,Neutro,3806,Exposicao_Face
163622,17,538,409,5.41,2,163622,41,Desenho,Neutro,3822,Exposicao_Face
163639,17,528,414,5.37,5,163639,41,Desenho,Neutro,3839,Exposicao_Face
163656,17,527,413,5.34,2,163656,41,Desenho,Neutro,3856,Exposicao_Face
163672,17,527,401,5.31,2,163672,41,Desenho,Neutro,3872,Exposicao_Face
163689,17,525,372,5.29,2,163689,41,Desenho,Neutro,3889,Exposicao_Face
163706,17,521,405,5.33,2,163706,41,Desenho,Neutro,3906,Exposicao_Face
163722,17,530,410,5.36,2,163722,41,Desenho,Neutro,3922,Exposicao_Face
163739,17,520,391,5.2,2,163739,41,Desenho,Neutro,3939,Exposicao_Face
163755,17,527,392,5.28,2,163755,41,Desenho,Neutro,3955,Exposicao_Face
163772,17,522,391,5.26,2,163772,41,Desenho,Neutro,3972,Exposicao_Face
163789,17,527,391,5.26,2,163789,41,Desenho,Neutro,3989,Exposicao_Face
163805,17,528,396,5.25,2,163805,42,Desenho,Raiva,5,Janela_Baseline
163822,17,528,385,5.2,2,163822,42,Desenho,Raiva,22,Janela_Baseline
163839,17,526,382,5.15,2,163839,42,Desenho,Raiva,39,Janela_Baseline
163855,17,526,397,5.12,2,163855,42,Desenho,Raiva,55,Janela_Baseline
163872,17,523,400,5.1,2,163872,42,Desenho,Raiva,72,Janela_Baseline
163889,17,520,391,5.07,2,163889,42,Desenho,Raiva,89,Janela_Baseline
163905,17,521,380,5.02,2,163905,42,Desenho,Raiva,105,Janela_Baseline
163922,17,523,369,5.01,2,163922,42,Desenho,Raiva,122,Janela_Baseline
163938,17,537,369,5.01,2,163938,42,Desenho,Raiva,138,Janela_Baseline
163988,50,531,402,5.02,2,163988,42,Desenho,Raiva,188,Janela_Baseline
164005,17,527,406,5.01,2,164005,42,Desenho,Raiva,205,Janela_Baseline
164022,17,531,378,4.96,2,164022,42,Desenho,Raiva,222,Janela_Baseline
164038,17,536,408,4.99,2,164038,42,Desenho,Raiva,238,Janela_Baseline
164055,17,517,355,4.97,1,164055,42,Desenho,Raiva,255,Janela_Baseline
164071,17,541,367,4.97,2,164071,42,Desenho,Raiva,271,Janela_Baseline
164088,17,534,380,4.96,2,164088,42,Desenho,Raiva,288,Janela_Baseline
164105,17,537,381,4.96,2,164105,42,Desenho,Raiva,305,Janela_Baseline
164121,17,535,378,4.92,2,164121,42,Desenho,Raiva,321,Janela_Baseline
164138,17,525,361,4.89,1,164138,42,Desenho,Raiva,338,Janela_Baseline
164155,17,540,364,4.89,2,164155,42,Desenho,Raiva,355,Janela_Baseline
164171,17,538,358,4.89,1,164171,42,Desenho,Raiva,371,Janela_Baseline
164188,17,528,347,4.91,1,164188,42,Desenho,Raiva,388,Janela_Baseline
164205,17,517,339,4.91,1,164205,42,Desenho,Raiva,405,Janela_Baseline
164221,17,540,336,4.91,1,164221,42,Desenho,Raiva,421,Janela_Baseline
164238,17,532,353,4.94,1,164238,42,Desenho,Raiva,438,Janela_Baseline
164254,17,538,350,4.94,1,164254,42,Desenho,Raiva,454,Janela_Baseline
164271,17,533,363,4.99,0,164271,42,Desenho,Raiva,471,Janela_Baseline
164288,17,530,377,5.02,2,164288,42,Desenho,Raiva,488,Janela_Baseline
164304,17,525,366,5.07,2,164304,42,Desenho,Raiva,504,Janela_Baseline
164321,17,529,343,5.02,1,164321,42,Desenho,Raiva,521,Janela_Baseline
164338,17,531,351,5.05,1,164338,42,Desenho,Raiva,538,Janela_Baseline
164354,17,527,361,5.09,1,164354,42,Desenho,Raiva,554,Janela_Baseline
164371,17,527,357,5.12,1,164371,42,Desenho,Raiva,571,Janela_Baseline
164388,17,525,361,5.13,1,164388,42,Desenho,Raiva,588,Janela_Baseline
164404,17,524,368,5.15,2,164404,42,Desenho,Raiva,604,Janela_Baseline
164421,17,525,375,5.17,2,164421,42,Desenho,Raiva,621,Janela_Baseline
164437,17,522,387,5.2,2,164437,42,Desenho,Raiva,637,Janela_Baseline
164454,17,524,378,5.21,2,164454,42,Desenho,Raiva,654,Janela_Baseline
164471,17,521,384,5.21,2,164471,42,Desenho,Raiva,671,Janela_Baseline
164487,17,522,378,5.25,2,164487,42,Desenho,Raiva,687,Janela_Baseline
164504,17,521,375,5.21,2,164504,42,Desenho,Raiva,704,Janela_Baseline
164521,17,521,387,5.23,2,164521,42,Desenho,Raiva,721,Janela_Baseline
164537,17,518,372,5.26,2,164537,42,Desenho,Raiva,737,Janela_Baseline
164554,17,505,377,5.26,2,164554,42,Desenho,Raiva,754,Janela_Baseline
164571,17,513,387,5.26,2,164571,42,Desenho,Raiva,771,Janela_Baseline
164587,17,517,380,5.26,2,164587,42,Desenho,Raiva,787,Janela_Baseline
164604,17,529,381,5.26,2,164604,42,Desenho,Raiva,804,Janela_Baseline
164620,17,511,376,5.26,2,164620,42,Desenho,Raiva,820,Janela_Baseline
164637,17,518,368,5.23,2,164637,42,Desenho,Raiva,837,Janela_Baseline
164654,17,506,371,5.28,2,164654,42,Desenho,Raiva,854,Janela_Baseline
164670,17,523,370,5.25,2,164670,42,Desenho,Raiva,870,Janela_Baseline
164687,17,521,361,5.23,1,164687,42,Desenho,Raiva,887,Janela_Baseline
164704,17,514,367,5.26,2,164704,42,Desenho,Raiva,904,Janela_Baseline
164720,17,514,370,5.25,2,164720,42,Desenho,Raiva,920,Janela_Baseline
164737,17,518,367,5.26,2,164737,42,Desenho,Raiva,937,Janela_Baseline
164754,17,512,394,5.33,2,164754,42,Desenho,Raiva,954,Janela_Baseline
164770,17,513,397,5.33,2,164770,42,Desenho,Raiva,970,Janela_Baseline
164787,17,507,395,5.34,2,164787,42,Desenho,Raiva,987,Janela_Baseline
164803,17,489,399,5.39,2,164803,42,Desenho,Raiva,1003,Janela_Baseline
164820,17,513,384,5.36,2,164820,42,Desenho,Raiva,1020,Janela_Baseline
164837,17,505,403,5.37,2,164837,42,Desenho,Raiva,1037,Janela_Baseline
164853,17,505,414,5.39,5,164853,42,Desenho,Raiva,1053,Janela_Baseline
164870,17,467,914,5.81,0,164870,42,Desenho,Raiva,1070,Janela_Baseline
165086,216,465,862,-1.0,0,165086,42,Desenho,Raiva,1286,Janela_Baseline
165103,17,467,836,-1.0,0,165103,42,Desenho,Raiva,1303,Exposicao_Face
165119,17,469,821,-1.0,0,165119,42,Desenho,Raiva,1319,Exposicao_Face
165136,17,466,855,-1.0,0,165136,42,Desenho,Raiva,1336,Exposicao_Face
165153,17,467,838,-1.0,0,165153,42,Desenho,Raiva,1353,Exposicao_Face
165169,17,470,815,-1.0,0,165169,42,Desenho,Raiva,1369,Exposicao_Face
165203,33,470,839,-1.0,0,165203,42,Desenho,Raiva,1403,Exposicao_Face
165219,17,469,804,-1.0,0,165219,42,Desenho,Raiva,1419,Exposicao_Face
165236,17,466,836,-1.0,0,165236,42,Desenho,Raiva,1436,Exposicao_Face
165269,33,512,1000,0.0,0,165269,42,Desenho,Raiva,1469,Exposicao_Face
165286,17,524,963,0.0,0,165286,42,Desenho,Raiva,1486,Exposicao_Face
165302,17,452,835,-1.0,0,165302,42,Desenho,Raiva,1502,Exposicao_Face
165319,17,455,833,-1.0,0,165319,42,Desenho,Raiva,1519,Exposicao_Face
165336,17,455,796,-1.0,0,165336,42,Desenho,Raiva,1536,Exposicao_Face
165369,33,456,791,-1.0,0,165369,42,Desenho,Raiva,1569,Exposicao_Face
165386,17,455,814,-1.0,0,165386,42,Desenho,Raiva,1586,Exposicao_Face
165402,17,461,785,-1.0,0,165402,42,Desenho,Raiva,1602,Exposicao_Face
165419,17,456,783,-1.0,0,165419,42,Desenho,Raiva,1619,Exposicao_Face
165436,17,455,766,-1.0,3,165436,42,Desenho,Raiva,1636,Exposicao_Face
165452,17,457,759,-1.0,3,165452,42,Desenho,Raiva,1652,Exposicao_Face
165469,17,457,780,-1.0,0,165469,42,Desenho,Raiva,1669,Exposicao_Face
165485,17,463,769,-1.0,0,165485,42,Desenho,Raiva,1685,Exposicao_Face
165502,17,461,777,-1.0,0,165502,42,Desenho,Raiva,1702,Exposicao_Face
165535,33,463,706,-1.0,3,165535,42,Desenho,Raiva,1735,Exposicao_Face
165552,17,460,782,-1.0,0,165552,42,Desenho,Raiva,1752,Exposicao_Face
165569,17,519,870,0.0,0,165569,42,Desenho,Raiva,1769,Exposicao_Face
165602,33,465,723,-1.0,3,165602,42,Desenho,Raiva,1802,Exposicao_Face
165619,17,458,652,-1.0,3,165619,42,Desenho,Raiva,1819,Exposicao_Face
165635,17,316,678,0.0,3,165635,42,Desenho,Raiva,1835,Exposicao_Face
165652,17,526,960,0.0,0,165652,42,Desenho,Raiva,1852,Exposicao_Face
165668,17,456,477,5.65,3,165668,42,Desenho,Raiva,1868,Exposicao_Face
165685,17,497,336,5.55,1,165685,42,Desenho,Raiva,1885,Exposicao_Face
165702,17,528,265,5.55,1,165702,42,Desenho,Raiva,1902,Exposicao_Face
165718,17,505,298,5.6,1,165718,42,Desenho,Raiva,1918,Exposicao_Face
165735,17,500,334,5.63,1,165735,42,Desenho,Raiva,1935,Exposicao_Face
165752,17,526,352,5.65,1,165752,42,Desenho,Raiva,1952,Exposicao_Face
165768,17,499,355,5.6,1,165768,42,Desenho,Raiva,1968,Exposicao_Face
165785,17,527,358,5.55,1,165785,42,Desenho,Raiva,1985,Exposicao_Face
165802,17,534,376,5.65,2,165802,42,Desenho,Raiva,2002,Exposicao_Face
165818,17,495,392,5.63,2,165818,42,Desenho,Raiva,2018,Exposicao_Face
165835,17,514,361,5.61,1,165835,42,Desenho,Raiva,2035,Exposicao_Face
165851,17,489,388,5.63,2,165851,42,Desenho,Raiva,2051,Exposicao_Face
165868,17,525,373,5.65,2,165868,42,Desenho,Raiva,2068,Exposicao_Face
165885,17,532,402,5.61,2,165885,42,Desenho,Raiva,2085,Exposicao_Face
165901,17,498,412,5.61,2,165901,42,Desenho,Raiva,2101,Exposicao_Face
165918,17,511,414,5.58,5,165918,42,Desenho,Raiva,2118,Exposicao_Face
165935,17,519,403,5.5,2,165935,42,Desenho,Raiva,2135,Exposicao_Face
165951,17,516,405,5.49,2,165951,42,Desenho,Raiva,2151,Exposicao_Face
165968,17,495,424,5.52,3,165968,42,Desenho,Raiva,2168,Exposicao_Face
165985,17,501,410,5.49,2,165985,42,Desenho,Raiva,2185,Exposicao_Face
166001,17,504,419,5.49,3,166001,42,Desenho,Raiva,2201,Exposicao_Face
166018,17,497,415,5.47,3,166018,42,Desenho,Raiva,2218,Exposicao_Face
166034,17,499,446,5.44,3,166034,42,Desenho,Raiva,2234,Exposicao_Face
166051,17,537,425,5.37,3,166051,42,Desenho,Raiva,2251,Exposicao_Face
166068,17,522,410,5.37,2,166068,42,Desenho,Raiva,2268,Exposicao_Face
166084,17,501,407,5.39,2,166084,42,Desenho,Raiva,2284,Exposicao_Face
166101,17,500,386,5.33,2,166101,42,Desenho,Raiva,2301,Exposicao_Face
166118,17,494,382,5.31,2,166118,42,Desenho,Raiva,2318,Exposicao_Face
166134,17,527,399,5.31,2,166134,42,Desenho,Raiva,2334,Exposicao_Face
166151,17,503,384,5.31,2,166151,42,Desenho,Raiva,2351,Exposicao_Face
166168,17,528,387,5.31,2,166168,42,Desenho,Raiva,2368,Exposicao_Face
166184,17,526,410,5.39,2,166184,42,Desenho,Raiva,2384,Exposicao_Face
166201,17,526,399,5.36,2,166201,42,Desenho,Raiva,2401,Exposicao_Face
166217,17,507,412,5.39,2,166217,42,Desenho,Raiva,2417,Exposicao_Face
166234,17,531,402,5.36,2,166234,42,Desenho,Raiva,2434,Exposicao_Face
166251,17,498,417,5.37,3,166251,42,Desenho,Raiva,2451,Exposicao_Face
166267,17,541,381,5.39,2,166267,42,Desenho,Raiva,2467,Exposicao_Face
166284,17,504,408,5.44,2,166284,42,Desenho,Raiva,2484,Exposicao_Face
166301,17,499,423,5.42,3,166301,42,Desenho,Raiva,2501,Exposicao_Face
166317,17,527,405,5.49,2,166317,42,Desenho,Raiva,2517,Exposicao_Face
166334,17,502,388,5.49,2,166334,42,Desenho,Raiva,2534,Exposicao_Face
166350,17,502,408,5.49,2,166350,42,Desenho,Raiva,2550,Exposicao_Face
166367,17,510,390,5.49,2,166367,42,Desenho,Raiva,2567,Exposicao_Face
166384,17,530,391,5.47,2,166384,42,Desenho,Raiva,2584,Exposicao_Face
166400,17,497,402,5.49,2,166400,42,Desenho,Raiva,2600,Exposicao_Face
166417,17,520,409,5.5,2,166417,42,Desenho,Raiva,2617,Exposicao_Face
166434,17,519,395,5.5,2,166434,42,Desenho,Raiva,2634,Exposicao_Face
166450,17,522,387,5.49,2,166450,42,Desenho,Raiva,2650,Exposicao_Face
166467,17,516,402,5.52,2,166467,42,Desenho,Raiva,2667,Exposicao_Face
166484,17,527,393,5.52,2,166484,42,Desenho,Raiva,2684,Exposicao_Face
166500,17,536,384,5.5,2,166500,42,Desenho,Raiva,2700,Exposicao_Face
166517,17,501,396,5.52,2,166517,42,Desenho,Raiva,2717,Exposicao_Face
166533,17,535,401,5.55,2,166533,42,Desenho,Raiva,2733,Exposicao_Face
166550,17,503,406,5.53,2,166550,42,Desenho,Raiva,2750,Exposicao_Face
166567,17,500,412,5.55,2,166567,42,Desenho,Raiva,2767,Exposicao_Face
166583,17,468,383,5.6,2,166583,42,Desenho,Raiva,2783,Exposicao_Face
166600,17,456,356,5.6,1,166600,42,Desenho,Raiva,2800,Exposicao_Face
166617,17,454,362,5.58,1,166617,42,Desenho,Raiva,2817,Exposicao_Face
166633,17,449,371,5.63,2,166633,42,Desenho,Raiva,2833,Exposicao_Face
166650,17,447,355,5.63,1,166650,42,Desenho,Raiva,2850,Exposicao_Face
166667,17,468,360,5.65,1,166667,42,Desenho,Raiva,2867,Exposicao_Face
166683,17,485,342,5.63,1,166683,42,Desenho,Raiva,2883,Exposicao_Face
166700,17,450,355,5.57,1,166700,42,Desenho,Raiva,2900,Exposicao_Face
166716,17,448,375,5.58,2,166716,42,Desenho,Raiva,2916,Exposicao_Face
166733,17,451,348,5.65,1,166733,42,Desenho,Raiva,2933,Exposicao_Face
166750,17,446,343,5.57,1,166750,42,Desenho,Raiva,2950,Exposicao_Face
166766,17,471,350,5.6,1,166766,42,Desenho,Raiva,2966,Exposicao_Face
166783,17,490,346,5.6,1,166783,42,Desenho,Raiva,2983,Exposicao_Face
166800,17,458,347,5.61,1,166800,42,Desenho,Raiva,3000,Exposicao_Face
166816,17,456,354,5.6,1,166816,42,Desenho,Raiva,3016,Exposicao_Face
166833,17,457,348,5.65,1,166833,42,Desenho,Raiva,3033,Exposicao_Face
166850,17,478,351,5.68,1,166850,42,Desenho,Raiva,3050,Exposicao_Face
166866,17,455,348,5.65,1,166866,42,Desenho,Raiva,3066,Exposicao_Face
166883,17,447,359,5.65,1,166883,42,Desenho,Raiva,3083,Exposicao_Face
166899,17,462,352,5.65,1,166899,42,Desenho,Raiva,3099,Exposicao_Face
166916,17,451,356,5.65,1,166916,42,Desenho,Raiva,3116,Exposicao_Face
166933,17,446,365,5.65,2,166933,42,Desenho,Raiva,3133,Exposicao_Face
166949,17,483,371,5.63,2,166949,42,Desenho,Raiva,3149,Exposicao_Face
166966,17,475,354,5.63,1,166966,42,Desenho,Raiva,3166,Exposicao_Face
166983,17,427,298,5.6,1,166983,42,Desenho,Raiva,3183,Exposicao_Face
167166,183,538,424,-1.0,3,167166,42,Desenho,Raiva,3366,Exposicao_Face
167182,17,1052,424,0.0,0,167182,42,Desenho,Raiva,3382,Exposicao_Face
167199,17,568,955,0.0,0,167199,42,Desenho,Raiva,3399,Exposicao_Face
167216,17,544,541,5.52,3,167216,42,Desenho,Raiva,3416,Exposicao_Face
167232,17,551,396,5.5,2,167232,42,Desenho,Raiva,3432,Exposicao_Face
167249,17,560,336,5.52,1,167249,42,Desenho,Raiva,3449,Exposicao_Face
167265,17,581,251,5.45,1,167265,42,Desenho,Raiva,3465,Exposicao_Face
167282,17,559,239,5.5,1,167282,42,Desenho,Raiva,3482,Exposicao_Face
167299,17,578,266,5.52,1,167299,42,Desenho,Raiva,3499,Exposicao_Face
167315,17,572,319,5.52,1,167315,42,Desenho,Raiva,3515,Exposicao_Face
167332,17,549,332,5.52,1,167332,42,Desenho,Raiva,3532,Exposicao_Face
167349,17,559,368,5.52,2,167349,42,Desenho,Raiva,3549,Exposicao_Face
167365,17,568,340,5.47,1,167365,42,Desenho,Raiva,3565,Exposicao_Face
167382,17,564,322,5.44,1,167382,42,Desenho,Raiva,3582,Exposicao_Face
167398,17,543,321,5.44,1,167398,42,Desenho,Raiva,3598,Exposicao_Face
167415,17,541,322,5.45,1,167415,42,Desenho,Raiva,3615,Exposicao_Face
167432,17,544,339,5.47,1,167432,42,Desenho,Raiva,3632,Exposicao_Face
167448,17,564,340,5.5,1,167448,42,Desenho,Raiva,3648,Exposicao_Face
167465,17,549,324,5.52,1,167465,42,Desenho,Raiva,3665,Exposicao_Face
167482,17,549,351,5.52,1,167482,42,Desenho,Raiva,3682,Exposicao_Face
167498,17,540,360,5.57,1,167498,42,Desenho,Raiva,3698,Exposicao_Face
167515,17,544,345,5.52,1,167515,42,Desenho,Raiva,3715,Exposicao_Face
167532,17,575,354,5.52,1,167532,42,Desenho,Raiva,3732,Exposicao_Face
167548,17,549,377,5.5,2,167548,42,Desenho,Raiva,3748,Exposicao_Face
167565,17,546,339,5.45,1,167565,42,Desenho,Raiva,3765,Exposicao_Face
167581,17,545,309,5.41,1,167581,42,Desenho,Raiva,3781,Exposicao_Face
167598,17,570,337,5.41,1,167598,42,Desenho,Raiva,3798,Exposicao_Face
167615,17,555,325,5.45,1,167615,42,Desenho,Raiva,3815,Exposicao_Face
167631,17,553,347,5.47,1,167631,42,Desenho,Raiva,3831,Exposicao_Face
167648,17,564,317,5.39,1,167648,42,Desenho,Raiva,3848,Exposicao_Face
167665,17,564,318,5.39,1,167665,42,Desenho,Raiva,3865,Exposicao_Face
167681,17,551,353,5.47,1,167681,42,Desenho,Raiva,3881,Exposicao_Face
167698,17,572,335,5.42,1,167698,42,Desenho,Raiva,3898,Exposicao_Face
167715,17,576,350,5.36,1,167715,42,Desenho,Raiva,3915,Exposicao_Face
167731,17,560,355,5.39,1,167731,42,Desenho,Raiva,3931,Exposicao_Face
167748,17,556,349,5.39,1,167748,42,Desenho,Raiva,3948,Exposicao_Face
167764,17,561,357,5.39,1,167764,42,Desenho,Raiva,3964,Exposicao_Face
167781,17,567,342,5.39,1,167781,42,Desenho,Raiva,3981,Exposicao_Face
167798,17,547,358,5.37,1,167798,42,Desenho,Raiva,3998,Exposicao_Face
167814,17,563,345,5.33,1,167814,43,Desenho,Feliz,14,Janela_Baseline
167831,17,517,338,5.29,1,167831,43,Desenho,Feliz,31,Janela_Baseline
167848,17,520,358,5.23,1,167848,43,Desenho,Feliz,48,Janela_Baseline
167864,17,518,379,5.25,2,167864,43,Desenho,Feliz,64,Janela_Baseline
167881,17,517,369,5.18,2,167881,43,Desenho,Feliz,81,Janela_Baseline
167898,17,537,349,5.17,1,167898,43,Desenho,Feliz,98,Janela_Baseline
167914,17,532,346,5.13,1,167914,43,Desenho,Feliz,114,Janela_Baseline
167931,17,534,344,5.13,1,167931,43,Desenho,Feliz,131,Janela_Baseline
167947,17,530,352,5.05,1,167947,43,Desenho,Feliz,147,Janela_Baseline
167964,17,536,333,5.01,1,167964,43,Desenho,Feliz,164,Janela_Baseline
167981,17,532,352,4.99,1,167981,43,Desenho,Feliz,181,Janela_Baseline
167997,17,542,334,4.94,1,167997,43,Desenho,Feliz,197,Janela_Baseline
168014,17,518,339,4.91,1,168014,43,Desenho,Feliz,214,Janela_Baseline
168031,17,516,456,4.92,3,168031,43,Desenho,Feliz,231,Janela_Baseline
168280,250,526,955,0.0,0,168280,43,Desenho,Feliz,480,Janela_Baseline
168297,17,540,283,-1.0,1,168297,43,Desenho,Feliz,497,Janela_Baseline
168313,17,527,429,4.92,3,168313,43,Desenho,Feliz,513,Janela_Baseline
168330,17,551,325,4.89,1,168330,43,Desenho,Feliz,530,Janela_Baseline
168347,17,530,265,4.92,1,168347,43,Desenho,Feliz,547,Janela_Baseline
168363,17,539,215,4.89,1,168363,43,Desenho,Feliz,563,Janela_Baseline
168380,17,536,233,4.96,1,168380,43,Desenho,Feliz,580,Janela_Baseline
168397,17,537,261,4.96,1,168397,43,Desenho,Feliz,597,Janela_Baseline
168413,17,557,280,4.92,1,168413,43,Desenho,Feliz,613,Janela_Baseline
168430,17,561,348,4.97,1,168430,43,Desenho,Feliz,630,Janela_Baseline
168447,17,555,350,5.02,1,168447,43,Desenho,Feliz,647,Janela_Baseline
168463,17,551,349,5.05,1,168463,43,Desenho,Feliz,663,Janela_Baseline
168480,17,556,381,5.02,2,168480,43,Desenho,Feliz,680,Janela_Baseline
168496,17,549,345,5.05,1,168496,43,Desenho,Feliz,696,Janela_Baseline
168513,17,548,349,5.09,1,168513,43,Desenho,Feliz,713,Janela_Baseline
168530,17,543,354,5.09,1,168530,43,Desenho,Feliz,730,Janela_Baseline
168546,17,538,352,5.07,1,168546,43,Desenho,Feliz,746,Janela_Baseline
168563,17,540,387,5.13,2,168563,43,Desenho,Feliz,763,Janela_Baseline
168580,17,537,375,5.15,2,168580,43,Desenho,Feliz,780,Janela_Baseline
168596,17,543,366,5.12,2,168596,43,Desenho,Feliz,796,Janela_Baseline
168613,17,549,360,5.12,1,168613,43,Desenho,Feliz,813,Janela_Baseline
168629,17,539,360,5.09,1,168629,43,Desenho,Feliz,829,Janela_Baseline
168646,17,537,346,5.05,1,168646,43,Desenho,Feliz,846,Janela_Baseline
168663,17,539,355,5.05,1,168663,43,Desenho,Feliz,863,Janela_Baseline
168679,17,529,341,5.02,1,168679,43,Desenho,Feliz,879,Janela_Baseline
168696,17,543,367,5.01,2,168696,43,Desenho,Feliz,896,Janela_Baseline
168713,17,547,355,5.02,1,168713,43,Desenho,Feliz,913,Janela_Baseline
168729,17,547,354,4.99,1,168729,43,Desenho,Feliz,929,Janela_Baseline
168746,17,536,402,5.04,2,168746,43,Desenho,Feliz,946,Janela_Baseline
168763,17,548,369,4.99,2,168763,43,Desenho,Feliz,963,Janela_Baseline
168779,17,550,394,4.97,2,168779,43,Desenho,Feliz,979,Janela_Baseline
168796,17,553,384,4.97,2,168796,43,Desenho,Feliz,996,Janela_Baseline
168812,17,551,370,4.94,2,168812,43,Desenho,Feliz,1012,Janela_Baseline
168829,17,523,361,4.92,1,168829,43,Desenho,Feliz,1029,Janela_Baseline
168846,17,526,373,4.89,2,168846,43,Desenho,Feliz,1046,Janela_Baseline
168862,17,547,369,4.92,2,168862,43,Desenho,Feliz,1062,Janela_Baseline
168879,17,528,386,4.97,2,168879,43,Desenho,Feliz,1079,Janela_Baseline
168896,17,548,374,4.92,2,168896,43,Desenho,Feliz,1096,Janela_Baseline
168912,17,549,387,4.97,2,168912,43,Desenho,Feliz,1112,Janela_Baseline
168929,17,541,382,4.94,2,168929,43,Desenho,Feliz,1129,Janela_Baseline
168946,17,531,388,4.91,2,168946,43,Desenho,Feliz,1146,Janela_Baseline
168962,17,516,403,4.91,2,168962,43,Desenho,Feliz,1162,Janela_Baseline
168979,17,539,398,4.88,2,168979,43,Desenho,Feliz,1179,Janela_Baseline
168995,17,538,429,4.96,3,168995,43,Desenho,Feliz,1195,Janela_Baseline
169012,17,535,419,4.99,3,169012,43,Desenho,Feliz,1212,Janela_Baseline
169029,17,522,426,5.01,3,169029,43,Desenho,Feliz,1229,Janela_Baseline
169045,17,531,442,4.99,3,169045,43,Desenho,Feliz,1245,Janela_Baseline
169062,17,527,437,4.99,3,169062,43,Desenho,Feliz,1262,Janela_Baseline
169079,17,523,429,5.01,3,169079,43,Desenho,Feliz,1279,Janela_Baseline
169095,17,529,420,5.01,3,169095,43,Desenho,Feliz,1295,Janela_Baseline
169112,17,529,405,5.01,2,169112,43,Desenho,Feliz,1312,Exposicao_Face
169129,17,520,411,5.04,2,169129,43,Desenho,Feliz,1329,Exposicao_Face
169145,17,519,418,5.02,3,169145,43,Desenho,Feliz,1345,Exposicao_Face
169162,17,529,410,5.02,2,169162,43,Desenho,Feliz,1362,Exposicao_Face
169178,17,523,424,5.07,3,169178,43,Desenho,Feliz,1378,Exposicao_Face
169195,17,527,418,5.02,3,169195,43,Desenho,Feliz,1395,Exposicao_Face
169212,17,527,410,5.02,2,169212,43,Desenho,Feliz,1412,Exposicao_Face
169228,17,525,397,4.97,2,169228,43,Desenho,Feliz,1428,Exposicao_Face
169245,17,528,411,5.02,2,169245,43,Desenho,Feliz,1445,Exposicao_Face
169262,17,531,410,5.02,2,169262,43,Desenho,Feliz,1462,Exposicao_Face
169278,17,532,417,5.04,3,169278,43,Desenho,Feliz,1478,Exposicao_Face
169295,17,528,434,5.01,3,169295,43,Desenho,Feliz,1495,Exposicao_Face
169312,17,527,419,5.07,3,169312,43,Desenho,Feliz,1512,Exposicao_Face
169328,17,533,404,5.02,2,169328,43,Desenho,Feliz,1528,Exposicao_Face
169345,17,523,426,5.01,3,169345,43,Desenho,Feliz,1545,Exposicao_Face
169361,17,523,414,4.99,5,169361,43,Desenho,Feliz,1561,Exposicao_Face
169378,17,531,432,5.02,3,169378,43,Desenho,Feliz,1578,Exposicao_Face
169395,17,533,413,5.01,5,169395,43,Desenho,Feliz,1595,Exposicao_Face
169411,17,532,407,4.99,2,169411,43,Desenho,Feliz,1611,Exposicao_Face
169428,17,528,411,5.01,2,169428,43,Desenho,Feliz,1628,Exposicao_Face
169445,17,526,434,4.99,3,169445,43,Desenho,Feliz,1645,Exposicao_Face
169461,17,542,446,5.01,3,169461,43,Desenho,Feliz,1661,Exposicao_Face
169478,17,529,437,5.04,3,169478,43,Desenho,Feliz,1678,Exposicao_Face
169495,17,531,438,5.02,3,169495,43,Desenho,Feliz,1695,Exposicao_Face
169511,17,526,435,5.1,3,169511,43,Desenho,Feliz,1711,Exposicao_Face
169528,17,525,429,5.01,3,169528,43,Desenho,Feliz,1728,Exposicao_Face
169544,17,529,432,5.05,3,169544,43,Desenho,Feliz,1744,Exposicao_Face
169561,17,529,458,5.1,3,169561,43,Desenho,Feliz,1761,Exposicao_Face
169578,17,521,434,5.02,3,169578,43,Desenho,Feliz,1778,Exposicao_Face
169594,17,533,428,5.01,3,169594,43,Desenho,Feliz,1794,Exposicao_Face
169611,17,530,440,5.04,3,169611,43,Desenho,Feliz,1811,Exposicao_Face
169628,17,533,449,5.05,3,169628,43,Desenho,Feliz,1828,Exposicao_Face
169644,17,532,445,5.05,3,169644,43,Desenho,Feliz,1844,Exposicao_Face
169661,17,532,442,5.02,3,169661,43,Desenho,Feliz,1861,Exposicao_Face
169678,17,526,438,5.02,3,169678,43,Desenho,Feliz,1878,Exposicao_Face
169694,17,534,413,4.97,5,169694,43,Desenho,Feliz,1894,Exposicao_Face
169711,17,507,402,4.96,2,169711,43,Desenho,Feliz,1911,Exposicao_Face
169727,17,449,372,4.94,2,169727,43,Desenho,Feliz,1927,Exposicao_Face
169744,17,471,331,4.96,1,169744,43,Desenho,Feliz,1944,Exposicao_Face
169761,17,441,347,5.02,1,169761,43,Desenho,Feliz,1961,Exposicao_Face
169777,17,439,338,4.92,1,169777,43,Desenho,Feliz,1977,Exposicao_Face
169794,17,469,327,4.97,1,169794,43,Desenho,Feliz,1994,Exposicao_Face
169811,17,472,351,5.01,1,169811,43,Desenho,Feliz,2011,Exposicao_Face
169827,17,447,325,5.01,1,169827,43,Desenho,Feliz,2027,Exposicao_Face
169844,17,466,326,4.99,1,169844,43,Desenho,Feliz,2044,Exposicao_Face
169860,17,434,366,5.07,2,169860,43,Desenho,Feliz,2060,Exposicao_Face
169877,17,478,338,4.99,1,169877,43,Desenho,Feliz,2077,Exposicao_Face
169894,17,475,332,4.99,1,169894,43,Desenho,Feliz,2094,Exposicao_Face
169910,17,446,330,4.96,1,169910,43,Desenho,Feliz,2110,Exposicao_Face
169927,17,436,330,4.97,1,169927,43,Desenho,Feliz,2127,Exposicao_Face
169944,17,482,307,4.97,1,169944,43,Desenho,Feliz,2144,Exposicao_Face
169960,17,467,322,5.02,1,169960,43,Desenho,Feliz,2160,Exposicao_Face
169977,17,477,305,5.01,1,169977,43,Desenho,Feliz,2177,Exposicao_Face
169994,17,449,312,5.05,1,169994,43,Desenho,Feliz,2194,Exposicao_Face
170010,17,495,367,5.07,2,170010,43,Desenho,Feliz,2210,Exposicao_Face
170027,17,470,315,5.07,1,170027,43,Desenho,Feliz,2227,Exposicao_Face
170043,17,472,333,5.12,1,170043,43,Desenho,Feliz,2243,Exposicao_Face
170060,17,465,343,5.12,1,170060,43,Desenho,Feliz,2260,Exposicao_Face
170077,17,480,343,5.12,1,170077,43,Desenho,Feliz,2277,Exposicao_Face
170093,17,484,336,5.13,1,170093,43,Desenho,Feliz,2293,Exposicao_Face
170110,17,485,348,5.13,1,170110,43,Desenho,Feliz,2310,Exposicao_Face
170127,17,475,355,5.15,1,170127,43,Desenho,Feliz,2327,Exposicao_Face
170143,17,482,346,5.13,1,170143,43,Desenho,Feliz,2343,Exposicao_Face
170160,17,480,363,5.17,0,170160,43,Desenho,Feliz,2360,Exposicao_Face
170177,17,473,351,5.13,1,170177,43,Desenho,Feliz,2377,Exposicao_Face
170193,17,473,334,5.13,1,170193,43,Desenho,Feliz,2393,Exposicao_Face
170210,17,479,348,5.21,1,170210,43,Desenho,Feliz,2410,Exposicao_Face
170226,17,484,332,5.17,1,170226,43,Desenho,Feliz,2426,Exposicao_Face
170243,17,474,336,5.17,1,170243,43,Desenho,Feliz,2443,Exposicao_Face
170260,17,481,334,5.17,1,170260,43,Desenho,Feliz,2460,Exposicao_Face
170276,17,487,327,5.18,1,170276,43,Desenho,Feliz,2476,Exposicao_Face
170293,17,474,648,5.18,3,170293,43,Desenho,Feliz,2493,Exposicao_Face
170576,283,516,961,0.0,0,170576,43,Desenho,Feliz,2776,Exposicao_Face
170592,17,484,729,7.33,3,170592,43,Desenho,Feliz,2792,Exposicao_Face
170609,17,491,334,-1.0,1,170609,43,Desenho,Feliz,2809,Exposicao_Face
170626,17,499,388,5.37,2,170626,43,Desenho,Feliz,2826,Exposicao_Face
170642,17,513,337,5.33,1,170642,43,Desenho,Feliz,2842,Exposicao_Face
170659,17,508,275,5.33,1,170659,43,Desenho,Feliz,2859,Exposicao_Face
170676,17,514,228,5.34,1,170676,43,Desenho,Feliz,2876,Exposicao_Face
170692,17,504,263,5.36,1,170692,43,Desenho,Feliz,2892,Exposicao_Face
170709,17,515,259,5.31,1,170709,43,Desenho,Feliz,2909,Exposicao_Face
170726,17,522,189,5.29,1,170726,43,Desenho,Feliz,2926,Exposicao_Face
170742,17,520,242,5.36,1,170742,43,Desenho,Feliz,2942,Exposicao_Face
170759,17,504,275,5.33,1,170759,43,Desenho,Feliz,2959,Exposicao_Face
170775,17,521,271,5.41,1,170775,43,Desenho,Feliz,2975,Exposicao_Face
170792,17,525,342,5.39,1,170792,43,Desenho,Feliz,2992,Exposicao_Face
170809,17,529,328,5.36,1,170809,43,Desenho,Feliz,3009,Exposicao_Face
170825,17,516,342,5.37,1,170825,43,Desenho,Feliz,3025,Exposicao_Face
170842,17,517,348,5.36,1,170842,43,Desenho,Feliz,3042,Exposicao_Face
170859,17,521,332,5.41,1,170859,43,Desenho,Feliz,3059,Exposicao_Face
170875,17,528,340,5.39,1,170875,43,Desenho,Feliz,3075,Exposicao_Face
170892,17,505,364,5.36,2,170892,43,Desenho,Feliz,3092,Exposicao_Face
170908,17,509,360,5.36,1,170908,43,Desenho,Feliz,3108,Exposicao_Face
170925,17,517,359,5.33,1,170925,43,Desenho,Feliz,3125,Exposicao_Face
170942,17,517,344,5.34,1,170942,43,Desenho,Feliz,3142,Exposicao_Face
170958,17,502,345,5.29,1,170958,43,Desenho,Feliz,3158,Exposicao_Face
170975,17,515,364,5.36,2,170975,43,Desenho,Feliz,3175,Exposicao_Face
170992,17,463,371,5.31,2,170992,43,Desenho,Feliz,3192,Exposicao_Face
171008,17,474,371,5.29,2,171008,43,Desenho,Feliz,3208,Exposicao_Face
171025,17,458,369,5.31,2,171025,43,Desenho,Feliz,3225,Exposicao_Face
171042,17,470,360,5.29,1,171042,43,Desenho,Feliz,3242,Exposicao_Face
171058,17,455,360,5.28,1,171058,43,Desenho,Feliz,3258,Exposicao_Face
171075,17,454,360,5.28,1,171075,43,Desenho,Feliz,3275,Exposicao_Face
171091,17,455,371,5.31,2,171091,43,Desenho,Feliz,3291,Exposicao_Face
171108,17,469,361,5.28,1,171108,43,Desenho,Feliz,3308,Exposicao_Face
171125,17,475,367,5.26,2,171125,43,Desenho,Feliz,3325,Exposicao_Face
171141,17,485,337,5.28,1,171141,43,Desenho,Feliz,3341,Exposicao_Face
171158,17,460,343,5.29,1,171158,43,Desenho,Feliz,3358,Exposicao_Face
171175,17,464,352,5.26,1,171175,43,Desenho,Feliz,3375,Exposicao_Face
171191,17,465,357,5.29,1,171191,43,Desenho,Feliz,3391,Exposicao_Face
171208,17,472,346,5.34,1,171208,43,Desenho,Feliz,3408,Exposicao_Face
171225,17,468,377,5.37,2,171225,43,Desenho,Feliz,3425,Exposicao_Face
171241,17,464,384,5.31,2,171241,43,Desenho,Feliz,3441,Exposicao_Face
171258,17,467,365,5.31,2,171258,43,Desenho,Feliz,3458,Exposicao_Face
171274,17,469,347,5.28,1,171274,43,Desenho,Feliz,3474,Exposicao_Face
171291,17,468,345,5.31,1,171291,43,Desenho,Feliz,3491,Exposicao_Face
171308,17,472,356,5.33,1,171308,43,Desenho,Feliz,3508,Exposicao_Face
171324,17,464,334,5.29,1,171324,43,Desenho,Feliz,3524,Exposicao_Face
171341,17,467,341,5.26,1,171341,43,Desenho,Feliz,3541,Exposicao_Face
171358,17,466,332,5.28,1,171358,43,Desenho,Feliz,3558,Exposicao_Face
171374,17,468,327,5.26,1,171374,43,Desenho,Feliz,3574,Exposicao_Face
171391,17,462,341,5.26,1,171391,43,Desenho,Feliz,3591,Exposicao_Face
171408,17,477,335,5.28,1,171408,43,Desenho,Feliz,3608,Exposicao_Face
171424,17,455,344,5.29,1,171424,43,Desenho,Feliz,3624,Exposicao_Face
171441,17,455,349,5.33,1,171441,43,Desenho,Feliz,3641,Exposicao_Face
171457,17,468,329,5.26,1,171457,43,Desenho,Feliz,3657,Exposicao_Face
171474,17,463,344,5.29,1,171474,43,Desenho,Feliz,3674,Exposicao_Face
171491,17,518,337,5.31,1,171491,43,Desenho,Feliz,3691,Exposicao_Face
171507,17,533,348,5.33,1,171507,43,Desenho,Feliz,3707,Exposicao_Face
171524,17,520,360,5.41,1,171524,43,Desenho,Feliz,3724,Exposicao_Face
171541,17,546,356,5.37,1,171541,43,Desenho,Feliz,3741,Exposicao_Face
171557,17,531,330,5.34,1,171557,43,Desenho,Feliz,3757,Exposicao_Face
171574,17,519,342,5.33,1,171574,43,Desenho,Feliz,3774,Exposicao_Face
171591,17,527,346,5.34,1,171591,43,Desenho,Feliz,3791,Exposicao_Face
171607,17,534,337,5.39,1,171607,43,Desenho,Feliz,3807,Exposicao_Face
171624,17,551,366,5.37,2,171624,43,Desenho,Feliz,3824,Exposicao_Face
171640,17,518,363,5.37,0,171640,43,Desenho,Feliz,3840,Exposicao_Face
171657,17,521,347,5.34,1,171657,43,Desenho,Feliz,3857,Exposicao_Face
171674,17,538,327,5.31,1,171674,43,Desenho,Feliz,3874,Exposicao_Face
171690,17,551,340,5.37,1,171690,43,Desenho,Feliz,3890,Exposicao_Face
171707,17,521,337,5.37,1,171707,43,Desenho,Feliz,3907,Exposicao_Face
171724,17,528,347,5.39,1,171724,43,Desenho,Feliz,3924,Exposicao_Face
171740,17,531,335,5.33,1,171740,43,Desenho,Feliz,3940,Exposicao_Face
171757,17,543,365,5.37,2,171757,43,Desenho,Feliz,3957,Exposicao_Face
171774,17,526,338,5.39,1,171774,43,Desenho,Feliz,3974,Exposicao_Face
171790,17,546,319,5.41,1,171790,43,Desenho,Feliz,3990,Exposicao_Face
171807,17,523,342,5.37,1,171807,44,Desenho,Neutro,7,Janela_Baseline
171823,17,532,333,5.34,1,171823,44,Desenho,Neutro,23,Janela_Baseline
171840,17,546,350,5.36,1,171840,44,Desenho,Neutro,40,Janela_Baseline
171857,17,545,353,5.41,1,171857,44,Desenho,Neutro,57,Janela_Baseline
171873,17,522,362,5.37,1,171873,44,Desenho,Neutro,73,Janela_Baseline
171890,17,526,365,5.39,2,171890,44,Desenho,Neutro,90,Janela_Baseline
171907,17,531,349,5.39,1,171907,44,Desenho,Neutro,107,Janela_Baseline
171923,17,536,361,5.39,1,171923,44,Desenho,Neutro,123,Janela_Baseline
171940,17,528,338,5.36,1,171940,44,Desenho,Neutro,140,Janela_Baseline
171957,17,502,355,5.31,1,171957,44,Desenho,Neutro,157,Janela_Baseline
171973,17,529,349,5.33,1,171973,44,Desenho,Neutro,173,Janela_Baseline
171990,17,520,350,5.33,1,171990,44,Desenho,Neutro,190,Janela_Baseline
172006,17,511,371,5.33,2,172006,44,Desenho,Neutro,206,Janela_Baseline
172023,17,525,373,5.31,2,172023,44,Desenho,Neutro,223,Janela_Baseline
172040,17,513,367,5.33,2,172040,44,Desenho,Neutro,240,Janela_Baseline
172056,17,518,378,5.39,2,172056,44,Desenho,Neutro,256,Janela_Baseline
172073,17,501,389,5.37,2,172073,44,Desenho,Neutro,273,Janela_Baseline
172106,33,531,371,5.31,2,172106,44,Desenho,Neutro,306,Janela_Baseline
172106,0,531,371,5.31,2,172106,44,Desenho,Neutro,306,Janela_Baseline
172123,17,517,366,5.31,2,172123,44,Desenho,Neutro,323,Janela_Baseline
172139,17,509,373,5.33,2,172139,44,Desenho,Neutro,339,Janela_Baseline
172156,17,508,376,5.29,2,172156,44,Desenho,Neutro,356,Janela_Baseline
172173,17,514,362,5.29,1,172173,44,Desenho,Neutro,373,Janela_Baseline
172189,17,524,378,5.34,2,172189,44,Desenho,Neutro,389,Janela_Baseline
172206,17,525,379,5.34,2,172206,44,Desenho,Neutro,406,Janela_Baseline
172223,17,522,380,5.36,2,172223,44,Desenho,Neutro,423,Janela_Baseline
172239,17,525,389,5.42,2,172239,44,Desenho,Neutro,439,Janela_Baseline
172256,17,527,375,5.39,2,172256,44,Desenho,Neutro,456,Janela_Baseline
172273,17,495,395,5.39,2,172273,44,Desenho,Neutro,473,Janela_Baseline
172289,17,493,402,5.47,2,172289,44,Desenho,Neutro,489,Janela_Baseline
172306,17,533,366,5.39,2,172306,44,Desenho,Neutro,506,Janela_Baseline
172322,17,533,371,5.42,2,172322,44,Desenho,Neutro,522,Janela_Baseline
172339,17,499,369,5.42,2,172339,44,Desenho,Neutro,539,Janela_Baseline
172356,17,525,371,5.45,2,172356,44,Desenho,Neutro,556,Janela_Baseline
172372,17,531,374,5.47,2,172372,44,Desenho,Neutro,572,Janela_Baseline
172389,17,493,387,5.49,2,172389,44,Desenho,Neutro,589,Janela_Baseline
172406,17,517,377,5.42,2,172406,44,Desenho,Neutro,606,Janela_Baseline
172422,17,495,383,5.42,2,172422,44,Desenho,Neutro,622,Janela_Baseline
172439,17,497,382,5.47,2,172439,44,Desenho,Neutro,639,Janela_Baseline
172456,17,494,380,5.44,2,172456,44,Desenho,Neutro,656,Janela_Baseline
172472,17,492,374,5.42,2,172472,44,Desenho,Neutro,672,Janela_Baseline
172489,17,499,355,5.5,1,172489,44,Desenho,Neutro,689,Janela_Baseline
172505,17,524,370,5.49,2,172505,44,Desenho,Neutro,705,Janela_Baseline
172522,17,496,389,5.49,2,172522,44,Desenho,Neutro,722,Janela_Baseline
172539,17,525,393,5.53,2,172539,44,Desenho,Neutro,739,Janela_Baseline
172555,17,514,380,5.57,2,172555,44,Desenho,Neutro,755,Janela_Baseline
172572,17,498,372,5.55,2,172572,44,Desenho,Neutro,772,Janela_Baseline
172589,17,526,364,5.53,2,172589,44,Desenho,Neutro,789,Janela_Baseline
172605,17,523,363,5.52,0,172605,44,Desenho,Neutro,805,Janela_Baseline
172622,17,518,360,5.58,1,172622,44,Desenho,Neutro,822,Janela_Baseline
172639,17,513,365,5.58,2,172639,44,Desenho,Neutro,839,Janela_Baseline
172655,17,520,353,5.55,1,172655,44,Desenho,Neutro,855,Janela_Baseline
172672,17,511,370,5.58,2,172672,44,Desenho,Neutro,872,Janela_Baseline
172688,17,499,373,5.63,2,172688,44,Desenho,Neutro,888,Janela_Baseline
172705,17,515,354,5.57,1,172705,44,Desenho,Neutro,905,Janela_Baseline
172722,17,517,379,5.58,2,172722,44,Desenho,Neutro,922,Janela_Baseline
172738,17,510,365,5.6,2,172738,44,Desenho,Neutro,938,Janela_Baseline
172755,17,515,360,5.58,1,172755,44,Desenho,Neutro,955,Janela_Baseline
172772,17,515,370,5.65,2,172772,44,Desenho,Neutro,972,Janela_Baseline
172788,17,512,356,5.65,1,172788,44,Desenho,Neutro,988,Janela_Baseline
172805,17,520,367,5.66,2,172805,44,Desenho,Neutro,1005,Janela_Baseline
172822,17,511,369,5.65,2,172822,44,Desenho,Neutro,1022,Janela_Baseline
172838,17,519,394,5.71,2,172838,44,Desenho,Neutro,1038,Janela_Baseline
172855,17,515,376,5.65,2,172855,44,Desenho,Neutro,1055,Janela_Baseline
172871,17,515,384,5.68,2,172871,44,Desenho,Neutro,1071,Janela_Baseline
172888,17,514,370,5.66,2,172888,44,Desenho,Neutro,1088,Janela_Baseline
172905,17,510,380,5.66,2,172905,44,Desenho,Neutro,1105,Janela_Baseline
172921,17,514,357,5.66,1,172921,44,Desenho,Neutro,1121,Janela_Baseline
172955,33,514,386,5.73,2,172955,44,Desenho,Neutro,1155,Janela_Baseline
172971,17,512,385,5.69,2,172971,44,Desenho,Neutro,1171,Janela_Baseline
172988,17,508,366,5.65,2,172988,44,Desenho,Neutro,1188,Janela_Baseline
173005,17,523,365,5.73,2,173005,44,Desenho,Neutro,1205,Janela_Baseline
173021,17,507,381,5.68,2,173021,44,Desenho,Neutro,1221,Janela_Baseline
173038,17,517,396,5.76,2,173038,44,Desenho,Neutro,1238,Janela_Baseline
173054,17,513,386,5.74,2,173054,44,Desenho,Neutro,1254,Janela_Baseline
173071,17,516,352,5.69,1,173071,44,Desenho,Neutro,1271,Janela_Baseline
173088,17,518,351,5.66,1,173088,44,Desenho,Neutro,1288,Janela_Baseline
173104,17,514,339,5.68,1,173104,44,Desenho,Neutro,1304,Exposicao_Face
173121,17,518,385,5.68,2,173121,44,Desenho,Neutro,1321,Exposicao_Face
173138,17,514,383,5.71,2,173138,44,Desenho,Neutro,1338,Exposicao_Face
173154,17,515,345,5.65,1,173154,44,Desenho,Neutro,1354,Exposicao_Face
173171,17,515,366,5.69,2,173171,44,Desenho,Neutro,1371,Exposicao_Face
173187,17,518,357,5.71,1,173187,44,Desenho,Neutro,1387,Exposicao_Face
173204,17,511,382,5.78,2,173204,44,Desenho,Neutro,1404,Exposicao_Face
173221,17,513,378,5.69,2,173221,44,Desenho,Neutro,1421,Exposicao_Face
173237,17,513,398,5.76,2,173237,44,Desenho,Neutro,1437,Exposicao_Face
173254,17,515,375,5.78,2,173254,44,Desenho,Neutro,1454,Exposicao_Face
173271,17,510,392,5.74,2,173271,44,Desenho,Neutro,1471,Exposicao_Face
173287,17,515,367,5.78,2,173287,44,Desenho,Neutro,1487,Exposicao_Face
173304,17,510,365,5.78,2,173304,44,Desenho,Neutro,1504,Exposicao_Face
173321,17,513,364,5.81,2,173321,44,Desenho,Neutro,1521,Exposicao_Face
173337,17,520,350,5.79,1,173337,44,Desenho,Neutro,1537,Exposicao_Face
173354,17,505,345,5.73,1,173354,44,Desenho,Neutro,1554,Exposicao_Face
173370,17,500,373,5.74,2,173370,44,Desenho,Neutro,1570,Exposicao_Face
173387,17,526,357,5.79,1,173387,44,Desenho,Neutro,1587,Exposicao_Face
173404,17,504,352,5.79,1,173404,44,Desenho,Neutro,1604,Exposicao_Face
173420,17,509,362,5.74,1,173420,44,Desenho,Neutro,1620,Exposicao_Face
173437,17,527,370,5.81,2,173437,44,Desenho,Neutro,1637,Exposicao_Face
173454,17,497,398,5.87,2,173454,44,Desenho,Neutro,1654,Exposicao_Face
173470,17,507,386,5.81,2,173470,44,Desenho,Neutro,1670,Exposicao_Face
173487,17,511,375,5.79,2,173487,44,Desenho,Neutro,1687,Exposicao_Face
173504,17,508,356,5.79,1,173504,44,Desenho,Neutro,1704,Exposicao_Face
173520,17,504,366,5.78,2,173520,44,Desenho,Neutro,1720,Exposicao_Face
173537,17,504,359,5.79,1,173537,44,Desenho,Neutro,1737,Exposicao_Face
173553,17,507,363,5.84,0,173553,44,Desenho,Neutro,1753,Exposicao_Face
173570,17,501,393,5.86,2,173570,44,Desenho,Neutro,1770,Exposicao_Face
173587,17,509,409,5.89,2,173587,44,Desenho,Neutro,1787,Exposicao_Face
173603,17,508,380,5.81,2,173603,44,Desenho,Neutro,1803,Exposicao_Face
173620,17,489,389,5.82,2,173620,44,Desenho,Neutro,1820,Exposicao_Face
173637,17,507,388,5.84,2,173637,44,Desenho,Neutro,1837,Exposicao_Face
173653,17,499,391,5.82,2,173653,44,Desenho,Neutro,1853,Exposicao_Face
173670,17,500,368,5.86,2,173670,44,Desenho,Neutro,1870,Exposicao_Face
173687,17,504,386,5.86,2,173687,44,Desenho,Neutro,1887,Exposicao_Face
173703,17,492,380,5.86,2,173703,44,Desenho,Neutro,1903,Exposicao_Face
173720,17,499,372,5.84,2,173720,44,Desenho,Neutro,1920,Exposicao_Face
173736,17,491,375,5.86,2,173736,44,Desenho,Neutro,1936,Exposicao_Face
173753,17,499,360,5.82,1,173753,44,Desenho,Neutro,1953,Exposicao_Face
173770,17,499,346,5.78,1,173770,44,Desenho,Neutro,1970,Exposicao_Face
173786,17,506,391,5.84,2,173786,44,Desenho,Neutro,1986,Exposicao_Face
173803,17,507,402,5.9,2,173803,44,Desenho,Neutro,2003,Exposicao_Face
173820,17,491,402,5.9,2,173820,44,Desenho,Neutro,2020,Exposicao_Face
173853,33,499,380,5.79,2,173853,44,Desenho,Neutro,2053,Exposicao_Face
173870,17,493,405,5.89,2,173870,44,Desenho,Neutro,2070,Exposicao_Face
173886,17,487,399,5.84,2,173886,44,Desenho,Neutro,2086,Exposicao_Face
173903,17,474,405,5.89,2,173903,44,Desenho,Neutro,2103,Exposicao_Face
173919,17,498,399,5.86,2,173919,44,Desenho,Neutro,2119,Exposicao_Face
173936,17,493,372,5.76,2,173936,44,Desenho,Neutro,2136,Exposicao_Face
173953,17,488,387,5.78,2,173953,44,Desenho,Neutro,2153,Exposicao_Face
173969,17,500,395,5.78,2,173969,44,Desenho,Neutro,2169,Exposicao_Face
173986,17,489,376,5.79,2,173986,44,Desenho,Neutro,2186,Exposicao_Face
174003,17,507,399,5.81,2,174003,44,Desenho,Neutro,2203,Exposicao_Face
174019,17,493,400,5.79,2,174019,44,Desenho,Neutro,2219,Exposicao_Face
174036,17,495,408,5.87,2,174036,44,Desenho,Neutro,2236,Exposicao_Face
174053,17,495,396,5.86,2,174053,44,Desenho,Neutro,2253,Exposicao_Face
174069,17,498,370,5.78,2,174069,44,Desenho,Neutro,2269,Exposicao_Face
174086,17,496,380,5.78,2,174086,44,Desenho,Neutro,2286,Exposicao_Face
174102,17,501,368,5.79,2,174102,44,Desenho,Neutro,2302,Exposicao_Face
174119,17,500,370,5.78,2,174119,44,Desenho,Neutro,2319,Exposicao_Face
174136,17,494,361,5.76,1,174136,44,Desenho,Neutro,2336,Exposicao_Face
174152,17,495,371,5.79,2,174152,44,Desenho,Neutro,2352,Exposicao_Face
174169,17,489,374,5.76,2,174169,44,Desenho,Neutro,2369,Exposicao_Face
174186,17,492,357,5.79,1,174186,44,Desenho,Neutro,2386,Exposicao_Face
174202,17,491,363,5.79,0,174202,44,Desenho,Neutro,2402,Exposicao_Face
174219,17,495,357,5.79,1,174219,44,Desenho,Neutro,2419,Exposicao_Face
174236,17,497,351,5.78,1,174236,44,Desenho,Neutro,2436,Exposicao_Face
174252,17,499,353,5.78,1,174252,44,Desenho,Neutro,2452,Exposicao_Face
174269,17,494,336,5.78,1,174269,44,Desenho,Neutro,2469,Exposicao_Face
174285,17,492,370,5.74,2,174285,44,Desenho,Neutro,2485,Exposicao_Face
174302,17,495,358,5.79,1,174302,44,Desenho,Neutro,2502,Exposicao_Face
174319,17,488,375,5.79,2,174319,44,Desenho,Neutro,2519,Exposicao_Face
174335,17,496,360,5.78,1,174335,44,Desenho,Neutro,2535,Exposicao_Face
174352,17,490,358,5.81,1,174352,44,Desenho,Neutro,2552,Exposicao_Face
174369,17,492,335,5.76,1,174369,44,Desenho,Neutro,2569,Exposicao_Face
174385,17,495,337,5.78,1,174385,44,Desenho,Neutro,2585,Exposicao_Face
174402,17,494,362,5.84,1,174402,44,Desenho,Neutro,2602,Exposicao_Face
174418,17,516,347,5.82,1,174418,44,Desenho,Neutro,2618,Exposicao_Face
174435,17,495,340,5.76,1,174435,44,Desenho,Neutro,2635,Exposicao_Face
174452,17,497,350,5.82,1,174452,44,Desenho,Neutro,2652,Exposicao_Face
174468,17,495,353,5.84,1,174468,44,Desenho,Neutro,2668,Exposicao_Face
174485,17,502,354,5.86,1,174485,44,Desenho,Neutro,2685,Exposicao_Face
174502,17,494,346,5.82,1,174502,44,Desenho,Neutro,2702,Exposicao_Face
174518,17,487,337,5.81,1,174518,44,Desenho,Neutro,2718,Exposicao_Face
174535,17,507,347,5.81,1,174535,44,Desenho,Neutro,2735,Exposicao_Face
174552,17,496,357,5.82,1,174552,44,Desenho,Neutro,2752,Exposicao_Face
174568,17,495,365,5.86,2,174568,44,Desenho,Neutro,2768,Exposicao_Face
174585,17,497,349,5.81,1,174585,44,Desenho,Neutro,2785,Exposicao_Face
174601,17,495,344,5.78,1,174601,44,Desenho,Neutro,2801,Exposicao_Face
174618,17,494,351,5.79,1,174618,44,Desenho,Neutro,2818,Exposicao_Face
174635,17,503,378,5.74,2,174635,44,Desenho,Neutro,2835,Exposicao_Face
174967,333,551,1057,0.0,0,174967,44,Desenho,Neutro,3167,Exposicao_Face
174984,17,508,560,5.66,3,174984,44,Desenho,Neutro,3184,Exposicao_Face
175001,17,507,569,5.65,3,175001,44,Desenho,Neutro,3201,Exposicao_Face
175017,17,512,448,5.66,3,175017,44,Desenho,Neutro,3217,Exposicao_Face
175034,17,512,443,5.66,3,175034,44,Desenho,Neutro,3234,Exposicao_Face
175051,17,518,425,5.68,3,175051,44,Desenho,Neutro,3251,Exposicao_Face
175067,17,537,392,5.65,2,175067,44,Desenho,Neutro,3267,Exposicao_Face
175084,17,526,303,5.68,1,175084,44,Desenho,Neutro,3284,Exposicao_Face
175101,17,549,269,5.66,1,175101,44,Desenho,Neutro,3301,Exposicao_Face
175117,17,544,299,5.61,1,175117,44,Desenho,Neutro,3317,Exposicao_Face
175134,17,524,285,5.57,1,175134,44,Desenho,Neutro,3334,Exposicao_Face
175150,17,516,299,5.61,1,175150,44,Desenho,Neutro,3350,Exposicao_Face
175167,17,518,265,5.65,1,175167,44,Desenho,Neutro,3367,Exposicao_Face
175184,17,522,312,5.63,1,175184,44,Desenho,Neutro,3384,Exposicao_Face
175200,17,519,304,5.55,1,175200,44,Desenho,Neutro,3400,Exposicao_Face
175217,17,518,271,5.6,1,175217,44,Desenho,Neutro,3417,Exposicao_Face
175234,17,510,344,5.6,1,175234,44,Desenho,Neutro,3434,Exposicao_Face
175250,17,533,381,5.63,2,175250,44,Desenho,Neutro,3450,Exposicao_Face
175267,17,532,363,5.58,0,175267,44,Desenho,Neutro,3467,Exposicao_Face
175284,17,527,369,5.53,2,175284,44,Desenho,Neutro,3484,Exposicao_Face
175300,17,513,372,5.49,2,175300,44,Desenho,Neutro,3500,Exposicao_Face
175317,17,514,371,5.45,2,175317,44,Desenho,Neutro,3517,Exposicao_Face
175333,17,512,362,5.41,1,175333,44,Desenho,Neutro,3533,Exposicao_Face
175350,17,520,361,5.41,1,175350,44,Desenho,Neutro,3550,Exposicao_Face
175367,17,522,361,5.41,1,175367,44,Desenho,Neutro,3567,Exposicao_Face
175383,17,513,340,5.36,1,175383,44,Desenho,Neutro,3583,Exposicao_Face
175400,17,533,363,5.36,0,175400,44,Desenho,Neutro,3600,Exposicao_Face
175417,17,506,386,5.39,2,175417,44,Desenho,Neutro,3617,Exposicao_Face
175433,17,524,358,5.39,1,175433,44,Desenho,Neutro,3633,Exposicao_Face
175450,17,526,386,5.39,2,175450,44,Desenho,Neutro,3650,Exposicao_Face
175466,17,534,368,5.36,2,175466,44,Desenho,Neutro,3666,Exposicao_Face
175483,17,514,372,5.39,2,175483,44,Desenho,Neutro,3683,Exposicao_Face
175500,17,521,351,5.29,1,175500,44,Desenho,Neutro,3700,Exposicao_Face
175516,17,528,343,5.26,1,175516,44,Desenho,Neutro,3716,Exposicao_Face
175533,17,527,359,5.26,1,175533,44,Desenho,Neutro,3733,Exposicao_Face
175550,17,539,359,5.26,1,175550,44,Desenho,Neutro,3750,Exposicao_Face
175566,17,528,374,5.28,2,175566,44,Desenho,Neutro,3766,Exposicao_Face
175583,17,528,381,5.34,2,175583,44,Desenho,Neutro,3783,Exposicao_Face
175600,17,532,371,5.34,2,175600,44,Desenho,Neutro,3800,Exposicao_Face
175616,17,525,348,5.26,1,175616,44,Desenho,Neutro,3816,Exposicao_Face
175633,17,536,357,5.31,1,175633,44,Desenho,Neutro,3833,Exposicao_Face
175649,17,534,366,5.34,2,175649,44,Desenho,Neutro,3849,Exposicao_Face
175666,17,520,363,5.33,0,175666,44,Desenho,Neutro,3866,Exposicao_Face
175683,17,542,335,5.28,1,175683,44,Desenho,Neutro,3883,Exposicao_Face
175699,17,526,328,5.31,1,175699,44,Desenho,Neutro,3899,Exposicao_Face
175716,17,524,347,5.33,1,175716,44,Desenho,Neutro,3916,Exposicao_Face
175733,17,525,340,5.36,1,175733,44,Desenho,Neutro,3933,Exposicao_Face
175749,17,536,348,5.33,1,175749,44,Desenho,Neutro,3949,Exposicao_Face
175766,17,520,342,5.29,1,175766,44,Desenho,Neutro,3966,Exposicao_Face
175783,17,521,325,5.31,1,175783,44,Desenho,Neutro,3983,Exposicao_Face
175799,17,524,325,5.33,1,175799,44,Desenho,Neutro,3999,Exposicao_Face
175816,17,517,333,5.33,1,175816,45,Desenho,Raiva,16,Janela_Baseline
175832,17,521,340,5.39,1,175832,45,Desenho,Raiva,32,Janela_Baseline
175849,17,530,360,5.39,1,175849,45,Desenho,Raiva,49,Janela_Baseline
175866,17,520,347,5.39,1,175866,45,Desenho,Raiva,66,Janela_Baseline
175882,17,536,350,5.41,1,175882,45,Desenho,Raiva,82,Janela_Baseline
175899,17,537,350,5.41,1,175899,45,Desenho,Raiva,99,Janela_Baseline
175916,17,533,349,5.39,1,175916,45,Desenho,Raiva,116,Janela_Baseline
175932,17,517,368,5.44,2,175932,45,Desenho,Raiva,132,Janela_Baseline
175949,17,535,367,5.47,2,175949,45,Desenho,Raiva,149,Janela_Baseline
175966,17,508,359,5.44,1,175966,45,Desenho,Raiva,166,Janela_Baseline
175982,17,533,332,5.39,1,175982,45,Desenho,Raiva,182,Janela_Baseline
175999,17,519,354,5.47,1,175999,45,Desenho,Raiva,199,Janela_Baseline
176015,17,522,346,5.5,1,176015,45,Desenho,Raiva,215,Janela_Baseline
176032,17,526,361,5.45,1,176032,45,Desenho,Raiva,232,Janela_Baseline
176049,17,498,339,5.47,1,176049,45,Desenho,Raiva,249,Janela_Baseline
176065,17,521,377,5.44,2,176065,45,Desenho,Raiva,265,Janela_Baseline
176082,17,527,354,5.39,1,176082,45,Desenho,Raiva,282,Janela_Baseline
176099,17,515,350,5.44,1,176099,45,Desenho,Raiva,299,Janela_Baseline
176115,17,509,355,5.39,1,176115,45,Desenho,Raiva,315,Janela_Baseline
176132,17,512,354,5.42,1,176132,45,Desenho,Raiva,332,Janela_Baseline
176149,17,507,357,5.41,1,176149,45,Desenho,Raiva,349,Janela_Baseline
176165,17,523,342,5.41,1,176165,45,Desenho,Raiva,365,Janela_Baseline
176182,17,492,345,5.44,1,176182,45,Desenho,Raiva,382,Janela_Baseline
176198,17,514,357,5.41,1,176198,45,Desenho,Raiva,398,Janela_Baseline
176215,17,520,330,5.45,1,176215,45,Desenho,Raiva,415,Janela_Baseline
176232,17,516,329,5.47,1,176232,45,Desenho,Raiva,432,Janela_Baseline
176248,17,515,334,5.47,1,176248,45,Desenho,Raiva,448,Janela_Baseline
176265,17,485,337,5.45,1,176265,45,Desenho,Raiva,465,Janela_Baseline
176282,17,511,334,5.44,1,176282,45,Desenho,Raiva,482,Janela_Baseline
176298,17,491,349,5.45,1,176298,45,Desenho,Raiva,498,Janela_Baseline
176315,17,504,346,5.45,1,176315,45,Desenho,Raiva,515,Janela_Baseline
176332,17,514,350,5.42,1,176332,45,Desenho,Raiva,532,Janela_Baseline
176348,17,509,362,5.5,1,176348,45,Desenho,Raiva,548,Janela_Baseline
176365,17,507,332,5.47,1,176365,45,Desenho,Raiva,565,Janela_Baseline
176381,17,504,360,5.52,1,176381,45,Desenho,Raiva,581,Janela_Baseline
176398,17,508,341,5.5,1,176398,45,Desenho,Raiva,598,Janela_Baseline
176415,17,501,339,5.49,1,176415,45,Desenho,Raiva,615,Janela_Baseline
176431,17,521,356,5.55,1,176431,45,Desenho,Raiva,631,Janela_Baseline
176448,17,501,375,5.6,2,176448,45,Desenho,Raiva,648,Janela_Baseline
176465,17,514,355,5.55,1,176465,45,Desenho,Raiva,665,Janela_Baseline
176481,17,505,360,5.57,1,176481,45,Desenho,Raiva,681,Janela_Baseline
176498,17,516,342,5.52,1,176498,45,Desenho,Raiva,698,Janela_Baseline
176515,17,507,360,5.57,1,176515,45,Desenho,Raiva,715,Janela_Baseline
176531,17,522,373,5.6,2,176531,45,Desenho,Raiva,731,Janela_Baseline
176548,17,475,743,5.61,3,176548,45,Desenho,Raiva,748,Janela_Baseline
176814,266,493,705,5.68,3,176814,45,Desenho,Raiva,1014,Janela_Baseline
176831,17,459,561,5.68,3,176831,45,Desenho,Raiva,1031,Janela_Baseline
176847,17,493,488,5.78,3,176847,45,Desenho,Raiva,1047,Janela_Baseline
176864,17,497,420,5.78,3,176864,45,Desenho,Raiva,1064,Janela_Baseline
176880,17,499,370,5.68,2,176880,45,Desenho,Raiva,1080,Janela_Baseline
176897,17,495,310,5.76,1,176897,45,Desenho,Raiva,1097,Janela_Baseline
176914,17,496,281,5.73,1,176914,45,Desenho,Raiva,1114,Janela_Baseline
176930,17,494,302,5.78,1,176930,45,Desenho,Raiva,1130,Janela_Baseline
176947,17,497,275,5.78,1,176947,45,Desenho,Raiva,1147,Janela_Baseline
176964,17,517,315,5.78,1,176964,45,Desenho,Raiva,1164,Janela_Baseline
176980,17,516,337,5.78,1,176980,45,Desenho,Raiva,1180,Janela_Baseline
176997,17,502,332,5.78,1,176997,45,Desenho,Raiva,1197,Janela_Baseline
177014,17,504,333,5.78,1,177014,45,Desenho,Raiva,1214,Janela_Baseline
177030,17,509,354,5.78,1,177030,45,Desenho,Raiva,1230,Janela_Baseline
177047,17,508,341,5.76,1,177047,45,Desenho,Raiva,1247,Janela_Baseline
177063,17,508,348,5.79,1,177063,45,Desenho,Raiva,1263,Janela_Baseline
177080,17,491,349,5.78,1,177080,45,Desenho,Raiva,1280,Janela_Baseline
177097,17,505,350,5.79,1,177097,45,Desenho,Raiva,1297,Janela_Baseline
177113,17,511,337,5.79,1,177113,45,Desenho,Raiva,1313,Exposicao_Face
177130,17,511,345,5.81,1,177130,45,Desenho,Raiva,1330,Exposicao_Face
177147,17,505,377,5.79,2,177147,45,Desenho,Raiva,1347,Exposicao_Face
177163,17,493,354,5.76,1,177163,45,Desenho,Raiva,1363,Exposicao_Face
177180,17,510,377,5.78,2,177180,45,Desenho,Raiva,1380,Exposicao_Face
177197,17,501,361,5.78,1,177197,45,Desenho,Raiva,1397,Exposicao_Face
177213,17,451,368,5.76,2,177213,45,Desenho,Raiva,1413,Exposicao_Face
177230,17,438,336,5.74,1,177230,45,Desenho,Raiva,1430,Exposicao_Face
177246,17,448,355,5.78,1,177246,45,Desenho,Raiva,1446,Exposicao_Face
177263,17,440,348,5.73,1,177263,45,Desenho,Raiva,1463,Exposicao_Face
177280,17,462,340,5.71,1,177280,45,Desenho,Raiva,1480,Exposicao_Face
177296,17,440,353,5.66,1,177296,45,Desenho,Raiva,1496,Exposicao_Face
177313,17,459,334,5.65,1,177313,45,Desenho,Raiva,1513,Exposicao_Face
177330,17,441,347,5.66,1,177330,45,Desenho,Raiva,1530,Exposicao_Face
177346,17,437,334,5.66,1,177346,45,Desenho,Raiva,1546,Exposicao_Face
177363,17,453,339,5.66,1,177363,45,Desenho,Raiva,1563,Exposicao_Face
177380,17,442,358,5.68,1,177380,45,Desenho,Raiva,1580,Exposicao_Face
177396,17,437,358,5.74,1,177396,45,Desenho,Raiva,1596,Exposicao_Face
177413,17,444,345,5.74,1,177413,45,Desenho,Raiva,1613,Exposicao_Face
177429,17,438,343,5.68,1,177429,45,Desenho,Raiva,1629,Exposicao_Face
177446,17,442,330,5.71,1,177446,45,Desenho,Raiva,1646,Exposicao_Face
177463,17,441,335,5.66,1,177463,45,Desenho,Raiva,1663,Exposicao_Face
177479,17,440,343,5.73,1,177479,45,Desenho,Raiva,1679,Exposicao_Face
177496,17,443,360,5.68,1,177496,45,Desenho,Raiva,1696,Exposicao_Face
177513,17,451,353,5.68,1,177513,45,Desenho,Raiva,1713,Exposicao_Face
177529,17,447,340,5.68,1,177529,45,Desenho,Raiva,1729,Exposicao_Face
177546,17,436,347,5.74,1,177546,45,Desenho,Raiva,1746,Exposicao_Face
177563,17,440,330,5.68,1,177563,45,Desenho,Raiva,1763,Exposicao_Face
177579,17,442,343,5.76,1,177579,45,Desenho,Raiva,1779,Exposicao_Face
177596,17,440,331,5.71,1,177596,45,Desenho,Raiva,1796,Exposicao_Face
177612,17,437,354,5.71,1,177612,45,Desenho,Raiva,1812,Exposicao_Face
177629,17,444,337,5.69,1,177629,45,Desenho,Raiva,1829,Exposicao_Face
177646,17,439,354,5.73,1,177646,45,Desenho,Raiva,1846,Exposicao_Face
177662,17,444,360,5.76,1,177662,45,Desenho,Raiva,1862,Exposicao_Face
177679,17,438,364,5.76,2,177679,45,Desenho,Raiva,1879,Exposicao_Face
177696,17,443,357,5.76,1,177696,45,Desenho,Raiva,1896,Exposicao_Face
177712,17,508,362,5.78,1,177712,45,Desenho,Raiva,1912,Exposicao_Face
177729,17,545,342,5.73,1,177729,45,Desenho,Raiva,1929,Exposicao_Face
177745,17,551,343,5.78,1,177745,45,Desenho,Raiva,1945,Exposicao_Face
177762,17,556,356,5.76,1,177762,45,Desenho,Raiva,1962,Exposicao_Face
177779,17,548,347,5.73,1,177779,45,Desenho,Raiva,1979,Exposicao_Face
177795,17,557,304,5.73,1,177795,45,Desenho,Raiva,1995,Exposicao_Face
177812,17,570,341,5.76,1,177812,45,Desenho,Raiva,2012,Exposicao_Face
177829,17,555,323,5.81,1,177829,45,Desenho,Raiva,2029,Exposicao_Face
177845,17,556,326,5.82,1,177845,45,Desenho,Raiva,2045,Exposicao_Face
177862,17,554,324,5.79,1,177862,45,Desenho,Raiva,2062,Exposicao_Face
177879,17,553,316,5.76,1,177879,45,Desenho,Raiva,2079,Exposicao_Face
177895,17,555,320,5.81,1,177895,45,Desenho,Raiva,2095,Exposicao_Face
177912,17,554,348,5.81,1,177912,45,Desenho,Raiva,2112,Exposicao_Face
177928,17,557,337,5.81,1,177928,45,Desenho,Raiva,2128,Exposicao_Face
177945,17,551,342,5.78,1,177945,45,Desenho,Raiva,2145,Exposicao_Face
177962,17,544,339,5.86,1,177962,45,Desenho,Raiva,2162,Exposicao_Face
177978,17,559,344,5.86,1,177978,45,Desenho,Raiva,2178,Exposicao_Face
177995,17,556,330,5.78,1,177995,45,Desenho,Raiva,2195,Exposicao_Face
178012,17,555,314,5.78,1,178012,45,Desenho,Raiva,2212,Exposicao_Face
178028,17,552,330,5.78,1,178028,45,Desenho,Raiva,2228,Exposicao_Face
178045,17,555,335,5.84,1,178045,45,Desenho,Raiva,2245,Exposicao_Face
178062,17,556,324,5.79,1,178062,45,Desenho,Raiva,2262,Exposicao_Face
178078,17,559,314,5.78,1,178078,45,Desenho,Raiva,2278,Exposicao_Face
178095,17,563,299,5.78,1,178095,45,Desenho,Raiva,2295,Exposicao_Face
178111,17,556,333,5.79,1,178111,45,Desenho,Raiva,2311,Exposicao_Face
178128,17,562,340,5.71,1,178128,45,Desenho,Raiva,2328,Exposicao_Face
178145,17,558,361,5.87,1,178145,45,Desenho,Raiva,2345,Exposicao_Face
178161,17,506,366,5.86,2,178161,45,Desenho,Raiva,2361,Exposicao_Face
178178,17,456,337,5.76,1,178178,45,Desenho,Raiva,2378,Exposicao_Face
178195,17,458,343,5.79,1,178195,45,Desenho,Raiva,2395,Exposicao_Face
178211,17,457,352,5.78,1,178211,45,Desenho,Raiva,2411,Exposicao_Face
178261,50,457,346,5.81,1,178261,45,Desenho,Raiva,2461,Exposicao_Face
178261,0,457,346,5.81,1,178261,45,Desenho,Raiva,2461,Exposicao_Face
178278,17,457,357,5.82,1,178278,45,Desenho,Raiva,2478,Exposicao_Face
178294,17,460,335,5.76,1,178294,45,Desenho,Raiva,2494,Exposicao_Face
178311,17,459,351,5.81,1,178311,45,Desenho,Raiva,2511,Exposicao_Face
178328,17,458,347,5.78,1,178328,45,Desenho,Raiva,2528,Exposicao_Face
178344,17,474,354,5.79,1,178344,45,Desenho,Raiva,2544,Exposicao_Face
178378,33,461,350,5.74,1,178378,45,Desenho,Raiva,2578,Exposicao_Face
178394,17,464,355,5.79,1,178394,45,Desenho,Raiva,2594,Exposicao_Face
178411,17,453,354,5.76,1,178411,45,Desenho,Raiva,2611,Exposicao_Face
178428,17,468,325,5.74,1,178428,45,Desenho,Raiva,2628,Exposicao_Face
178444,17,455,357,5.74,1,178444,45,Desenho,Raiva,2644,Exposicao_Face
178461,17,453,346,5.74,1,178461,45,Desenho,Raiva,2661,Exposicao_Face
178477,17,451,349,5.73,1,178477,45,Desenho,Raiva,2677,Exposicao_Face
178494,17,458,348,5.78,1,178494,45,Desenho,Raiva,2694,Exposicao_Face
178511,17,461,344,5.78,1,178511,45,Desenho,Raiva,2711,Exposicao_Face
178527,17,454,326,5.68,1,178527,45,Desenho,Raiva,2727,Exposicao_Face
178544,17,458,351,5.78,1,178544,45,Desenho,Raiva,2744,Exposicao_Face
178561,17,472,336,5.73,1,178561,45,Desenho,Raiva,2761,Exposicao_Face
178577,17,460,325,5.71,1,178577,45,Desenho,Raiva,2777,Exposicao_Face
178594,17,462,350,5.79,1,178594,45,Desenho,Raiva,2794,Exposicao_Face
178611,17,460,319,5.73,1,178611,45,Desenho,Raiva,2811,Exposicao_Face
178627,17,454,336,5.69,1,178627,45,Desenho,Raiva,2827,Exposicao_Face
178644,17,477,319,5.65,1,178644,45,Desenho,Raiva,2844,Exposicao_Face
178660,17,453,344,5.69,1,178660,45,Desenho,Raiva,2860,Exposicao_Face
178677,17,455,327,5.71,1,178677,45,Desenho,Raiva,2877,Exposicao_Face
178694,17,459,348,5.73,1,178694,45,Desenho,Raiva,2894,Exposicao_Face
178710,17,457,349,5.69,1,178710,45,Desenho,Raiva,2910,Exposicao_Face
178727,17,462,331,5.68,1,178727,45,Desenho,Raiva,2927,Exposicao_Face
178744,17,454,344,5.65,1,178744,45,Desenho,Raiva,2944,Exposicao_Face
178794,50,451,336,5.71,1,178794,45,Desenho,Raiva,2994,Exposicao_Face
178794,0,451,336,5.71,1,178794,45,Desenho,Raiva,2994,Exposicao_Face
178810,17,458,340,5.68,1,178810,45,Desenho,Raiva,3010,Exposicao_Face
178827,17,460,325,5.65,1,178827,45,Desenho,Raiva,3027,Exposicao_Face
178843,17,452,350,5.66,1,178843,45,Desenho,Raiva,3043,Exposicao_Face
178860,17,469,327,5.69,1,178860,45,Desenho,Raiva,3060,Exposicao_Face
178877,17,463,356,5.73,1,178877,45,Desenho,Raiva,3077,Exposicao_Face
178893,17,458,335,5.74,1,178893,45,Desenho,Raiva,3093,Exposicao_Face
178910,17,453,341,5.73,1,178910,45,Desenho,Raiva,3110,Exposicao_Face
178927,17,472,348,5.71,1,178927,45,Desenho,Raiva,3127,Exposicao_Face
178943,17,450,338,5.71,1,178943,45,Desenho,Raiva,3143,Exposicao_Face
178960,17,444,343,5.69,1,178960,45,Desenho,Raiva,3160,Exposicao_Face
178976,17,452,357,5.73,1,178976,45,Desenho,Raiva,3176,Exposicao_Face
178993,17,453,334,5.71,1,178993,45,Desenho,Raiva,3193,Exposicao_Face
179010,17,451,339,5.76,1,179010,45,Desenho,Raiva,3210,Exposicao_Face
179026,17,452,347,5.74,1,179026,45,Desenho,Raiva,3226,Exposicao_Face
179043,17,453,339,5.74,1,179043,45,Desenho,Raiva,3243,Exposicao_Face
179060,17,453,315,5.68,1,179060,45,Desenho,Raiva,3260,Exposicao_Face
179076,17,450,340,5.78,1,179076,45,Desenho,Raiva,3276,Exposicao_Face
179093,17,447,344,5.78,1,179093,45,Desenho,Raiva,3293,Exposicao_Face
179110,17,448,342,5.69,1,179110,45,Desenho,Raiva,3310,Exposicao_Face
179126,17,458,346,5.78,1,179126,45,Desenho,Raiva,3326,Exposicao_Face
179143,17,442,339,5.79,1,179143,45,Desenho,Raiva,3343,Exposicao_Face
179159,17,441,336,5.78,1,179159,45,Desenho,Raiva,3359,Exposicao_Face
179176,17,453,350,5.78,1,179176,45,Desenho,Raiva,3376,Exposicao_Face
179193,17,442,340,5.79,1,179193,45,Desenho,Raiva,3393,Exposicao_Face
179209,17,474,335,5.78,1,179209,45,Desenho,Raiva,3409,Exposicao_Face
179226,17,488,317,5.78,1,179226,45,Desenho,Raiva,3426,Exposicao_Face
179243,17,505,318,5.79,1,179243,45,Desenho,Raiva,3443,Exposicao_Face
179259,17,481,312,5.81,1,179259,45,Desenho,Raiva,3459,Exposicao_Face
179276,17,487,313,5.78,1,179276,45,Desenho,Raiva,3476,Exposicao_Face
179293,17,493,318,5.82,1,179293,45,Desenho,Raiva,3493,Exposicao_Face
179309,17,490,320,5.82,1,179309,45,Desenho,Raiva,3509,Exposicao_Face
179326,17,491,336,5.81,1,179326,45,Desenho,Raiva,3526,Exposicao_Face
179342,17,508,313,5.82,1,179342,45,Desenho,Raiva,3542,Exposicao_Face
179359,17,506,326,5.89,1,179359,45,Desenho,Raiva,3559,Exposicao_Face
179376,17,498,330,5.84,1,179376,45,Desenho,Raiva,3576,Exposicao_Face
179392,17,497,344,5.86,1,179392,45,Desenho,Raiva,3592,Exposicao_Face
179409,17,486,343,5.9,1,179409,45,Desenho,Raiva,3609,Exposicao_Face
179426,17,470,318,5.79,1,179426,45,Desenho,Raiva,3626,Exposicao_Face
179442,17,510,329,5.81,1,179442,45,Desenho,Raiva,3642,Exposicao_Face
179459,17,511,310,5.79,1,179459,45,Desenho,Raiva,3659,Exposicao_Face
179476,17,513,314,5.84,1,179476,45,Desenho,Raiva,3676,Exposicao_Face
179492,17,513,333,5.86,1,179492,45,Desenho,Raiva,3692,Exposicao_Face
179509,17,478,351,5.89,1,179509,45,Desenho,Raiva,3709,Exposicao_Face
179525,17,500,320,5.86,1,179525,45,Desenho,Raiva,3725,Exposicao_Face
179542,17,506,315,5.82,1,179542,45,Desenho,Raiva,3742,Exposicao_Face
179559,17,507,304,5.87,1,179559,45,Desenho,Raiva,3759,Exposicao_Face
179575,17,497,322,5.84,1,179575,45,Desenho,Raiva,3775,Exposicao_Face
179592,17,497,321,5.82,1,179592,45,Desenho,Raiva,3792,Exposicao_Face
179609,17,480,325,5.9,1,179609,45,Desenho,Raiva,3809,Exposicao_Face
179625,17,519,320,5.79,1,179625,45,Desenho,Raiva,3825,Exposicao_Face
179642,17,478,337,5.84,1,179642,45,Desenho,Raiva,3842,Exposicao_Face
179659,17,505,314,5.82,1,179659,45,Desenho,Raiva,3859,Exposicao_Face
179675,17,500,326,5.84,1,179675,45,Desenho,Raiva,3875,Exposicao_Face
179692,17,509,327,5.87,1,179692,45,Desenho,Raiva,3892,Exposicao_Face
179708,17,515,318,5.87,1,179708,45,Desenho,Raiva,3908,Exposicao_Face
179725,17,509,313,5.81,1,179725,45,Desenho,Raiva,3925,Exposicao_Face
179742,17,475,324,5.84,1,179742,45,Desenho,Raiva,3942,Exposicao_Face
179758,17,506,315,5.89,1,179758,45,Desenho,Raiva,3958,Exposicao_Face
179775,17,503,313,5.84,1,179775,45,Desenho,Raiva,3975,Exposicao_Face
179792,17,493,323,5.86,1,179792,45,Desenho,Raiva,3992,Exposicao_Face
179808,17,516,307,5.9,1,179808,46,Desenho,Feliz,8,Janela_Baseline
179825,17,492,321,5.89,1,179825,46,Desenho,Feliz,25,Janela_Baseline
179842,17,492,314,5.82,1,179842,46,Desenho,Feliz,42,Janela_Baseline
179858,17,507,317,5.79,1,179858,46,Desenho,Feliz,58,Janela_Baseline
179875,17,500,328,5.79,1,179875,46,Desenho,Feliz,75,Janela_Baseline
179891,17,482,331,5.79,1,179891,46,Desenho,Feliz,91,Janela_Baseline
179908,17,496,309,5.78,1,179908,46,Desenho,Feliz,108,Janela_Baseline
179925,17,500,343,5.81,1,179925,46,Desenho,Feliz,125,Janela_Baseline
179941,17,492,324,5.76,1,179941,46,Desenho,Feliz,141,Janela_Baseline
179958,17,501,333,5.73,1,179958,46,Desenho,Feliz,158,Janela_Baseline
179975,17,515,316,5.65,1,179975,46,Desenho,Feliz,175,Janela_Baseline
179991,17,508,335,5.69,1,179991,46,Desenho,Feliz,191,Janela_Baseline
180008,17,517,345,5.68,1,180008,46,Desenho,Feliz,208,Janela_Baseline
180025,17,524,350,5.65,1,180025,46,Desenho,Feliz,225,Janela_Baseline
180041,17,527,348,5.6,1,180041,46,Desenho,Feliz,241,Janela_Baseline
180058,17,528,323,5.58,1,180058,46,Desenho,Feliz,258,Janela_Baseline
180074,17,527,336,5.55,1,180074,46,Desenho,Feliz,274,Janela_Baseline
180091,17,538,354,5.6,1,180091,46,Desenho,Feliz,291,Janela_Baseline
180108,17,538,340,5.52,1,180108,46,Desenho,Feliz,308,Janela_Baseline
180124,17,531,348,5.47,1,180124,46,Desenho,Feliz,324,Janela_Baseline
180141,17,543,351,5.49,1,180141,46,Desenho,Feliz,341,Janela_Baseline
180158,17,507,342,5.47,1,180158,46,Desenho,Feliz,358,Janela_Baseline
180174,17,529,330,5.5,1,180174,46,Desenho,Feliz,374,Janela_Baseline
180191,17,528,352,5.52,1,180191,46,Desenho,Feliz,391,Janela_Baseline
180207,17,508,344,5.45,1,180207,46,Desenho,Feliz,407,Janela_Baseline
180224,17,509,341,5.41,1,180224,46,Desenho,Feliz,424,Janela_Baseline
180241,17,517,319,5.41,1,180241,46,Desenho,Feliz,441,Janela_Baseline
180257,17,480,791,5.45,0,180257,46,Desenho,Feliz,457,Janela_Baseline
180557,299,537,983,0.0,0,180557,46,Desenho,Feliz,757,Janela_Baseline
180573,17,525,912,0.0,0,180573,46,Desenho,Feliz,773,Janela_Baseline
180590,17,390,518,-1.0,3,180590,46,Desenho,Feliz,790,Janela_Baseline
180607,17,483,533,5.57,3,180607,46,Desenho,Feliz,807,Janela_Baseline
180623,17,491,471,5.52,3,180623,46,Desenho,Feliz,823,Janela_Baseline
180640,17,499,468,5.5,3,180640,46,Desenho,Feliz,840,Janela_Baseline
180657,17,512,413,5.52,5,180657,46,Desenho,Feliz,857,Janela_Baseline
180673,17,514,415,5.47,3,180673,46,Desenho,Feliz,873,Janela_Baseline
180690,17,523,379,5.49,2,180690,46,Desenho,Feliz,890,Janela_Baseline
180707,17,517,353,5.44,1,180707,46,Desenho,Feliz,907,Janela_Baseline
180723,17,530,328,5.55,1,180723,46,Desenho,Feliz,923,Janela_Baseline
180740,17,519,340,5.53,1,180740,46,Desenho,Feliz,940,Janela_Baseline
180756,17,512,344,5.55,1,180756,46,Desenho,Feliz,956,Janela_Baseline
180773,17,528,373,5.53,2,180773,46,Desenho,Feliz,973,Janela_Baseline
180790,17,523,304,5.47,1,180790,46,Desenho,Feliz,990,Janela_Baseline
180806,17,538,275,5.52,1,180806,46,Desenho,Feliz,1006,Janela_Baseline
180823,17,518,263,5.53,1,180823,46,Desenho,Feliz,1023,Janela_Baseline
180840,17,519,293,5.52,1,180840,46,Desenho,Feliz,1040,Janela_Baseline
180856,17,520,240,5.53,1,180856,46,Desenho,Feliz,1056,Janela_Baseline
180873,17,514,301,5.5,1,180873,46,Desenho,Feliz,1073,Janela_Baseline
180890,17,519,307,5.42,1,180890,46,Desenho,Feliz,1090,Janela_Baseline
180906,17,551,270,5.44,1,180906,46,Desenho,Feliz,1106,Janela_Baseline
180923,17,538,273,5.41,1,180923,46,Desenho,Feliz,1123,Janela_Baseline
180939,17,542,320,5.39,1,180939,46,Desenho,Feliz,1139,Janela_Baseline
180956,17,526,335,5.37,1,180956,46,Desenho,Feliz,1156,Janela_Baseline
180973,17,521,352,5.39,1,180973,46,Desenho,Feliz,1173,Janela_Baseline
180989,17,524,356,5.39,1,180989,46,Desenho,Feliz,1189,Janela_Baseline
181006,17,530,356,5.37,1,181006,46,Desenho,Feliz,1206,Janela_Baseline
181023,17,517,363,5.39,0,181023,46,Desenho,Feliz,1223,Janela_Baseline
181039,17,528,343,5.33,1,181039,46,Desenho,Feliz,1239,Janela_Baseline
181056,17,525,350,5.34,1,181056,46,Desenho,Feliz,1256,Janela_Baseline
181073,17,507,351,5.29,1,181073,46,Desenho,Feliz,1273,Janela_Baseline
181089,17,516,390,5.37,2,181089,46,Desenho,Feliz,1289,Janela_Baseline
181106,17,523,379,5.31,2,181106,46,Desenho,Feliz,1306,Exposicao_Face
181122,17,521,367,5.33,2,181122,46,Desenho,Feliz,1322,Exposicao_Face
181139,17,522,368,5.28,2,181139,46,Desenho,Feliz,1339,Exposicao_Face
181156,17,522,353,5.28,1,181156,46,Desenho,Feliz,1356,Exposicao_Face
181172,17,519,372,5.28,2,181172,46,Desenho,Feliz,1372,Exposicao_Face
181189,17,527,354,5.28,1,181189,46,Desenho,Feliz,1389,Exposicao_Face
181206,17,520,385,5.33,2,181206,46,Desenho,Feliz,1406,Exposicao_Face
181222,17,498,369,5.26,2,181222,46,Desenho,Feliz,1422,Exposicao_Face
181239,17,519,357,5.29,1,181239,46,Desenho,Feliz,1439,Exposicao_Face
181255,17,510,382,5.31,2,181255,46,Desenho,Feliz,1455,Exposicao_Face
181272,17,519,400,5.42,2,181272,46,Desenho,Feliz,1472,Exposicao_Face
181289,17,505,391,5.39,2,181289,46,Desenho,Feliz,1489,Exposicao_Face
181305,17,498,391,5.34,2,181305,46,Desenho,Feliz,1505,Exposicao_Face
181322,17,507,384,5.34,2,181322,46,Desenho,Feliz,1522,Exposicao_Face
181339,17,511,389,5.37,2,181339,46,Desenho,Feliz,1539,Exposicao_Face
181355,17,513,381,5.34,2,181355,46,Desenho,Feliz,1555,Exposicao_Face
181372,17,516,379,5.41,2,181372,46,Desenho,Feliz,1572,Exposicao_Face
181389,17,524,378,5.37,2,181389,46,Desenho,Feliz,1589,Exposicao_Face
181405,17,493,378,5.37,2,181405,46,Desenho,Feliz,1605,Exposicao_Face
181422,17,499,373,5.37,2,181422,46,Desenho,Feliz,1622,Exposicao_Face
181438,17,503,389,5.39,2,181438,46,Desenho,Feliz,1638,Exposicao_Face
181455,17,524,369,5.39,2,181455,46,Desenho,Feliz,1655,Exposicao_Face
181472,17,517,376,5.39,2,181472,46,Desenho,Feliz,1672,Exposicao_Face
181488,17,520,366,5.39,2,181488,46,Desenho,Feliz,1688,Exposicao_Face
181505,17,515,369,5.42,2,181505,46,Desenho,Feliz,1705,Exposicao_Face
181522,17,520,355,5.41,1,181522,46,Desenho,Feliz,1722,Exposicao_Face
181538,17,511,369,5.39,2,181538,46,Desenho,Feliz,1738,Exposicao_Face
181555,17,507,357,5.44,1,181555,46,Desenho,Feliz,1755,Exposicao_Face
181572,17,512,381,5.45,2,181572,46,Desenho,Feliz,1772,Exposicao_Face
181588,17,511,362,5.45,1,181588,46,Desenho,Feliz,1788,Exposicao_Face
181605,17,522,373,5.47,2,181605,46,Desenho,Feliz,1805,Exposicao_Face
181621,17,520,371,5.42,2,181621,46,Desenho,Feliz,1821,Exposicao_Face
181638,17,525,354,5.47,1,181638,46,Desenho,Feliz,1838,Exposicao_Face
181655,17,442,372,5.57,2,181655,46,Desenho,Feliz,1855,Exposicao_Face
181671,17,419,354,5.52,1,181671,46,Desenho,Feliz,1871,Exposicao_Face
181688,17,466,353,5.53,1,181688,46,Desenho,Feliz,1888,Exposicao_Face
181705,17,454,357,5.5,1,181705,46,Desenho,Feliz,1905,Exposicao_Face
181721,17,427,362,5.5,1,181721,46,Desenho,Feliz,1921,Exposicao_Face
181738,17,429,353,5.6,1,181738,46,Desenho,Feliz,1938,Exposicao_Face
181755,17,448,371,5.55,2,181755,46,Desenho,Feliz,1955,Exposicao_Face
181771,17,448,369,5.58,2,181771,46,Desenho,Feliz,1971,Exposicao_Face
181788,17,429,361,5.55,1,181788,46,Desenho,Feliz,1988,Exposicao_Face
181804,17,428,356,5.53,1,181804,46,Desenho,Feliz,2004,Exposicao_Face
181821,17,426,347,5.53,1,181821,46,Desenho,Feliz,2021,Exposicao_Face
181838,17,428,329,5.55,1,181838,46,Desenho,Feliz,2038,Exposicao_Face
181854,17,426,347,5.65,1,181854,46,Desenho,Feliz,2054,Exposicao_Face
181871,17,446,338,5.57,1,181871,46,Desenho,Feliz,2071,Exposicao_Face
181888,17,430,368,5.6,2,181888,46,Desenho,Feliz,2088,Exposicao_Face
181904,17,445,367,5.63,2,181904,46,Desenho,Feliz,2104,Exposicao_Face
181921,17,459,359,5.65,1,181921,46,Desenho,Feliz,2121,Exposicao_Face
181938,17,461,368,5.65,2,181938,46,Desenho,Feliz,2138,Exposicao_Face
181954,17,441,363,5.65,0,181954,46,Desenho,Feliz,2154,Exposicao_Face
181971,17,451,348,5.63,1,181971,46,Desenho,Feliz,2171,Exposicao_Face
181987,17,457,345,5.61,1,181987,46,Desenho,Feliz,2187,Exposicao_Face
182004,17,461,372,5.66,2,182004,46,Desenho,Feliz,2204,Exposicao_Face
182021,17,421,367,5.63,2,182021,46,Desenho,Feliz,2221,Exposicao_Face
182037,17,505,373,5.66,2,182037,46,Desenho,Feliz,2237,Exposicao_Face
182054,17,510,388,5.58,2,182054,46,Desenho,Feliz,2254,Exposicao_Face
182071,17,514,378,5.58,2,182071,46,Desenho,Feliz,2271,Exposicao_Face
182087,17,529,379,5.58,2,182087,46,Desenho,Feliz,2287,Exposicao_Face
182104,17,517,365,5.53,2,182104,46,Desenho,Feliz,2304,Exposicao_Face
182121,17,517,348,5.53,1,182121,46,Desenho,Feliz,2321,Exposicao_Face
182137,17,531,350,5.57,1,182137,46,Desenho,Feliz,2337,Exposicao_Face
182154,17,510,371,5.58,2,182154,46,Desenho,Feliz,2354,Exposicao_Face
182170,17,524,402,5.58,2,182170,46,Desenho,Feliz,2370,Exposicao_Face
182187,17,516,400,5.6,2,182187,46,Desenho,Feliz,2387,Exposicao_Face
182204,17,509,394,5.58,2,182204,46,Desenho,Feliz,2404,Exposicao_Face
182220,17,514,371,5.57,2,182220,46,Desenho,Feliz,2420,Exposicao_Face
182270,50,523,386,5.55,2,182270,46,Desenho,Feliz,2470,Exposicao_Face
182287,17,517,363,5.57,0,182287,46,Desenho,Feliz,2487,Exposicao_Face
182304,17,521,376,5.53,2,182304,46,Desenho,Feliz,2504,Exposicao_Face
182320,17,517,384,5.53,2,182320,46,Desenho,Feliz,2520,Exposicao_Face
182337,17,508,405,5.52,2,182337,46,Desenho,Feliz,2537,Exposicao_Face
182586,250,587,1077,0.0,0,182586,46,Desenho,Feliz,2786,Exposicao_Face
182603,17,626,968,0.0,0,182603,46,Desenho,Feliz,2803,Exposicao_Face
182620,17,559,571,5.47,3,182620,46,Desenho,Feliz,2820,Exposicao_Face
182636,17,559,483,5.47,3,182636,46,Desenho,Feliz,2836,Exposicao_Face
182653,17,564,413,5.47,5,182653,46,Desenho,Feliz,2853,Exposicao_Face
182669,17,582,388,5.45,2,182669,46,Desenho,Feliz,2869,Exposicao_Face
182686,17,582,317,5.47,1,182686,46,Desenho,Feliz,2886,Exposicao_Face
182703,17,591,321,5.44,1,182703,46,Desenho,Feliz,2903,Exposicao_Face
182719,17,574,251,5.44,1,182719,46,Desenho,Feliz,2919,Exposicao_Face
182736,17,575,263,5.41,1,182736,46,Desenho,Feliz,2936,Exposicao_Face
182753,17,580,261,5.42,1,182753,46,Desenho,Feliz,2953,Exposicao_Face
182769,17,576,236,5.41,1,182769,46,Desenho,Feliz,2969,Exposicao_Face
182786,17,582,299,5.45,1,182786,46,Desenho,Feliz,2986,Exposicao_Face
182803,17,581,265,5.44,1,182803,46,Desenho,Feliz,3003,Exposicao_Face
182819,17,582,302,5.39,1,182819,46,Desenho,Feliz,3019,Exposicao_Face
182836,17,605,306,5.39,1,182836,46,Desenho,Feliz,3036,Exposicao_Face
182852,17,601,291,5.44,1,182852,46,Desenho,Feliz,3052,Exposicao_Face
182869,17,596,339,5.41,1,182869,46,Desenho,Feliz,3069,Exposicao_Face
182886,17,603,329,5.39,1,182886,46,Desenho,Feliz,3086,Exposicao_Face
182902,17,608,354,5.41,1,182902,46,Desenho,Feliz,3102,Exposicao_Face
182919,17,603,357,5.39,1,182919,46,Desenho,Feliz,3119,Exposicao_Face
182936,17,604,367,5.39,2,182936,46,Desenho,Feliz,3136,Exposicao_Face
182952,17,607,384,5.41,2,182952,46,Desenho,Feliz,3152,Exposicao_Face
182969,17,581,368,5.37,2,182969,46,Desenho,Feliz,3169,Exposicao_Face
182986,17,596,348,5.34,1,182986,46,Desenho,Feliz,3186,Exposicao_Face
183002,17,590,371,5.34,2,183002,46,Desenho,Feliz,3202,Exposicao_Face
183019,17,588,378,5.34,2,183019,46,Desenho,Feliz,3219,Exposicao_Face
183035,17,601,362,5.26,1,183035,46,Desenho,Feliz,3235,Exposicao_Face
183052,17,605,337,5.29,1,183052,46,Desenho,Feliz,3252,Exposicao_Face
183069,17,597,366,5.31,2,183069,46,Desenho,Feliz,3269,Exposicao_Face
183085,17,596,394,5.31,2,183085,46,Desenho,Feliz,3285,Exposicao_Face
183102,17,595,383,5.23,2,183102,46,Desenho,Feliz,3302,Exposicao_Face
183119,17,595,378,5.26,2,183119,46,Desenho,Feliz,3319,Exposicao_Face
183135,17,558,367,5.21,2,183135,46,Desenho,Feliz,3335,Exposicao_Face
183152,17,476,350,5.15,1,183152,46,Desenho,Feliz,3352,Exposicao_Face
183169,17,454,353,5.15,1,183169,46,Desenho,Feliz,3369,Exposicao_Face
183185,17,454,361,5.25,1,183185,46,Desenho,Feliz,3385,Exposicao_Face
183202,17,468,313,5.12,1,183202,46,Desenho,Feliz,3402,Exposicao_Face
183218,17,458,337,5.13,1,183218,46,Desenho,Feliz,3418,Exposicao_Face
183235,17,459,331,5.12,1,183235,46,Desenho,Feliz,3435,Exposicao_Face
183252,17,450,332,5.13,1,183252,46,Desenho,Feliz,3452,Exposicao_Face
183268,17,469,353,5.13,1,183268,46,Desenho,Feliz,3468,Exposicao_Face
183285,17,438,350,5.09,1,183285,46,Desenho,Feliz,3485,Exposicao_Face
183302,17,459,351,5.1,1,183302,46,Desenho,Feliz,3502,Exposicao_Face
183318,17,468,339,5.05,1,183318,46,Desenho,Feliz,3518,Exposicao_Face
183335,17,460,334,5.04,1,183335,46,Desenho,Feliz,3535,Exposicao_Face
183352,17,464,354,5.12,1,183352,46,Desenho,Feliz,3552,Exposicao_Face
183368,17,445,357,5.09,1,183368,46,Desenho,Feliz,3568,Exposicao_Face
183385,17,464,341,5.02,1,183385,46,Desenho,Feliz,3585,Exposicao_Face
183401,17,468,353,5.07,1,183401,46,Desenho,Feliz,3601,Exposicao_Face
183418,17,442,636,5.13,3,183418,46,Desenho,Feliz,3618,Exposicao_Face
183701,283,478,451,-1.0,3,183701,46,Desenho,Feliz,3901,Exposicao_Face
183717,17,482,231,-1.0,1,183717,46,Desenho,Feliz,3917,Exposicao_Face
183751,33,524,998,0.0,0,183751,46,Desenho,Feliz,3951,Exposicao_Face
183767,17,492,577,5.15,3,183767,46,Desenho,Feliz,3967,Exposicao_Face
183784,17,492,521,5.23,3,183784,46,Desenho,Feliz,3984,Exposicao_Face
183801,17,506,475,5.26,3,183801,47,Desenho,Neutro,1,Janela_Baseline
183817,17,477,445,5.23,3,183817,47,Desenho,Neutro,17,Janela_Baseline
183834,17,498,428,5.26,3,183834,47,Desenho,Neutro,34,Janela_Baseline
183851,17,502,402,5.28,2,183851,47,Desenho,Neutro,51,Janela_Baseline
183867,17,503,378,5.29,2,183867,47,Desenho,Neutro,67,Janela_Baseline
183884,17,511,350,5.26,1,183884,47,Desenho,Neutro,84,Janela_Baseline
183900,17,500,318,5.25,1,183900,47,Desenho,Neutro,100,Janela_Baseline
183917,17,492,348,5.31,1,183917,47,Desenho,Neutro,117,Janela_Baseline
183934,17,495,313,5.29,1,183934,47,Desenho,Neutro,134,Janela_Baseline
183950,17,512,353,5.31,1,183950,47,Desenho,Neutro,150,Janela_Baseline
183967,17,498,315,5.37,1,183967,47,Desenho,Neutro,167,Janela_Baseline
183984,17,529,329,5.36,1,183984,47,Desenho,Neutro,184,Janela_Baseline
184000,17,501,391,5.36,2,184000,47,Desenho,Neutro,200,Janela_Baseline
184017,17,507,389,5.31,2,184017,47,Desenho,Neutro,217,Janela_Baseline
184034,17,509,395,5.29,2,184034,47,Desenho,Neutro,234,Janela_Baseline
184050,17,505,400,5.29,2,184050,47,Desenho,Neutro,250,Janela_Baseline
184067,17,506,407,5.31,2,184067,47,Desenho,Neutro,267,Janela_Baseline
184083,17,510,410,5.29,2,184083,47,Desenho,Neutro,283,Janela_Baseline
184100,17,505,419,5.25,3,184100,47,Desenho,Neutro,300,Janela_Baseline
184117,17,504,442,5.31,3,184117,47,Desenho,Neutro,317,Janela_Baseline
184133,17,499,432,5.26,3,184133,47,Desenho,Neutro,333,Janela_Baseline
184150,17,506,459,5.26,3,184150,47,Desenho,Neutro,350,Janela_Baseline
184167,17,502,447,5.25,3,184167,47,Desenho,Neutro,367,Janela_Baseline
184183,17,498,419,5.13,3,184183,47,Desenho,Neutro,383,Janela_Baseline
184200,17,503,431,5.15,3,184200,47,Desenho,Neutro,400,Janela_Baseline
184217,17,504,431,5.13,3,184217,47,Desenho,Neutro,417,Janela_Baseline
184233,17,509,415,5.13,3,184233,47,Desenho,Neutro,433,Janela_Baseline
184250,17,509,413,5.1,5,184250,47,Desenho,Neutro,450,Janela_Baseline
184266,17,508,400,5.09,2,184266,47,Desenho,Neutro,466,Janela_Baseline
184283,17,503,434,5.09,3,184283,47,Desenho,Neutro,483,Janela_Baseline
184300,17,512,434,5.12,3,184300,47,Desenho,Neutro,500,Janela_Baseline
184316,17,510,433,5.09,3,184316,47,Desenho,Neutro,516,Janela_Baseline
184333,17,505,420,5.05,3,184333,47,Desenho,Neutro,533,Janela_Baseline
184350,17,507,405,5.07,2,184350,47,Desenho,Neutro,550,Janela_Baseline
184366,17,512,423,5.01,3,184366,47,Desenho,Neutro,566,Janela_Baseline
184383,17,494,430,5.01,3,184383,47,Desenho,Neutro,583,Janela_Baseline
184400,17,527,400,5.01,2,184400,47,Desenho,Neutro,600,Janela_Baseline
184416,17,548,393,5.04,2,184416,47,Desenho,Neutro,616,Janela_Baseline
184433,17,546,390,5.07,2,184433,47,Desenho,Neutro,633,Janela_Baseline
184449,17,546,360,5.04,1,184449,47,Desenho,Neutro,649,Janela_Baseline
184466,17,552,374,5.05,2,184466,47,Desenho,Neutro,666,Janela_Baseline
184483,17,536,381,5.05,2,184483,47,Desenho,Neutro,683,Janela_Baseline
184499,17,545,361,5.04,1,184499,47,Desenho,Neutro,699,Janela_Baseline
184516,17,548,388,5.04,2,184516,47,Desenho,Neutro,716,Janela_Baseline
184533,17,547,394,5.1,2,184533,47,Desenho,Neutro,733,Janela_Baseline
184549,17,545,389,5.07,2,184549,47,Desenho,Neutro,749,Janela_Baseline
184566,17,542,384,5.1,2,184566,47,Desenho,Neutro,766,Janela_Baseline
184583,17,546,370,5.02,2,184583,47,Desenho,Neutro,783,Janela_Baseline
184599,17,547,386,5.02,2,184599,47,Desenho,Neutro,799,Janela_Baseline
184616,17,544,388,5.1,2,184616,47,Desenho,Neutro,816,Janela_Baseline
184632,17,545,390,5.09,2,184632,47,Desenho,Neutro,832,Janela_Baseline
184649,17,548,374,5.09,2,184649,47,Desenho,Neutro,849,Janela_Baseline
184666,17,544,371,5.12,2,184666,47,Desenho,Neutro,866,Janela_Baseline
184682,17,546,363,5.1,2,184682,47,Desenho,Neutro,882,Janela_Baseline
184699,17,542,351,5.09,1,184699,47,Desenho,Neutro,899,Janela_Baseline
184716,17,543,352,5.09,1,184716,47,Desenho,Neutro,916,Janela_Baseline
184732,17,543,362,5.1,1,184732,47,Desenho,Neutro,932,Janela_Baseline
184749,17,548,379,5.13,2,184749,47,Desenho,Neutro,949,Janela_Baseline
184765,17,544,375,5.13,2,184765,47,Desenho,Neutro,965,Janela_Baseline
184782,17,543,374,5.13,2,184782,47,Desenho,Neutro,982,Janela_Baseline
184799,17,541,357,5.13,1,184799,47,Desenho,Neutro,999,Janela_Baseline
184815,17,540,381,5.13,2,184815,47,Desenho,Neutro,1015,Janela_Baseline
184832,17,543,368,5.13,2,184832,47,Desenho,Neutro,1032,Janela_Baseline
184849,17,545,368,5.13,2,184849,47,Desenho,Neutro,1049,Janela_Baseline
184865,17,545,366,5.12,2,184865,47,Desenho,Neutro,1065,Janela_Baseline
184882,17,547,358,5.07,1,184882,47,Desenho,Neutro,1082,Janela_Baseline
184899,17,546,349,5.05,1,184899,47,Desenho,Neutro,1099,Janela_Baseline
184915,17,545,361,5.07,1,184915,47,Desenho,Neutro,1115,Janela_Baseline
184932,17,545,373,5.12,2,184932,47,Desenho,Neutro,1132,Janela_Baseline
184948,17,542,379,5.13,2,184948,47,Desenho,Neutro,1148,Janela_Baseline
184965,17,539,366,5.1,2,184965,47,Desenho,Neutro,1165,Janela_Baseline
184982,17,543,372,5.15,2,184982,47,Desenho,Neutro,1182,Janela_Baseline
184998,17,541,367,5.15,2,184998,47,Desenho,Neutro,1198,Janela_Baseline
185015,17,531,396,5.23,2,185015,47,Desenho,Neutro,1215,Janela_Baseline
185032,17,467,347,5.15,1,185032,47,Desenho,Neutro,1232,Janela_Baseline
185048,17,454,349,5.13,1,185048,47,Desenho,Neutro,1248,Janela_Baseline
185065,17,456,331,5.13,1,185065,47,Desenho,Neutro,1265,Janela_Baseline
185082,17,453,355,5.15,1,185082,47,Desenho,Neutro,1282,Janela_Baseline
185098,17,453,333,5.13,1,185098,47,Desenho,Neutro,1298,Janela_Baseline
185115,17,464,325,5.15,1,185115,47,Desenho,Neutro,1315,Exposicao_Face
185131,17,460,344,5.17,1,185131,47,Desenho,Neutro,1331,Exposicao_Face
185148,17,459,351,5.25,1,185148,47,Desenho,Neutro,1348,Exposicao_Face
185165,17,446,345,5.26,1,185165,47,Desenho,Neutro,1365,Exposicao_Face
185181,17,451,331,5.25,1,185181,47,Desenho,Neutro,1381,Exposicao_Face
185198,17,457,327,5.28,1,185198,47,Desenho,Neutro,1398,Exposicao_Face
185215,17,456,338,5.26,1,185215,47,Desenho,Neutro,1415,Exposicao_Face
185231,17,448,311,5.25,1,185231,47,Desenho,Neutro,1431,Exposicao_Face
185248,17,461,338,5.34,1,185248,47,Desenho,Neutro,1448,Exposicao_Face
185265,17,479,351,5.36,1,185265,47,Desenho,Neutro,1465,Exposicao_Face
185281,17,443,364,5.36,2,185281,47,Desenho,Neutro,1481,Exposicao_Face
185298,17,462,339,5.37,1,185298,47,Desenho,Neutro,1498,Exposicao_Face
185314,17,456,338,5.34,1,185314,47,Desenho,Neutro,1514,Exposicao_Face
185331,17,457,338,5.34,1,185331,47,Desenho,Neutro,1531,Exposicao_Face
185348,17,463,335,5.34,1,185348,47,Desenho,Neutro,1548,Exposicao_Face
185364,17,472,334,5.36,1,185364,47,Desenho,Neutro,1564,Exposicao_Face
185381,17,452,344,5.42,1,185381,47,Desenho,Neutro,1581,Exposicao_Face
185398,17,482,315,5.37,1,185398,47,Desenho,Neutro,1598,Exposicao_Face
185414,17,467,353,5.42,1,185414,47,Desenho,Neutro,1614,Exposicao_Face
185431,17,466,340,5.39,1,185431,47,Desenho,Neutro,1631,Exposicao_Face
185448,17,471,346,5.44,1,185448,47,Desenho,Neutro,1648,Exposicao_Face
185464,17,464,345,5.45,1,185464,47,Desenho,Neutro,1664,Exposicao_Face
185481,17,461,343,5.47,1,185481,47,Desenho,Neutro,1681,Exposicao_Face
185497,17,411,348,5.47,1,185497,47,Desenho,Neutro,1697,Exposicao_Face
185514,17,462,357,5.53,1,185514,47,Desenho,Neutro,1714,Exposicao_Face
185531,17,424,361,5.52,1,185531,47,Desenho,Neutro,1731,Exposicao_Face
185547,17,468,345,5.49,1,185547,47,Desenho,Neutro,1747,Exposicao_Face
185564,17,465,367,5.53,2,185564,47,Desenho,Neutro,1764,Exposicao_Face
185581,17,472,362,5.55,1,185581,47,Desenho,Neutro,1781,Exposicao_Face
185597,17,469,364,5.58,2,185597,47,Desenho,Neutro,1797,Exposicao_Face
185614,17,465,348,5.58,1,185614,47,Desenho,Neutro,1814,Exposicao_Face
185631,17,442,364,5.55,2,185631,47,Desenho,Neutro,1831,Exposicao_Face
185647,17,487,336,5.55,1,185647,47,Desenho,Neutro,1847,Exposicao_Face
185664,17,496,363,5.61,2,185664,47,Desenho,Neutro,1864,Exposicao_Face
185680,17,513,332,5.6,1,185680,47,Desenho,Neutro,1880,Exposicao_Face
185697,17,530,339,5.65,1,185697,47,Desenho,Neutro,1897,Exposicao_Face
185714,17,511,349,5.65,1,185714,47,Desenho,Neutro,1914,Exposicao_Face
185730,17,522,340,5.6,1,185730,47,Desenho,Neutro,1930,Exposicao_Face
185747,17,520,338,5.65,1,185747,47,Desenho,Neutro,1947,Exposicao_Face
185764,17,533,344,5.65,1,185764,47,Desenho,Neutro,1964,Exposicao_Face
185780,17,502,345,5.63,1,185780,47,Desenho,Neutro,1980,Exposicao_Face
185797,17,508,357,5.68,1,185797,47,Desenho,Neutro,1997,Exposicao_Face
185813,17,512,349,5.61,1,185813,47,Desenho,Neutro,2013,Exposicao_Face
185830,17,512,336,5.61,1,185830,47,Desenho,Neutro,2030,Exposicao_Face
185847,17,509,343,5.65,1,185847,47,Desenho,Neutro,2047,Exposicao_Face
185863,17,515,347,5.68,1,185863,47,Desenho,Neutro,2063,Exposicao_Face
185880,17,508,344,5.68,1,185880,47,Desenho,Neutro,2080,Exposicao_Face
185897,17,507,338,5.66,1,185897,47,Desenho,Neutro,2097,Exposicao_Face
185913,17,507,352,5.69,1,185913,47,Desenho,Neutro,2113,Exposicao_Face
185930,17,513,380,5.78,2,185930,47,Desenho,Neutro,2130,Exposicao_Face
185947,17,506,368,5.76,2,185947,47,Desenho,Neutro,2147,Exposicao_Face
185963,17,503,355,5.71,1,185963,47,Desenho,Neutro,2163,Exposicao_Face
185980,17,508,332,5.78,1,185980,47,Desenho,Neutro,2180,Exposicao_Face
185996,17,507,378,5.74,2,185996,47,Desenho,Neutro,2196,Exposicao_Face
186013,17,504,360,5.74,1,186013,47,Desenho,Neutro,2213,Exposicao_Face
186030,17,507,363,5.76,2,186030,47,Desenho,Neutro,2230,Exposicao_Face
186046,17,474,348,5.78,1,186046,47,Desenho,Neutro,2246,Exposicao_Face
186063,17,463,365,5.78,2,186063,47,Desenho,Neutro,2263,Exposicao_Face
186080,17,476,381,5.78,2,186080,47,Desenho,Neutro,2280,Exposicao_Face
186096,17,476,358,5.78,1,186096,47,Desenho,Neutro,2296,Exposicao_Face
186113,17,465,367,5.78,2,186113,47,Desenho,Neutro,2313,Exposicao_Face
186130,17,469,357,5.79,1,186130,47,Desenho,Neutro,2330,Exposicao_Face
186146,17,493,354,5.78,1,186146,47,Desenho,Neutro,2346,Exposicao_Face
186163,17,461,364,5.78,2,186163,47,Desenho,Neutro,2363,Exposicao_Face
186179,17,480,367,5.82,2,186179,47,Desenho,Neutro,2379,Exposicao_Face
186196,17,473,363,5.82,2,186196,47,Desenho,Neutro,2396,Exposicao_Face
186213,17,475,343,5.81,1,186213,47,Desenho,Neutro,2413,Exposicao_Face
186229,17,473,347,5.78,1,186229,47,Desenho,Neutro,2429,Exposicao_Face
186246,17,470,364,5.78,2,186246,47,Desenho,Neutro,2446,Exposicao_Face
186263,17,470,359,5.79,1,186263,47,Desenho,Neutro,2463,Exposicao_Face
186279,17,506,334,5.78,1,186279,47,Desenho,Neutro,2479,Exposicao_Face
186296,17,475,344,5.73,1,186296,47,Desenho,Neutro,2496,Exposicao_Face
186313,17,471,343,5.69,1,186313,47,Desenho,Neutro,2513,Exposicao_Face
186329,17,493,335,5.73,1,186329,47,Desenho,Neutro,2529,Exposicao_Face
186379,50,474,366,5.78,2,186379,47,Desenho,Neutro,2579,Exposicao_Face
186379,0,474,366,5.78,2,186379,47,Desenho,Neutro,2579,Exposicao_Face
186396,17,474,365,5.78,2,186396,47,Desenho,Neutro,2596,Exposicao_Face
186412,17,477,363,5.78,2,186412,47,Desenho,Neutro,2612,Exposicao_Face
186429,17,492,367,5.81,2,186429,47,Desenho,Neutro,2629,Exposicao_Face
186446,17,492,374,5.81,2,186446,47,Desenho,Neutro,2646,Exposicao_Face
186462,17,480,373,5.81,2,186462,47,Desenho,Neutro,2662,Exposicao_Face
186479,17,482,371,5.79,2,186479,47,Desenho,Neutro,2679,Exposicao_Face
186496,17,484,369,5.82,2,186496,47,Desenho,Neutro,2696,Exposicao_Face
186512,17,518,376,5.87,2,186512,47,Desenho,Neutro,2712,Exposicao_Face
186529,17,550,380,5.81,2,186529,47,Desenho,Neutro,2729,Exposicao_Face
186545,17,516,375,5.82,2,186545,47,Desenho,Neutro,2745,Exposicao_Face
186562,17,559,348,5.82,1,186562,47,Desenho,Neutro,2762,Exposicao_Face
186579,17,535,369,5.87,2,186579,47,Desenho,Neutro,2779,Exposicao_Face
186595,17,536,362,5.89,1,186595,47,Desenho,Neutro,2795,Exposicao_Face
186612,17,536,347,5.82,1,186612,47,Desenho,Neutro,2812,Exposicao_Face
186629,17,533,396,5.89,2,186629,47,Desenho,Neutro,2829,Exposicao_Face
186645,17,535,374,5.82,2,186645,47,Desenho,Neutro,2845,Exposicao_Face
186662,17,544,375,5.89,2,186662,47,Desenho,Neutro,2862,Exposicao_Face
186679,17,534,373,5.94,2,186679,47,Desenho,Neutro,2879,Exposicao_Face
186695,17,539,373,5.89,2,186695,47,Desenho,Neutro,2895,Exposicao_Face
186712,17,518,353,5.9,1,186712,47,Desenho,Neutro,2912,Exposicao_Face
186728,17,516,364,5.86,2,186728,47,Desenho,Neutro,2928,Exposicao_Face
186745,17,528,348,5.79,1,186745,47,Desenho,Neutro,2945,Exposicao_Face
186762,17,531,370,5.79,2,186762,47,Desenho,Neutro,2962,Exposicao_Face
186778,17,533,375,5.84,2,186778,47,Desenho,Neutro,2978,Exposicao_Face
186795,17,531,363,5.9,2,186795,47,Desenho,Neutro,2995,Exposicao_Face
186812,17,535,329,5.87,1,186812,47,Desenho,Neutro,3012,Exposicao_Face
186828,17,536,337,5.84,1,186828,47,Desenho,Neutro,3028,Exposicao_Face
186845,17,531,336,5.86,1,186845,47,Desenho,Neutro,3045,Exposicao_Face
186862,17,548,336,5.84,1,186862,47,Desenho,Neutro,3062,Exposicao_Face
186878,17,530,353,5.86,1,186878,47,Desenho,Neutro,3078,Exposicao_Face
186895,17,530,376,5.9,2,186895,47,Desenho,Neutro,3095,Exposicao_Face
186911,17,527,376,5.89,2,186911,47,Desenho,Neutro,3111,Exposicao_Face
186928,17,536,377,5.87,2,186928,47,Desenho,Neutro,3128,Exposicao_Face
186945,17,533,334,5.86,1,186945,47,Desenho,Neutro,3145,Exposicao_Face
186961,17,527,349,5.79,1,186961,47,Desenho,Neutro,3161,Exposicao_Face
186978,17,511,339,5.82,1,186978,47,Desenho,Neutro,3178,Exposicao_Face
186995,17,506,333,5.79,1,186995,47,Desenho,Neutro,3195,Exposicao_Face
187011,17,470,354,5.84,1,187011,47,Desenho,Neutro,3211,Exposicao_Face
187028,17,463,331,5.81,1,187028,47,Desenho,Neutro,3228,Exposicao_Face
187044,17,475,338,5.82,1,187044,47,Desenho,Neutro,3244,Exposicao_Face
187061,17,463,347,5.9,1,187061,47,Desenho,Neutro,3261,Exposicao_Face
187078,17,454,350,5.9,1,187078,47,Desenho,Neutro,3278,Exposicao_Face
187094,17,460,365,5.9,2,187094,47,Desenho,Neutro,3294,Exposicao_Face
187111,17,441,341,5.87,1,187111,47,Desenho,Neutro,3311,Exposicao_Face
187128,17,446,350,5.81,1,187128,47,Desenho,Neutro,3328,Exposicao_Face
187144,17,460,333,5.84,1,187144,47,Desenho,Neutro,3344,Exposicao_Face
187161,17,449,348,5.81,1,187161,47,Desenho,Neutro,3361,Exposicao_Face
187178,17,465,340,5.78,1,187178,47,Desenho,Neutro,3378,Exposicao_Face
187194,17,466,320,5.81,1,187194,47,Desenho,Neutro,3394,Exposicao_Face
187211,17,459,323,5.79,1,187211,47,Desenho,Neutro,3411,Exposicao_Face
187227,17,452,364,5.84,2,187227,47,Desenho,Neutro,3427,Exposicao_Face
187244,17,448,330,5.79,1,187244,47,Desenho,Neutro,3444,Exposicao_Face
187261,17,451,340,5.82,1,187261,47,Desenho,Neutro,3461,Exposicao_Face
187277,17,459,339,5.79,1,187277,47,Desenho,Neutro,3477,Exposicao_Face
187294,17,464,339,5.81,1,187294,47,Desenho,Neutro,3494,Exposicao_Face
187311,17,461,334,5.82,1,187311,47,Desenho,Neutro,3511,Exposicao_Face
187327,17,448,341,5.84,1,187327,47,Desenho,Neutro,3527,Exposicao_Face
187344,17,459,346,5.87,1,187344,47,Desenho,Neutro,3544,Exposicao_Face
187361,17,446,335,5.81,1,187361,47,Desenho,Neutro,3561,Exposicao_Face
187377,17,459,330,5.81,1,187377,47,Desenho,Neutro,3577,Exposicao_Face
187394,17,450,337,5.82,1,187394,47,Desenho,Neutro,3594,Exposicao_Face
187410,17,452,347,5.89,1,187410,47,Desenho,Neutro,3610,Exposicao_Face
187427,17,456,353,5.9,1,187427,47,Desenho,Neutro,3627,Exposicao_Face
187444,17,462,343,5.92,1,187444,47,Desenho,Neutro,3644,Exposicao_Face
187460,17,462,341,5.9,1,187460,47,Desenho,Neutro,3660,Exposicao_Face
187477,17,458,333,5.86,1,187477,47,Desenho,Neutro,3677,Exposicao_Face
187494,17,466,336,5.82,1,187494,47,Desenho,Neutro,3694,Exposicao_Face
187510,17,466,340,5.84,1,187510,47,Desenho,Neutro,3710,Exposicao_Face
187527,17,462,340,5.86,1,187527,47,Desenho,Neutro,3727,Exposicao_Face
187544,17,464,329,5.87,1,187544,47,Desenho,Neutro,3744,Exposicao_Face
187560,17,463,365,5.95,2,187560,47,Desenho,Neutro,3760,Exposicao_Face
187577,17,464,359,5.95,1,187577,47,Desenho,Neutro,3777,Exposicao_Face
187593,17,454,331,5.92,1,187593,47,Desenho,Neutro,3793,Exposicao_Face
187610,17,467,324,5.97,1,187610,47,Desenho,Neutro,3810,Exposicao_Face
187627,17,462,330,5.94,1,187627,47,Desenho,Neutro,3827,Exposicao_Face
187643,17,462,346,5.92,1,187643,47,Desenho,Neutro,3843,Exposicao_Face
187660,17,26,416,-1.0,3,187660,47,Desenho,Neutro,3860,Exposicao_Face
187810,150,266,455,0.0,3,187810,48,Desenho,Raiva,10,Janela_Baseline
187860,50,566,987,0.0,0,187860,48,Desenho,Raiva,60,Janela_Baseline
187876,17,573,919,0.0,0,187876,48,Desenho,Raiva,76,Janela_Baseline
187893,17,516,734,5.92,3,187893,48,Desenho,Raiva,93,Janela_Baseline
187910,17,520,618,5.95,3,187910,48,Desenho,Raiva,110,Janela_Baseline
187926,17,530,566,5.94,3,187926,48,Desenho,Raiva,126,Janela_Baseline
187943,17,497,537,5.89,3,187943,48,Desenho,Raiva,143,Janela_Baseline
187959,17,519,523,5.95,3,187959,48,Desenho,Raiva,159,Janela_Baseline
187976,17,519,444,5.95,3,187976,48,Desenho,Raiva,176,Janela_Baseline
187993,17,529,435,5.95,3,187993,48,Desenho,Raiva,193,Janela_Baseline
188009,17,532,376,5.9,2,188009,48,Desenho,Raiva,209,Janela_Baseline
188026,17,547,369,5.9,2,188026,48,Desenho,Raiva,226,Janela_Baseline
188043,17,540,341,5.87,1,188043,48,Desenho,Raiva,243,Janela_Baseline
188059,17,533,304,5.95,1,188059,48,Desenho,Raiva,259,Janela_Baseline
188076,17,528,332,5.87,1,188076,48,Desenho,Raiva,276,Janela_Baseline
188092,17,554,319,5.81,1,188092,48,Desenho,Raiva,292,Janela_Baseline
188109,17,544,338,5.82,1,188109,48,Desenho,Raiva,309,Janela_Baseline
188126,17,544,331,5.79,1,188126,48,Desenho,Raiva,326,Janela_Baseline
188142,17,552,335,5.78,1,188142,48,Desenho,Raiva,342,Janela_Baseline
188159,17,526,359,5.79,1,188159,48,Desenho,Raiva,359,Janela_Baseline
188176,17,564,357,5.76,1,188176,48,Desenho,Raiva,376,Janela_Baseline
188192,17,549,376,5.69,2,188192,48,Desenho,Raiva,392,Janela_Baseline
188209,17,548,377,5.69,2,188209,48,Desenho,Raiva,409,Janela_Baseline
188226,17,525,387,5.65,2,188226,48,Desenho,Raiva,426,Janela_Baseline
188242,17,551,366,5.53,2,188242,48,Desenho,Raiva,442,Janela_Baseline
188259,17,542,399,5.53,2,188259,48,Desenho,Raiva,459,Janela_Baseline
188275,17,511,370,5.52,2,188275,48,Desenho,Raiva,475,Janela_Baseline
188292,17,508,372,5.49,2,188292,48,Desenho,Raiva,492,Janela_Baseline
188309,17,512,364,5.44,2,188309,48,Desenho,Raiva,509,Janela_Baseline
188325,17,512,368,5.45,2,188325,48,Desenho,Raiva,525,Janela_Baseline
188342,17,483,377,5.42,2,188342,48,Desenho,Raiva,542,Janela_Baseline
188359,17,470,379,5.39,2,188359,48,Desenho,Raiva,559,Janela_Baseline
188375,17,506,374,5.39,2,188375,48,Desenho,Raiva,575,Janela_Baseline
188392,17,508,401,5.39,2,188392,48,Desenho,Raiva,592,Janela_Baseline
188409,17,505,378,5.36,2,188409,48,Desenho,Raiva,609,Janela_Baseline
188425,17,510,367,5.34,2,188425,48,Desenho,Raiva,625,Janela_Baseline
188442,17,505,371,5.31,2,188442,48,Desenho,Raiva,642,Janela_Baseline
188458,17,504,371,5.29,2,188458,48,Desenho,Raiva,658,Janela_Baseline
188475,17,506,370,5.28,2,188475,48,Desenho,Raiva,675,Janela_Baseline
188492,17,505,368,5.28,2,188492,48,Desenho,Raiva,692,Janela_Baseline
188508,17,508,356,5.28,1,188508,48,Desenho,Raiva,708,Janela_Baseline
188525,17,501,368,5.29,2,188525,48,Desenho,Raiva,725,Janela_Baseline
188542,17,500,390,5.34,2,188542,48,Desenho,Raiva,742,Janela_Baseline
188558,17,505,356,5.31,1,188558,48,Desenho,Raiva,758,Janela_Baseline
188575,17,502,372,5.28,2,188575,48,Desenho,Raiva,775,Janela_Baseline
188608,33,505,359,5.28,1,188608,48,Desenho,Raiva,808,Janela_Baseline
188625,17,506,372,5.31,2,188625,48,Desenho,Raiva,825,Janela_Baseline
188641,17,509,372,5.33,2,188641,48,Desenho,Raiva,841,Janela_Baseline
188658,17,510,362,5.29,1,188658,48,Desenho,Raiva,858,Janela_Baseline
188675,17,491,351,5.29,1,188675,48,Desenho,Raiva,875,Janela_Baseline
188691,17,512,354,5.34,1,188691,48,Desenho,Raiva,891,Janela_Baseline
188708,17,544,361,5.41,1,188708,48,Desenho,Raiva,908,Janela_Baseline
188725,17,542,374,5.41,2,188725,48,Desenho,Raiva,925,Janela_Baseline
188741,17,547,375,5.41,2,188741,48,Desenho,Raiva,941,Janela_Baseline
188758,17,548,354,5.34,1,188758,48,Desenho,Raiva,958,Janela_Baseline
188775,17,555,372,5.39,2,188775,48,Desenho,Raiva,975,Janela_Baseline
188791,17,545,380,5.45,2,188791,48,Desenho,Raiva,991,Janela_Baseline
188808,17,544,355,5.44,1,188808,48,Desenho,Raiva,1008,Janela_Baseline
188824,17,528,345,5.44,1,188824,48,Desenho,Raiva,1024,Janela_Baseline
188841,17,546,358,5.41,1,188841,48,Desenho,Raiva,1041,Janela_Baseline
188858,17,560,359,5.39,1,188858,48,Desenho,Raiva,1058,Janela_Baseline
188874,17,551,357,5.52,1,188874,48,Desenho,Raiva,1074,Janela_Baseline
188891,17,530,371,5.52,2,188891,48,Desenho,Raiva,1091,Janela_Baseline
188908,17,543,378,5.5,2,188908,48,Desenho,Raiva,1108,Janela_Baseline
188924,17,548,360,5.52,1,188924,48,Desenho,Raiva,1124,Janela_Baseline
188941,17,531,363,5.53,2,188941,48,Desenho,Raiva,1141,Janela_Baseline
188958,17,551,359,5.53,1,188958,48,Desenho,Raiva,1158,Janela_Baseline
188974,17,528,352,5.49,1,188974,48,Desenho,Raiva,1174,Janela_Baseline
188991,17,564,368,5.58,2,188991,48,Desenho,Raiva,1191,Janela_Baseline
189007,17,553,371,5.52,2,189007,48,Desenho,Raiva,1207,Janela_Baseline
189024,17,548,371,5.55,2,189024,48,Desenho,Raiva,1224,Janela_Baseline
189041,17,550,383,5.57,2,189041,48,Desenho,Raiva,1241,Janela_Baseline
189107,67,314,375,0.0,2,189107,48,Desenho,Raiva,1307,Exposicao_Face
189340,233,509,1037,0.0,0,189340,48,Desenho,Raiva,1540,Exposicao_Face
189357,17,479,681,5.68,3,189357,48,Desenho,Raiva,1557,Exposicao_Face
189373,17,446,544,5.73,3,189373,48,Desenho,Raiva,1573,Exposicao_Face
189390,17,470,498,5.76,3,189390,48,Desenho,Raiva,1590,Exposicao_Face
189407,17,499,422,5.81,3,189407,48,Desenho,Raiva,1607,Exposicao_Face
189423,17,492,396,5.73,2,189423,48,Desenho,Raiva,1623,Exposicao_Face
189440,17,492,354,5.81,1,189440,48,Desenho,Raiva,1640,Exposicao_Face
189457,17,502,306,5.69,1,189457,48,Desenho,Raiva,1657,Exposicao_Face
189473,17,513,341,5.73,1,189473,48,Desenho,Raiva,1673,Exposicao_Face
189490,17,501,329,5.78,1,189490,48,Desenho,Raiva,1690,Exposicao_Face
189506,17,493,339,5.81,1,189506,48,Desenho,Raiva,1706,Exposicao_Face
189523,17,504,318,5.81,1,189523,48,Desenho,Raiva,1723,Exposicao_Face
189540,17,504,320,5.78,1,189540,48,Desenho,Raiva,1740,Exposicao_Face
189556,17,503,341,5.69,1,189556,48,Desenho,Raiva,1756,Exposicao_Face
189573,17,516,356,5.74,1,189573,48,Desenho,Raiva,1773,Exposicao_Face
189590,17,502,335,5.84,1,189590,48,Desenho,Raiva,1790,Exposicao_Face
189606,17,502,342,5.81,1,189606,48,Desenho,Raiva,1806,Exposicao_Face
189623,17,490,347,5.82,1,189623,48,Desenho,Raiva,1823,Exposicao_Face
189640,17,490,364,5.79,2,189640,48,Desenho,Raiva,1840,Exposicao_Face
189656,17,484,403,5.86,2,189656,48,Desenho,Raiva,1856,Exposicao_Face
189673,17,494,396,5.82,2,189673,48,Desenho,Raiva,1873,Exposicao_Face
189689,17,492,395,5.79,2,189689,48,Desenho,Raiva,1889,Exposicao_Face
189706,17,489,389,5.79,2,189706,48,Desenho,Raiva,1906,Exposicao_Face
189723,17,493,384,5.84,2,189723,48,Desenho,Raiva,1923,Exposicao_Face
189739,17,499,378,5.79,2,189739,48,Desenho,Raiva,1939,Exposicao_Face
189756,17,493,416,5.78,3,189756,48,Desenho,Raiva,1956,Exposicao_Face
189773,17,495,397,5.81,2,189773,48,Desenho,Raiva,1973,Exposicao_Face
189789,17,536,397,5.78,2,189789,48,Desenho,Raiva,1989,Exposicao_Face
189806,17,537,415,5.74,3,189806,48,Desenho,Raiva,2006,Exposicao_Face
189823,17,560,411,5.73,2,189823,48,Desenho,Raiva,2023,Exposicao_Face
189839,17,532,420,5.74,3,189839,48,Desenho,Raiva,2039,Exposicao_Face
189856,17,556,412,5.71,2,189856,48,Desenho,Raiva,2056,Exposicao_Face
189872,17,551,427,5.71,3,189872,48,Desenho,Raiva,2072,Exposicao_Face
189889,17,544,418,5.74,3,189889,48,Desenho,Raiva,2089,Exposicao_Face
189906,17,536,407,5.71,2,189906,48,Desenho,Raiva,2106,Exposicao_Face
189922,17,541,434,5.66,3,189922,48,Desenho,Raiva,2122,Exposicao_Face
189939,17,544,412,5.66,2,189939,48,Desenho,Raiva,2139,Exposicao_Face
189956,17,548,422,5.63,3,189956,48,Desenho,Raiva,2156,Exposicao_Face
189972,17,553,420,5.66,3,189972,48,Desenho,Raiva,2172,Exposicao_Face
189989,17,530,399,5.57,2,189989,48,Desenho,Raiva,2189,Exposicao_Face
190006,17,527,400,5.57,2,190006,48,Desenho,Raiva,2206,Exposicao_Face
190022,17,555,403,5.53,2,190022,48,Desenho,Raiva,2222,Exposicao_Face
190039,17,548,407,5.52,2,190039,48,Desenho,Raiva,2239,Exposicao_Face
190055,17,531,416,5.55,3,190055,48,Desenho,Raiva,2255,Exposicao_Face
190072,17,530,398,5.49,2,190072,48,Desenho,Raiva,2272,Exposicao_Face
190089,17,548,410,5.53,2,190089,48,Desenho,Raiva,2289,Exposicao_Face
190105,17,523,406,5.49,2,190105,48,Desenho,Raiva,2305,Exposicao_Face
190122,17,528,408,5.49,2,190122,48,Desenho,Raiva,2322,Exposicao_Face
190139,17,548,391,5.47,2,190139,48,Desenho,Raiva,2339,Exposicao_Face
190155,17,516,429,5.53,3,190155,48,Desenho,Raiva,2355,Exposicao_Face
190172,17,545,424,5.52,3,190172,48,Desenho,Raiva,2372,Exposicao_Face
190189,17,551,432,5.47,3,190189,48,Desenho,Raiva,2389,Exposicao_Face
190205,17,529,431,5.44,3,190205,48,Desenho,Raiva,2405,Exposicao_Face
190222,17,551,425,5.47,3,190222,48,Desenho,Raiva,2422,Exposicao_Face
190238,17,529,422,5.47,3,190238,48,Desenho,Raiva,2438,Exposicao_Face
190255,17,528,427,5.45,3,190255,48,Desenho,Raiva,2455,Exposicao_Face
190272,17,546,411,5.44,2,190272,48,Desenho,Raiva,2472,Exposicao_Face
190288,17,547,417,5.47,3,190288,48,Desenho,Raiva,2488,Exposicao_Face
190305,17,548,417,5.49,3,190305,48,Desenho,Raiva,2505,Exposicao_Face
190322,17,526,392,5.49,2,190322,48,Desenho,Raiva,2522,Exposicao_Face
190338,17,525,413,5.5,5,190338,48,Desenho,Raiva,2538,Exposicao_Face
190355,17,544,421,5.52,3,190355,48,Desenho,Raiva,2555,Exposicao_Face
190372,17,527,424,5.52,3,190372,48,Desenho,Raiva,2572,Exposicao_Face
190388,17,548,423,5.53,3,190388,48,Desenho,Raiva,2588,Exposicao_Face
190405,17,553,411,5.52,2,190405,48,Desenho,Raiva,2605,Exposicao_Face
190421,17,551,420,5.55,3,190421,48,Desenho,Raiva,2621,Exposicao_Face
190438,17,550,413,5.53,5,190438,48,Desenho,Raiva,2638,Exposicao_Face
190455,17,549,421,5.6,3,190455,48,Desenho,Raiva,2655,Exposicao_Face
190471,17,527,425,5.6,3,190471,48,Desenho,Raiva,2671,Exposicao_Face
190488,17,547,423,5.63,3,190488,48,Desenho,Raiva,2688,Exposicao_Face
190505,17,543,432,5.65,3,190505,48,Desenho,Raiva,2705,Exposicao_Face
190521,17,541,405,5.61,2,190521,48,Desenho,Raiva,2721,Exposicao_Face
190538,17,522,393,5.58,2,190538,48,Desenho,Raiva,2738,Exposicao_Face
190554,17,543,388,5.58,2,190554,48,Desenho,Raiva,2754,Exposicao_Face
190571,17,543,402,5.55,2,190571,48,Desenho,Raiva,2771,Exposicao_Face
190588,17,548,416,5.63,3,190588,48,Desenho,Raiva,2788,Exposicao_Face
190604,17,544,405,5.6,2,190604,48,Desenho,Raiva,2804,Exposicao_Face
190621,17,551,405,5.61,2,190621,48,Desenho,Raiva,2821,Exposicao_Face
190638,17,527,393,5.6,2,190638,48,Desenho,Raiva,2838,Exposicao_Face
190654,17,546,405,5.65,2,190654,48,Desenho,Raiva,2854,Exposicao_Face
190671,17,516,435,5.65,3,190671,48,Desenho,Raiva,2871,Exposicao_Face
190688,17,526,426,5.65,3,190688,48,Desenho,Raiva,2888,Exposicao_Face
190704,17,506,426,5.65,3,190704,48,Desenho,Raiva,2904,Exposicao_Face
190721,17,525,418,5.65,3,190721,48,Desenho,Raiva,2921,Exposicao_Face
190737,17,522,415,5.65,3,190737,48,Desenho,Raiva,2937,Exposicao_Face
190754,17,536,409,5.68,2,190754,48,Desenho,Raiva,2954,Exposicao_Face
190771,17,522,416,5.68,3,190771,48,Desenho,Raiva,2971,Exposicao_Face
190787,17,507,423,5.66,3,190787,48,Desenho,Raiva,2987,Exposicao_Face
190804,17,530,428,5.66,3,190804,48,Desenho,Raiva,3004,Exposicao_Face
190821,17,519,433,5.69,3,190821,48,Desenho,Raiva,3021,Exposicao_Face
190837,17,515,440,5.66,3,190837,48,Desenho,Raiva,3037,Exposicao_Face
190854,17,516,428,5.66,3,190854,48,Desenho,Raiva,3054,Exposicao_Face
190871,17,520,416,5.66,3,190871,48,Desenho,Raiva,3071,Exposicao_Face
190887,17,527,408,5.71,2,190887,48,Desenho,Raiva,3087,Exposicao_Face
190904,17,526,412,5.68,2,190904,48,Desenho,Raiva,3104,Exposicao_Face
190920,17,543,415,5.69,3,190920,48,Desenho,Raiva,3120,Exposicao_Face
190937,17,504,559,5.78,3,190937,48,Desenho,Raiva,3137,Exposicao_Face
191220,283,735,750,0.0,3,191220,48,Desenho,Raiva,3420,Exposicao_Face
191237,17,734,753,0.0,3,191237,48,Desenho,Raiva,3437,Exposicao_Face
191253,17,737,747,0.0,3,191253,48,Desenho,Raiva,3453,Exposicao_Face
191286,33,586,404,-1.0,2,191286,48,Desenho,Raiva,3486,Exposicao_Face
191303,17,605,394,-1.0,2,191303,48,Desenho,Raiva,3503,Exposicao_Face
191320,17,601,620,5.66,3,191320,48,Desenho,Raiva,3520,Exposicao_Face
191336,17,603,523,5.65,3,191336,48,Desenho,Raiva,3536,Exposicao_Face
191353,17,608,467,5.69,3,191353,48,Desenho,Raiva,3553,Exposicao_Face
191370,17,607,480,5.69,3,191370,48,Desenho,Raiva,3570,Exposicao_Face
191386,17,574,452,5.74,3,191386,48,Desenho,Raiva,3586,Exposicao_Face
191403,17,471,452,5.69,3,191403,48,Desenho,Raiva,3603,Exposicao_Face
191420,17,435,430,5.66,3,191420,48,Desenho,Raiva,3620,Exposicao_Face
191436,17,457,357,5.69,1,191436,48,Desenho,Raiva,3636,Exposicao_Face
191453,17,455,295,5.66,1,191453,48,Desenho,Raiva,3653,Exposicao_Face
191469,17,480,287,5.71,1,191469,48,Desenho,Raiva,3669,Exposicao_Face
191486,17,484,300,5.68,1,191486,48,Desenho,Raiva,3686,Exposicao_Face
191503,17,452,333,5.68,1,191503,48,Desenho,Raiva,3703,Exposicao_Face
191519,17,471,343,5.61,1,191519,48,Desenho,Raiva,3719,Exposicao_Face
191536,17,475,346,5.63,1,191536,48,Desenho,Raiva,3736,Exposicao_Face
191553,17,484,352,5.66,1,191553,48,Desenho,Raiva,3753,Exposicao_Face
191569,17,468,357,5.63,1,191569,48,Desenho,Raiva,3769,Exposicao_Face
191586,17,450,367,5.63,2,191586,48,Desenho,Raiva,3786,Exposicao_Face
191602,17,484,356,5.63,1,191602,48,Desenho,Raiva,3802,Exposicao_Face
191619,17,458,356,5.61,1,191619,48,Desenho,Raiva,3819,Exposicao_Face
191636,17,456,376,5.66,2,191636,48,Desenho,Raiva,3836,Exposicao_Face
191652,17,446,382,5.58,2,191652,48,Desenho,Raiva,3852,Exposicao_Face
191669,17,456,364,5.61,2,191669,48,Desenho,Raiva,3869,Exposicao_Face
191686,17,446,347,5.53,1,191686,48,Desenho,Raiva,3886,Exposicao_Face
191702,17,454,364,5.6,2,191702,48,Desenho,Raiva,3902,Exposicao_Face
191719,17,455,356,5.55,1,191719,48,Desenho,Raiva,3919,Exposicao_Face
191736,17,452,349,5.53,1,191736,48,Desenho,Raiva,3936,Exposicao_Face
191752,17,451,356,5.52,1,191752,48,Desenho,Raiva,3952,Exposicao_Face
191769,17,442,361,5.55,1,191769,48,Desenho,Raiva,3969,Exposicao_Face
191785,17,448,356,5.53,1,191785,48,Desenho,Raiva,3985,Exposicao_Face
191802,17,446,367,5.55,2,191802,49,Desenho,Feliz,2,Janela_Baseline
191819,17,446,363,5.55,2,191819,49,Desenho,Feliz,19,Janela_Baseline
191835,17,437,385,5.57,2,191835,49,Desenho,Feliz,35,Janela_Baseline
191852,17,459,352,5.53,1,191852,49,Desenho,Feliz,52,Janela_Baseline
191869,17,447,353,5.52,1,191869,49,Desenho,Feliz,69,Janela_Baseline
191885,17,475,367,5.52,2,191885,49,Desenho,Feliz,85,Janela_Baseline
191902,17,447,364,5.5,2,191902,49,Desenho,Feliz,102,Janela_Baseline
191919,17,442,383,5.52,2,191919,49,Desenho,Feliz,119,Janela_Baseline
191935,17,471,362,5.52,1,191935,49,Desenho,Feliz,135,Janela_Baseline
191952,17,470,369,5.52,2,191952,49,Desenho,Feliz,152,Janela_Baseline
191968,17,451,346,5.5,1,191968,49,Desenho,Feliz,168,Janela_Baseline
191985,17,449,362,5.5,1,191985,49,Desenho,Feliz,185,Janela_Baseline
192002,17,477,358,5.53,1,192002,49,Desenho,Feliz,202,Janela_Baseline
192018,17,441,354,5.52,1,192018,49,Desenho,Feliz,218,Janela_Baseline
192035,17,452,349,5.53,1,192035,49,Desenho,Feliz,235,Janela_Baseline
192052,17,438,349,5.44,1,192052,49,Desenho,Feliz,252,Janela_Baseline
192068,17,511,357,5.49,1,192068,49,Desenho,Feliz,268,Janela_Baseline
192085,17,512,391,5.49,2,192085,49,Desenho,Feliz,285,Janela_Baseline
192102,17,523,367,5.44,2,192102,49,Desenho,Feliz,302,Janela_Baseline
192118,17,537,373,5.45,2,192118,49,Desenho,Feliz,318,Janela_Baseline
192135,17,525,366,5.42,2,192135,49,Desenho,Feliz,335,Janela_Baseline
192151,17,520,361,5.41,1,192151,49,Desenho,Feliz,351,Janela_Baseline
192168,17,538,347,5.37,1,192168,49,Desenho,Feliz,368,Janela_Baseline
192185,17,526,357,5.39,1,192185,49,Desenho,Feliz,385,Janela_Baseline
192201,17,526,359,5.39,1,192201,49,Desenho,Feliz,401,Janela_Baseline
192218,17,534,353,5.36,1,192218,49,Desenho,Feliz,418,Janela_Baseline
192235,17,529,358,5.33,1,192235,49,Desenho,Feliz,435,Janela_Baseline
192251,17,516,361,5.34,1,192251,49,Desenho,Feliz,451,Janela_Baseline
192268,17,520,350,5.31,1,192268,49,Desenho,Feliz,468,Janela_Baseline
192285,17,535,365,5.39,2,192285,49,Desenho,Feliz,485,Janela_Baseline
192301,17,529,346,5.37,1,192301,49,Desenho,Feliz,501,Janela_Baseline
192318,17,529,359,5.39,1,192318,49,Desenho,Feliz,518,Janela_Baseline
192334,17,524,355,5.39,1,192334,49,Desenho,Feliz,534,Janela_Baseline
192351,17,516,346,5.39,1,192351,49,Desenho,Feliz,551,Janela_Baseline
192368,17,544,358,5.39,1,192368,49,Desenho,Feliz,568,Janela_Baseline
192384,17,509,352,5.39,1,192384,49,Desenho,Feliz,584,Janela_Baseline
192401,17,524,345,5.39,1,192401,49,Desenho,Feliz,601,Janela_Baseline
192418,17,526,368,5.49,2,192418,49,Desenho,Feliz,618,Janela_Baseline
192434,17,510,365,5.49,2,192434,49,Desenho,Feliz,634,Janela_Baseline
192451,17,522,354,5.44,1,192451,49,Desenho,Feliz,651,Janela_Baseline
192468,17,515,368,5.47,2,192468,49,Desenho,Feliz,668,Janela_Baseline
192484,17,512,384,5.47,2,192484,49,Desenho,Feliz,684,Janela_Baseline
192501,17,514,389,5.5,2,192501,49,Desenho,Feliz,701,Janela_Baseline
192517,17,517,360,5.49,1,192517,49,Desenho,Feliz,717,Janela_Baseline
192534,17,517,370,5.49,2,192534,49,Desenho,Feliz,734,Janela_Baseline
192551,17,519,373,5.47,2,192551,49,Desenho,Feliz,751,Janela_Baseline
192567,17,522,374,5.53,2,192567,49,Desenho,Feliz,767,Janela_Baseline
192584,17,514,384,5.6,2,192584,49,Desenho,Feliz,784,Janela_Baseline
192601,17,511,362,5.57,1,192601,49,Desenho,Feliz,801,Janela_Baseline
192617,17,514,354,5.57,1,192617,49,Desenho,Feliz,817,Janela_Baseline
192634,17,519,357,5.55,1,192634,49,Desenho,Feliz,834,Janela_Baseline
192651,17,516,383,5.55,2,192651,49,Desenho,Feliz,851,Janela_Baseline
192667,17,520,357,5.61,1,192667,49,Desenho,Feliz,867,Janela_Baseline
192684,17,517,361,5.63,1,192684,49,Desenho,Feliz,884,Janela_Baseline
192700,17,529,367,5.65,2,192700,49,Desenho,Feliz,900,Janela_Baseline
192717,17,531,373,5.65,2,192717,49,Desenho,Feliz,917,Janela_Baseline
192734,17,536,381,5.66,2,192734,49,Desenho,Feliz,934,Janela_Baseline
192750,17,531,386,5.69,2,192750,49,Desenho,Feliz,950,Janela_Baseline
192767,17,508,386,5.66,2,192767,49,Desenho,Feliz,967,Janela_Baseline
192784,17,531,365,5.65,2,192784,49,Desenho,Feliz,984,Janela_Baseline
192800,17,520,370,5.65,2,192800,49,Desenho,Feliz,1000,Janela_Baseline
192817,17,550,375,5.71,2,192817,49,Desenho,Feliz,1017,Janela_Baseline
192833,17,547,393,5.76,2,192833,49,Desenho,Feliz,1033,Janela_Baseline
192850,17,551,375,5.76,2,192850,49,Desenho,Feliz,1050,Janela_Baseline
192867,17,547,360,5.74,1,192867,49,Desenho,Feliz,1067,Janela_Baseline
192883,17,541,367,5.76,2,192883,49,Desenho,Feliz,1083,Janela_Baseline
192900,17,556,364,5.79,2,192900,49,Desenho,Feliz,1100,Janela_Baseline
192917,17,538,368,5.74,2,192917,49,Desenho,Feliz,1117,Janela_Baseline
192933,17,544,365,5.78,2,192933,49,Desenho,Feliz,1133,Janela_Baseline
192950,17,547,352,5.74,1,192950,49,Desenho,Feliz,1150,Janela_Baseline
192967,17,544,365,5.78,2,192967,49,Desenho,Feliz,1167,Janela_Baseline
192983,17,564,365,5.84,2,192983,49,Desenho,Feliz,1183,Janela_Baseline
193000,17,540,375,5.87,2,193000,49,Desenho,Feliz,1200,Janela_Baseline
193016,17,537,366,5.84,2,193016,49,Desenho,Feliz,1216,Janela_Baseline
193033,17,538,381,5.86,2,193033,49,Desenho,Feliz,1233,Janela_Baseline
193050,17,548,350,5.73,1,193050,49,Desenho,Feliz,1250,Janela_Baseline
193066,17,564,371,5.76,2,193066,49,Desenho,Feliz,1266,Janela_Baseline
193083,17,547,386,5.76,2,193083,49,Desenho,Feliz,1283,Janela_Baseline
193100,17,544,394,5.84,2,193100,49,Desenho,Feliz,1300,Exposicao_Face
193116,17,562,363,5.73,2,193116,49,Desenho,Feliz,1316,Exposicao_Face
193133,17,546,365,5.69,2,193133,49,Desenho,Feliz,1333,Exposicao_Face
193150,17,548,363,5.66,2,193150,49,Desenho,Feliz,1350,Exposicao_Face
193166,17,570,370,5.66,2,193166,49,Desenho,Feliz,1366,Exposicao_Face
193183,17,547,369,5.65,2,193183,49,Desenho,Feliz,1383,Exposicao_Face
193199,17,547,396,5.65,2,193199,49,Desenho,Feliz,1399,Exposicao_Face
193216,17,525,735,5.65,3,193216,49,Desenho,Feliz,1416,Exposicao_Face
193482,266,512,379,-1.0,2,193482,49,Desenho,Feliz,1682,Exposicao_Face
193499,17,535,1026,0.0,0,193499,49,Desenho,Feliz,1699,Exposicao_Face
193516,17,508,652,5.57,3,193516,49,Desenho,Feliz,1716,Exposicao_Face
193532,17,520,540,5.55,3,193532,49,Desenho,Feliz,1732,Exposicao_Face
193549,17,504,508,5.57,3,193549,49,Desenho,Feliz,1749,Exposicao_Face
193565,17,524,456,5.57,3,193565,49,Desenho,Feliz,1765,Exposicao_Face
193582,17,528,464,5.52,3,193582,49,Desenho,Feliz,1782,Exposicao_Face
193599,17,539,394,5.55,2,193599,49,Desenho,Feliz,1799,Exposicao_Face
193615,17,530,373,5.6,2,193615,49,Desenho,Feliz,1815,Exposicao_Face
193632,17,546,365,5.55,2,193632,49,Desenho,Feliz,1832,Exposicao_Face
193649,17,522,326,5.57,1,193649,49,Desenho,Feliz,1849,Exposicao_Face
193665,17,565,320,5.65,1,193665,49,Desenho,Feliz,1865,Exposicao_Face
193682,17,527,344,5.6,1,193682,49,Desenho,Feliz,1882,Exposicao_Face
193699,17,569,323,5.61,1,193699,49,Desenho,Feliz,1899,Exposicao_Face
193715,17,551,250,5.66,1,193715,49,Desenho,Feliz,1915,Exposicao_Face
193732,17,565,223,5.65,1,193732,49,Desenho,Feliz,1932,Exposicao_Face
193748,17,533,256,5.69,1,193748,49,Desenho,Feliz,1948,Exposicao_Face
193765,17,564,255,5.63,1,193765,49,Desenho,Feliz,1965,Exposicao_Face
193782,17,553,264,5.68,1,193782,49,Desenho,Feliz,1982,Exposicao_Face
193798,17,552,356,5.63,1,193798,49,Desenho,Feliz,1998,Exposicao_Face
193815,17,555,387,5.61,2,193815,49,Desenho,Feliz,2015,Exposicao_Face
193832,17,549,397,5.57,2,193832,49,Desenho,Feliz,2032,Exposicao_Face
193848,17,524,438,5.57,3,193848,49,Desenho,Feliz,2048,Exposicao_Face
193865,17,566,410,5.55,2,193865,49,Desenho,Feliz,2065,Exposicao_Face
193881,17,532,395,5.52,2,193881,49,Desenho,Feliz,2081,Exposicao_Face
193898,17,529,433,5.5,3,193898,49,Desenho,Feliz,2098,Exposicao_Face
193915,17,525,414,5.52,3,193915,49,Desenho,Feliz,2115,Exposicao_Face
193931,17,555,413,5.53,5,193931,49,Desenho,Feliz,2131,Exposicao_Face
193948,17,524,413,5.5,5,193948,49,Desenho,Feliz,2148,Exposicao_Face
193965,17,552,431,5.5,3,193965,49,Desenho,Feliz,2165,Exposicao_Face
193981,17,533,421,5.47,3,193981,49,Desenho,Feliz,2181,Exposicao_Face
193998,17,534,438,5.5,3,193998,49,Desenho,Feliz,2198,Exposicao_Face
194015,17,553,428,5.49,3,194015,49,Desenho,Feliz,2215,Exposicao_Face
194031,17,558,402,5.47,2,194031,49,Desenho,Feliz,2231,Exposicao_Face
194048,17,524,415,5.47,3,194048,49,Desenho,Feliz,2248,Exposicao_Face
194064,17,556,392,5.45,2,194064,49,Desenho,Feliz,2264,Exposicao_Face
194081,17,559,374,5.39,2,194081,49,Desenho,Feliz,2281,Exposicao_Face
194098,17,526,420,5.45,3,194098,49,Desenho,Feliz,2298,Exposicao_Face
194114,17,522,402,5.44,2,194114,49,Desenho,Feliz,2314,Exposicao_Face
194131,17,523,394,5.49,2,194131,49,Desenho,Feliz,2331,Exposicao_Face
194148,17,555,427,5.44,3,194148,49,Desenho,Feliz,2348,Exposicao_Face
194164,17,519,422,5.47,3,194164,49,Desenho,Feliz,2364,Exposicao_Face
194181,17,517,438,5.49,3,194181,49,Desenho,Feliz,2381,Exposicao_Face
194198,17,552,393,5.47,2,194198,49,Desenho,Feliz,2398,Exposicao_Face
194214,17,520,397,5.41,2,194214,49,Desenho,Feliz,2414,Exposicao_Face
194231,17,526,383,5.39,2,194231,49,Desenho,Feliz,2431,Exposicao_Face
194247,17,533,387,5.41,2,194247,49,Desenho,Feliz,2447,Exposicao_Face
194264,17,514,401,5.42,2,194264,49,Desenho,Feliz,2464,Exposicao_Face
194281,17,553,405,5.39,2,194281,49,Desenho,Feliz,2481,Exposicao_Face
194297,17,555,402,5.42,2,194297,49,Desenho,Feliz,2497,Exposicao_Face
194314,17,548,419,5.45,3,194314,49,Desenho,Feliz,2514,Exposicao_Face
194331,17,547,396,5.5,2,194331,49,Desenho,Feliz,2531,Exposicao_Face
194347,17,563,396,5.47,2,194347,49,Desenho,Feliz,2547,Exposicao_Face
194364,17,541,407,5.5,2,194364,49,Desenho,Feliz,2564,Exposicao_Face
194381,17,526,390,5.44,2,194381,49,Desenho,Feliz,2581,Exposicao_Face
194397,17,522,393,5.42,2,194397,49,Desenho,Feliz,2597,Exposicao_Face
194414,17,554,420,5.47,3,194414,49,Desenho,Feliz,2614,Exposicao_Face
194430,17,516,400,5.45,2,194430,49,Desenho,Feliz,2630,Exposicao_Face
194447,17,549,401,5.47,2,194447,49,Desenho,Feliz,2647,Exposicao_Face
194464,17,517,401,5.49,2,194464,49,Desenho,Feliz,2664,Exposicao_Face
194480,17,516,383,5.44,2,194480,49,Desenho,Feliz,2680,Exposicao_Face
194497,17,553,388,5.49,2,194497,49,Desenho,Feliz,2697,Exposicao_Face
194514,17,554,397,5.53,2,194514,49,Desenho,Feliz,2714,Exposicao_Face
194530,17,555,388,5.52,2,194530,49,Desenho,Feliz,2730,Exposicao_Face
194547,17,561,389,5.55,2,194547,49,Desenho,Feliz,2747,Exposicao_Face
194564,17,546,405,5.58,2,194564,49,Desenho,Feliz,2764,Exposicao_Face
194580,17,547,397,5.57,2,194580,49,Desenho,Feliz,2780,Exposicao_Face
194597,17,544,420,5.66,3,194597,49,Desenho,Feliz,2797,Exposicao_Face
194613,17,540,410,5.61,2,194613,49,Desenho,Feliz,2813,Exposicao_Face
194630,17,514,409,5.55,2,194630,49,Desenho,Feliz,2830,Exposicao_Face
194647,17,514,391,5.53,2,194647,49,Desenho,Feliz,2847,Exposicao_Face
194663,17,536,402,5.53,2,194663,49,Desenho,Feliz,2863,Exposicao_Face
194680,17,545,408,5.57,2,194680,49,Desenho,Feliz,2880,Exposicao_Face
194697,17,521,378,5.58,2,194697,49,Desenho,Feliz,2897,Exposicao_Face
194713,17,513,392,5.53,2,194713,49,Desenho,Feliz,2913,Exposicao_Face
194730,17,514,390,5.6,2,194730,49,Desenho,Feliz,2930,Exposicao_Face
194747,17,521,418,5.61,3,194747,49,Desenho,Feliz,2947,Exposicao_Face
194763,17,520,412,5.63,2,194763,49,Desenho,Feliz,2963,Exposicao_Face
194780,17,520,380,5.61,2,194780,49,Desenho,Feliz,2980,Exposicao_Face
194796,17,540,398,5.65,2,194796,49,Desenho,Feliz,2996,Exposicao_Face
194813,17,525,410,5.66,2,194813,49,Desenho,Feliz,3013,Exposicao_Face
194830,17,538,402,5.65,2,194830,49,Desenho,Feliz,3030,Exposicao_Face
194846,17,538,419,5.71,3,194846,49,Desenho,Feliz,3046,Exposicao_Face
194863,17,546,421,5.66,3,194863,49,Desenho,Feliz,3063,Exposicao_Face
194880,17,528,421,5.69,3,194880,49,Desenho,Feliz,3080,Exposicao_Face
194896,17,531,406,5.69,2,194896,49,Desenho,Feliz,3096,Exposicao_Face
194913,17,537,405,5.71,2,194913,49,Desenho,Feliz,3113,Exposicao_Face
194930,17,528,381,5.68,2,194930,49,Desenho,Feliz,3130,Exposicao_Face
194946,17,532,401,5.73,2,194946,49,Desenho,Feliz,3146,Exposicao_Face
194963,17,522,388,5.71,2,194963,49,Desenho,Feliz,3163,Exposicao_Face
194979,17,523,384,5.68,2,194979,49,Desenho,Feliz,3179,Exposicao_Face
194996,17,498,439,5.78,3,194996,49,Desenho,Feliz,3196,Exposicao_Face
195013,17,469,433,5.73,3,195013,49,Desenho,Feliz,3213,Exposicao_Face
195029,17,460,471,5.81,3,195029,49,Desenho,Feliz,3229,Exposicao_Face
195046,17,476,466,5.78,3,195046,49,Desenho,Feliz,3246,Exposicao_Face
195063,17,455,478,5.82,3,195063,49,Desenho,Feliz,3263,Exposicao_Face
195079,17,479,455,5.76,3,195079,49,Desenho,Feliz,3279,Exposicao_Face
195096,17,471,468,5.81,3,195096,49,Desenho,Feliz,3296,Exposicao_Face
195112,17,452,470,5.79,3,195112,49,Desenho,Feliz,3312,Exposicao_Face
195129,17,457,467,5.78,3,195129,49,Desenho,Feliz,3329,Exposicao_Face
195146,17,458,475,5.78,3,195146,49,Desenho,Feliz,3346,Exposicao_Face
195162,17,474,466,5.79,3,195162,49,Desenho,Feliz,3362,Exposicao_Face
195179,17,450,459,5.81,3,195179,49,Desenho,Feliz,3379,Exposicao_Face
195196,17,449,486,5.84,3,195196,49,Desenho,Feliz,3396,Exposicao_Face
195212,17,448,458,5.82,3,195212,49,Desenho,Feliz,3412,Exposicao_Face
195229,17,470,461,5.82,3,195229,49,Desenho,Feliz,3429,Exposicao_Face
195246,17,448,472,5.86,3,195246,49,Desenho,Feliz,3446,Exposicao_Face
195262,17,447,461,5.82,3,195262,49,Desenho,Feliz,3462,Exposicao_Face
195279,17,443,500,5.78,3,195279,49,Desenho,Feliz,3479,Exposicao_Face
195295,17,458,474,5.89,3,195295,49,Desenho,Feliz,3495,Exposicao_Face
195312,17,452,463,5.86,3,195312,49,Desenho,Feliz,3512,Exposicao_Face
195329,17,456,440,5.79,3,195329,49,Desenho,Feliz,3529,Exposicao_Face
195345,17,466,440,5.84,3,195345,49,Desenho,Feliz,3545,Exposicao_Face
195362,17,477,399,5.87,2,195362,49,Desenho,Feliz,3562,Exposicao_Face
195379,17,446,434,5.84,3,195379,49,Desenho,Feliz,3579,Exposicao_Face
195395,17,457,431,5.81,3,195395,49,Desenho,Feliz,3595,Exposicao_Face
195412,17,476,438,5.81,3,195412,49,Desenho,Feliz,3612,Exposicao_Face
195429,17,452,415,5.86,3,195429,49,Desenho,Feliz,3629,Exposicao_Face
195445,17,444,611,5.84,3,195445,49,Desenho,Feliz,3645,Exposicao_Face
195462,17,454,643,0.0,3,195462,49,Desenho,Feliz,3662,Exposicao_Face
195728,266,547,1055,0.0,0,195728,49,Desenho,Feliz,3928,Exposicao_Face
195745,17,64,130,0.0,1,195745,49,Desenho,Feliz,3945,Exposicao_Face
195761,17,530,652,5.74,3,195761,49,Desenho,Feliz,3961,Exposicao_Face
195778,17,501,572,5.73,3,195778,49,Desenho,Feliz,3978,Exposicao_Face
195795,17,520,469,5.68,3,195795,49,Desenho,Feliz,3995,Exposicao_Face
195811,17,523,445,5.68,3,195811,50,Desenho,Neutro,11,Janela_Baseline
195828,17,540,400,5.73,2,195828,50,Desenho,Neutro,28,Janela_Baseline
195844,17,539,368,5.78,2,195844,50,Desenho,Neutro,44,Janela_Baseline
195861,17,555,338,5.73,1,195861,50,Desenho,Neutro,61,Janela_Baseline
195878,17,532,354,5.74,1,195878,50,Desenho,Neutro,78,Janela_Baseline
195894,17,552,231,5.73,1,195894,50,Desenho,Neutro,94,Janela_Baseline
195911,17,548,277,5.69,1,195911,50,Desenho,Neutro,111,Janela_Baseline
195928,17,566,276,5.78,1,195928,50,Desenho,Neutro,128,Janela_Baseline
195944,17,573,241,5.73,1,195944,50,Desenho,Neutro,144,Janela_Baseline
195961,17,533,257,5.78,1,195961,50,Desenho,Neutro,161,Janela_Baseline
195978,17,560,221,5.78,1,195978,50,Desenho,Neutro,178,Janela_Baseline
195994,17,552,283,5.79,1,195994,50,Desenho,Neutro,194,Janela_Baseline
196011,17,538,288,5.73,1,196011,50,Desenho,Neutro,211,Janela_Baseline
196027,17,539,318,5.76,1,196027,50,Desenho,Neutro,227,Janela_Baseline
196044,17,532,359,5.65,1,196044,50,Desenho,Neutro,244,Janela_Baseline
196061,17,561,355,5.66,1,196061,50,Desenho,Neutro,261,Janela_Baseline
196210,150,506,415,5.66,3,196210,50,Desenho,Neutro,410,Janela_Baseline
196210,0,506,415,5.66,3,196210,50,Desenho,Neutro,410,Janela_Baseline
196227,17,538,395,5.63,2,196227,50,Desenho,Neutro,427,Janela_Baseline
196244,17,528,376,5.58,2,196244,50,Desenho,Neutro,444,Janela_Baseline
196260,17,547,384,5.65,2,196260,50,Desenho,Neutro,460,Janela_Baseline
196277,17,512,412,5.61,2,196277,50,Desenho,Neutro,477,Janela_Baseline
196294,17,545,388,5.58,2,196294,50,Desenho,Neutro,494,Janela_Baseline
196310,17,504,380,5.55,2,196310,50,Desenho,Neutro,510,Janela_Baseline
196327,17,542,377,5.57,2,196327,50,Desenho,Neutro,527,Janela_Baseline
196343,17,544,385,5.57,2,196343,50,Desenho,Neutro,543,Janela_Baseline
196360,17,536,403,5.58,2,196360,50,Desenho,Neutro,560,Janela_Baseline
196377,17,529,387,5.55,2,196377,50,Desenho,Neutro,577,Janela_Baseline
196393,17,550,390,5.55,2,196393,50,Desenho,Neutro,593,Janela_Baseline
196410,17,508,386,5.5,2,196410,50,Desenho,Neutro,610,Janela_Baseline
196427,17,509,400,5.58,2,196427,50,Desenho,Neutro,627,Janela_Baseline
196443,17,535,388,5.58,2,196443,50,Desenho,Neutro,643,Janela_Baseline
196460,17,543,366,5.5,2,196460,50,Desenho,Neutro,660,Janela_Baseline
196477,17,510,381,5.58,2,196477,50,Desenho,Neutro,677,Janela_Baseline
196493,17,526,392,5.63,2,196493,50,Desenho,Neutro,693,Janela_Baseline
196510,17,532,374,5.55,2,196510,50,Desenho,Neutro,710,Janela_Baseline
196526,17,508,384,5.53,2,196526,50,Desenho,Neutro,726,Janela_Baseline
196543,17,506,398,5.57,2,196543,50,Desenho,Neutro,743,Janela_Baseline
196560,17,514,377,5.65,2,196560,50,Desenho,Neutro,760,Janela_Baseline
196576,17,536,368,5.63,2,196576,50,Desenho,Neutro,776,Janela_Baseline
196593,17,515,414,5.6,3,196593,50,Desenho,Neutro,793,Janela_Baseline
196610,17,505,673,0.0,3,196610,50,Desenho,Neutro,810,Janela_Baseline
196942,333,520,324,-1.0,1,196942,50,Desenho,Neutro,1142,Janela_Baseline
196976,33,500,1001,5.97,0,196976,50,Desenho,Neutro,1176,Janela_Baseline
197009,33,448,586,-1.0,3,197009,50,Desenho,Neutro,1209,Janela_Baseline
197026,17,474,657,6.02,3,197026,50,Desenho,Neutro,1226,Janela_Baseline
197042,17,521,516,5.65,3,197042,50,Desenho,Neutro,1242,Janela_Baseline
197059,17,530,487,5.66,3,197059,50,Desenho,Neutro,1259,Janela_Baseline
197075,17,544,357,5.68,1,197075,50,Desenho,Neutro,1275,Janela_Baseline
197092,17,543,407,5.63,2,197092,50,Desenho,Neutro,1292,Janela_Baseline
197109,17,581,356,5.69,1,197109,50,Desenho,Neutro,1309,Exposicao_Face
197125,17,552,362,5.71,1,197125,50,Desenho,Neutro,1325,Exposicao_Face
197142,17,550,290,5.68,1,197142,50,Desenho,Neutro,1342,Exposicao_Face
197159,17,568,320,5.73,1,197159,50,Desenho,Neutro,1359,Exposicao_Face
197175,17,571,292,5.68,1,197175,50,Desenho,Neutro,1375,Exposicao_Face
197192,17,576,276,5.78,1,197192,50,Desenho,Neutro,1392,Exposicao_Face
197209,17,554,273,5.78,1,197209,50,Desenho,Neutro,1409,Exposicao_Face
197225,17,582,309,5.71,1,197225,50,Desenho,Neutro,1425,Exposicao_Face
197242,17,548,328,5.74,1,197242,50,Desenho,Neutro,1442,Exposicao_Face
197258,17,547,285,5.68,1,197258,50,Desenho,Neutro,1458,Exposicao_Face
197275,17,579,311,5.69,1,197275,50,Desenho,Neutro,1475,Exposicao_Face
197292,17,514,342,5.66,1,197292,50,Desenho,Neutro,1492,Exposicao_Face
197308,17,387,474,5.61,3,197308,50,Desenho,Neutro,1508,Exposicao_Face
197325,17,334,501,5.6,3,197325,50,Desenho,Neutro,1525,Exposicao_Face
197342,17,347,512,5.58,3,197342,50,Desenho,Neutro,1542,Exposicao_Face
197358,17,368,519,5.53,3,197358,50,Desenho,Neutro,1558,Exposicao_Face
197375,17,355,492,5.49,3,197375,50,Desenho,Neutro,1575,Exposicao_Face
197391,17,346,484,5.49,3,197391,50,Desenho,Neutro,1591,Exposicao_Face
197408,17,357,503,5.44,3,197408,50,Desenho,Neutro,1608,Exposicao_Face
197425,17,354,482,5.41,3,197425,50,Desenho,Neutro,1625,Exposicao_Face
197441,17,355,481,5.44,3,197441,50,Desenho,Neutro,1641,Exposicao_Face
197458,17,350,518,5.41,3,197458,50,Desenho,Neutro,1658,Exposicao_Face
197475,17,356,435,5.44,3,197475,50,Desenho,Neutro,1675,Exposicao_Face
197491,17,350,484,5.37,3,197491,50,Desenho,Neutro,1691,Exposicao_Face
197508,17,347,413,5.44,0,197508,50,Desenho,Neutro,1708,Exposicao_Face
197525,17,353,467,5.39,3,197525,50,Desenho,Neutro,1725,Exposicao_Face
197541,17,350,450,5.39,3,197541,50,Desenho,Neutro,1741,Exposicao_Face
197558,17,347,509,5.39,3,197558,50,Desenho,Neutro,1758,Exposicao_Face
197574,17,344,497,5.36,3,197574,50,Desenho,Neutro,1774,Exposicao_Face
197591,17,334,475,5.34,3,197591,50,Desenho,Neutro,1791,Exposicao_Face
197608,17,355,471,5.29,3,197608,50,Desenho,Neutro,1808,Exposicao_Face
197624,17,313,501,5.31,3,197624,50,Desenho,Neutro,1824,Exposicao_Face
197641,17,329,486,5.26,3,197641,50,Desenho,Neutro,1841,Exposicao_Face
197658,17,315,494,5.26,3,197658,50,Desenho,Neutro,1858,Exposicao_Face
197674,17,316,487,5.17,3,197674,50,Desenho,Neutro,1874,Exposicao_Face
197691,17,321,519,5.21,3,197691,50,Desenho,Neutro,1891,Exposicao_Face
197708,17,313,504,5.09,3,197708,50,Desenho,Neutro,1908,Exposicao_Face
197724,17,317,496,5.12,3,197724,50,Desenho,Neutro,1924,Exposicao_Face
197741,17,315,508,5.13,3,197741,50,Desenho,Neutro,1941,Exposicao_Face
197757,17,316,509,5.12,3,197757,50,Desenho,Neutro,1957,Exposicao_Face
197774,17,318,513,5.13,3,197774,50,Desenho,Neutro,1974,Exposicao_Face
197791,17,316,519,5.13,3,197791,50,Desenho,Neutro,1991,Exposicao_Face
197807,17,317,495,5.04,3,197807,50,Desenho,Neutro,2007,Exposicao_Face
197824,17,307,499,5.09,3,197824,50,Desenho,Neutro,2024,Exposicao_Face
197841,17,316,508,5.13,3,197841,50,Desenho,Neutro,2041,Exposicao_Face
197857,17,313,502,5.1,3,197857,50,Desenho,Neutro,2057,Exposicao_Face
197874,17,314,525,5.1,3,197874,50,Desenho,Neutro,2074,Exposicao_Face
197891,17,307,497,5.12,3,197891,50,Desenho,Neutro,2091,Exposicao_Face
197907,17,308,486,5.1,3,197907,50,Desenho,Neutro,2107,Exposicao_Face
197924,17,312,506,5.12,3,197924,50,Desenho,Neutro,2124,Exposicao_Face
197940,17,314,501,5.13,3,197940,50,Desenho,Neutro,2140,Exposicao_Face
197957,17,313,483,5.1,3,197957,50,Desenho,Neutro,2157,Exposicao_Face
197974,17,312,491,5.1,3,197974,50,Desenho,Neutro,2174,Exposicao_Face
197990,17,309,501,5.12,3,197990,50,Desenho,Neutro,2190,Exposicao_Face
198007,17,306,501,5.15,3,198007,50,Desenho,Neutro,2207,Exposicao_Face
198024,17,304,507,5.17,3,198024,50,Desenho,Neutro,2224,Exposicao_Face
198040,17,310,502,5.17,3,198040,50,Desenho,Neutro,2240,Exposicao_Face
198057,17,307,494,5.21,3,198057,50,Desenho,Neutro,2257,Exposicao_Face
198074,17,307,518,5.25,3,198074,50,Desenho,Neutro,2274,Exposicao_Face
198090,17,297,498,5.21,3,198090,50,Desenho,Neutro,2290,Exposicao_Face
198107,17,305,530,5.25,3,198107,50,Desenho,Neutro,2307,Exposicao_Face
198123,17,313,538,5.25,3,198123,50,Desenho,Neutro,2323,Exposicao_Face
198140,17,318,549,5.33,3,198140,50,Desenho,Neutro,2340,Exposicao_Face
198157,17,317,538,5.31,3,198157,50,Desenho,Neutro,2357,Exposicao_Face
198173,17,308,511,5.29,3,198173,50,Desenho,Neutro,2373,Exposicao_Face
198190,17,314,509,5.33,3,198190,50,Desenho,Neutro,2390,Exposicao_Face
198207,17,316,551,5.33,3,198207,50,Desenho,Neutro,2407,Exposicao_Face
198223,17,320,510,5.28,3,198223,50,Desenho,Neutro,2423,Exposicao_Face
198240,17,320,556,5.28,3,198240,50,Desenho,Neutro,2440,Exposicao_Face
198257,17,319,522,5.31,3,198257,50,Desenho,Neutro,2457,Exposicao_Face
198273,17,316,569,5.36,3,198273,50,Desenho,Neutro,2473,Exposicao_Face
198290,17,316,537,5.36,3,198290,50,Desenho,Neutro,2490,Exposicao_Face
198306,17,320,546,5.44,3,198306,50,Desenho,Neutro,2506,Exposicao_Face
198323,17,320,539,5.42,3,198323,50,Desenho,Neutro,2523,Exposicao_Face
198340,17,313,551,5.42,3,198340,50,Desenho,Neutro,2540,Exposicao_Face
198356,17,337,546,5.44,3,198356,50,Desenho,Neutro,2556,Exposicao_Face
198373,17,318,517,5.39,3,198373,50,Desenho,Neutro,2573,Exposicao_Face
198390,17,314,521,5.39,3,198390,50,Desenho,Neutro,2590,Exposicao_Face
198406,17,315,524,5.39,3,198406,50,Desenho,Neutro,2606,Exposicao_Face
198423,17,318,516,5.39,3,198423,50,Desenho,Neutro,2623,Exposicao_Face
198440,17,323,541,5.47,3,198440,50,Desenho,Neutro,2640,Exposicao_Face
198456,17,315,534,5.37,3,198456,50,Desenho,Neutro,2656,Exposicao_Face
198473,17,316,528,5.49,3,198473,50,Desenho,Neutro,2673,Exposicao_Face
198489,17,317,525,5.42,3,198489,50,Desenho,Neutro,2689,Exposicao_Face
198506,17,315,531,5.47,3,198506,50,Desenho,Neutro,2706,Exposicao_Face
198523,17,312,526,5.44,3,198523,50,Desenho,Neutro,2723,Exposicao_Face
198539,17,324,540,5.44,3,198539,50,Desenho,Neutro,2739,Exposicao_Face
198556,17,321,530,5.44,3,198556,50,Desenho,Neutro,2756,Exposicao_Face
198573,17,301,554,5.45,3,198573,50,Desenho,Neutro,2773,Exposicao_Face
198589,17,314,517,5.45,3,198589,50,Desenho,Neutro,2789,Exposicao_Face
198606,17,314,541,5.42,3,198606,50,Desenho,Neutro,2806,Exposicao_Face
198622,17,317,528,5.39,3,198622,50,Desenho,Neutro,2822,Exposicao_Face
198656,33,292,544,5.37,3,198656,50,Desenho,Neutro,2856,Exposicao_Face
198672,17,315,506,5.34,3,198672,50,Desenho,Neutro,2872,Exposicao_Face
198689,17,326,524,5.39,3,198689,50,Desenho,Neutro,2889,Exposicao_Face
198706,17,315,534,5.36,3,198706,50,Desenho,Neutro,2906,Exposicao_Face
198722,17,318,538,5.41,3,198722,50,Desenho,Neutro,2922,Exposicao_Face
198739,17,313,548,5.41,3,198739,50,Desenho,Neutro,2939,Exposicao_Face
198756,17,312,547,5.39,3,198756,50,Desenho,Neutro,2956,Exposicao_Face
198772,17,318,527,5.37,3,198772,50,Desenho,Neutro,2972,Exposicao_Face
198789,17,317,551,5.39,3,198789,50,Desenho,Neutro,2989,Exposicao_Face
198805,17,320,522,5.41,3,198805,50,Desenho,Neutro,3005,Exposicao_Face
198822,17,315,499,5.39,3,198822,50,Desenho,Neutro,3022,Exposicao_Face
198839,17,328,537,5.42,3,198839,50,Desenho,Neutro,3039,Exposicao_Face
198855,17,311,539,5.42,3,198855,50,Desenho,Neutro,3055,Exposicao_Face
198872,17,241,362,5.34,1,198872,50,Desenho,Neutro,3072,Exposicao_Face
198889,17,182,295,5.28,1,198889,50,Desenho,Neutro,3089,Exposicao_Face
198905,17,213,265,5.33,1,198905,50,Desenho,Neutro,3105,Exposicao_Face
198922,17,211,304,5.36,1,198922,50,Desenho,Neutro,3122,Exposicao_Face
198939,17,209,353,5.34,1,198939,50,Desenho,Neutro,3139,Exposicao_Face
198955,17,212,334,5.29,1,198955,50,Desenho,Neutro,3155,Exposicao_Face
198972,17,209,347,5.36,1,198972,50,Desenho,Neutro,3172,Exposicao_Face
198988,17,194,332,5.34,1,198988,50,Desenho,Neutro,3188,Exposicao_Face
199005,17,211,357,5.36,1,199005,50,Desenho,Neutro,3205,Exposicao_Face
199022,17,246,324,5.36,1,199022,50,Desenho,Neutro,3222,Exposicao_Face
199038,17,202,342,5.34,1,199038,50,Desenho,Neutro,3238,Exposicao_Face
199055,17,209,354,5.41,1,199055,50,Desenho,Neutro,3255,Exposicao_Face
199072,17,190,332,5.39,1,199072,50,Desenho,Neutro,3272,Exposicao_Face
199088,17,214,361,5.45,1,199088,50,Desenho,Neutro,3288,Exposicao_Face
199105,17,213,343,5.41,1,199105,50,Desenho,Neutro,3305,Exposicao_Face
199122,17,217,330,5.39,1,199122,50,Desenho,Neutro,3322,Exposicao_Face
199138,17,199,331,5.42,1,199138,50,Desenho,Neutro,3338,Exposicao_Face
199155,17,218,338,5.42,1,199155,50,Desenho,Neutro,3355,Exposicao_Face
199188,33,222,327,5.44,1,199188,50,Desenho,Neutro,3388,Exposicao_Face
199205,17,228,313,5.41,1,199205,50,Desenho,Neutro,3405,Exposicao_Face
199221,17,220,337,5.37,1,199221,50,Desenho,Neutro,3421,Exposicao_Face
199255,33,220,348,5.39,1,199255,50,Desenho,Neutro,3455,Exposicao_Face
199271,17,217,330,5.29,1,199271,50,Desenho,Neutro,3471,Exposicao_Face
199288,17,250,379,5.39,2,199288,50,Desenho,Neutro,3488,Exposicao_Face
199305,17,265,365,5.41,2,199305,50,Desenho,Neutro,3505,Exposicao_Face
199321,17,270,372,5.37,2,199321,50,Desenho,Neutro,3521,Exposicao_Face
199338,17,268,352,5.29,1,199338,50,Desenho,Neutro,3538,Exposicao_Face
199354,17,270,350,5.28,1,199354,50,Desenho,Neutro,3554,Exposicao_Face
199371,17,260,354,5.34,1,199371,50,Desenho,Neutro,3571,Exposicao_Face
199388,17,272,373,5.37,2,199388,50,Desenho,Neutro,3588,Exposicao_Face
199404,17,271,358,5.31,1,199404,50,Desenho,Neutro,3604,Exposicao_Face
199421,17,268,360,5.31,1,199421,50,Desenho,Neutro,3621,Exposicao_Face
199438,17,272,353,5.26,1,199438,50,Desenho,Neutro,3638,Exposicao_Face
199454,17,268,364,5.33,2,199454,50,Desenho,Neutro,3654,Exposicao_Face
199471,17,273,350,5.31,1,199471,50,Desenho,Neutro,3671,Exposicao_Face
199488,17,274,357,5.33,1,199488,50,Desenho,Neutro,3688,Exposicao_Face
199504,17,275,341,5.33,1,199504,50,Desenho,Neutro,3704,Exposicao_Face
199521,17,273,356,5.36,1,199521,50,Desenho,Neutro,3721,Exposicao_Face
199537,17,276,356,5.37,1,199537,50,Desenho,Neutro,3737,Exposicao_Face
199554,17,277,359,5.39,1,199554,50,Desenho,Neutro,3754,Exposicao_Face
199571,17,273,356,5.36,1,199571,50,Desenho,Neutro,3771,Exposicao_Face
199587,17,280,353,5.36,1,199587,50,Desenho,Neutro,3787,Exposicao_Face
199604,17,276,334,5.28,1,199604,50,Desenho,Neutro,3804,Exposicao_Face
199621,17,276,345,5.36,1,199621,50,Desenho,Neutro,3821,Exposicao_Face
199637,17,273,343,5.36,1,199637,50,Desenho,Neutro,3837,Exposicao_Face
199654,17,272,345,5.39,1,199654,50,Desenho,Neutro,3854,Exposicao_Face
199670,17,273,350,5.36,1,199670,50,Desenho,Neutro,3870,Exposicao_Face
199687,17,275,348,5.36,1,199687,50,Desenho,Neutro,3887,Exposicao_Face
199704,17,258,376,5.39,2,199704,50,Desenho,Neutro,3904,Exposicao_Face
199720,17,245,357,5.34,1,199720,50,Desenho,Neutro,3920,Exposicao_Face
199737,17,244,352,5.37,1,199737,50,Desenho,Neutro,3937,Exposicao_Face
199754,17,245,344,5.36,1,199754,50,Desenho,Neutro,3954,Exposicao_Face
199770,17,248,355,5.39,1,199770,50,Desenho,Neutro,3970,Exposicao_Face
199787,17,249,351,5.36,1,199787,50,Desenho,Neutro,3987,Exposicao_Face
199804,17,240,361,5.36,1,199804,51,Desenho,Raiva,4,Janela_Baseline
199820,17,247,370,5.41,2,199820,51,Desenho,Raiva,20,Janela_Baseline
199837,17,240,367,5.42,2,199837,51,Desenho,Raiva,37,Janela_Baseline
199853,17,236,348,5.39,1,199853,51,Desenho,Raiva,53,Janela_Baseline
199870,17,240,330,5.41,1,199870,51,Desenho,Raiva,70,Janela_Baseline
199887,17,239,360,5.42,1,199887,51,Desenho,Raiva,87,Janela_Baseline
199903,17,244,352,5.37,1,199903,51,Desenho,Raiva,103,Janela_Baseline
199920,17,239,353,5.42,1,199920,51,Desenho,Raiva,120,Janela_Baseline
199937,17,208,360,5.45,1,199937,51,Desenho,Raiva,137,Janela_Baseline
199953,17,237,358,5.5,1,199953,51,Desenho,Raiva,153,Janela_Baseline
199970,17,243,354,5.47,1,199970,51,Desenho,Raiva,170,Janela_Baseline
199987,17,238,344,5.41,1,199987,51,Desenho,Raiva,187,Janela_Baseline
200003,17,222,355,5.44,1,200003,51,Desenho,Raiva,203,Janela_Baseline
200020,17,272,339,5.44,1,200020,51,Desenho,Raiva,220,Janela_Baseline
200036,17,239,358,5.41,1,200036,51,Desenho,Raiva,236,Janela_Baseline
200053,17,302,342,5.52,1,200053,51,Desenho,Raiva,253,Janela_Baseline
200070,17,428,373,5.65,2,200070,51,Desenho,Raiva,270,Janela_Baseline
200086,17,520,349,5.61,1,200086,51,Desenho,Raiva,286,Janela_Baseline
200103,17,521,361,5.65,1,200103,51,Desenho,Raiva,303,Janela_Baseline
200120,17,535,351,5.61,1,200120,51,Desenho,Raiva,320,Janela_Baseline
200136,17,557,345,5.57,1,200136,51,Desenho,Raiva,336,Janela_Baseline
200153,17,529,361,5.58,1,200153,51,Desenho,Raiva,353,Janela_Baseline
200170,17,538,361,5.53,1,200170,51,Desenho,Raiva,370,Janela_Baseline
200186,17,550,369,5.57,2,200186,51,Desenho,Raiva,386,Janela_Baseline
200203,17,548,373,5.55,2,200203,51,Desenho,Raiva,403,Janela_Baseline
200219,17,527,369,5.52,2,200219,51,Desenho,Raiva,419,Janela_Baseline
200236,17,551,354,5.45,1,200236,51,Desenho,Raiva,436,Janela_Baseline
200253,17,527,369,5.5,2,200253,51,Desenho,Raiva,453,Janela_Baseline
200269,17,532,362,5.49,1,200269,51,Desenho,Raiva,469,Janela_Baseline
200286,17,534,359,5.5,1,200286,51,Desenho,Raiva,486,Janela_Baseline
200303,17,540,368,5.5,2,200303,51,Desenho,Raiva,503,Janela_Baseline
200319,17,537,367,5.47,2,200319,51,Desenho,Raiva,519,Janela_Baseline
200336,17,536,357,5.49,1,200336,51,Desenho,Raiva,536,Janela_Baseline
200353,17,524,353,5.44,1,200353,51,Desenho,Raiva,553,Janela_Baseline
200369,17,538,350,5.45,1,200369,51,Desenho,Raiva,569,Janela_Baseline
200386,17,538,334,5.39,1,200386,51,Desenho,Raiva,586,Janela_Baseline
200402,17,544,352,5.37,1,200402,51,Desenho,Raiva,602,Janela_Baseline
200419,17,543,347,5.41,1,200419,51,Desenho,Raiva,619,Janela_Baseline
200436,17,544,358,5.37,1,200436,51,Desenho,Raiva,636,Janela_Baseline
200452,17,544,347,5.36,1,200452,51,Desenho,Raiva,652,Janela_Baseline
200469,17,543,359,5.36,1,200469,51,Desenho,Raiva,669,Janela_Baseline
200486,17,543,349,5.31,1,200486,51,Desenho,Raiva,686,Janela_Baseline
200502,17,543,360,5.33,1,200502,51,Desenho,Raiva,702,Janela_Baseline
200519,17,548,354,5.31,1,200519,51,Desenho,Raiva,719,Janela_Baseline
200536,17,544,373,5.37,2,200536,51,Desenho,Raiva,736,Janela_Baseline
200552,17,543,351,5.29,1,200552,51,Desenho,Raiva,752,Janela_Baseline
200569,17,548,351,5.33,1,200569,51,Desenho,Raiva,769,Janela_Baseline
200585,17,543,362,5.33,1,200585,51,Desenho,Raiva,785,Janela_Baseline
200602,17,536,345,5.29,1,200602,51,Desenho,Raiva,802,Janela_Baseline
200619,17,547,337,5.26,1,200619,51,Desenho,Raiva,819,Janela_Baseline
200635,17,536,344,5.26,1,200635,51,Desenho,Raiva,835,Janela_Baseline
200652,17,539,366,5.26,2,200652,51,Desenho,Raiva,852,Janela_Baseline
200669,17,545,367,5.29,2,200669,51,Desenho,Raiva,869,Janela_Baseline
200685,17,541,381,5.34,2,200685,51,Desenho,Raiva,885,Janela_Baseline
200702,17,539,387,5.34,2,200702,51,Desenho,Raiva,902,Janela_Baseline
200719,17,546,370,5.33,2,200719,51,Desenho,Raiva,919,Janela_Baseline
200735,17,548,367,5.36,2,200735,51,Desenho,Raiva,935,Janela_Baseline
200752,17,544,359,5.36,1,200752,51,Desenho,Raiva,952,Janela_Baseline
200768,17,549,360,5.37,1,200768,51,Desenho,Raiva,968,Janela_Baseline
200785,17,545,348,5.31,1,200785,51,Desenho,Raiva,985,Janela_Baseline
200802,17,545,373,5.37,2,200802,51,Desenho,Raiva,1002,Janela_Baseline
200818,17,544,361,5.39,1,200818,51,Desenho,Raiva,1018,Janela_Baseline
200835,17,549,352,5.37,1,200835,51,Desenho,Raiva,1035,Janela_Baseline
200852,17,541,348,5.39,1,200852,51,Desenho,Raiva,1052,Janela_Baseline
200868,17,551,344,5.41,1,200868,51,Desenho,Raiva,1068,Janela_Baseline
200885,17,543,351,5.41,1,200885,51,Desenho,Raiva,1085,Janela_Baseline
200901,17,552,353,5.47,1,200901,51,Desenho,Raiva,1101,Janela_Baseline
200918,17,538,368,5.44,2,200918,51,Desenho,Raiva,1118,Janela_Baseline
200935,17,545,374,5.45,2,200935,51,Desenho,Raiva,1135,Janela_Baseline
200951,17,540,380,5.52,2,200951,51,Desenho,Raiva,1151,Janela_Baseline
200968,17,555,355,5.47,1,200968,51,Desenho,Raiva,1168,Janela_Baseline
200985,17,540,362,5.5,1,200985,51,Desenho,Raiva,1185,Janela_Baseline
201001,17,547,362,5.53,1,201001,51,Desenho,Raiva,1201,Janela_Baseline
201018,17,550,344,5.53,1,201018,51,Desenho,Raiva,1218,Janela_Baseline
201035,17,554,354,5.57,1,201035,51,Desenho,Raiva,1235,Janela_Baseline
201051,17,555,341,5.52,1,201051,51,Desenho,Raiva,1251,Janela_Baseline
201068,17,553,358,5.6,1,201068,51,Desenho,Raiva,1268,Janela_Baseline
201084,17,552,364,5.57,2,201084,51,Desenho,Raiva,1284,Janela_Baseline
201101,17,534,358,5.6,1,201101,51,Desenho,Raiva,1301,Exposicao_Face
201118,17,562,353,5.58,1,201118,51,Desenho,Raiva,1318,Exposicao_Face
201134,17,540,375,5.63,2,201134,51,Desenho,Raiva,1334,Exposicao_Face
201151,17,544,370,5.6,2,201151,51,Desenho,Raiva,1351,Exposicao_Face
201168,17,540,376,5.61,2,201168,51,Desenho,Raiva,1368,Exposicao_Face
201184,17,552,369,5.6,2,201184,51,Desenho,Raiva,1384,Exposicao_Face
201201,17,512,691,5.63,3,201201,51,Desenho,Raiva,1401,Exposicao_Face
201417,216,437,640,5.58,3,201417,51,Desenho,Raiva,1617,Exposicao_Face
201434,17,431,499,5.65,3,201434,51,Desenho,Raiva,1634,Exposicao_Face
201450,17,425,475,5.65,3,201450,51,Desenho,Raiva,1650,Exposicao_Face
201467,17,433,365,5.55,2,201467,51,Desenho,Raiva,1667,Exposicao_Face
201484,17,442,379,5.69,2,201484,51,Desenho,Raiva,1684,Exposicao_Face
201500,17,444,344,5.66,1,201500,51,Desenho,Raiva,1700,Exposicao_Face
201517,17,452,309,5.66,1,201517,51,Desenho,Raiva,1717,Exposicao_Face
201534,17,453,315,5.65,1,201534,51,Desenho,Raiva,1734,Exposicao_Face
201550,17,462,319,5.65,1,201550,51,Desenho,Raiva,1750,Exposicao_Face
201567,17,431,327,5.65,1,201567,51,Desenho,Raiva,1767,Exposicao_Face
201584,17,442,300,5.73,1,201584,51,Desenho,Raiva,1784,Exposicao_Face
201600,17,446,288,5.73,1,201600,51,Desenho,Raiva,1800,Exposicao_Face
201617,17,453,311,5.69,1,201617,51,Desenho,Raiva,1817,Exposicao_Face
201633,17,450,321,5.73,1,201633,51,Desenho,Raiva,1833,Exposicao_Face
201650,17,436,313,5.71,1,201650,51,Desenho,Raiva,1850,Exposicao_Face
201667,17,443,303,5.76,1,201667,51,Desenho,Raiva,1867,Exposicao_Face
201683,17,445,310,5.78,1,201683,51,Desenho,Raiva,1883,Exposicao_Face
201700,17,456,311,5.81,1,201700,51,Desenho,Raiva,1900,Exposicao_Face
201717,17,460,284,5.79,1,201717,51,Desenho,Raiva,1917,Exposicao_Face
201733,17,467,322,5.78,1,201733,51,Desenho,Raiva,1933,Exposicao_Face
201750,17,446,324,5.78,1,201750,51,Desenho,Raiva,1950,Exposicao_Face
201767,17,449,329,5.78,1,201767,51,Desenho,Raiva,1967,Exposicao_Face
201783,17,450,324,5.76,1,201783,51,Desenho,Raiva,1983,Exposicao_Face
201800,17,454,330,5.78,1,201800,51,Desenho,Raiva,2000,Exposicao_Face
201816,17,449,373,5.81,2,201816,51,Desenho,Raiva,2016,Exposicao_Face
201833,17,441,390,5.86,2,201833,51,Desenho,Raiva,2033,Exposicao_Face
201850,17,466,367,5.86,2,201850,51,Desenho,Raiva,2050,Exposicao_Face
201866,17,444,385,5.81,2,201866,51,Desenho,Raiva,2066,Exposicao_Face
201883,17,471,383,5.81,2,201883,51,Desenho,Raiva,2083,Exposicao_Face
201900,17,456,375,5.79,2,201900,51,Desenho,Raiva,2100,Exposicao_Face
201916,17,435,375,5.79,2,201916,51,Desenho,Raiva,2116,Exposicao_Face
201933,17,437,388,5.78,2,201933,51,Desenho,Raiva,2133,Exposicao_Face
201949,17,446,385,5.71,2,201949,51,Desenho,Raiva,2149,Exposicao_Face
201966,17,443,368,5.71,2,201966,51,Desenho,Raiva,2166,Exposicao_Face
201983,17,443,366,5.79,2,201983,51,Desenho,Raiva,2183,Exposicao_Face
201999,17,445,370,5.78,2,201999,51,Desenho,Raiva,2199,Exposicao_Face
202016,17,470,365,5.76,2,202016,51,Desenho,Raiva,2216,Exposicao_Face
202033,17,441,361,5.69,1,202033,51,Desenho,Raiva,2233,Exposicao_Face
202049,17,442,368,5.78,2,202049,51,Desenho,Raiva,2249,Exposicao_Face
202066,17,441,364,5.69,2,202066,51,Desenho,Raiva,2266,Exposicao_Face
202083,17,447,379,5.73,2,202083,51,Desenho,Raiva,2283,Exposicao_Face
202099,17,437,370,5.74,2,202099,51,Desenho,Raiva,2299,Exposicao_Face
202116,17,431,364,5.74,2,202116,51,Desenho,Raiva,2316,Exposicao_Face
202132,17,417,374,5.78,2,202132,51,Desenho,Raiva,2332,Exposicao_Face
202149,17,439,370,5.71,2,202149,51,Desenho,Raiva,2349,Exposicao_Face
202166,17,449,363,5.74,2,202166,51,Desenho,Raiva,2366,Exposicao_Face
202182,17,439,356,5.69,1,202182,51,Desenho,Raiva,2382,Exposicao_Face
202199,17,433,364,5.78,2,202199,51,Desenho,Raiva,2399,Exposicao_Face
202216,17,438,353,5.74,1,202216,51,Desenho,Raiva,2416,Exposicao_Face
202232,17,444,354,5.68,1,202232,51,Desenho,Raiva,2432,Exposicao_Face
202249,17,435,360,5.71,1,202249,51,Desenho,Raiva,2449,Exposicao_Face
202266,17,432,366,5.74,2,202266,51,Desenho,Raiva,2466,Exposicao_Face
202282,17,445,362,5.78,1,202282,51,Desenho,Raiva,2482,Exposicao_Face
202299,17,443,372,5.78,2,202299,51,Desenho,Raiva,2499,Exposicao_Face
202315,17,444,349,5.78,1,202315,51,Desenho,Raiva,2515,Exposicao_Face
202332,17,433,345,5.78,1,202332,51,Desenho,Raiva,2532,Exposicao_Face
202349,17,441,335,5.74,1,202349,51,Desenho,Raiva,2549,Exposicao_Face
202365,17,441,341,5.74,1,202365,51,Desenho,Raiva,2565,Exposicao_Face
202382,17,441,349,5.76,1,202382,51,Desenho,Raiva,2582,Exposicao_Face
202399,17,438,343,5.78,1,202399,51,Desenho,Raiva,2599,Exposicao_Face
202415,17,436,376,5.78,2,202415,51,Desenho,Raiva,2615,Exposicao_Face
202432,17,433,370,5.82,2,202432,51,Desenho,Raiva,2632,Exposicao_Face
202449,17,436,388,5.84,2,202449,51,Desenho,Raiva,2649,Exposicao_Face
202465,17,427,359,5.84,1,202465,51,Desenho,Raiva,2665,Exposicao_Face
202482,17,431,355,5.79,1,202482,51,Desenho,Raiva,2682,Exposicao_Face
202498,17,438,359,5.78,1,202498,51,Desenho,Raiva,2698,Exposicao_Face
202515,17,446,345,5.82,1,202515,51,Desenho,Raiva,2715,Exposicao_Face
202532,17,435,326,5.78,1,202532,51,Desenho,Raiva,2732,Exposicao_Face
202548,17,451,342,5.79,1,202548,51,Desenho,Raiva,2748,Exposicao_Face
202565,17,439,340,5.78,1,202565,51,Desenho,Raiva,2765,Exposicao_Face
202582,17,439,347,5.81,1,202582,51,Desenho,Raiva,2782,Exposicao_Face
202598,17,431,355,5.82,1,202598,51,Desenho,Raiva,2798,Exposicao_Face
202615,17,440,357,5.86,1,202615,51,Desenho,Raiva,2815,Exposicao_Face
202632,17,437,355,5.84,1,202632,51,Desenho,Raiva,2832,Exposicao_Face
202648,17,448,348,5.81,1,202648,51,Desenho,Raiva,2848,Exposicao_Face
202665,17,447,356,5.86,1,202665,51,Desenho,Raiva,2865,Exposicao_Face
202681,17,450,346,5.86,1,202681,51,Desenho,Raiva,2881,Exposicao_Face
202698,17,442,356,5.84,1,202698,51,Desenho,Raiva,2898,Exposicao_Face
202715,17,443,347,5.81,1,202715,51,Desenho,Raiva,2915,Exposicao_Face
202731,17,443,344,5.84,1,202731,51,Desenho,Raiva,2931,Exposicao_Face
202748,17,444,353,5.87,1,202748,51,Desenho,Raiva,2948,Exposicao_Face
202765,17,435,339,5.79,1,202765,51,Desenho,Raiva,2965,Exposicao_Face
202781,17,432,352,5.81,1,202781,51,Desenho,Raiva,2981,Exposicao_Face
202798,17,438,355,5.79,1,202798,51,Desenho,Raiva,2998,Exposicao_Face
202815,17,432,363,5.84,2,202815,51,Desenho,Raiva,3015,Exposicao_Face
202831,17,443,356,5.89,1,202831,51,Desenho,Raiva,3031,Exposicao_Face
202848,17,433,367,5.87,2,202848,51,Desenho,Raiva,3048,Exposicao_Face
202864,17,440,361,5.84,1,202864,51,Desenho,Raiva,3064,Exposicao_Face
202881,17,449,386,5.9,2,202881,51,Desenho,Raiva,3081,Exposicao_Face
202898,17,434,355,5.87,1,202898,51,Desenho,Raiva,3098,Exposicao_Face
202914,17,441,338,5.84,1,202914,51,Desenho,Raiva,3114,Exposicao_Face
202931,17,431,368,5.89,2,202931,51,Desenho,Raiva,3131,Exposicao_Face
202948,17,438,379,5.89,2,202948,51,Desenho,Raiva,3148,Exposicao_Face
202964,17,442,373,5.84,2,202964,51,Desenho,Raiva,3164,Exposicao_Face
202981,17,435,351,5.84,1,202981,51,Desenho,Raiva,3181,Exposicao_Face
202998,17,442,354,5.84,1,202998,51,Desenho,Raiva,3198,Exposicao_Face
203014,17,435,345,5.81,1,203014,51,Desenho,Raiva,3214,Exposicao_Face
203031,17,439,380,5.9,2,203031,51,Desenho,Raiva,3231,Exposicao_Face
203047,17,435,360,5.79,1,203047,51,Desenho,Raiva,3247,Exposicao_Face
203064,17,429,363,5.87,2,203064,51,Desenho,Raiva,3264,Exposicao_Face
203081,17,498,349,5.81,1,203081,51,Desenho,Raiva,3281,Exposicao_Face
203097,17,542,351,5.94,1,203097,51,Desenho,Raiva,3297,Exposicao_Face
203114,17,560,324,5.9,1,203114,51,Desenho,Raiva,3314,Exposicao_Face
203131,17,554,318,5.89,1,203131,51,Desenho,Raiva,3331,Exposicao_Face
203147,17,570,328,5.92,1,203147,51,Desenho,Raiva,3347,Exposicao_Face
203164,17,557,337,5.95,1,203164,51,Desenho,Raiva,3364,Exposicao_Face
203180,17,567,315,5.89,1,203180,51,Desenho,Raiva,3380,Exposicao_Face
203197,17,582,313,5.94,1,203197,51,Desenho,Raiva,3397,Exposicao_Face
203214,17,566,329,5.94,1,203214,51,Desenho,Raiva,3414,Exposicao_Face
203230,17,558,330,5.9,1,203230,51,Desenho,Raiva,3430,Exposicao_Face
203247,17,569,308,5.89,1,203247,51,Desenho,Raiva,3447,Exposicao_Face
203264,17,561,328,5.86,1,203264,51,Desenho,Raiva,3464,Exposicao_Face
203280,17,559,342,5.9,1,203280,51,Desenho,Raiva,3480,Exposicao_Face
203297,17,553,324,5.9,1,203297,51,Desenho,Raiva,3497,Exposicao_Face
203314,17,552,344,5.94,1,203314,51,Desenho,Raiva,3514,Exposicao_Face
203330,17,560,326,5.9,1,203330,51,Desenho,Raiva,3530,Exposicao_Face
203347,17,563,340,5.9,1,203347,51,Desenho,Raiva,3547,Exposicao_Face
203363,17,570,335,5.9,1,203363,51,Desenho,Raiva,3563,Exposicao_Face
203380,17,550,342,5.9,1,203380,51,Desenho,Raiva,3580,Exposicao_Face
203397,17,553,339,5.9,1,203397,51,Desenho,Raiva,3597,Exposicao_Face
203413,17,565,340,5.94,1,203413,51,Desenho,Raiva,3613,Exposicao_Face
203430,17,558,329,5.9,1,203430,51,Desenho,Raiva,3630,Exposicao_Face
203447,17,571,301,5.84,1,203447,51,Desenho,Raiva,3647,Exposicao_Face
203463,17,553,639,5.84,3,203463,51,Desenho,Raiva,3663,Exposicao_Face
203480,17,284,363,0.0,2,203480,51,Desenho,Raiva,3680,Exposicao_Face
203630,150,508,487,0.0,3,203630,51,Desenho,Raiva,3830,Exposicao_Face
203646,17,491,491,0.0,3,203646,51,Desenho,Raiva,3846,Exposicao_Face
203663,17,491,302,0.0,1,203663,51,Desenho,Raiva,3863,Exposicao_Face
203713,50,305,527,-1.0,3,203713,51,Desenho,Raiva,3913,Exposicao_Face
203729,17,305,908,6.74,0,203729,51,Desenho,Raiva,3929,Exposicao_Face
203746,17,425,645,5.89,3,203746,51,Desenho,Raiva,3946,Exposicao_Face
203763,17,447,549,5.87,3,203763,51,Desenho,Raiva,3963,Exposicao_Face
203796,33,439,418,5.86,3,203796,51,Desenho,Raiva,3996,Exposicao_Face
203813,17,454,429,5.89,3,203813,51,Desenho,Raiva,13,Descarte
203846,33,465,376,5.89,0,203846,51,Desenho,Raiva,46,Descarte
203846,0,465,376,5.89,0,203846,51,Desenho,Raiva,46,Descarte
203863,17,463,359,5.86,0,203863,51,Desenho,Raiva,63,Descarte
203879,17,473,327,5.86,0,203879,51,Desenho,Raiva,79,Descarte
