Time (ms),Timegap (ms),Gaze X,Gaze Y,Pupil_Size,AOI,Time_Normalized (ms),Face_ID,Tipo_Estimulo,Emocao,Tempo_Interno_Bloco,Fase_Estimulo
0,0,462,983,5.81,0,0,1,Humano,Feliz,0,Janela_Baseline
17,17,412,883,-1.0,0,17,1,Humano,Feliz,17,Janela_Baseline
33,17,391,853,5.73,0,33,1,Humano,Feliz,33,Janela_Baseline
50,17,394,867,5.81,0,50,1,Humano,Feliz,50,Janela_Baseline
67,17,392,858,5.84,0,67,1,Humano,Feliz,67,Janela_Baseline
83,17,391,862,5.9,0,83,1,Humano,Feliz,83,Janela_Baseline
100,17,393,865,5.78,0,100,1,Humano,Feliz,100,Janela_Baseline
116,17,392,863,5.81,0,116,1,Humano,Feliz,116,Janela_Baseline
133,17,393,857,5.82,0,133,1,Humano,Feliz,133,Janela_Baseline
150,17,384,859,5.81,0,150,1,Humano,Feliz,150,Janela_Baseline
166,17,394,860,5.82,0,166,1,Humano,Feliz,166,Janela_Baseline
183,17,390,864,5.9,0,183,1,Humano,Feliz,183,Janela_Baseline
200,17,388,858,5.79,0,200,1,Humano,Feliz,200,Janela_Baseline
216,17,389,860,5.82,0,216,1,Humano,Feliz,216,Janela_Baseline
233,17,390,854,5.82,0,233,1,Humano,Feliz,233,Janela_Baseline
250,17,386,857,5.81,0,250,1,Humano,Feliz,250,Janela_Baseline
266,17,385,858,5.86,0,266,1,Humano,Feliz,266,Janela_Baseline
283,17,389,852,5.74,0,283,1,Humano,Feliz,283,Janela_Baseline
299,17,391,852,5.79,0,299,1,Humano,Feliz,299,Janela_Baseline
316,17,392,859,5.76,0,316,1,Humano,Feliz,316,Janela_Baseline
333,17,392,861,5.82,0,333,1,Humano,Feliz,333,Janela_Baseline
349,17,389,855,5.92,0,349,1,Humano,Feliz,349,Janela_Baseline
366,17,395,864,5.84,0,366,1,Humano,Feliz,366,Janela_Baseline
383,17,390,855,5.84,0,383,1,Humano,Feliz,383,Janela_Baseline
399,17,389,855,5.87,0,399,1,Humano,Feliz,399,Janela_Baseline
416,17,392,838,5.9,0,416,1,Humano,Feliz,416,Janela_Baseline
433,17,384,857,5.87,0,433,1,Humano,Feliz,433,Janela_Baseline
449,17,388,854,5.89,0,449,1,Humano,Feliz,449,Janela_Baseline
466,17,392,847,5.76,0,466,1,Humano,Feliz,466,Janela_Baseline
482,17,393,851,5.78,0,482,1,Humano,Feliz,482,Janela_Baseline
499,17,438,647,5.66,0,499,1,Humano,Feliz,499,Janela_Baseline
516,17,467,576,5.53,0,516,1,Humano,Feliz,516,Janela_Baseline
532,17,499,512,5.45,0,532,1,Humano,Feliz,532,Janela_Baseline
549,17,515,484,5.41,0,549,1,Humano,Feliz,549,Janela_Baseline
566,17,517,461,5.21,0,566,1,Humano,Feliz,566,Janela_Baseline
582,17,520,453,5.18,0,582,1,Humano,Feliz,582,Janela_Baseline
599,17,528,484,5.12,0,599,1,Humano,Feliz,599,Janela_Baseline
615,17,529,472,4.97,0,615,1,Humano,Feliz,615,Janela_Baseline
632,17,534,456,4.94,0,632,1,Humano,Feliz,632,Janela_Baseline
649,17,532,484,4.83,0,649,1,Humano,Feliz,649,Janela_Baseline
665,17,538,460,4.72,0,665,1,Humano,Feliz,665,Janela_Baseline
682,17,538,469,4.67,0,682,1,Humano,Feliz,682,Janela_Baseline
699,17,541,456,4.56,0,699,1,Humano,Feliz,699,Janela_Baseline
715,17,543,468,4.52,0,715,1,Humano,Feliz,715,Janela_Baseline
732,17,556,469,4.48,0,732,1,Humano,Feliz,732,Janela_Baseline
749,17,577,935,4.33,0,749,1,Humano,Feliz,749,Janela_Baseline
765,17,697,880,0.0,0,765,1,Humano,Feliz,765,Janela_Baseline
782,17,623,656,0.0,0,782,1,Humano,Feliz,782,Janela_Baseline
798,17,608,723,0.0,0,798,1,Humano,Feliz,798,Janela_Baseline
815,17,679,759,0.0,0,815,1,Humano,Feliz,815,Janela_Baseline
832,17,613,791,0.0,0,832,1,Humano,Feliz,832,Janela_Baseline
848,17,529,970,0.0,0,848,1,Humano,Feliz,848,Janela_Baseline
865,17,602,921,0.0,0,865,1,Humano,Feliz,865,Janela_Baseline
882,17,564,981,0.0,0,882,1,Humano,Feliz,882,Janela_Baseline
898,17,520,957,4.03,0,898,1,Humano,Feliz,898,Janela_Baseline
915,17,524,982,3.95,0,915,1,Humano,Feliz,915,Janela_Baseline
932,17,519,948,-1.0,0,932,1,Humano,Feliz,932,Janela_Baseline
948,17,524,869,-1.0,0,948,1,Humano,Feliz,948,Janela_Baseline
965,17,455,982,-1.0,0,965,1,Humano,Feliz,965,Janela_Baseline
981,17,460,1001,-1.0,0,981,1,Humano,Feliz,981,Janela_Baseline
998,17,464,1020,-1.0,0,998,1,Humano,Feliz,998,Janela_Baseline
1015,17,524,960,-1.0,0,1015,1,Humano,Feliz,1015,Janela_Baseline
1031,17,527,954,-1.0,0,1031,1,Humano,Feliz,1031,Janela_Baseline
1048,17,526,935,-1.0,0,1048,1,Humano,Feliz,1048,Janela_Baseline
1065,17,526,1012,-1.0,0,1065,1,Humano,Feliz,1065,Janela_Baseline
1081,17,527,938,-1.0,0,1081,1,Humano,Feliz,1081,Janela_Baseline
1098,17,479,942,-1.0,0,1098,1,Humano,Feliz,1098,Janela_Baseline
1115,17,462,974,-1.0,0,1115,1,Humano,Feliz,1115,Exposicao_Face
1131,17,443,1016,-1.0,0,1131,1,Humano,Feliz,1131,Exposicao_Face
1148,17,434,1074,-1.0,0,1148,1,Humano,Feliz,1148,Exposicao_Face
1164,17,529,1015,-1.0,0,1164,1,Humano,Feliz,1164,Exposicao_Face
1181,17,526,931,-1.0,0,1181,1,Humano,Feliz,1181,Exposicao_Face
1198,17,508,903,-1.0,0,1198,1,Humano,Feliz,1198,Exposicao_Face
1214,17,465,964,-1.0,0,1214,1,Humano,Feliz,1214,Exposicao_Face
1231,17,497,844,-1.0,0,1231,1,Humano,Feliz,1231,Exposicao_Face
1248,17,460,942,-1.0,0,1248,1,Humano,Feliz,1248,Exposicao_Face
1264,17,446,994,-1.0,0,1264,1,Humano,Feliz,1264,Exposicao_Face
1281,17,499,842,-1.0,0,1281,1,Humano,Feliz,1281,Exposicao_Face
1298,17,492,976,-1.0,0,1298,1,Humano,Feliz,1298,Exposicao_Face
1314,17,506,874,-1.0,0,1314,1,Humano,Feliz,1314,Exposicao_Face
1331,17,503,864,-1.0,0,1331,1,Humano,Feliz,1331,Exposicao_Face
1347,17,523,993,-1.0,0,1347,1,Humano,Feliz,1347,Exposicao_Face
1364,17,420,897,-1.0,0,1364,1,Humano,Feliz,1364,Exposicao_Face
1381,17,526,940,-1.0,0,1381,1,Humano,Feliz,1381,Exposicao_Face
1397,17,436,956,-1.0,0,1397,1,Humano,Feliz,1397,Exposicao_Face
1414,17,505,847,-1.0,0,1414,1,Humano,Feliz,1414,Exposicao_Face
1431,17,439,994,-1.0,0,1431,1,Humano,Feliz,1431,Exposicao_Face
1447,17,530,895,-1.0,0,1447,1,Humano,Feliz,1447,Exposicao_Face
1464,17,513,936,-1.0,0,1464,1,Humano,Feliz,1464,Exposicao_Face
1481,17,487,978,-1.0,0,1481,1,Humano,Feliz,1481,Exposicao_Face
1497,17,458,1014,-1.0,0,1497,1,Humano,Feliz,1497,Exposicao_Face
1514,17,423,911,-1.0,0,1514,1,Humano,Feliz,1514,Exposicao_Face
1530,17,486,952,-1.0,0,1530,1,Humano,Feliz,1530,Exposicao_Face
1547,17,448,981,-1.0,0,1547,1,Humano,Feliz,1547,Exposicao_Face
1564,17,512,1024,-1.0,0,1564,1,Humano,Feliz,1564,Exposicao_Face
1580,17,482,916,-1.0,0,1580,1,Humano,Feliz,1580,Exposicao_Face
1597,17,510,857,-1.0,0,1597,1,Humano,Feliz,1597,Exposicao_Face
1614,17,510,822,-1.0,0,1614,1,Humano,Feliz,1614,Exposicao_Face
1630,17,441,973,5.26,0,1630,1,Humano,Feliz,1630,Exposicao_Face
1647,17,441,989,-1.0,0,1647,1,Humano,Feliz,1647,Exposicao_Face
1664,17,507,865,-1.0,0,1664,1,Humano,Feliz,1664,Exposicao_Face
1680,17,513,871,-1.0,0,1680,1,Humano,Feliz,1680,Exposicao_Face
1697,17,528,815,-1.0,0,1697,1,Humano,Feliz,1697,Exposicao_Face
1713,17,545,758,-1.0,0,1713,1,Humano,Feliz,1713,Exposicao_Face
1730,17,531,646,-1.0,0,1730,1,Humano,Feliz,1730,Exposicao_Face
1747,17,520,517,4.62,0,1747,1,Humano,Feliz,1747,Exposicao_Face
1763,17,520,474,4.7,0,1763,1,Humano,Feliz,1763,Exposicao_Face
1780,17,525,344,4.7,0,1780,1,Humano,Feliz,1780,Exposicao_Face
1797,17,532,418,4.7,0,1797,1,Humano,Feliz,1797,Exposicao_Face
1813,17,531,443,4.72,0,1813,1,Humano,Feliz,1813,Exposicao_Face
1830,17,532,466,4.76,0,1830,1,Humano,Feliz,1830,Exposicao_Face
1846,17,541,447,4.73,0,1846,1,Humano,Feliz,1846,Exposicao_Face
1863,17,540,454,4.78,0,1863,1,Humano,Feliz,1863,Exposicao_Face
1880,17,536,465,4.86,0,1880,1,Humano,Feliz,1880,Exposicao_Face
1896,17,539,454,4.81,0,1896,1,Humano,Feliz,1896,Exposicao_Face
1913,17,530,364,4.81,0,1913,1,Humano,Feliz,1913,Exposicao_Face
1930,17,533,373,4.83,0,1930,1,Humano,Feliz,1930,Exposicao_Face
1946,17,530,378,4.94,0,1946,1,Humano,Feliz,1946,Exposicao_Face
1963,17,538,377,4.89,0,1963,1,Humano,Feliz,1963,Exposicao_Face
1980,17,535,371,5.02,0,1980,1,Humano,Feliz,1980,Exposicao_Face
1996,17,535,378,4.92,0,1996,1,Humano,Feliz,1996,Exposicao_Face
2013,17,532,368,4.89,0,2013,1,Humano,Feliz,2013,Exposicao_Face
2029,17,534,365,4.94,0,2029,1,Humano,Feliz,2029,Exposicao_Face
2046,17,532,352,4.88,0,2046,1,Humano,Feliz,2046,Exposicao_Face
2063,17,537,364,4.89,0,2063,1,Humano,Feliz,2063,Exposicao_Face
2079,17,537,369,4.88,0,2079,1,Humano,Feliz,2079,Exposicao_Face
2096,17,537,355,4.83,0,2096,1,Humano,Feliz,2096,Exposicao_Face
2113,17,539,371,4.86,0,2113,1,Humano,Feliz,2113,Exposicao_Face
2129,17,536,366,4.84,0,2129,1,Humano,Feliz,2129,Exposicao_Face
2146,17,534,384,4.83,0,2146,1,Humano,Feliz,2146,Exposicao_Face
2163,17,531,345,4.68,0,2163,1,Humano,Feliz,2163,Exposicao_Face
2179,17,532,339,4.67,0,2179,1,Humano,Feliz,2179,Exposicao_Face
2196,17,528,364,4.72,0,2196,1,Humano,Feliz,2196,Exposicao_Face
2212,17,535,345,4.64,0,2212,1,Humano,Feliz,2212,Exposicao_Face
2229,17,533,343,4.6,0,2229,1,Humano,Feliz,2229,Exposicao_Face
2246,17,532,371,4.65,0,2246,1,Humano,Feliz,2246,Exposicao_Face
2262,17,535,354,4.54,0,2262,1,Humano,Feliz,2262,Exposicao_Face
2279,17,531,339,4.46,0,2279,1,Humano,Feliz,2279,Exposicao_Face
2296,17,534,369,4.6,0,2296,1,Humano,Feliz,2296,Exposicao_Face
2312,17,532,365,4.49,0,2312,1,Humano,Feliz,2312,Exposicao_Face
2329,17,533,363,4.46,0,2329,1,Humano,Feliz,2329,Exposicao_Face
2346,17,536,358,4.51,0,2346,1,Humano,Feliz,2346,Exposicao_Face
2362,17,535,349,4.43,0,2362,1,Humano,Feliz,2362,Exposicao_Face
2379,17,532,356,4.57,0,2379,1,Humano,Feliz,2379,Exposicao_Face
2395,17,536,338,4.41,0,2395,1,Humano,Feliz,2395,Exposicao_Face
2412,17,537,344,4.4,0,2412,1,Humano,Feliz,2412,Exposicao_Face
2429,17,534,370,4.49,0,2429,1,Humano,Feliz,2429,Exposicao_Face
2445,17,532,343,4.48,0,2445,1,Humano,Feliz,2445,Exposicao_Face
2462,17,536,354,4.51,0,2462,1,Humano,Feliz,2462,Exposicao_Face
2479,17,533,367,4.59,0,2479,1,Humano,Feliz,2479,Exposicao_Face
2495,17,536,368,4.54,0,2495,1,Humano,Feliz,2495,Exposicao_Face
2512,17,532,354,4.56,0,2512,1,Humano,Feliz,2512,Exposicao_Face
2529,17,535,361,4.57,0,2529,1,Humano,Feliz,2529,Exposicao_Face
2545,17,534,356,4.62,0,2545,1,Humano,Feliz,2545,Exposicao_Face
2562,17,532,369,4.59,0,2562,1,Humano,Feliz,2562,Exposicao_Face
2578,17,536,358,4.62,0,2578,1,Humano,Feliz,2578,Exposicao_Face
2595,17,531,353,4.65,0,2595,1,Humano,Feliz,2595,Exposicao_Face
2612,17,526,367,4.72,0,2612,1,Humano,Feliz,2612,Exposicao_Face
2628,17,533,358,4.72,0,2628,1,Humano,Feliz,2628,Exposicao_Face
2645,17,534,358,4.75,0,2645,1,Humano,Feliz,2645,Exposicao_Face
2662,17,539,352,4.78,0,2662,1,Humano,Feliz,2662,Exposicao_Face
2678,17,529,355,4.78,0,2678,1,Humano,Feliz,2678,Exposicao_Face
2695,17,534,353,4.89,0,2695,1,Humano,Feliz,2695,Exposicao_Face
2712,17,534,356,4.84,0,2712,1,Humano,Feliz,2712,Exposicao_Face
2728,17,538,367,4.86,0,2728,1,Humano,Feliz,2728,Exposicao_Face
2745,17,538,354,4.92,0,2745,1,Humano,Feliz,2745,Exposicao_Face
2761,17,534,358,4.91,0,2761,1,Humano,Feliz,2761,Exposicao_Face
2778,17,536,350,4.91,0,2778,1,Humano,Feliz,2778,Exposicao_Face
2795,17,536,349,4.97,0,2795,1,Humano,Feliz,2795,Exposicao_Face
2811,17,533,365,5.04,0,2811,1,Humano,Feliz,2811,Exposicao_Face
2828,17,527,328,5.04,0,2828,1,Humano,Feliz,2828,Exposicao_Face
2845,17,530,340,5.05,0,2845,1,Humano,Feliz,2845,Exposicao_Face
2861,17,522,336,5.07,0,2861,1,Humano,Feliz,2861,Exposicao_Face
2878,17,529,345,5.09,0,2878,1,Humano,Feliz,2878,Exposicao_Face
2894,17,527,332,5.12,0,2894,1,Humano,Feliz,2894,Exposicao_Face
2911,17,527,339,5.09,0,2911,1,Humano,Feliz,2911,Exposicao_Face
2928,17,527,324,5.1,0,2928,1,Humano,Feliz,2928,Exposicao_Face
2944,17,523,344,5.09,0,2944,1,Humano,Feliz,2944,Exposicao_Face
2961,17,523,340,5.15,0,2961,1,Humano,Feliz,2961,Exposicao_Face
2978,17,521,334,5.15,0,2978,1,Humano,Feliz,2978,Exposicao_Face
2994,17,523,332,5.13,0,2994,1,Humano,Feliz,2994,Exposicao_Face
3011,17,522,316,5.2,0,3011,1,Humano,Feliz,3011,Exposicao_Face
3028,17,521,325,5.17,0,3028,1,Humano,Feliz,3028,Exposicao_Face
3044,17,524,339,5.26,0,3044,1,Humano,Feliz,3044,Exposicao_Face
3061,17,519,350,5.33,0,3061,1,Humano,Feliz,3061,Exposicao_Face
3077,17,521,333,5.23,0,3077,1,Humano,Feliz,3077,Exposicao_Face
3094,17,525,326,5.18,0,3094,1,Humano,Feliz,3094,Exposicao_Face
3111,17,522,337,5.29,0,3111,1,Humano,Feliz,3111,Exposicao_Face
3127,17,525,344,5.31,0,3127,1,Humano,Feliz,3127,Exposicao_Face
3144,17,523,333,5.23,0,3144,1,Humano,Feliz,3144,Exposicao_Face
3161,17,525,334,5.29,0,3161,1,Humano,Feliz,3161,Exposicao_Face
3177,17,450,347,5.33,0,3177,1,Humano,Feliz,3177,Exposicao_Face
3194,17,417,370,5.29,0,3194,1,Humano,Feliz,3194,Exposicao_Face
3211,17,424,351,5.26,0,3211,1,Humano,Feliz,3211,Exposicao_Face
3227,17,420,361,5.29,0,3227,1,Humano,Feliz,3227,Exposicao_Face
3244,17,421,360,5.31,0,3244,1,Humano,Feliz,3244,Exposicao_Face
3260,17,422,368,5.31,0,3260,1,Humano,Feliz,3260,Exposicao_Face
3277,17,418,366,5.29,0,3277,1,Humano,Feliz,3277,Exposicao_Face
3294,17,417,376,5.31,0,3294,1,Humano,Feliz,3294,Exposicao_Face
3310,17,420,345,5.25,0,3310,1,Humano,Feliz,3310,Exposicao_Face
3327,17,412,362,5.33,0,3327,1,Humano,Feliz,3327,Exposicao_Face
3344,17,428,369,5.31,0,3344,1,Humano,Feliz,3344,Exposicao_Face
3360,17,429,351,5.34,0,3360,1,Humano,Feliz,3360,Exposicao_Face
3377,17,419,369,5.36,0,3377,1,Humano,Feliz,3377,Exposicao_Face
3394,17,408,363,5.41,0,3394,1,Humano,Feliz,3394,Exposicao_Face
3410,17,421,360,5.39,0,3410,1,Humano,Feliz,3410,Exposicao_Face
3427,17,423,370,5.39,0,3427,1,Humano,Feliz,3427,Exposicao_Face
3443,17,423,359,5.42,0,3443,1,Humano,Feliz,3443,Exposicao_Face
3460,17,425,357,5.39,0,3460,1,Humano,Feliz,3460,Exposicao_Face
3477,17,435,350,5.34,0,3477,1,Humano,Feliz,3477,Exposicao_Face
3493,17,415,357,5.41,0,3493,1,Humano,Feliz,3493,Exposicao_Face
3510,17,431,353,5.45,0,3510,1,Humano,Feliz,3510,Exposicao_Face
3527,17,431,367,5.45,0,3527,1,Humano,Feliz,3527,Exposicao_Face
3543,17,430,372,5.45,0,3543,1,Humano,Feliz,3543,Exposicao_Face
3560,17,419,376,5.44,0,3560,1,Humano,Feliz,3560,Exposicao_Face
3577,17,426,369,5.47,0,3577,1,Humano,Feliz,3577,Exposicao_Face
3593,17,418,375,5.42,0,3593,1,Humano,Feliz,3593,Exposicao_Face
3610,17,426,363,5.5,0,3610,1,Humano,Feliz,3610,Exposicao_Face
3626,17,436,377,5.5,0,3626,1,Humano,Feliz,3626,Exposicao_Face
3643,17,432,391,5.53,0,3643,1,Humano,Feliz,3643,Exposicao_Face
3660,17,443,355,5.49,0,3660,1,Humano,Feliz,3660,Exposicao_Face
3676,17,425,371,5.57,0,3676,1,Humano,Feliz,3676,Exposicao_Face
3693,17,429,372,5.53,0,3693,1,Humano,Feliz,3693,Exposicao_Face
3710,17,435,369,5.52,0,3710,1,Humano,Feliz,3710,Exposicao_Face
3726,17,433,372,5.53,0,3726,1,Humano,Feliz,3726,Exposicao_Face
3743,17,438,360,5.53,0,3743,1,Humano,Feliz,3743,Exposicao_Face
3760,17,426,354,5.5,0,3760,1,Humano,Feliz,3760,Exposicao_Face
3776,17,433,351,5.47,0,3776,1,Humano,Feliz,3776,Exposicao_Face
3793,17,427,355,5.52,0,3793,1,Humano,Feliz,3793,Exposicao_Face
3809,17,427,373,5.57,0,3809,2,Humano,Neutro,9,Janela_Baseline
3826,17,434,355,5.55,0,3826,2,Humano,Neutro,26,Janela_Baseline
3843,17,430,377,5.61,0,3843,2,Humano,Neutro,43,Janela_Baseline
3859,17,433,378,5.57,0,3859,2,Humano,Neutro,59,Janela_Baseline
3876,17,430,364,5.63,0,3876,2,Humano,Neutro,76,Janela_Baseline
3893,17,436,368,5.57,0,3893,2,Humano,Neutro,93,Janela_Baseline
3909,17,453,378,5.61,0,3909,2,Humano,Neutro,109,Janela_Baseline
3926,17,553,381,5.68,0,3926,2,Humano,Neutro,126,Janela_Baseline
3943,17,572,365,5.61,0,3943,2,Humano,Neutro,143,Janela_Baseline
3959,17,569,364,5.71,0,3959,2,Humano,Neutro,159,Janela_Baseline
3976,17,577,361,5.65,0,3976,2,Humano,Neutro,176,Janela_Baseline
3992,17,573,377,5.66,0,3992,2,Humano,Neutro,192,Janela_Baseline
4009,17,578,363,5.63,0,4009,2,Humano,Neutro,209,Janela_Baseline
4026,17,581,363,5.66,0,4026,2,Humano,Neutro,226,Janela_Baseline
4042,17,581,348,5.66,0,4042,2,Humano,Neutro,242,Janela_Baseline
4059,17,575,372,5.74,0,4059,2,Humano,Neutro,259,Janela_Baseline
4076,17,584,350,5.68,0,4076,2,Humano,Neutro,276,Janela_Baseline
4092,17,578,369,5.69,0,4092,2,Humano,Neutro,292,Janela_Baseline
4109,17,577,359,5.66,0,4109,2,Humano,Neutro,309,Janela_Baseline
4125,17,574,370,5.65,0,4125,2,Humano,Neutro,325,Janela_Baseline
4142,17,587,361,5.68,0,4142,2,Humano,Neutro,342,Janela_Baseline
4159,17,575,374,5.73,0,4159,2,Humano,Neutro,359,Janela_Baseline
4175,17,576,364,5.63,0,4175,2,Humano,Neutro,375,Janela_Baseline
4192,17,580,342,5.79,0,4192,2,Humano,Neutro,392,Janela_Baseline
4209,17,639,408,5.76,0,4209,2,Humano,Neutro,409,Janela_Baseline
4225,17,709,413,5.73,0,4225,2,Humano,Neutro,425,Janela_Baseline
4242,17,700,416,5.74,0,4242,2,Humano,Neutro,442,Janela_Baseline
4259,17,713,421,5.66,0,4259,2,Humano,Neutro,459,Janela_Baseline
4275,17,713,419,5.68,0,4275,2,Humano,Neutro,475,Janela_Baseline
4292,17,714,418,5.73,0,4292,2,Humano,Neutro,492,Janela_Baseline
4308,17,714,412,5.76,0,4308,2,Humano,Neutro,508,Janela_Baseline
4325,17,714,416,5.66,0,4325,2,Humano,Neutro,525,Janela_Baseline
4342,17,716,419,5.68,0,4342,2,Humano,Neutro,542,Janela_Baseline
4358,17,723,412,5.76,0,4358,2,Humano,Neutro,558,Janela_Baseline
4375,17,716,402,5.68,0,4375,2,Humano,Neutro,575,Janela_Baseline
4392,17,721,400,5.68,0,4392,2,Humano,Neutro,592,Janela_Baseline
4408,17,709,412,5.76,0,4408,2,Humano,Neutro,608,Janela_Baseline
4425,17,715,404,5.74,0,4425,2,Humano,Neutro,625,Janela_Baseline
4442,17,712,404,5.74,0,4442,2,Humano,Neutro,642,Janela_Baseline
4458,17,715,412,5.71,0,4458,2,Humano,Neutro,658,Janela_Baseline
4475,17,718,416,5.68,0,4475,2,Humano,Neutro,675,Janela_Baseline
4491,17,720,397,5.73,0,4491,2,Humano,Neutro,691,Janela_Baseline
4508,17,715,416,5.74,0,4508,2,Humano,Neutro,708,Janela_Baseline
4525,17,718,413,5.68,0,4525,2,Humano,Neutro,725,Janela_Baseline
4541,17,720,387,5.68,0,4541,2,Humano,Neutro,741,Janela_Baseline
4558,17,714,412,5.73,0,4558,2,Humano,Neutro,758,Janela_Baseline
4575,17,718,390,5.73,0,4575,2,Humano,Neutro,775,Janela_Baseline
4591,17,717,416,5.76,0,4591,2,Humano,Neutro,791,Janela_Baseline
4608,17,715,394,5.69,0,4608,2,Humano,Neutro,808,Janela_Baseline
4625,17,717,405,5.73,0,4625,2,Humano,Neutro,825,Janela_Baseline
4641,17,716,404,5.76,0,4641,2,Humano,Neutro,841,Janela_Baseline
4658,17,716,392,5.79,0,4658,2,Humano,Neutro,858,Janela_Baseline
4674,17,717,402,5.71,0,4674,2,Humano,Neutro,874,Janela_Baseline
4691,17,707,413,5.78,0,4691,2,Humano,Neutro,891,Janela_Baseline
4708,17,727,600,5.78,0,4708,2,Humano,Neutro,908,Janela_Baseline
4724,17,717,553,5.81,0,4724,2,Humano,Neutro,924,Janela_Baseline
4741,17,747,663,0.0,0,4741,2,Humano,Neutro,941,Janela_Baseline
4758,17,803,733,0.0,0,4758,2,Humano,Neutro,958,Janela_Baseline
4774,17,734,740,0.0,0,4774,2,Humano,Neutro,974,Janela_Baseline
4791,17,673,968,6.1,0,4791,2,Humano,Neutro,991,Janela_Baseline
4808,17,677,1004,6.69,0,4808,2,Humano,Neutro,1008,Janela_Baseline
4824,17,728,969,-1.0,0,4824,2,Humano,Neutro,1024,Janela_Baseline
4841,17,734,1015,-1.0,0,4841,2,Humano,Neutro,1041,Janela_Baseline
4857,17,734,942,-1.0,0,4857,2,Humano,Neutro,1057,Janela_Baseline
4874,17,737,1028,6.37,0,4874,2,Humano,Neutro,1074,Janela_Baseline
4891,17,737,1041,-1.0,0,4891,2,Humano,Neutro,1091,Janela_Baseline
4907,17,743,1019,-1.0,0,4907,2,Humano,Neutro,1107,Janela_Baseline
4924,17,737,1031,-1.0,0,4924,2,Humano,Neutro,1124,Janela_Baseline
4941,17,745,1043,-1.0,0,4941,2,Humano,Neutro,1141,Janela_Baseline
4957,17,738,1043,5.74,0,4957,2,Humano,Neutro,1157,Janela_Baseline
4974,17,751,1035,5.82,0,4974,2,Humano,Neutro,1174,Janela_Baseline
4991,17,737,1026,5.79,0,4991,2,Humano,Neutro,1191,Janela_Baseline
5007,17,735,1034,5.84,0,5007,2,Humano,Neutro,1207,Janela_Baseline
5040,33,727,1023,5.81,0,5040,2,Humano,Neutro,1240,Janela_Baseline
5057,17,660,885,-1.0,0,5057,2,Humano,Neutro,1257,Janela_Baseline
5074,17,675,958,5.82,0,5074,2,Humano,Neutro,1274,Janela_Baseline
5090,17,656,893,5.86,0,5090,2,Humano,Neutro,1290,Janela_Baseline
5107,17,668,933,5.82,0,5107,2,Humano,Neutro,1307,Exposicao_Face
5124,17,659,944,5.74,0,5124,2,Humano,Neutro,1324,Exposicao_Face
5140,17,670,947,5.81,0,5140,2,Humano,Neutro,1340,Exposicao_Face
5157,17,663,941,5.73,0,5157,2,Humano,Neutro,1357,Exposicao_Face
5174,17,667,929,5.68,0,5174,2,Humano,Neutro,1374,Exposicao_Face
5190,17,665,952,5.79,0,5190,2,Humano,Neutro,1390,Exposicao_Face
5207,17,663,936,5.78,0,5207,2,Humano,Neutro,1407,Exposicao_Face
5223,17,663,949,5.71,0,5223,2,Humano,Neutro,1423,Exposicao_Face
5240,17,658,927,5.78,0,5240,2,Humano,Neutro,1440,Exposicao_Face
5257,17,663,947,5.81,0,5257,2,Humano,Neutro,1457,Exposicao_Face
5273,17,576,955,5.78,0,5273,2,Humano,Neutro,1473,Exposicao_Face
5290,17,516,935,5.66,0,5290,2,Humano,Neutro,1490,Exposicao_Face
5307,17,509,951,5.65,0,5307,2,Humano,Neutro,1507,Exposicao_Face
5323,17,503,943,5.68,0,5323,2,Humano,Neutro,1523,Exposicao_Face
5340,17,507,947,5.66,0,5340,2,Humano,Neutro,1540,Exposicao_Face
5356,17,505,950,5.58,0,5356,2,Humano,Neutro,1556,Exposicao_Face
5373,17,502,950,5.6,0,5373,2,Humano,Neutro,1573,Exposicao_Face
5390,17,506,955,5.68,0,5390,2,Humano,Neutro,1590,Exposicao_Face
5406,17,508,956,5.63,0,5406,2,Humano,Neutro,1606,Exposicao_Face
5423,17,508,954,5.65,0,5423,2,Humano,Neutro,1623,Exposicao_Face
5440,17,508,949,5.65,0,5440,2,Humano,Neutro,1640,Exposicao_Face
5456,17,511,944,5.66,0,5456,2,Humano,Neutro,1656,Exposicao_Face
5473,17,575,880,0.0,0,5473,2,Humano,Neutro,1673,Exposicao_Face
5490,17,577,916,0.0,0,5490,2,Humano,Neutro,1690,Exposicao_Face
5506,17,505,952,5.65,0,5506,2,Humano,Neutro,1706,Exposicao_Face
5523,17,502,970,5.68,0,5523,2,Humano,Neutro,1723,Exposicao_Face
5539,17,506,966,5.66,0,5539,2,Humano,Neutro,1739,Exposicao_Face
5556,17,505,957,5.73,0,5556,2,Humano,Neutro,1756,Exposicao_Face
5573,17,505,956,5.63,0,5573,2,Humano,Neutro,1773,Exposicao_Face
5589,17,509,959,5.68,0,5589,2,Humano,Neutro,1789,Exposicao_Face
5606,17,509,955,5.73,0,5606,2,Humano,Neutro,1806,Exposicao_Face
5623,17,508,963,5.68,0,5623,2,Humano,Neutro,1823,Exposicao_Face
5639,17,505,956,5.73,0,5639,2,Humano,Neutro,1839,Exposicao_Face
5656,17,467,953,5.66,0,5656,2,Humano,Neutro,1856,Exposicao_Face
5673,17,473,953,5.68,0,5673,2,Humano,Neutro,1873,Exposicao_Face
5689,17,464,948,5.66,0,5689,2,Humano,Neutro,1889,Exposicao_Face
5706,17,467,953,5.65,0,5706,2,Humano,Neutro,1906,Exposicao_Face
5722,17,468,953,5.65,0,5722,2,Humano,Neutro,1922,Exposicao_Face
5739,17,463,952,5.63,0,5739,2,Humano,Neutro,1939,Exposicao_Face
5756,17,465,950,5.57,0,5756,2,Humano,Neutro,1956,Exposicao_Face
5772,17,466,952,5.6,0,5772,2,Humano,Neutro,1972,Exposicao_Face
5789,17,465,950,5.57,0,5789,2,Humano,Neutro,1989,Exposicao_Face
5806,17,464,945,5.61,0,5806,2,Humano,Neutro,2006,Exposicao_Face
5822,17,468,961,5.61,0,5822,2,Humano,Neutro,2022,Exposicao_Face
5839,17,458,816,5.61,0,5839,2,Humano,Neutro,2039,Exposicao_Face
5856,17,445,640,5.53,0,5856,2,Humano,Neutro,2056,Exposicao_Face
5872,17,479,533,5.57,0,5872,2,Humano,Neutro,2072,Exposicao_Face
5889,17,484,473,5.55,0,5889,2,Humano,Neutro,2089,Exposicao_Face
5905,17,491,472,5.53,0,5905,2,Humano,Neutro,2105,Exposicao_Face
5922,17,490,467,5.58,0,5922,2,Humano,Neutro,2122,Exposicao_Face
5939,17,492,477,5.58,0,5939,2,Humano,Neutro,2139,Exposicao_Face
5955,17,495,473,5.57,0,5955,2,Humano,Neutro,2155,Exposicao_Face
5972,17,493,453,5.53,0,5972,2,Humano,Neutro,2172,Exposicao_Face
5989,17,492,487,5.6,0,5989,2,Humano,Neutro,2189,Exposicao_Face
6005,17,494,487,5.55,0,6005,2,Humano,Neutro,2205,Exposicao_Face
6022,17,480,472,5.57,0,6022,2,Humano,Neutro,2222,Exposicao_Face
6039,17,505,457,5.53,0,6039,2,Humano,Neutro,2239,Exposicao_Face
6055,17,495,466,5.6,0,6055,2,Humano,Neutro,2255,Exposicao_Face
6072,17,485,471,5.6,0,6072,2,Humano,Neutro,2272,Exposicao_Face
6088,17,496,471,5.61,0,6088,2,Humano,Neutro,2288,Exposicao_Face
6105,17,494,460,5.55,0,6105,2,Humano,Neutro,2305,Exposicao_Face
6122,17,488,666,5.55,0,6122,2,Humano,Neutro,2322,Exposicao_Face
6238,116,482,925,0.0,0,6238,2,Humano,Neutro,2438,Exposicao_Face
6255,17,556,924,0.0,0,6255,2,Humano,Neutro,2455,Exposicao_Face
6271,17,487,938,-1.0,0,6271,2,Humano,Neutro,2471,Exposicao_Face
6288,17,468,913,5.28,0,6288,2,Humano,Neutro,2488,Exposicao_Face
6305,17,484,894,-1.0,0,6305,2,Humano,Neutro,2505,Exposicao_Face
6321,17,467,827,-1.0,0,6321,2,Humano,Neutro,2521,Exposicao_Face
6338,17,387,1008,-1.0,0,6338,2,Humano,Neutro,2538,Exposicao_Face
6355,17,470,847,-1.0,0,6355,2,Humano,Neutro,2555,Exposicao_Face
6371,17,464,835,-1.0,0,6371,2,Humano,Neutro,2571,Exposicao_Face
6388,17,466,856,5.18,0,6388,2,Humano,Neutro,2588,Exposicao_Face
6404,17,473,859,-1.0,0,6404,2,Humano,Neutro,2604,Exposicao_Face
6421,17,470,855,5.13,0,6421,2,Humano,Neutro,2621,Exposicao_Face
6438,17,466,856,5.13,0,6438,2,Humano,Neutro,2638,Exposicao_Face
6454,17,468,868,5.18,0,6454,2,Humano,Neutro,2654,Exposicao_Face
6471,17,464,857,5.15,0,6471,2,Humano,Neutro,2671,Exposicao_Face
6488,17,479,659,5.17,0,6488,2,Humano,Neutro,2688,Exposicao_Face
6504,17,499,471,5.17,0,6504,2,Humano,Neutro,2704,Exposicao_Face
6521,17,506,300,5.2,0,6521,2,Humano,Neutro,2721,Exposicao_Face
6538,17,515,396,5.28,0,6538,2,Humano,Neutro,2738,Exposicao_Face
6554,17,515,391,5.25,0,6554,2,Humano,Neutro,2754,Exposicao_Face
6571,17,518,372,5.23,0,6571,2,Humano,Neutro,2771,Exposicao_Face
6587,17,519,380,5.23,0,6587,2,Humano,Neutro,2787,Exposicao_Face
6604,17,521,372,5.25,0,6604,2,Humano,Neutro,2804,Exposicao_Face
6621,17,520,373,5.26,0,6621,2,Humano,Neutro,2821,Exposicao_Face
6637,17,519,364,5.26,0,6637,2,Humano,Neutro,2837,Exposicao_Face
6654,17,517,382,5.29,0,6654,2,Humano,Neutro,2854,Exposicao_Face
6671,17,520,365,5.31,0,6671,2,Humano,Neutro,2871,Exposicao_Face
6687,17,526,370,5.44,0,6687,2,Humano,Neutro,2887,Exposicao_Face
6704,17,517,366,5.41,0,6704,2,Humano,Neutro,2904,Exposicao_Face
6721,17,524,368,5.42,0,6721,2,Humano,Neutro,2921,Exposicao_Face
6737,17,525,369,5.49,0,6737,2,Humano,Neutro,2937,Exposicao_Face
6754,17,513,398,5.53,0,6754,2,Humano,Neutro,2954,Exposicao_Face
6770,17,524,389,5.49,0,6770,2,Humano,Neutro,2970,Exposicao_Face
6787,17,525,380,5.49,0,6787,2,Humano,Neutro,2987,Exposicao_Face
6804,17,525,383,5.53,0,6804,2,Humano,Neutro,3004,Exposicao_Face
6820,17,515,380,5.5,0,6820,2,Humano,Neutro,3020,Exposicao_Face
6837,17,517,367,5.44,0,6837,2,Humano,Neutro,3037,Exposicao_Face
6854,17,523,389,5.52,0,6854,2,Humano,Neutro,3054,Exposicao_Face
6870,17,521,389,5.55,0,6870,2,Humano,Neutro,3070,Exposicao_Face
6887,17,524,389,5.58,0,6887,2,Humano,Neutro,3087,Exposicao_Face
6904,17,499,353,5.55,0,6904,2,Humano,Neutro,3104,Exposicao_Face
6920,17,497,302,5.53,0,6920,2,Humano,Neutro,3120,Exposicao_Face
6937,17,491,299,5.5,0,6937,2,Humano,Neutro,3137,Exposicao_Face
6953,17,488,310,5.53,0,6953,2,Humano,Neutro,3153,Exposicao_Face
6970,17,488,295,5.47,0,6970,2,Humano,Neutro,3170,Exposicao_Face
6987,17,485,316,5.45,0,6987,2,Humano,Neutro,3187,Exposicao_Face
7003,17,486,293,5.41,0,7003,2,Humano,Neutro,3203,Exposicao_Face
7020,17,484,290,5.41,0,7020,2,Humano,Neutro,3220,Exposicao_Face
7037,17,489,327,5.49,0,7037,2,Humano,Neutro,3237,Exposicao_Face
7053,17,488,321,5.44,0,7053,2,Humano,Neutro,3253,Exposicao_Face
7070,17,486,314,5.44,0,7070,2,Humano,Neutro,3270,Exposicao_Face
7087,17,483,316,5.5,0,7087,2,Humano,Neutro,3287,Exposicao_Face
7103,17,484,294,5.41,0,7103,2,Humano,Neutro,3303,Exposicao_Face
7120,17,487,304,5.41,0,7120,2,Humano,Neutro,3320,Exposicao_Face
7136,17,486,309,5.44,0,7136,2,Humano,Neutro,3336,Exposicao_Face
7153,17,490,303,5.42,0,7153,2,Humano,Neutro,3353,Exposicao_Face
7170,17,453,326,5.44,0,7170,2,Humano,Neutro,3370,Exposicao_Face
7186,17,465,308,5.53,0,7186,2,Humano,Neutro,3386,Exposicao_Face
7203,17,463,315,5.41,0,7203,2,Humano,Neutro,3403,Exposicao_Face
7220,17,462,311,5.5,0,7220,2,Humano,Neutro,3420,Exposicao_Face
7236,17,456,307,5.52,0,7236,2,Humano,Neutro,3436,Exposicao_Face
7253,17,459,306,5.42,0,7253,2,Humano,Neutro,3453,Exposicao_Face
7270,17,474,308,5.42,0,7270,2,Humano,Neutro,3470,Exposicao_Face
7286,17,471,319,5.44,0,7286,2,Humano,Neutro,3486,Exposicao_Face
7303,17,468,325,5.42,0,7303,2,Humano,Neutro,3503,Exposicao_Face
7319,17,468,312,5.39,0,7319,2,Humano,Neutro,3519,Exposicao_Face
7336,17,455,308,5.44,0,7336,2,Humano,Neutro,3536,Exposicao_Face
7353,17,470,303,5.42,0,7353,2,Humano,Neutro,3553,Exposicao_Face
7369,17,460,329,5.55,0,7369,2,Humano,Neutro,3569,Exposicao_Face
7386,17,466,318,5.5,0,7386,2,Humano,Neutro,3586,Exposicao_Face
7403,17,463,297,5.47,0,7403,2,Humano,Neutro,3603,Exposicao_Face
7419,17,469,328,5.49,0,7419,2,Humano,Neutro,3619,Exposicao_Face
7436,17,469,330,5.57,0,7436,2,Humano,Neutro,3636,Exposicao_Face
7453,17,460,337,5.63,0,7453,2,Humano,Neutro,3653,Exposicao_Face
7469,17,468,330,5.57,0,7469,2,Humano,Neutro,3669,Exposicao_Face
7486,17,468,316,5.53,0,7486,2,Humano,Neutro,3686,Exposicao_Face
7502,17,465,320,5.55,0,7502,2,Humano,Neutro,3702,Exposicao_Face
7519,17,463,338,5.63,0,7519,2,Humano,Neutro,3719,Exposicao_Face
7536,17,472,320,5.61,0,7536,2,Humano,Neutro,3736,Exposicao_Face
7552,17,459,319,5.66,0,7552,2,Humano,Neutro,3752,Exposicao_Face
7569,17,469,324,5.65,0,7569,2,Humano,Neutro,3769,Exposicao_Face
7586,17,462,321,5.61,0,7586,2,Humano,Neutro,3786,Exposicao_Face
7602,17,461,332,5.66,0,7602,2,Humano,Neutro,3802,Exposicao_Face
7619,17,461,336,5.66,0,7619,2,Humano,Neutro,3819,Exposicao_Face
7635,17,470,319,5.69,0,7635,2,Humano,Neutro,3835,Exposicao_Face
7652,17,463,319,5.69,0,7652,2,Humano,Neutro,3852,Exposicao_Face
7669,17,461,334,5.74,0,7669,2,Humano,Neutro,3869,Exposicao_Face
7685,17,469,336,5.73,0,7685,2,Humano,Neutro,3885,Exposicao_Face
7702,17,466,327,5.69,0,7702,2,Humano,Neutro,3902,Exposicao_Face
7719,17,465,332,5.68,0,7719,2,Humano,Neutro,3919,Exposicao_Face
7735,17,463,329,5.69,0,7735,2,Humano,Neutro,3935,Exposicao_Face
7752,17,473,327,5.69,0,7752,2,Humano,Neutro,3952,Exposicao_Face
7769,17,464,324,5.76,0,7769,2,Humano,Neutro,3969,Exposicao_Face
7785,17,465,309,5.68,0,7785,2,Humano,Neutro,3985,Exposicao_Face
7802,17,466,331,5.84,0,7802,3,Humano,Raiva,2,Janela_Baseline
7818,17,471,318,5.79,0,7818,3,Humano,Raiva,18,Janela_Baseline
7835,17,464,327,5.73,0,7835,3,Humano,Raiva,35,Janela_Baseline
7852,17,465,331,5.73,0,7852,3,Humano,Raiva,52,Janela_Baseline
7868,17,462,313,5.76,0,7868,3,Humano,Raiva,68,Janela_Baseline
7885,17,462,340,5.82,0,7885,3,Humano,Raiva,85,Janela_Baseline
7902,17,465,329,5.86,0,7902,3,Humano,Raiva,102,Janela_Baseline
7918,17,464,324,5.76,0,7918,3,Humano,Raiva,118,Janela_Baseline
7935,17,473,326,5.73,0,7935,3,Humano,Raiva,135,Janela_Baseline
7952,17,461,333,5.87,0,7952,3,Humano,Raiva,152,Janela_Baseline
7968,17,472,346,5.94,0,7968,3,Humano,Raiva,168,Janela_Baseline
7985,17,470,329,5.84,0,7985,3,Humano,Raiva,185,Janela_Baseline
8001,17,460,344,5.84,0,8001,3,Humano,Raiva,201,Janela_Baseline
8018,17,441,375,5.9,0,8018,3,Humano,Raiva,218,Janela_Baseline
8035,17,489,400,5.82,0,8035,3,Humano,Raiva,235,Janela_Baseline
8051,17,449,488,5.9,0,8051,3,Humano,Raiva,251,Janela_Baseline
8068,17,478,574,5.9,0,8068,3,Humano,Raiva,268,Janela_Baseline
8085,17,456,603,5.89,0,8085,3,Humano,Raiva,285,Janela_Baseline
8101,17,471,597,5.87,0,8101,3,Humano,Raiva,301,Janela_Baseline
8118,17,467,678,5.84,0,8118,3,Humano,Raiva,318,Janela_Baseline
8135,17,454,667,5.9,0,8135,3,Humano,Raiva,335,Janela_Baseline
8151,17,461,689,5.87,0,8151,3,Humano,Raiva,351,Janela_Baseline
8168,17,461,690,5.86,0,8168,3,Humano,Raiva,368,Janela_Baseline
8184,17,449,667,5.9,0,8184,3,Humano,Raiva,384,Janela_Baseline
8201,17,463,685,5.95,0,8201,3,Humano,Raiva,401,Janela_Baseline
8218,17,461,688,5.97,0,8218,3,Humano,Raiva,418,Janela_Baseline
8234,17,475,659,5.95,0,8234,3,Humano,Raiva,434,Janela_Baseline
8251,17,469,693,5.79,0,8251,3,Humano,Raiva,451,Janela_Baseline
8268,17,479,671,5.89,0,8268,3,Humano,Raiva,468,Janela_Baseline
8284,17,462,696,5.92,0,8284,3,Humano,Raiva,484,Janela_Baseline
8301,17,457,697,5.87,0,8301,3,Humano,Raiva,501,Janela_Baseline
8318,17,462,696,5.92,0,8318,3,Humano,Raiva,518,Janela_Baseline
8334,17,480,688,5.9,0,8334,3,Humano,Raiva,534,Janela_Baseline
8351,17,518,534,5.92,0,8351,3,Humano,Raiva,551,Janela_Baseline
8367,17,522,490,5.94,0,8367,3,Humano,Raiva,567,Janela_Baseline
8384,17,541,487,5.92,0,8384,3,Humano,Raiva,584,Janela_Baseline
8401,17,530,488,5.87,0,8401,3,Humano,Raiva,601,Janela_Baseline
8417,17,547,456,5.9,0,8417,3,Humano,Raiva,617,Janela_Baseline
8434,17,537,464,5.9,0,8434,3,Humano,Raiva,634,Janela_Baseline
8451,17,534,459,5.84,0,8451,3,Humano,Raiva,651,Janela_Baseline
8467,17,542,481,5.89,0,8467,3,Humano,Raiva,667,Janela_Baseline
8484,17,546,472,5.79,0,8484,3,Humano,Raiva,684,Janela_Baseline
8501,17,542,564,5.68,0,8501,3,Humano,Raiva,701,Janela_Baseline
8517,17,627,557,0.0,0,8517,3,Humano,Raiva,717,Janela_Baseline
8667,150,478,942,0.0,0,8667,3,Humano,Raiva,867,Janela_Baseline
8717,50,366,899,0.0,0,8717,3,Humano,Raiva,917,Janela_Baseline
8733,17,324,958,5.92,0,8733,3,Humano,Raiva,933,Janela_Baseline
8750,17,326,955,-1.0,0,8750,3,Humano,Raiva,950,Janela_Baseline
8767,17,332,944,-1.0,0,8767,3,Humano,Raiva,967,Janela_Baseline
8783,17,328,768,-1.0,0,8783,3,Humano,Raiva,983,Janela_Baseline
8800,17,326,798,5.5,0,8800,3,Humano,Raiva,1000,Janela_Baseline
8817,17,329,798,6.24,0,8817,3,Humano,Raiva,1017,Janela_Baseline
8833,17,332,753,-1.0,0,8833,3,Humano,Raiva,1033,Janela_Baseline
8850,17,245,906,-1.0,0,8850,3,Humano,Raiva,1050,Janela_Baseline
8866,17,324,883,5.76,0,8866,3,Humano,Raiva,1066,Janela_Baseline
8883,17,452,947,6.08,0,8883,3,Humano,Raiva,1083,Janela_Baseline
8900,17,478,981,6.13,0,8900,3,Humano,Raiva,1100,Janela_Baseline
8916,17,475,971,5.49,0,8916,3,Humano,Raiva,1116,Janela_Baseline
8933,17,480,977,5.57,0,8933,3,Humano,Raiva,1133,Janela_Baseline
8950,17,480,982,5.55,0,8950,3,Humano,Raiva,1150,Janela_Baseline
8966,17,482,974,5.63,0,8966,3,Humano,Raiva,1166,Janela_Baseline
8983,17,480,976,5.63,0,8983,3,Humano,Raiva,1183,Janela_Baseline
9000,17,482,980,5.6,0,9000,3,Humano,Raiva,1200,Janela_Baseline
9016,17,482,984,5.6,0,9016,3,Humano,Raiva,1216,Janela_Baseline
9033,17,481,976,5.66,0,9033,3,Humano,Raiva,1233,Janela_Baseline
9049,17,474,985,5.69,0,9049,3,Humano,Raiva,1249,Janela_Baseline
9066,17,482,974,5.66,0,9066,3,Humano,Raiva,1266,Janela_Baseline
9083,17,484,981,5.61,0,9083,3,Humano,Raiva,1283,Janela_Baseline
9099,17,481,984,5.74,0,9099,3,Humano,Raiva,1299,Janela_Baseline
9116,17,501,940,5.68,0,9116,3,Humano,Raiva,1316,Exposicao_Face
9133,17,491,956,5.65,0,9133,3,Humano,Raiva,1333,Exposicao_Face
9149,17,368,1029,5.65,0,9149,3,Humano,Raiva,1349,Exposicao_Face
9166,17,377,1037,5.66,0,9166,3,Humano,Raiva,1366,Exposicao_Face
9183,17,495,946,5.66,0,9183,3,Humano,Raiva,1383,Exposicao_Face
9199,17,496,945,5.76,0,9199,3,Humano,Raiva,1399,Exposicao_Face
9216,17,498,951,5.74,0,9216,3,Humano,Raiva,1416,Exposicao_Face
9232,17,500,945,5.65,0,9232,3,Humano,Raiva,1432,Exposicao_Face
9249,17,498,950,5.66,0,9249,3,Humano,Raiva,1449,Exposicao_Face
9266,17,496,944,5.6,0,9266,3,Humano,Raiva,1466,Exposicao_Face
9282,17,507,944,5.55,0,9282,3,Humano,Raiva,1482,Exposicao_Face
9299,17,500,950,5.58,0,9299,3,Humano,Raiva,1499,Exposicao_Face
9316,17,499,959,5.61,0,9316,3,Humano,Raiva,1516,Exposicao_Face
9332,17,490,944,5.57,0,9332,3,Humano,Raiva,1532,Exposicao_Face
9349,17,502,926,5.6,0,9349,3,Humano,Raiva,1549,Exposicao_Face
9366,17,501,939,5.6,0,9366,3,Humano,Raiva,1566,Exposicao_Face
9382,17,503,947,5.55,0,9382,3,Humano,Raiva,1582,Exposicao_Face
9399,17,495,949,5.65,0,9399,3,Humano,Raiva,1599,Exposicao_Face
9415,17,495,944,5.57,0,9415,3,Humano,Raiva,1615,Exposicao_Face
9432,17,497,949,5.53,0,9432,3,Humano,Raiva,1632,Exposicao_Face
9449,17,502,948,5.53,0,9449,3,Humano,Raiva,1649,Exposicao_Face
9465,17,494,944,5.55,0,9465,3,Humano,Raiva,1665,Exposicao_Face
9482,17,495,949,5.53,0,9482,3,Humano,Raiva,1682,Exposicao_Face
9499,17,445,1077,5.68,0,9499,3,Humano,Raiva,1699,Exposicao_Face
9515,17,499,945,5.58,0,9515,3,Humano,Raiva,1715,Exposicao_Face
9532,17,502,941,5.58,0,9532,3,Humano,Raiva,1732,Exposicao_Face
9549,17,501,938,5.58,0,9549,3,Humano,Raiva,1749,Exposicao_Face
9565,17,499,944,5.6,0,9565,3,Humano,Raiva,1765,Exposicao_Face
9582,17,502,938,5.57,0,9582,3,Humano,Raiva,1782,Exposicao_Face
9598,17,494,904,5.61,0,9598,3,Humano,Raiva,1798,Exposicao_Face
9615,17,491,581,5.66,0,9615,3,Humano,Raiva,1815,Exposicao_Face
9632,17,488,557,5.6,0,9632,3,Humano,Raiva,1832,Exposicao_Face
9648,17,475,444,5.66,0,9648,3,Humano,Raiva,1848,Exposicao_Face
9665,17,498,415,5.65,0,9665,3,Humano,Raiva,1865,Exposicao_Face
9682,17,503,407,5.65,0,9682,3,Humano,Raiva,1882,Exposicao_Face
9698,17,502,391,5.66,0,9698,3,Humano,Raiva,1898,Exposicao_Face
9715,17,507,378,5.66,0,9715,3,Humano,Raiva,1915,Exposicao_Face
9732,17,509,384,5.63,0,9732,3,Humano,Raiva,1932,Exposicao_Face
9748,17,506,399,5.76,0,9748,3,Humano,Raiva,1948,Exposicao_Face
9765,17,512,392,5.79,0,9765,3,Humano,Raiva,1965,Exposicao_Face
9781,17,503,376,5.66,0,9781,3,Humano,Raiva,1981,Exposicao_Face
9798,17,508,391,5.79,0,9798,3,Humano,Raiva,1998,Exposicao_Face
9815,17,505,392,5.78,0,9815,3,Humano,Raiva,2015,Exposicao_Face
9831,17,502,375,5.76,0,9831,3,Humano,Raiva,2031,Exposicao_Face
9848,17,504,385,5.79,0,9848,3,Humano,Raiva,2048,Exposicao_Face
9865,17,505,392,5.82,0,9865,3,Humano,Raiva,2065,Exposicao_Face
9881,17,513,381,5.76,0,9881,3,Humano,Raiva,2081,Exposicao_Face
9898,17,518,391,5.74,0,9898,3,Humano,Raiva,2098,Exposicao_Face
9914,17,512,388,5.78,0,9914,3,Humano,Raiva,2114,Exposicao_Face
9931,17,512,379,5.73,0,9931,3,Humano,Raiva,2131,Exposicao_Face
9948,17,511,391,5.66,0,9948,3,Humano,Raiva,2148,Exposicao_Face
9964,17,515,396,5.65,0,9964,3,Humano,Raiva,2164,Exposicao_Face
9981,17,514,384,5.6,0,9981,3,Humano,Raiva,2181,Exposicao_Face
9998,17,511,392,5.6,0,9998,3,Humano,Raiva,2198,Exposicao_Face
10014,17,510,388,5.58,0,10014,3,Humano,Raiva,2214,Exposicao_Face
10031,17,507,392,5.5,0,10031,3,Humano,Raiva,2231,Exposicao_Face
10048,17,507,386,5.49,0,10048,3,Humano,Raiva,2248,Exposicao_Face
10064,17,515,379,5.42,0,10064,3,Humano,Raiva,2264,Exposicao_Face
10081,17,517,376,5.41,0,10081,3,Humano,Raiva,2281,Exposicao_Face
10097,17,512,373,5.37,0,10097,3,Humano,Raiva,2297,Exposicao_Face
10114,17,511,392,5.33,0,10114,3,Humano,Raiva,2314,Exposicao_Face
10131,17,511,385,5.29,0,10131,3,Humano,Raiva,2331,Exposicao_Face
10147,17,512,384,5.29,0,10147,3,Humano,Raiva,2347,Exposicao_Face
10164,17,512,378,5.31,0,10164,3,Humano,Raiva,2364,Exposicao_Face
10181,17,510,376,5.25,0,10181,3,Humano,Raiva,2381,Exposicao_Face
10197,17,511,396,5.29,0,10197,3,Humano,Raiva,2397,Exposicao_Face
10214,17,515,398,5.28,0,10214,3,Humano,Raiva,2414,Exposicao_Face
10231,17,514,372,5.17,0,10231,3,Humano,Raiva,2431,Exposicao_Face
10247,17,511,366,5.18,0,10247,3,Humano,Raiva,2447,Exposicao_Face
10264,17,512,385,5.28,0,10264,3,Humano,Raiva,2464,Exposicao_Face
10280,17,514,408,5.21,0,10280,3,Humano,Raiva,2480,Exposicao_Face
10297,17,513,373,5.21,0,10297,3,Humano,Raiva,2497,Exposicao_Face
10314,17,515,376,5.18,0,10314,3,Humano,Raiva,2514,Exposicao_Face
10330,17,514,376,5.17,0,10330,3,Humano,Raiva,2530,Exposicao_Face
10347,17,514,380,5.25,0,10347,3,Humano,Raiva,2547,Exposicao_Face
10364,17,512,377,5.23,0,10364,3,Humano,Raiva,2564,Exposicao_Face
10380,17,513,389,5.17,0,10380,3,Humano,Raiva,2580,Exposicao_Face
10397,17,516,380,5.2,0,10397,3,Humano,Raiva,2597,Exposicao_Face
10414,17,515,401,5.28,0,10414,3,Humano,Raiva,2614,Exposicao_Face
10430,17,514,389,5.26,0,10430,3,Humano,Raiva,2630,Exposicao_Face
10447,17,515,367,5.2,0,10447,3,Humano,Raiva,2647,Exposicao_Face
10463,17,512,379,5.21,0,10463,3,Humano,Raiva,2663,Exposicao_Face
10480,17,516,384,5.23,0,10480,3,Humano,Raiva,2680,Exposicao_Face
10497,17,514,369,5.21,0,10497,3,Humano,Raiva,2697,Exposicao_Face
10513,17,513,383,5.2,0,10513,3,Humano,Raiva,2713,Exposicao_Face
10530,17,513,377,5.17,0,10530,3,Humano,Raiva,2730,Exposicao_Face
10547,17,514,381,5.17,0,10547,3,Humano,Raiva,2747,Exposicao_Face
10563,17,515,379,5.21,0,10563,3,Humano,Raiva,2763,Exposicao_Face
10580,17,512,363,5.2,0,10580,3,Humano,Raiva,2780,Exposicao_Face
10597,17,512,382,5.18,0,10597,3,Humano,Raiva,2797,Exposicao_Face
10613,17,515,374,5.21,0,10613,3,Humano,Raiva,2813,Exposicao_Face
10630,17,514,385,5.23,0,10630,3,Humano,Raiva,2830,Exposicao_Face
10646,17,509,381,5.21,0,10646,3,Humano,Raiva,2846,Exposicao_Face
10663,17,511,374,5.25,0,10663,3,Humano,Raiva,2863,Exposicao_Face
10680,17,513,368,5.18,0,10680,3,Humano,Raiva,2880,Exposicao_Face
10696,17,512,378,5.15,0,10696,3,Humano,Raiva,2896,Exposicao_Face
10713,17,514,353,5.18,0,10713,3,Humano,Raiva,2913,Exposicao_Face
10730,17,518,374,5.25,0,10730,3,Humano,Raiva,2930,Exposicao_Face
10746,17,516,344,5.2,0,10746,3,Humano,Raiva,2946,Exposicao_Face
10763,17,518,346,5.25,0,10763,3,Humano,Raiva,2963,Exposicao_Face
10780,17,514,324,5.21,0,10780,3,Humano,Raiva,2980,Exposicao_Face
10796,17,519,334,5.18,0,10796,3,Humano,Raiva,2996,Exposicao_Face
10813,17,515,344,5.23,0,10813,3,Humano,Raiva,3013,Exposicao_Face
10829,17,515,346,5.28,0,10829,3,Humano,Raiva,3029,Exposicao_Face
10846,17,514,348,5.26,0,10846,3,Humano,Raiva,3046,Exposicao_Face
10863,17,516,345,5.28,0,10863,3,Humano,Raiva,3063,Exposicao_Face
10879,17,511,350,5.29,0,10879,3,Humano,Raiva,3079,Exposicao_Face
10896,17,516,353,5.37,0,10896,3,Humano,Raiva,3096,Exposicao_Face
10913,17,516,341,5.31,0,10913,3,Humano,Raiva,3113,Exposicao_Face
10929,17,516,329,5.29,0,10929,3,Humano,Raiva,3129,Exposicao_Face
10946,17,515,333,5.21,0,10946,3,Humano,Raiva,3146,Exposicao_Face
10962,17,515,337,5.21,0,10962,3,Humano,Raiva,3162,Exposicao_Face
10979,17,523,327,5.26,0,10979,3,Humano,Raiva,3179,Exposicao_Face
10996,17,521,324,5.29,0,10996,3,Humano,Raiva,3196,Exposicao_Face
11012,17,517,333,5.21,0,11012,3,Humano,Raiva,3212,Exposicao_Face
11029,17,517,342,5.26,0,11029,3,Humano,Raiva,3229,Exposicao_Face
11046,17,514,348,5.34,0,11046,3,Humano,Raiva,3246,Exposicao_Face
11062,17,517,323,5.21,0,11062,3,Humano,Raiva,3262,Exposicao_Face
11079,17,520,327,5.26,0,11079,3,Humano,Raiva,3279,Exposicao_Face
11096,17,519,340,5.26,0,11096,3,Humano,Raiva,3296,Exposicao_Face
11112,17,517,329,5.23,0,11112,3,Humano,Raiva,3312,Exposicao_Face
11129,17,517,316,5.26,0,11129,3,Humano,Raiva,3329,Exposicao_Face
11145,17,517,345,5.36,0,11145,3,Humano,Raiva,3345,Exposicao_Face
11162,17,513,345,5.29,0,11162,3,Humano,Raiva,3362,Exposicao_Face
11179,17,517,346,5.31,0,11179,3,Humano,Raiva,3379,Exposicao_Face
11195,17,515,330,5.29,0,11195,3,Humano,Raiva,3395,Exposicao_Face
11212,17,512,350,5.31,0,11212,3,Humano,Raiva,3412,Exposicao_Face
11229,17,512,342,5.29,0,11229,3,Humano,Raiva,3429,Exposicao_Face
11245,17,520,321,5.33,0,11245,3,Humano,Raiva,3445,Exposicao_Face
11262,17,518,329,5.29,0,11262,3,Humano,Raiva,3462,Exposicao_Face
11279,17,515,313,5.34,0,11279,3,Humano,Raiva,3479,Exposicao_Face
11295,17,512,345,5.33,0,11295,3,Humano,Raiva,3495,Exposicao_Face
11312,17,518,324,5.37,0,11312,3,Humano,Raiva,3512,Exposicao_Face
11328,17,517,348,5.41,0,11328,3,Humano,Raiva,3528,Exposicao_Face
11345,17,517,337,5.42,0,11345,3,Humano,Raiva,3545,Exposicao_Face
11362,17,514,322,5.36,0,11362,3,Humano,Raiva,3562,Exposicao_Face
11378,17,517,347,5.39,0,11378,3,Humano,Raiva,3578,Exposicao_Face
11395,17,510,346,5.37,0,11395,3,Humano,Raiva,3595,Exposicao_Face
11412,17,519,347,5.44,0,11412,3,Humano,Raiva,3612,Exposicao_Face
11428,17,519,324,5.42,0,11428,3,Humano,Raiva,3628,Exposicao_Face
11445,17,516,332,5.41,0,11445,3,Humano,Raiva,3645,Exposicao_Face
11462,17,515,321,5.42,0,11462,3,Humano,Raiva,3662,Exposicao_Face
11478,17,517,330,5.49,0,11478,3,Humano,Raiva,3678,Exposicao_Face
11495,17,523,327,5.39,0,11495,3,Humano,Raiva,3695,Exposicao_Face
11511,17,518,355,5.47,0,11511,3,Humano,Raiva,3711,Exposicao_Face
11528,17,513,337,5.53,0,11528,3,Humano,Raiva,3728,Exposicao_Face
11545,17,516,329,5.47,0,11545,3,Humano,Raiva,3745,Exposicao_Face
11561,17,517,347,5.6,0,11561,3,Humano,Raiva,3761,Exposicao_Face
11578,17,516,334,5.55,0,11578,3,Humano,Raiva,3778,Exposicao_Face
11595,17,516,341,5.52,0,11595,3,Humano,Raiva,3795,Exposicao_Face
11611,17,513,352,5.6,0,11611,3,Humano,Raiva,3811,Exposicao_Face
11628,17,513,344,5.58,0,11628,3,Humano,Raiva,3828,Exposicao_Face
11645,17,513,348,5.58,0,11645,3,Humano,Raiva,3845,Exposicao_Face
11661,17,512,337,5.61,0,11661,3,Humano,Raiva,3861,Exposicao_Face
11678,17,514,336,5.57,0,11678,3,Humano,Raiva,3878,Exposicao_Face
11694,17,516,345,5.6,0,11694,3,Humano,Raiva,3894,Exposicao_Face
11711,17,462,334,5.49,0,11711,3,Humano,Raiva,3911,Exposicao_Face
11728,17,475,320,5.57,0,11728,3,Humano,Raiva,3928,Exposicao_Face
11744,17,460,319,5.55,0,11744,3,Humano,Raiva,3944,Exposicao_Face
11761,17,465,340,5.61,0,11761,3,Humano,Raiva,3961,Exposicao_Face
11778,17,468,333,5.58,0,11778,3,Humano,Raiva,3978,Exposicao_Face
11794,17,465,348,5.66,0,11794,3,Humano,Raiva,3994,Exposicao_Face
11811,17,464,341,5.66,0,11811,4,Humano,Feliz,11,Janela_Baseline
11828,17,465,345,5.66,0,11828,4,Humano,Feliz,28,Janela_Baseline
11844,17,464,348,5.66,0,11844,4,Humano,Feliz,44,Janela_Baseline
11861,17,464,337,5.63,0,11861,4,Humano,Feliz,61,Janela_Baseline
11877,17,463,339,5.66,0,11877,4,Humano,Feliz,77,Janela_Baseline
11894,17,465,348,5.58,0,11894,4,Humano,Feliz,94,Janela_Baseline
11911,17,468,329,5.6,0,11911,4,Humano,Feliz,111,Janela_Baseline
11927,17,460,355,5.68,0,11927,4,Humano,Feliz,127,Janela_Baseline
11944,17,457,362,5.63,0,11944,4,Humano,Feliz,144,Janela_Baseline
11961,17,462,342,5.73,0,11961,4,Humano,Feliz,161,Janela_Baseline
11977,17,463,339,5.71,0,11977,4,Humano,Feliz,177,Janela_Baseline
11994,17,496,369,5.68,0,11994,4,Humano,Feliz,194,Janela_Baseline
12011,17,488,423,5.69,0,12011,4,Humano,Feliz,211,Janela_Baseline
12027,17,502,419,5.65,0,12027,4,Humano,Feliz,227,Janela_Baseline
12044,17,495,441,5.73,0,12044,4,Humano,Feliz,244,Janela_Baseline
12060,17,499,425,5.66,0,12060,4,Humano,Feliz,260,Janela_Baseline
12077,17,500,429,5.66,0,12077,4,Humano,Feliz,277,Janela_Baseline
12094,17,502,446,5.78,0,12094,4,Humano,Feliz,294,Janela_Baseline
12110,17,507,415,5.65,0,12110,4,Humano,Feliz,310,Janela_Baseline
12127,17,504,427,5.69,0,12127,4,Humano,Feliz,327,Janela_Baseline
12144,17,501,399,5.61,0,12144,4,Humano,Feliz,344,Janela_Baseline
12160,17,508,411,5.66,0,12160,4,Humano,Feliz,360,Janela_Baseline
12177,17,498,408,5.61,0,12177,4,Humano,Feliz,377,Janela_Baseline
12193,17,502,419,5.69,0,12193,4,Humano,Feliz,393,Janela_Baseline
12210,17,495,421,5.71,0,12210,4,Humano,Feliz,410,Janela_Baseline
12227,17,499,412,5.68,0,12227,4,Humano,Feliz,427,Janela_Baseline
12243,17,499,401,5.57,0,12243,4,Humano,Feliz,443,Janela_Baseline
12260,17,503,402,5.63,0,12260,4,Humano,Feliz,460,Janela_Baseline
12277,17,504,423,5.65,0,12277,4,Humano,Feliz,477,Janela_Baseline
12293,17,497,438,5.66,0,12293,4,Humano,Feliz,493,Janela_Baseline
12310,17,510,438,5.66,0,12310,4,Humano,Feliz,510,Janela_Baseline
12327,17,504,407,5.6,0,12327,4,Humano,Feliz,527,Janela_Baseline
12343,17,507,413,5.58,0,12343,4,Humano,Feliz,543,Janela_Baseline
12360,17,503,420,5.58,0,12360,4,Humano,Feliz,560,Janela_Baseline
12376,17,504,402,5.53,0,12376,4,Humano,Feliz,576,Janela_Baseline
12393,17,493,410,5.58,0,12393,4,Humano,Feliz,593,Janela_Baseline
12410,17,508,422,5.58,0,12410,4,Humano,Feliz,610,Janela_Baseline
12426,17,501,412,5.55,0,12426,4,Humano,Feliz,626,Janela_Baseline
12443,17,511,406,5.6,0,12443,4,Humano,Feliz,643,Janela_Baseline
12460,17,504,413,5.6,0,12460,4,Humano,Feliz,660,Janela_Baseline
12476,17,514,404,5.61,0,12476,4,Humano,Feliz,676,Janela_Baseline
12493,17,493,411,5.65,0,12493,4,Humano,Feliz,693,Janela_Baseline
12510,17,550,352,5.58,0,12510,4,Humano,Feliz,710,Janela_Baseline
12526,17,552,351,5.65,0,12526,4,Humano,Feliz,726,Janela_Baseline
12543,17,555,328,5.6,0,12543,4,Humano,Feliz,743,Janela_Baseline
12559,17,562,346,5.66,0,12559,4,Humano,Feliz,759,Janela_Baseline
12576,17,564,331,5.65,0,12576,4,Humano,Feliz,776,Janela_Baseline
12593,17,562,328,5.65,0,12593,4,Humano,Feliz,793,Janela_Baseline
12609,17,560,320,5.66,0,12609,4,Humano,Feliz,809,Janela_Baseline
12626,17,563,345,5.73,0,12626,4,Humano,Feliz,826,Janela_Baseline
12643,17,561,342,5.68,0,12643,4,Humano,Feliz,843,Janela_Baseline
12659,17,561,329,5.68,0,12659,4,Humano,Feliz,859,Janela_Baseline
12676,17,556,322,5.71,0,12676,4,Humano,Feliz,876,Janela_Baseline
12693,17,560,360,5.76,0,12693,4,Humano,Feliz,893,Janela_Baseline
12709,17,560,357,5.76,0,12709,4,Humano,Feliz,909,Janela_Baseline
12726,17,560,334,5.71,0,12726,4,Humano,Feliz,926,Janela_Baseline
12742,17,560,345,5.66,0,12742,4,Humano,Feliz,942,Janela_Baseline
12759,17,557,333,5.68,0,12759,4,Humano,Feliz,959,Janela_Baseline
12776,17,565,314,5.65,0,12776,4,Humano,Feliz,976,Janela_Baseline
12792,17,558,322,5.65,0,12792,4,Humano,Feliz,992,Janela_Baseline
12809,17,557,355,5.69,0,12809,4,Humano,Feliz,1009,Janela_Baseline
12826,17,560,342,5.66,0,12826,4,Humano,Feliz,1026,Janela_Baseline
12842,17,558,348,5.69,0,12842,4,Humano,Feliz,1042,Janela_Baseline
12859,17,561,320,5.61,0,12859,4,Humano,Feliz,1059,Janela_Baseline
12876,17,555,324,5.71,0,12876,4,Humano,Feliz,1076,Janela_Baseline
12892,17,560,321,5.71,0,12892,4,Humano,Feliz,1092,Janela_Baseline
12909,17,498,324,5.66,0,12909,4,Humano,Feliz,1109,Janela_Baseline
12925,17,474,332,5.57,0,12925,4,Humano,Feliz,1125,Janela_Baseline
12942,17,477,336,5.61,0,12942,4,Humano,Feliz,1142,Janela_Baseline
12959,17,472,327,5.53,0,12959,4,Humano,Feliz,1159,Janela_Baseline
12975,17,477,345,5.58,0,12975,4,Humano,Feliz,1175,Janela_Baseline
12992,17,476,327,5.55,0,12992,4,Humano,Feliz,1192,Janela_Baseline
13009,17,484,321,5.53,0,13009,4,Humano,Feliz,1209,Janela_Baseline
13025,17,474,320,5.65,0,13025,4,Humano,Feliz,1225,Janela_Baseline
13042,17,477,323,5.65,0,13042,4,Humano,Feliz,1242,Janela_Baseline
13059,17,473,334,5.53,0,13059,4,Humano,Feliz,1259,Janela_Baseline
13075,17,477,344,5.65,0,13075,4,Humano,Feliz,1275,Janela_Baseline
13092,17,482,327,5.58,0,13092,4,Humano,Feliz,1292,Janela_Baseline
13108,17,475,340,5.65,0,13108,4,Humano,Feliz,1308,Exposicao_Face
13125,17,477,341,5.65,0,13125,4,Humano,Feliz,1325,Exposicao_Face
13142,17,485,311,5.65,0,13142,4,Humano,Feliz,1342,Exposicao_Face
13158,17,480,322,5.66,0,13158,4,Humano,Feliz,1358,Exposicao_Face
13175,17,473,340,5.68,0,13175,4,Humano,Feliz,1375,Exposicao_Face
13192,17,474,329,5.66,0,13192,4,Humano,Feliz,1392,Exposicao_Face
13208,17,538,246,5.73,0,13208,4,Humano,Feliz,1408,Exposicao_Face
13225,17,585,224,5.57,0,13225,4,Humano,Feliz,1425,Exposicao_Face
13241,17,583,221,5.63,0,13241,4,Humano,Feliz,1441,Exposicao_Face
13258,17,590,211,5.65,0,13258,4,Humano,Feliz,1458,Exposicao_Face
13275,17,589,201,5.74,0,13275,4,Humano,Feliz,1475,Exposicao_Face
13291,17,593,201,5.71,0,13291,4,Humano,Feliz,1491,Exposicao_Face
13308,17,589,183,5.68,0,13308,4,Humano,Feliz,1508,Exposicao_Face
13325,17,592,197,5.66,0,13325,4,Humano,Feliz,1525,Exposicao_Face
13341,17,588,204,5.69,0,13341,4,Humano,Feliz,1541,Exposicao_Face
13358,17,585,205,5.73,0,13358,4,Humano,Feliz,1558,Exposicao_Face
13375,17,586,207,5.73,0,13375,4,Humano,Feliz,1575,Exposicao_Face
13391,17,590,205,5.74,0,13391,4,Humano,Feliz,1591,Exposicao_Face
13408,17,587,204,5.71,0,13408,4,Humano,Feliz,1608,Exposicao_Face
13424,17,591,213,5.69,0,13424,4,Humano,Feliz,1624,Exposicao_Face
13441,17,590,193,5.73,0,13441,4,Humano,Feliz,1641,Exposicao_Face
13458,17,588,196,5.69,0,13458,4,Humano,Feliz,1658,Exposicao_Face
13474,17,590,180,5.66,0,13474,4,Humano,Feliz,1674,Exposicao_Face
13491,17,535,321,5.74,0,13491,4,Humano,Feliz,1691,Exposicao_Face
13508,17,541,368,5.73,0,13508,4,Humano,Feliz,1708,Exposicao_Face
13524,17,529,368,5.71,0,13524,4,Humano,Feliz,1724,Exposicao_Face
13541,17,530,373,5.71,0,13541,4,Humano,Feliz,1741,Exposicao_Face
13558,17,534,368,5.76,0,13558,4,Humano,Feliz,1758,Exposicao_Face
13574,17,531,388,5.76,0,13574,4,Humano,Feliz,1774,Exposicao_Face
13591,17,528,372,5.74,0,13591,4,Humano,Feliz,1791,Exposicao_Face
13607,17,531,360,5.73,0,13607,4,Humano,Feliz,1807,Exposicao_Face
13624,17,525,375,5.79,0,13624,4,Humano,Feliz,1824,Exposicao_Face
13641,17,536,361,5.76,0,13641,4,Humano,Feliz,1841,Exposicao_Face
13657,17,535,367,5.73,0,13657,4,Humano,Feliz,1857,Exposicao_Face
13674,17,527,389,5.73,0,13674,4,Humano,Feliz,1874,Exposicao_Face
13691,17,533,369,5.69,0,13691,4,Humano,Feliz,1891,Exposicao_Face
13707,17,531,366,5.69,0,13707,4,Humano,Feliz,1907,Exposicao_Face
13724,17,529,374,5.73,0,13724,4,Humano,Feliz,1924,Exposicao_Face
13741,17,529,384,5.78,0,13741,4,Humano,Feliz,1941,Exposicao_Face
13757,17,525,388,5.79,0,13757,4,Humano,Feliz,1957,Exposicao_Face
13774,17,565,441,5.74,0,13774,4,Humano,Feliz,1974,Exposicao_Face
13790,17,632,416,5.63,0,13790,4,Humano,Feliz,1990,Exposicao_Face
13807,17,621,600,5.73,0,13807,4,Humano,Feliz,2007,Exposicao_Face
13824,17,650,822,5.68,0,13824,4,Humano,Feliz,2024,Exposicao_Face
13840,17,632,860,6.06,0,13840,4,Humano,Feliz,2040,Exposicao_Face
13857,17,623,738,5.68,0,13857,4,Humano,Feliz,2057,Exposicao_Face
13874,17,626,620,5.63,0,13874,4,Humano,Feliz,2074,Exposicao_Face
13890,17,625,557,5.53,0,13890,4,Humano,Feliz,2090,Exposicao_Face
13907,17,632,512,5.57,0,13907,4,Humano,Feliz,2107,Exposicao_Face
13924,17,623,629,5.58,0,13924,4,Humano,Feliz,2124,Exposicao_Face
13940,17,624,672,5.57,0,13940,4,Humano,Feliz,2140,Exposicao_Face
13957,17,627,653,5.47,0,13957,4,Humano,Feliz,2157,Exposicao_Face
13973,17,624,669,5.57,0,13973,4,Humano,Feliz,2173,Exposicao_Face
13990,17,623,655,5.55,0,13990,4,Humano,Feliz,2190,Exposicao_Face
14007,17,620,669,5.6,0,14007,4,Humano,Feliz,2207,Exposicao_Face
14023,17,624,660,5.57,0,14023,4,Humano,Feliz,2223,Exposicao_Face
14040,17,620,677,5.58,0,14040,4,Humano,Feliz,2240,Exposicao_Face
14057,17,619,681,5.52,0,14057,4,Humano,Feliz,2257,Exposicao_Face
14073,17,620,680,5.61,0,14073,4,Humano,Feliz,2273,Exposicao_Face
14090,17,621,693,5.55,0,14090,4,Humano,Feliz,2290,Exposicao_Face
14107,17,612,691,5.55,0,14107,4,Humano,Feliz,2307,Exposicao_Face
14123,17,619,676,5.61,0,14123,4,Humano,Feliz,2323,Exposicao_Face
14140,17,618,678,5.53,0,14140,4,Humano,Feliz,2340,Exposicao_Face
14156,17,710,786,5.53,0,14156,4,Humano,Feliz,2356,Exposicao_Face
14173,17,713,916,5.55,0,14173,4,Humano,Feliz,2373,Exposicao_Face
14190,17,710,916,5.44,0,14190,4,Humano,Feliz,2390,Exposicao_Face
14206,17,713,930,5.44,0,14206,4,Humano,Feliz,2406,Exposicao_Face
14223,17,712,931,5.47,0,14223,4,Humano,Feliz,2423,Exposicao_Face
14240,17,710,924,5.41,0,14240,4,Humano,Feliz,2440,Exposicao_Face
14256,17,711,918,5.44,0,14256,4,Humano,Feliz,2456,Exposicao_Face
14273,17,710,935,5.39,0,14273,4,Humano,Feliz,2473,Exposicao_Face
14290,17,711,926,5.37,0,14290,4,Humano,Feliz,2490,Exposicao_Face
14306,17,714,926,5.37,0,14306,4,Humano,Feliz,2506,Exposicao_Face
14323,17,711,927,5.47,0,14323,4,Humano,Feliz,2523,Exposicao_Face
14339,17,709,923,5.41,0,14339,4,Humano,Feliz,2539,Exposicao_Face
14356,17,741,989,5.26,0,14356,4,Humano,Feliz,2556,Exposicao_Face
14373,17,726,986,5.41,0,14373,4,Humano,Feliz,2573,Exposicao_Face
14389,17,736,992,5.37,0,14389,4,Humano,Feliz,2589,Exposicao_Face
14406,17,725,991,5.33,0,14406,4,Humano,Feliz,2606,Exposicao_Face
14423,17,726,984,5.31,0,14423,4,Humano,Feliz,2623,Exposicao_Face
14439,17,724,988,5.34,0,14439,4,Humano,Feliz,2639,Exposicao_Face
14456,17,724,987,5.36,0,14456,4,Humano,Feliz,2656,Exposicao_Face
14472,17,725,982,5.39,0,14472,4,Humano,Feliz,2672,Exposicao_Face
14489,17,725,983,5.33,0,14489,4,Humano,Feliz,2689,Exposicao_Face
14506,17,725,981,5.41,0,14506,4,Humano,Feliz,2706,Exposicao_Face
14522,17,658,717,5.49,0,14522,4,Humano,Feliz,2722,Exposicao_Face
14539,17,623,598,5.39,0,14539,4,Humano,Feliz,2739,Exposicao_Face
14556,17,588,452,5.39,0,14556,4,Humano,Feliz,2756,Exposicao_Face
14572,17,587,386,5.42,0,14572,4,Humano,Feliz,2772,Exposicao_Face
14589,17,590,369,5.37,0,14589,4,Humano,Feliz,2789,Exposicao_Face
14606,17,579,378,5.45,0,14606,4,Humano,Feliz,2806,Exposicao_Face
14622,17,579,394,5.42,0,14622,4,Humano,Feliz,2822,Exposicao_Face
14639,17,579,386,5.47,0,14639,4,Humano,Feliz,2839,Exposicao_Face
14655,17,573,380,5.45,0,14655,4,Humano,Feliz,2855,Exposicao_Face
14672,17,581,362,5.41,0,14672,4,Humano,Feliz,2872,Exposicao_Face
14689,17,580,380,5.44,0,14689,4,Humano,Feliz,2889,Exposicao_Face
14705,17,583,371,5.49,0,14705,4,Humano,Feliz,2905,Exposicao_Face
14722,17,575,388,5.5,0,14722,4,Humano,Feliz,2922,Exposicao_Face
14739,17,580,373,5.49,0,14739,4,Humano,Feliz,2939,Exposicao_Face
14755,17,575,378,5.47,0,14755,4,Humano,Feliz,2955,Exposicao_Face
14772,17,579,375,5.5,0,14772,4,Humano,Feliz,2972,Exposicao_Face
14789,17,575,384,5.53,0,14789,4,Humano,Feliz,2989,Exposicao_Face
14805,17,576,370,5.53,0,14805,4,Humano,Feliz,3005,Exposicao_Face
14822,17,580,367,5.53,0,14822,4,Humano,Feliz,3022,Exposicao_Face
14838,17,540,390,5.57,0,14838,4,Humano,Feliz,3038,Exposicao_Face
14855,17,546,395,5.53,0,14855,4,Humano,Feliz,3055,Exposicao_Face
14872,17,539,380,5.53,0,14872,4,Humano,Feliz,3072,Exposicao_Face
14888,17,541,368,5.45,0,14888,4,Humano,Feliz,3088,Exposicao_Face
14905,17,542,389,5.53,0,14905,4,Humano,Feliz,3105,Exposicao_Face
14922,17,540,389,5.53,0,14922,4,Humano,Feliz,3122,Exposicao_Face
14938,17,531,390,5.52,0,14938,4,Humano,Feliz,3138,Exposicao_Face
14955,17,540,366,5.45,0,14955,4,Humano,Feliz,3155,Exposicao_Face
14972,17,538,389,5.55,0,14972,4,Humano,Feliz,3172,Exposicao_Face
14988,17,539,395,5.55,0,14988,4,Humano,Feliz,3188,Exposicao_Face
15005,17,546,389,5.53,0,15005,4,Humano,Feliz,3205,Exposicao_Face
15021,17,535,387,5.52,0,15021,4,Humano,Feliz,3221,Exposicao_Face
15038,17,537,384,5.47,0,15038,4,Humano,Feliz,3238,Exposicao_Face
15055,17,541,365,5.44,0,15055,4,Humano,Feliz,3255,Exposicao_Face
15071,17,535,360,5.47,0,15071,4,Humano,Feliz,3271,Exposicao_Face
15088,17,528,375,5.49,0,15088,4,Humano,Feliz,3288,Exposicao_Face
15105,17,538,367,5.49,0,15105,4,Humano,Feliz,3305,Exposicao_Face
15121,17,537,395,5.55,0,15121,4,Humano,Feliz,3321,Exposicao_Face
15138,17,526,403,5.57,0,15138,4,Humano,Feliz,3338,Exposicao_Face
15155,17,530,437,5.52,0,15155,4,Humano,Feliz,3355,Exposicao_Face
15171,17,528,438,5.57,0,15171,4,Humano,Feliz,3371,Exposicao_Face
15188,17,531,458,5.58,0,15188,4,Humano,Feliz,3388,Exposicao_Face
15204,17,524,448,5.57,0,15204,4,Humano,Feliz,3404,Exposicao_Face
15221,17,506,443,5.58,0,15221,4,Humano,Feliz,3421,Exposicao_Face
15238,17,525,452,5.53,0,15238,4,Humano,Feliz,3438,Exposicao_Face
15254,17,525,441,5.55,0,15254,4,Humano,Feliz,3454,Exposicao_Face
15271,17,524,456,5.57,0,15271,4,Humano,Feliz,3471,Exposicao_Face
15288,17,523,455,5.65,0,15288,4,Humano,Feliz,3488,Exposicao_Face
15304,17,529,449,5.6,0,15304,4,Humano,Feliz,3504,Exposicao_Face
15321,17,527,432,5.73,0,15321,4,Humano,Feliz,3521,Exposicao_Face
15338,17,533,466,5.66,0,15338,4,Humano,Feliz,3538,Exposicao_Face
15354,17,528,453,5.69,0,15354,4,Humano,Feliz,3554,Exposicao_Face
15371,17,520,445,5.66,0,15371,4,Humano,Feliz,3571,Exposicao_Face
15387,17,518,454,5.74,0,15387,4,Humano,Feliz,3587,Exposicao_Face
15404,17,518,460,5.71,0,15404,4,Humano,Feliz,3604,Exposicao_Face
15421,17,522,461,5.76,0,15421,4,Humano,Feliz,3621,Exposicao_Face
15437,17,518,452,5.74,0,15437,4,Humano,Feliz,3637,Exposicao_Face
15454,17,512,430,5.68,0,15454,4,Humano,Feliz,3654,Exposicao_Face
15471,17,514,428,5.82,0,15471,4,Humano,Feliz,3671,Exposicao_Face
15487,17,520,433,5.79,0,15487,4,Humano,Feliz,3687,Exposicao_Face
15504,17,521,448,5.81,0,15504,4,Humano,Feliz,3704,Exposicao_Face
15520,17,524,445,5.78,0,15520,4,Humano,Feliz,3720,Exposicao_Face
15537,17,516,448,5.81,0,15537,4,Humano,Feliz,3737,Exposicao_Face
15554,17,522,433,5.81,0,15554,4,Humano,Feliz,3754,Exposicao_Face
15570,17,524,434,5.84,0,15570,4,Humano,Feliz,3770,Exposicao_Face
15587,17,517,436,5.86,0,15587,4,Humano,Feliz,3787,Exposicao_Face
15604,17,518,453,5.79,0,15604,4,Humano,Feliz,3804,Exposicao_Face
15620,17,505,377,5.86,0,15620,4,Humano,Feliz,3820,Exposicao_Face
15637,17,510,356,5.87,0,15637,4,Humano,Feliz,3837,Exposicao_Face
15654,17,512,348,5.87,0,15654,4,Humano,Feliz,3854,Exposicao_Face
15670,17,510,358,5.9,0,15670,4,Humano,Feliz,3870,Exposicao_Face
15687,17,514,350,5.94,0,15687,4,Humano,Feliz,3887,Exposicao_Face
15703,17,504,333,5.87,0,15703,4,Humano,Feliz,3903,Exposicao_Face
15720,17,510,337,5.94,0,15720,4,Humano,Feliz,3920,Exposicao_Face
15737,17,506,365,5.97,0,15737,4,Humano,Feliz,3937,Exposicao_Face
15753,17,510,352,5.89,0,15753,4,Humano,Feliz,3953,Exposicao_Face
15770,17,507,349,5.9,0,15770,4,Humano,Feliz,3970,Exposicao_Face
15787,17,511,345,5.92,0,15787,4,Humano,Feliz,3987,Exposicao_Face
15803,17,505,353,5.95,0,15803,5,Humano,Neutro,3,Janela_Baseline
15820,17,508,355,5.92,0,15820,5,Humano,Neutro,20,Janela_Baseline
15837,17,512,350,5.92,0,15837,5,Humano,Neutro,37,Janela_Baseline
15853,17,514,362,5.89,0,15853,5,Humano,Neutro,53,Janela_Baseline
15870,17,506,347,5.89,0,15870,5,Humano,Neutro,70,Janela_Baseline
15886,17,505,348,5.89,0,15886,5,Humano,Neutro,86,Janela_Baseline
15903,17,470,373,5.94,0,15903,5,Humano,Neutro,103,Janela_Baseline
15920,17,446,355,5.87,0,15920,5,Humano,Neutro,120,Janela_Baseline
15936,17,465,335,5.86,0,15936,5,Humano,Neutro,136,Janela_Baseline
15953,17,468,343,5.78,0,15953,5,Humano,Neutro,153,Janela_Baseline
15970,17,461,346,5.78,0,15970,5,Humano,Neutro,170,Janela_Baseline
15986,17,473,355,5.84,0,15986,5,Humano,Neutro,186,Janela_Baseline
16003,17,471,345,5.86,0,16003,5,Humano,Neutro,203,Janela_Baseline
16020,17,466,350,5.82,0,16020,5,Humano,Neutro,220,Janela_Baseline
16036,17,469,345,5.81,0,16036,5,Humano,Neutro,236,Janela_Baseline
16053,17,467,330,5.82,0,16053,5,Humano,Neutro,253,Janela_Baseline
16069,17,468,326,5.81,0,16069,5,Humano,Neutro,269,Janela_Baseline
16086,17,450,338,5.78,0,16086,5,Humano,Neutro,286,Janela_Baseline
16103,17,464,347,5.81,0,16103,5,Humano,Neutro,303,Janela_Baseline
16119,17,459,341,5.71,0,16119,5,Humano,Neutro,319,Janela_Baseline
16136,17,464,330,5.81,0,16136,5,Humano,Neutro,336,Janela_Baseline
16153,17,442,344,5.73,0,16153,5,Humano,Neutro,353,Janela_Baseline
16169,17,465,332,5.79,0,16169,5,Humano,Neutro,369,Janela_Baseline
16186,17,448,344,5.74,0,16186,5,Humano,Neutro,386,Janela_Baseline
16203,17,465,348,5.82,0,16203,5,Humano,Neutro,403,Janela_Baseline
16219,17,463,337,5.82,0,16219,5,Humano,Neutro,419,Janela_Baseline
16236,17,476,353,5.82,0,16236,5,Humano,Neutro,436,Janela_Baseline
16252,17,471,347,5.81,0,16252,5,Humano,Neutro,452,Janela_Baseline
16269,17,471,358,5.82,0,16269,5,Humano,Neutro,469,Janela_Baseline
16286,17,462,334,5.74,0,16286,5,Humano,Neutro,486,Janela_Baseline
16302,17,473,340,5.78,0,16302,5,Humano,Neutro,502,Janela_Baseline
16319,17,474,362,5.76,0,16319,5,Humano,Neutro,519,Janela_Baseline
16336,17,466,355,5.84,0,16336,5,Humano,Neutro,536,Janela_Baseline
16352,17,468,361,5.9,0,16352,5,Humano,Neutro,552,Janela_Baseline
16369,17,466,363,5.89,0,16369,5,Humano,Neutro,569,Janela_Baseline
16386,17,474,349,5.86,0,16386,5,Humano,Neutro,586,Janela_Baseline
16402,17,469,352,5.87,0,16402,5,Humano,Neutro,602,Janela_Baseline
16419,17,448,359,5.9,0,16419,5,Humano,Neutro,619,Janela_Baseline
16435,17,474,335,5.84,0,16435,5,Humano,Neutro,635,Janela_Baseline
16452,17,467,357,5.94,0,16452,5,Humano,Neutro,652,Janela_Baseline
16469,17,469,339,5.82,0,16469,5,Humano,Neutro,669,Janela_Baseline
16485,17,462,366,5.95,0,16485,5,Humano,Neutro,685,Janela_Baseline
16502,17,463,360,6.02,0,16502,5,Humano,Neutro,702,Janela_Baseline
16519,17,471,345,5.89,0,16519,5,Humano,Neutro,719,Janela_Baseline
16535,17,476,340,5.95,0,16535,5,Humano,Neutro,735,Janela_Baseline
16552,17,475,362,5.95,0,16552,5,Humano,Neutro,752,Janela_Baseline
16569,17,465,346,5.9,0,16569,5,Humano,Neutro,769,Janela_Baseline
16585,17,471,356,5.94,0,16585,5,Humano,Neutro,785,Janela_Baseline
16602,17,471,341,5.95,0,16602,5,Humano,Neutro,802,Janela_Baseline
16618,17,467,343,5.95,0,16618,5,Humano,Neutro,818,Janela_Baseline
16635,17,474,337,5.92,0,16635,5,Humano,Neutro,835,Janela_Baseline
16652,17,466,348,5.94,0,16652,5,Humano,Neutro,852,Janela_Baseline
16668,17,461,350,6.0,0,16668,5,Humano,Neutro,868,Janela_Baseline
16685,17,469,345,6.0,0,16685,5,Humano,Neutro,885,Janela_Baseline
16702,17,465,336,5.98,0,16702,5,Humano,Neutro,902,Janela_Baseline
16718,17,465,358,5.98,0,16718,5,Humano,Neutro,918,Janela_Baseline
16735,17,466,359,5.98,0,16735,5,Humano,Neutro,935,Janela_Baseline
16751,17,469,345,5.95,0,16751,5,Humano,Neutro,951,Janela_Baseline
16768,17,460,365,5.97,0,16768,5,Humano,Neutro,968,Janela_Baseline
16785,17,454,374,5.98,0,16785,5,Humano,Neutro,985,Janela_Baseline
16801,17,497,376,5.97,0,16801,5,Humano,Neutro,1001,Janela_Baseline
16818,17,480,657,6.05,0,16818,5,Humano,Neutro,1018,Janela_Baseline
16835,17,503,948,6.21,0,16835,5,Humano,Neutro,1035,Janela_Baseline
16851,17,468,561,6.22,0,16851,5,Humano,Neutro,1051,Janela_Baseline
16868,17,562,713,0.0,0,16868,5,Humano,Neutro,1068,Janela_Baseline
16885,17,561,740,0.0,0,16885,5,Humano,Neutro,1085,Janela_Baseline
16901,17,507,787,0.0,0,16901,5,Humano,Neutro,1101,Janela_Baseline
16918,17,542,982,0.0,0,16918,5,Humano,Neutro,1118,Janela_Baseline
16934,17,560,1027,0.0,0,16934,5,Humano,Neutro,1134,Janela_Baseline
16951,17,550,930,0.0,0,16951,5,Humano,Neutro,1151,Janela_Baseline
16968,17,545,963,0.0,0,16968,5,Humano,Neutro,1168,Janela_Baseline
17001,33,475,1057,6.51,0,17001,5,Humano,Neutro,1201,Janela_Baseline
17018,17,476,1019,-1.0,0,17018,5,Humano,Neutro,1218,Janela_Baseline
17034,17,475,1038,6.03,0,17034,5,Humano,Neutro,1234,Janela_Baseline
17051,17,475,1007,6.16,0,17051,5,Humano,Neutro,1251,Janela_Baseline
17068,17,476,997,-1.0,0,17068,5,Humano,Neutro,1268,Janela_Baseline
17084,17,479,996,6.06,0,17084,5,Humano,Neutro,1284,Janela_Baseline
17101,17,474,989,-1.0,0,17101,5,Humano,Neutro,1301,Exposicao_Face
17117,17,477,1009,-1.0,0,17117,5,Humano,Neutro,1317,Exposicao_Face
17134,17,477,989,5.89,0,17134,5,Humano,Neutro,1334,Exposicao_Face
17151,17,472,1045,6.19,0,17151,5,Humano,Neutro,1351,Exposicao_Face
17167,17,469,990,-1.0,0,17167,5,Humano,Neutro,1367,Exposicao_Face
17184,17,445,902,5.78,0,17184,5,Humano,Neutro,1384,Exposicao_Face
17201,17,452,919,-1.0,0,17201,5,Humano,Neutro,1401,Exposicao_Face
17217,17,438,905,-1.0,0,17217,5,Humano,Neutro,1417,Exposicao_Face
17234,17,443,910,-1.0,0,17234,5,Humano,Neutro,1434,Exposicao_Face
17251,17,450,933,5.79,0,17251,5,Humano,Neutro,1451,Exposicao_Face
17267,17,443,909,-1.0,0,17267,5,Humano,Neutro,1467,Exposicao_Face
17284,17,448,950,-1.0,0,17284,5,Humano,Neutro,1484,Exposicao_Face
17300,17,447,901,5.71,0,17300,5,Humano,Neutro,1500,Exposicao_Face
17317,17,448,910,5.71,0,17317,5,Humano,Neutro,1517,Exposicao_Face
17334,17,451,936,5.69,0,17334,5,Humano,Neutro,1534,Exposicao_Face
17350,17,445,914,5.79,0,17350,5,Humano,Neutro,1550,Exposicao_Face
17367,17,447,939,5.71,0,17367,5,Humano,Neutro,1567,Exposicao_Face
17384,17,446,908,5.73,0,17384,5,Humano,Neutro,1584,Exposicao_Face
17400,17,453,953,5.73,0,17400,5,Humano,Neutro,1600,Exposicao_Face
17417,17,332,1020,5.69,0,17417,5,Humano,Neutro,1617,Exposicao_Face
17434,17,453,949,5.65,0,17434,5,Humano,Neutro,1634,Exposicao_Face
17450,17,449,954,5.69,0,17450,5,Humano,Neutro,1650,Exposicao_Face
17467,17,450,941,5.68,0,17467,5,Humano,Neutro,1667,Exposicao_Face
17483,17,392,1043,5.69,0,17483,5,Humano,Neutro,1683,Exposicao_Face
17500,17,453,944,5.66,0,17500,5,Humano,Neutro,1700,Exposicao_Face
17517,17,454,947,5.76,0,17517,5,Humano,Neutro,1717,Exposicao_Face
17533,17,459,953,5.55,0,17533,5,Humano,Neutro,1733,Exposicao_Face
17550,17,461,948,5.6,0,17550,5,Humano,Neutro,1750,Exposicao_Face
17567,17,459,944,5.6,0,17567,5,Humano,Neutro,1767,Exposicao_Face
17583,17,462,945,5.58,0,17583,5,Humano,Neutro,1783,Exposicao_Face
17600,17,460,950,5.55,0,17600,5,Humano,Neutro,1800,Exposicao_Face
17617,17,460,954,5.66,0,17617,5,Humano,Neutro,1817,Exposicao_Face
17633,17,459,952,5.61,0,17633,5,Humano,Neutro,1833,Exposicao_Face
17650,17,466,932,5.63,0,17650,5,Humano,Neutro,1850,Exposicao_Face
17666,17,461,953,5.57,0,17666,5,Humano,Neutro,1866,Exposicao_Face
17683,17,463,948,5.66,0,17683,5,Humano,Neutro,1883,Exposicao_Face
17700,17,459,948,5.65,0,17700,5,Humano,Neutro,1900,Exposicao_Face
17716,17,455,954,5.63,0,17716,5,Humano,Neutro,1916,Exposicao_Face
17733,17,464,958,5.65,0,17733,5,Humano,Neutro,1933,Exposicao_Face
17750,17,437,1010,5.63,0,17750,5,Humano,Neutro,1950,Exposicao_Face
17766,17,435,1009,5.71,0,17766,5,Humano,Neutro,1966,Exposicao_Face
17783,17,438,1017,5.66,0,17783,5,Humano,Neutro,1983,Exposicao_Face
17800,17,440,1010,5.71,0,17800,5,Humano,Neutro,2000,Exposicao_Face
17816,17,435,1008,5.63,0,17816,5,Humano,Neutro,2016,Exposicao_Face
17833,17,434,1014,5.68,0,17833,5,Humano,Neutro,2033,Exposicao_Face
17849,17,435,1012,5.73,0,17849,5,Humano,Neutro,2049,Exposicao_Face
17866,17,437,1027,5.74,0,17866,5,Humano,Neutro,2066,Exposicao_Face
17883,17,436,1018,5.65,0,17883,5,Humano,Neutro,2083,Exposicao_Face
17899,17,432,1016,5.65,0,17899,5,Humano,Neutro,2099,Exposicao_Face
17916,17,433,1018,5.66,0,17916,5,Humano,Neutro,2116,Exposicao_Face
17933,17,434,972,5.71,0,17933,5,Humano,Neutro,2133,Exposicao_Face
17949,17,430,987,5.68,0,17949,5,Humano,Neutro,2149,Exposicao_Face
17966,17,430,975,5.69,0,17966,5,Humano,Neutro,2166,Exposicao_Face
17982,17,439,983,5.71,0,17982,5,Humano,Neutro,2182,Exposicao_Face
17999,17,435,980,5.69,0,17999,5,Humano,Neutro,2199,Exposicao_Face
18016,17,433,981,5.74,0,18016,5,Humano,Neutro,2216,Exposicao_Face
18032,17,433,977,5.69,0,18032,5,Humano,Neutro,2232,Exposicao_Face
18049,17,435,982,5.76,0,18049,5,Humano,Neutro,2249,Exposicao_Face
18066,17,432,984,5.65,0,18066,5,Humano,Neutro,2266,Exposicao_Face
18082,17,432,989,5.68,0,18082,5,Humano,Neutro,2282,Exposicao_Face
18099,17,433,972,5.73,0,18099,5,Humano,Neutro,2299,Exposicao_Face
18116,17,434,980,5.65,0,18116,5,Humano,Neutro,2316,Exposicao_Face
18132,17,435,961,5.76,0,18132,5,Humano,Neutro,2332,Exposicao_Face
18149,17,435,963,5.73,0,18149,5,Humano,Neutro,2349,Exposicao_Face
18165,17,432,965,5.71,0,18165,5,Humano,Neutro,2365,Exposicao_Face
18182,17,434,969,5.63,0,18182,5,Humano,Neutro,2382,Exposicao_Face
18199,17,441,969,5.74,0,18199,5,Humano,Neutro,2399,Exposicao_Face
18215,17,440,970,5.73,0,18215,5,Humano,Neutro,2415,Exposicao_Face
18232,17,438,965,5.76,0,18232,5,Humano,Neutro,2432,Exposicao_Face
18249,17,436,965,5.79,0,18249,5,Humano,Neutro,2449,Exposicao_Face
18265,17,439,951,5.79,0,18265,5,Humano,Neutro,2465,Exposicao_Face
18282,17,442,968,5.69,0,18282,5,Humano,Neutro,2482,Exposicao_Face
18299,17,440,966,5.74,0,18299,5,Humano,Neutro,2499,Exposicao_Face
18315,17,440,965,5.81,0,18315,5,Humano,Neutro,2515,Exposicao_Face
18332,17,440,962,5.79,0,18332,5,Humano,Neutro,2532,Exposicao_Face
18348,17,442,965,5.84,0,18348,5,Humano,Neutro,2548,Exposicao_Face
18365,17,444,964,5.81,0,18365,5,Humano,Neutro,2565,Exposicao_Face
18382,17,444,967,5.81,0,18382,5,Humano,Neutro,2582,Exposicao_Face
18398,17,434,968,5.82,0,18398,5,Humano,Neutro,2598,Exposicao_Face
18415,17,443,966,5.82,0,18415,5,Humano,Neutro,2615,Exposicao_Face
18432,17,441,968,5.86,0,18432,5,Humano,Neutro,2632,Exposicao_Face
18448,17,444,969,5.9,0,18448,5,Humano,Neutro,2648,Exposicao_Face
18465,17,442,967,5.84,0,18465,5,Humano,Neutro,2665,Exposicao_Face
18482,17,447,968,5.89,0,18482,5,Humano,Neutro,2682,Exposicao_Face
18498,17,444,964,5.84,0,18498,5,Humano,Neutro,2698,Exposicao_Face
18515,17,446,960,5.79,0,18515,5,Humano,Neutro,2715,Exposicao_Face
18531,17,446,963,5.9,0,18531,5,Humano,Neutro,2731,Exposicao_Face
18548,17,451,961,5.92,0,18548,5,Humano,Neutro,2748,Exposicao_Face
18565,17,446,960,5.86,0,18565,5,Humano,Neutro,2765,Exposicao_Face
18581,17,439,955,5.86,0,18581,5,Humano,Neutro,2781,Exposicao_Face
18598,17,444,960,5.82,0,18598,5,Humano,Neutro,2798,Exposicao_Face
18615,17,450,964,5.94,0,18615,5,Humano,Neutro,2815,Exposicao_Face
18631,17,443,963,5.9,0,18631,5,Humano,Neutro,2831,Exposicao_Face
18648,17,450,972,5.9,0,18648,5,Humano,Neutro,2848,Exposicao_Face
18665,17,447,955,5.97,0,18665,5,Humano,Neutro,2865,Exposicao_Face
18681,17,447,961,5.94,0,18681,5,Humano,Neutro,2881,Exposicao_Face
18698,17,445,970,5.98,0,18698,5,Humano,Neutro,2898,Exposicao_Face
18714,17,442,959,5.9,0,18714,5,Humano,Neutro,2914,Exposicao_Face
18731,17,439,960,5.92,0,18731,5,Humano,Neutro,2931,Exposicao_Face
18748,17,442,955,5.94,0,18748,5,Humano,Neutro,2948,Exposicao_Face
18764,17,443,955,5.92,0,18764,5,Humano,Neutro,2964,Exposicao_Face
18781,17,445,955,5.92,0,18781,5,Humano,Neutro,2981,Exposicao_Face
18798,17,437,734,5.98,0,18798,5,Humano,Neutro,2998,Exposicao_Face
18814,17,445,959,6.02,0,18814,5,Humano,Neutro,3014,Exposicao_Face
18831,17,449,950,6.05,0,18831,5,Humano,Neutro,3031,Exposicao_Face
18848,17,444,948,5.98,0,18848,5,Humano,Neutro,3048,Exposicao_Face
18864,17,443,946,5.92,0,18864,5,Humano,Neutro,3064,Exposicao_Face
18881,17,519,1023,5.95,0,18881,5,Humano,Neutro,3081,Exposicao_Face
18897,17,444,964,5.94,0,18897,5,Humano,Neutro,3097,Exposicao_Face
18914,17,450,941,5.94,0,18914,5,Humano,Neutro,3114,Exposicao_Face
18931,17,448,945,5.94,0,18931,5,Humano,Neutro,3131,Exposicao_Face
18947,17,440,958,5.98,0,18947,5,Humano,Neutro,3147,Exposicao_Face
18964,17,435,949,6.02,0,18964,5,Humano,Neutro,3164,Exposicao_Face
18981,17,434,945,6.06,0,18981,5,Humano,Neutro,3181,Exposicao_Face
18997,17,442,963,6.0,0,18997,5,Humano,Neutro,3197,Exposicao_Face
19014,17,440,898,5.94,0,19014,5,Humano,Neutro,3214,Exposicao_Face
19030,17,450,654,6.29,0,19030,5,Humano,Neutro,3230,Exposicao_Face
19047,17,461,726,6.03,0,19047,5,Humano,Neutro,3247,Exposicao_Face
19064,17,441,999,6.35,0,19064,5,Humano,Neutro,3264,Exposicao_Face
19080,17,477,1017,5.94,0,19080,5,Humano,Neutro,3280,Exposicao_Face
19097,17,439,760,6.08,0,19097,5,Humano,Neutro,3297,Exposicao_Face
19114,17,467,580,6.06,0,19114,5,Humano,Neutro,3314,Exposicao_Face
19130,17,480,398,6.06,0,19130,5,Humano,Neutro,3330,Exposicao_Face
19147,17,499,299,6.03,0,19147,5,Humano,Neutro,3347,Exposicao_Face
19164,17,491,350,6.02,0,19164,5,Humano,Neutro,3364,Exposicao_Face
19180,17,492,378,6.06,0,19180,5,Humano,Neutro,3380,Exposicao_Face
19197,17,500,980,6.08,0,19197,5,Humano,Neutro,3397,Exposicao_Face
19396,200,515,756,5.84,0,19396,5,Humano,Neutro,3596,Exposicao_Face
19413,17,511,527,5.87,0,19413,5,Humano,Neutro,3613,Exposicao_Face
19430,17,527,356,5.84,0,19430,5,Humano,Neutro,3630,Exposicao_Face
19446,17,512,376,5.81,0,19446,5,Humano,Neutro,3646,Exposicao_Face
19463,17,512,392,5.76,0,19463,5,Humano,Neutro,3663,Exposicao_Face
19480,17,507,393,5.78,0,19480,5,Humano,Neutro,3680,Exposicao_Face
19496,17,522,377,5.73,0,19496,5,Humano,Neutro,3696,Exposicao_Face
19513,17,517,399,5.76,0,19513,5,Humano,Neutro,3713,Exposicao_Face
19530,17,516,397,5.68,0,19530,5,Humano,Neutro,3730,Exposicao_Face
19546,17,522,403,5.76,0,19546,5,Humano,Neutro,3746,Exposicao_Face
19563,17,514,385,5.69,0,19563,5,Humano,Neutro,3763,Exposicao_Face
19579,17,517,388,5.68,0,19579,5,Humano,Neutro,3779,Exposicao_Face
19596,17,519,364,5.63,0,19596,5,Humano,Neutro,3796,Exposicao_Face
19613,17,522,366,5.65,0,19613,5,Humano,Neutro,3813,Exposicao_Face
19629,17,517,378,5.65,0,19629,5,Humano,Neutro,3829,Exposicao_Face
19646,17,522,380,5.73,0,19646,5,Humano,Neutro,3846,Exposicao_Face
19663,17,521,361,5.68,0,19663,5,Humano,Neutro,3863,Exposicao_Face
19679,17,517,351,5.69,0,19679,5,Humano,Neutro,3879,Exposicao_Face
19696,17,521,381,5.68,0,19696,5,Humano,Neutro,3896,Exposicao_Face
19713,17,518,368,5.66,0,19713,5,Humano,Neutro,3913,Exposicao_Face
19729,17,528,375,5.65,0,19729,5,Humano,Neutro,3929,Exposicao_Face
19746,17,523,371,5.65,0,19746,5,Humano,Neutro,3946,Exposicao_Face
19762,17,523,384,5.6,0,19762,5,Humano,Neutro,3962,Exposicao_Face
19779,17,526,383,5.55,0,19779,5,Humano,Neutro,3979,Exposicao_Face
19796,17,503,474,5.6,0,19796,5,Humano,Neutro,3996,Exposicao_Face
19812,17,481,606,5.58,0,19812,6,Humano,Raiva,12,Janela_Baseline
19829,17,478,722,5.53,0,19829,6,Humano,Raiva,29,Janela_Baseline
19846,17,460,824,5.53,0,19846,6,Humano,Raiva,46,Janela_Baseline
19862,17,455,872,5.53,0,19862,6,Humano,Raiva,62,Janela_Baseline
19879,17,443,870,5.55,0,19879,6,Humano,Raiva,79,Janela_Baseline
19896,17,445,870,5.44,0,19896,6,Humano,Raiva,96,Janela_Baseline
19912,17,453,862,5.52,0,19912,6,Humano,Raiva,112,Janela_Baseline
19929,17,449,869,5.49,0,19929,6,Humano,Raiva,129,Janela_Baseline
19945,17,445,875,5.57,0,19945,6,Humano,Raiva,145,Janela_Baseline
19962,17,449,876,5.5,0,19962,6,Humano,Raiva,162,Janela_Baseline
19979,17,447,871,5.45,0,19979,6,Humano,Raiva,179,Janela_Baseline
19995,17,463,934,5.5,0,19995,6,Humano,Raiva,195,Janela_Baseline
20012,17,453,937,5.45,0,20012,6,Humano,Raiva,212,Janela_Baseline
20029,17,455,947,5.5,0,20029,6,Humano,Raiva,229,Janela_Baseline
20045,17,450,951,5.52,0,20045,6,Humano,Raiva,245,Janela_Baseline
20062,17,452,948,5.52,0,20062,6,Humano,Raiva,262,Janela_Baseline
20079,17,452,950,5.58,0,20079,6,Humano,Raiva,279,Janela_Baseline
20095,17,450,954,5.55,0,20095,6,Humano,Raiva,295,Janela_Baseline
20112,17,454,952,5.61,0,20112,6,Humano,Raiva,312,Janela_Baseline
20128,17,451,950,5.58,0,20128,6,Humano,Raiva,328,Janela_Baseline
20145,17,450,947,5.57,0,20145,6,Humano,Raiva,345,Janela_Baseline
20162,17,452,947,5.6,0,20162,6,Humano,Raiva,362,Janela_Baseline
20178,17,451,944,5.58,0,20178,6,Humano,Raiva,378,Janela_Baseline
20195,17,454,945,5.53,0,20195,6,Humano,Raiva,395,Janela_Baseline
20212,17,456,946,5.63,0,20212,6,Humano,Raiva,412,Janela_Baseline
20228,17,454,949,5.65,0,20228,6,Humano,Raiva,428,Janela_Baseline
20245,17,452,949,5.71,0,20245,6,Humano,Raiva,445,Janela_Baseline
20261,17,454,950,5.6,0,20261,6,Humano,Raiva,461,Janela_Baseline
20278,17,452,944,5.68,0,20278,6,Humano,Raiva,478,Janela_Baseline
20295,17,488,882,5.69,0,20295,6,Humano,Raiva,495,Janela_Baseline
20311,17,493,821,5.69,0,20311,6,Humano,Raiva,511,Janela_Baseline
20328,17,495,834,5.68,0,20328,6,Humano,Raiva,528,Janela_Baseline
20345,17,499,827,5.65,0,20345,6,Humano,Raiva,545,Janela_Baseline
20361,17,497,825,5.61,0,20361,6,Humano,Raiva,561,Janela_Baseline
20378,17,499,828,5.65,0,20378,6,Humano,Raiva,578,Janela_Baseline
20395,17,503,826,5.68,0,20395,6,Humano,Raiva,595,Janela_Baseline
20411,17,495,823,5.76,0,20411,6,Humano,Raiva,611,Janela_Baseline
20428,17,500,823,5.76,0,20428,6,Humano,Raiva,628,Janela_Baseline
20444,17,500,825,5.79,0,20444,6,Humano,Raiva,644,Janela_Baseline
20461,17,496,826,5.73,0,20461,6,Humano,Raiva,661,Janela_Baseline
20478,17,502,822,5.73,0,20478,6,Humano,Raiva,678,Janela_Baseline
20494,17,492,829,5.66,0,20494,6,Humano,Raiva,694,Janela_Baseline
20511,17,504,821,5.69,0,20511,6,Humano,Raiva,711,Janela_Baseline
20528,17,501,820,5.74,0,20528,6,Humano,Raiva,728,Janela_Baseline
20544,17,498,822,5.82,0,20544,6,Humano,Raiva,744,Janela_Baseline
20561,17,501,823,5.71,0,20561,6,Humano,Raiva,761,Janela_Baseline
20578,17,495,824,5.78,0,20578,6,Humano,Raiva,778,Janela_Baseline
20594,17,499,825,5.71,0,20594,6,Humano,Raiva,794,Janela_Baseline
20611,17,503,820,5.76,0,20611,6,Humano,Raiva,811,Janela_Baseline
20627,17,503,799,5.73,0,20627,6,Humano,Raiva,827,Janela_Baseline
20644,17,503,805,5.74,0,20644,6,Humano,Raiva,844,Janela_Baseline
20661,17,499,808,5.81,0,20661,6,Humano,Raiva,861,Janela_Baseline
20677,17,496,805,5.79,0,20677,6,Humano,Raiva,877,Janela_Baseline
20694,17,494,809,5.71,0,20694,6,Humano,Raiva,894,Janela_Baseline
20711,17,502,809,5.74,0,20711,6,Humano,Raiva,911,Janela_Baseline
20727,17,498,809,5.68,0,20727,6,Humano,Raiva,927,Janela_Baseline
20744,17,497,801,5.71,0,20744,6,Humano,Raiva,944,Janela_Baseline
20761,17,495,807,5.73,0,20761,6,Humano,Raiva,961,Janela_Baseline
20777,17,502,811,5.71,0,20777,6,Humano,Raiva,977,Janela_Baseline
20794,17,495,811,5.76,0,20794,6,Humano,Raiva,994,Janela_Baseline
20810,17,498,809,5.68,0,20810,6,Humano,Raiva,1010,Janela_Baseline
20827,17,498,809,5.78,0,20827,6,Humano,Raiva,1027,Janela_Baseline
20844,17,497,805,5.66,0,20844,6,Humano,Raiva,1044,Janela_Baseline
20860,17,499,808,5.68,0,20860,6,Humano,Raiva,1060,Janela_Baseline
20877,17,496,798,5.74,0,20877,6,Humano,Raiva,1077,Janela_Baseline
20894,17,495,811,5.71,0,20894,6,Humano,Raiva,1094,Janela_Baseline
20910,17,493,802,5.76,0,20910,6,Humano,Raiva,1110,Janela_Baseline
20927,17,495,806,5.81,0,20927,6,Humano,Raiva,1127,Janela_Baseline
20944,17,374,819,5.78,0,20944,6,Humano,Raiva,1144,Janela_Baseline
20960,17,497,796,5.82,0,20960,6,Humano,Raiva,1160,Janela_Baseline
20977,17,500,805,5.79,0,20977,6,Humano,Raiva,1177,Janela_Baseline
20993,17,503,806,5.73,0,20993,6,Humano,Raiva,1193,Janela_Baseline
21010,17,499,807,5.76,0,21010,6,Humano,Raiva,1210,Janela_Baseline
21027,17,498,805,5.81,0,21027,6,Humano,Raiva,1227,Janela_Baseline
21043,17,505,801,5.87,0,21043,6,Humano,Raiva,1243,Janela_Baseline
21060,17,493,804,5.73,0,21060,6,Humano,Raiva,1260,Janela_Baseline
21077,17,503,804,5.76,0,21077,6,Humano,Raiva,1277,Janela_Baseline
21093,17,500,802,5.84,0,21093,6,Humano,Raiva,1293,Janela_Baseline
21110,17,500,807,5.79,0,21110,6,Humano,Raiva,1310,Exposicao_Face
21127,17,500,804,5.76,0,21127,6,Humano,Raiva,1327,Exposicao_Face
21143,17,502,795,5.84,0,21143,6,Humano,Raiva,1343,Exposicao_Face
21160,17,499,805,5.89,0,21160,6,Humano,Raiva,1360,Exposicao_Face
21176,17,501,802,5.78,0,21176,6,Humano,Raiva,1376,Exposicao_Face
21193,17,498,806,5.82,0,21193,6,Humano,Raiva,1393,Exposicao_Face
21210,17,499,802,5.81,0,21210,6,Humano,Raiva,1410,Exposicao_Face
21226,17,502,802,5.87,0,21226,6,Humano,Raiva,1426,Exposicao_Face
21243,17,497,806,5.87,0,21243,6,Humano,Raiva,1443,Exposicao_Face
21260,17,506,804,5.81,0,21260,6,Humano,Raiva,1460,Exposicao_Face
21276,17,499,798,5.79,0,21276,6,Humano,Raiva,1476,Exposicao_Face
21293,17,502,798,5.92,0,21293,6,Humano,Raiva,1493,Exposicao_Face
21309,17,497,804,5.89,0,21309,6,Humano,Raiva,1509,Exposicao_Face
21326,17,503,802,5.84,0,21326,6,Humano,Raiva,1526,Exposicao_Face
21343,17,497,804,5.87,0,21343,6,Humano,Raiva,1543,Exposicao_Face
21359,17,505,803,5.89,0,21359,6,Humano,Raiva,1559,Exposicao_Face
21376,17,499,802,5.9,0,21376,6,Humano,Raiva,1576,Exposicao_Face
21393,17,499,803,5.79,0,21393,6,Humano,Raiva,1593,Exposicao_Face
21409,17,496,796,5.89,0,21409,6,Humano,Raiva,1609,Exposicao_Face
21426,17,496,797,5.9,0,21426,6,Humano,Raiva,1626,Exposicao_Face
21443,17,502,803,5.92,0,21443,6,Humano,Raiva,1643,Exposicao_Face
21459,17,503,800,5.9,0,21459,6,Humano,Raiva,1659,Exposicao_Face
21476,17,502,794,5.89,0,21476,6,Humano,Raiva,1676,Exposicao_Face
21492,17,487,803,5.9,0,21492,6,Humano,Raiva,1692,Exposicao_Face
21509,17,496,802,5.95,0,21509,6,Humano,Raiva,1709,Exposicao_Face
21526,17,496,800,5.89,0,21526,6,Humano,Raiva,1726,Exposicao_Face
21542,17,494,805,5.89,0,21542,6,Humano,Raiva,1742,Exposicao_Face
21559,17,496,801,5.86,0,21559,6,Humano,Raiva,1759,Exposicao_Face
21576,17,498,803,5.84,0,21576,6,Humano,Raiva,1776,Exposicao_Face
21592,17,493,798,5.92,0,21592,6,Humano,Raiva,1792,Exposicao_Face
21609,17,496,801,5.89,0,21609,6,Humano,Raiva,1809,Exposicao_Face
21626,17,501,792,5.86,0,21626,6,Humano,Raiva,1826,Exposicao_Face
21642,17,496,803,5.9,0,21642,6,Humano,Raiva,1842,Exposicao_Face
21659,17,504,789,5.9,0,21659,6,Humano,Raiva,1859,Exposicao_Face
21675,17,500,798,5.94,0,21675,6,Humano,Raiva,1875,Exposicao_Face
21692,17,498,808,5.82,0,21692,6,Humano,Raiva,1892,Exposicao_Face
21709,17,498,807,5.87,0,21709,6,Humano,Raiva,1909,Exposicao_Face
21725,17,484,732,5.9,0,21725,6,Humano,Raiva,1925,Exposicao_Face
21742,17,532,819,5.82,0,21742,6,Humano,Raiva,1942,Exposicao_Face
21759,17,492,731,5.94,0,21759,6,Humano,Raiva,1959,Exposicao_Face
21775,17,485,730,5.74,0,21775,6,Humano,Raiva,1975,Exposicao_Face
21792,17,485,729,5.87,0,21792,6,Humano,Raiva,1992,Exposicao_Face
21809,17,499,726,5.86,0,21809,6,Humano,Raiva,2009,Exposicao_Face
21825,17,495,741,5.78,0,21825,6,Humano,Raiva,2025,Exposicao_Face
21842,17,488,739,5.82,0,21842,6,Humano,Raiva,2042,Exposicao_Face
21858,17,494,739,5.86,0,21858,6,Humano,Raiva,2058,Exposicao_Face
21875,17,484,727,5.9,0,21875,6,Humano,Raiva,2075,Exposicao_Face
21892,17,491,729,5.86,0,21892,6,Humano,Raiva,2092,Exposicao_Face
21908,17,486,734,5.89,0,21908,6,Humano,Raiva,2108,Exposicao_Face
21925,17,491,735,5.86,0,21925,6,Humano,Raiva,2125,Exposicao_Face
21942,17,496,736,5.9,0,21942,6,Humano,Raiva,2142,Exposicao_Face
21958,17,490,739,5.87,0,21958,6,Humano,Raiva,2158,Exposicao_Face
21975,17,490,733,5.94,0,21975,6,Humano,Raiva,2175,Exposicao_Face
21992,17,495,737,5.87,0,21992,6,Humano,Raiva,2192,Exposicao_Face
22008,17,484,743,5.92,0,22008,6,Humano,Raiva,2208,Exposicao_Face
22025,17,494,732,5.92,0,22025,6,Humano,Raiva,2225,Exposicao_Face
22041,17,497,732,5.89,0,22041,6,Humano,Raiva,2241,Exposicao_Face
22058,17,500,696,5.86,0,22058,6,Humano,Raiva,2258,Exposicao_Face
22075,17,348,812,6.06,0,22075,6,Humano,Raiva,2275,Exposicao_Face
22091,17,561,690,0.0,0,22091,6,Humano,Raiva,2291,Exposicao_Face
22108,17,610,793,0.0,0,22108,6,Humano,Raiva,2308,Exposicao_Face
22141,33,581,920,0.0,0,22141,6,Humano,Raiva,2341,Exposicao_Face
22158,17,506,954,5.9,0,22158,6,Humano,Raiva,2358,Exposicao_Face
22175,17,510,598,5.82,0,22175,6,Humano,Raiva,2375,Exposicao_Face
22191,17,514,380,5.81,0,22191,6,Humano,Raiva,2391,Exposicao_Face
22208,17,509,394,5.79,0,22208,6,Humano,Raiva,2408,Exposicao_Face
22224,17,513,433,5.84,0,22224,6,Humano,Raiva,2424,Exposicao_Face
22241,17,515,439,5.86,0,22241,6,Humano,Raiva,2441,Exposicao_Face
22258,17,513,435,5.78,0,22258,6,Humano,Raiva,2458,Exposicao_Face
22274,17,517,425,5.84,0,22274,6,Humano,Raiva,2474,Exposicao_Face
22291,17,507,415,5.78,0,22291,6,Humano,Raiva,2491,Exposicao_Face
22308,17,518,423,5.79,0,22308,6,Humano,Raiva,2508,Exposicao_Face
22324,17,509,415,5.78,0,22324,6,Humano,Raiva,2524,Exposicao_Face
22341,17,511,419,5.79,0,22341,6,Humano,Raiva,2541,Exposicao_Face
22358,17,517,414,5.79,0,22358,6,Humano,Raiva,2558,Exposicao_Face
22374,17,523,411,5.79,0,22374,6,Humano,Raiva,2574,Exposicao_Face
22391,17,510,420,5.76,0,22391,6,Humano,Raiva,2591,Exposicao_Face
22407,17,516,428,5.81,0,22407,6,Humano,Raiva,2607,Exposicao_Face
22424,17,507,423,5.82,0,22424,6,Humano,Raiva,2624,Exposicao_Face
22441,17,515,418,5.84,0,22441,6,Humano,Raiva,2641,Exposicao_Face
22457,17,515,433,5.79,0,22457,6,Humano,Raiva,2657,Exposicao_Face
22474,17,512,445,5.81,0,22474,6,Humano,Raiva,2674,Exposicao_Face
22491,17,509,429,5.76,0,22491,6,Humano,Raiva,2691,Exposicao_Face
22507,17,514,428,5.81,0,22507,6,Humano,Raiva,2707,Exposicao_Face
22524,17,516,437,5.68,0,22524,6,Humano,Raiva,2724,Exposicao_Face
22540,17,522,421,5.61,0,22540,6,Humano,Raiva,2740,Exposicao_Face
22557,17,518,413,5.61,0,22557,6,Humano,Raiva,2757,Exposicao_Face
22574,17,515,421,5.6,0,22574,6,Humano,Raiva,2774,Exposicao_Face
22590,17,517,437,5.58,0,22590,6,Humano,Raiva,2790,Exposicao_Face
22607,17,522,425,5.5,0,22607,6,Humano,Raiva,2807,Exposicao_Face
22624,17,523,416,5.49,0,22624,6,Humano,Raiva,2824,Exposicao_Face
22640,17,521,441,5.55,0,22640,6,Humano,Raiva,2840,Exposicao_Face
22657,17,519,440,5.55,0,22657,6,Humano,Raiva,2857,Exposicao_Face
22674,17,518,425,5.41,0,22674,6,Humano,Raiva,2874,Exposicao_Face
22690,17,518,444,5.52,0,22690,6,Humano,Raiva,2890,Exposicao_Face
22707,17,515,426,5.45,0,22707,6,Humano,Raiva,2907,Exposicao_Face
22723,17,523,422,5.42,0,22723,6,Humano,Raiva,2923,Exposicao_Face
22740,17,522,419,5.39,0,22740,6,Humano,Raiva,2940,Exposicao_Face
22757,17,523,410,5.29,0,22757,6,Humano,Raiva,2957,Exposicao_Face
22773,17,522,433,5.53,0,22773,6,Humano,Raiva,2973,Exposicao_Face
22790,17,522,421,5.5,0,22790,6,Humano,Raiva,2990,Exposicao_Face
22807,17,519,426,5.49,0,22807,6,Humano,Raiva,3007,Exposicao_Face
22823,17,516,425,5.49,0,22823,6,Humano,Raiva,3023,Exposicao_Face
22840,17,521,415,5.49,0,22840,6,Humano,Raiva,3040,Exposicao_Face
22857,17,522,422,5.5,0,22857,6,Humano,Raiva,3057,Exposicao_Face
22873,17,526,404,5.44,0,22873,6,Humano,Raiva,3073,Exposicao_Face
22890,17,566,350,5.6,0,22890,6,Humano,Raiva,3090,Exposicao_Face
22906,17,574,336,5.52,0,22906,6,Humano,Raiva,3106,Exposicao_Face
22923,17,570,345,5.6,0,22923,6,Humano,Raiva,3123,Exposicao_Face
22940,17,577,336,5.53,0,22940,6,Humano,Raiva,3140,Exposicao_Face
22956,17,577,342,5.57,0,22956,6,Humano,Raiva,3156,Exposicao_Face
22973,17,575,325,5.52,0,22973,6,Humano,Raiva,3173,Exposicao_Face
22990,17,576,349,5.6,0,22990,6,Humano,Raiva,3190,Exposicao_Face
23006,17,581,343,5.69,0,23006,6,Humano,Raiva,3206,Exposicao_Face
23023,17,576,344,5.61,0,23023,6,Humano,Raiva,3223,Exposicao_Face
23040,17,576,346,5.63,0,23040,6,Humano,Raiva,3240,Exposicao_Face
23056,17,575,344,5.65,0,23056,6,Humano,Raiva,3256,Exposicao_Face
23073,17,575,357,5.69,0,23073,6,Humano,Raiva,3273,Exposicao_Face
23089,17,574,346,5.66,0,23089,6,Humano,Raiva,3289,Exposicao_Face
23106,17,572,354,5.71,0,23106,6,Humano,Raiva,3306,Exposicao_Face
23123,17,576,347,5.76,0,23123,6,Humano,Raiva,3323,Exposicao_Face
23139,17,572,361,5.73,0,23139,6,Humano,Raiva,3339,Exposicao_Face
23156,17,577,332,5.68,0,23156,6,Humano,Raiva,3356,Exposicao_Face
23173,17,571,369,5.78,0,23173,6,Humano,Raiva,3373,Exposicao_Face
23189,17,575,357,5.71,0,23189,6,Humano,Raiva,3389,Exposicao_Face
23206,17,577,362,5.79,0,23206,6,Humano,Raiva,3406,Exposicao_Face
23223,17,571,362,5.78,0,23223,6,Humano,Raiva,3423,Exposicao_Face
23239,17,575,348,5.69,0,23239,6,Humano,Raiva,3439,Exposicao_Face
23256,17,575,336,5.81,0,23256,6,Humano,Raiva,3456,Exposicao_Face
23272,17,654,260,5.74,0,23272,6,Humano,Raiva,3472,Exposicao_Face
23289,17,731,138,5.71,0,23289,6,Humano,Raiva,3489,Exposicao_Face
23306,17,810,45,5.71,0,23306,6,Humano,Raiva,3506,Exposicao_Face
23472,166,948,69,5.58,0,23472,6,Humano,Raiva,3672,Exposicao_Face
23539,67,978,138,5.53,0,23539,6,Humano,Raiva,3739,Exposicao_Face
23605,67,889,289,5.53,0,23605,6,Humano,Raiva,3805,Exposicao_Face
23655,50,946,264,5.49,0,23655,6,Humano,Raiva,3855,Exposicao_Face
23672,17,996,71,5.45,0,23672,6,Humano,Raiva,3872,Exposicao_Face
23688,17,908,202,5.42,0,23688,6,Humano,Raiva,3888,Exposicao_Face
23722,33,958,245,5.47,0,23722,6,Humano,Raiva,3922,Exposicao_Face
23738,17,888,319,5.55,0,23738,6,Humano,Raiva,3938,Exposicao_Face
23905,166,985,72,5.52,0,23905,7,Humano,Feliz,105,Janela_Baseline
24004,100,976,84,5.52,0,24004,7,Humano,Feliz,204,Janela_Baseline
24038,33,949,176,5.47,0,24038,7,Humano,Feliz,238,Janela_Baseline
24054,17,980,5,5.6,0,24054,7,Humano,Feliz,254,Janela_Baseline
24237,183,935,168,5.68,0,24237,7,Humano,Feliz,437,Janela_Baseline
24537,299,955,16,5.76,0,24537,7,Humano,Feliz,737,Janela_Baseline
24570,33,791,412,5.9,0,24570,7,Humano,Feliz,770,Janela_Baseline
24587,17,740,389,0.0,0,24587,7,Humano,Feliz,787,Janela_Baseline
24603,17,637,509,5.95,0,24603,7,Humano,Feliz,803,Janela_Baseline
24620,17,596,343,6.03,0,24620,7,Humano,Feliz,820,Janela_Baseline
24637,17,582,198,6.03,0,24637,7,Humano,Feliz,837,Janela_Baseline
24653,17,573,238,5.94,0,24653,7,Humano,Feliz,853,Janela_Baseline
24670,17,569,239,5.9,0,24670,7,Humano,Feliz,870,Janela_Baseline
24686,17,569,232,5.94,0,24686,7,Humano,Feliz,886,Janela_Baseline
24703,17,570,242,5.97,0,24703,7,Humano,Feliz,903,Janela_Baseline
24720,17,574,241,6.0,0,24720,7,Humano,Feliz,920,Janela_Baseline
24736,17,565,253,6.0,0,24736,7,Humano,Feliz,936,Janela_Baseline
24753,17,577,241,5.95,0,24753,7,Humano,Feliz,953,Janela_Baseline
24770,17,571,245,6.05,0,24770,7,Humano,Feliz,970,Janela_Baseline
24786,17,531,343,5.95,0,24786,7,Humano,Feliz,986,Janela_Baseline
24803,17,545,351,6.0,0,24803,7,Humano,Feliz,1003,Janela_Baseline
24819,17,536,359,6.0,0,24819,7,Humano,Feliz,1019,Janela_Baseline
24836,17,530,352,5.94,0,24836,7,Humano,Feliz,1036,Janela_Baseline
24853,17,544,354,5.95,0,24853,7,Humano,Feliz,1053,Janela_Baseline
24869,17,543,355,5.9,0,24869,7,Humano,Feliz,1069,Janela_Baseline
24886,17,542,372,5.92,0,24886,7,Humano,Feliz,1086,Janela_Baseline
24903,17,539,376,5.9,0,24903,7,Humano,Feliz,1103,Janela_Baseline
24919,17,538,382,5.9,0,24919,7,Humano,Feliz,1119,Janela_Baseline
24936,17,540,375,5.89,0,24936,7,Humano,Feliz,1136,Janela_Baseline
24953,17,539,371,5.87,0,24953,7,Humano,Feliz,1153,Janela_Baseline
24969,17,534,380,5.84,0,24969,7,Humano,Feliz,1169,Janela_Baseline
24986,17,535,363,5.69,0,24986,7,Humano,Feliz,1186,Janela_Baseline
25002,17,534,351,5.73,0,25002,7,Humano,Feliz,1202,Janela_Baseline
25019,17,535,363,5.69,0,25019,7,Humano,Feliz,1219,Janela_Baseline
25036,17,536,369,5.69,0,25036,7,Humano,Feliz,1236,Janela_Baseline
25052,17,536,363,5.66,0,25052,7,Humano,Feliz,1252,Janela_Baseline
25069,17,536,367,5.65,0,25069,7,Humano,Feliz,1269,Janela_Baseline
25086,17,538,360,5.66,0,25086,7,Humano,Feliz,1286,Janela_Baseline
25102,17,559,353,5.66,0,25102,7,Humano,Feliz,1302,Exposicao_Face
25119,17,557,353,5.66,0,25119,7,Humano,Feliz,1319,Exposicao_Face
25136,17,558,351,5.63,0,25136,7,Humano,Feliz,1336,Exposicao_Face
25152,17,555,352,5.68,0,25152,7,Humano,Feliz,1352,Exposicao_Face
25169,17,560,335,5.61,0,25169,7,Humano,Feliz,1369,Exposicao_Face
25185,17,558,373,5.6,0,25185,7,Humano,Feliz,1385,Exposicao_Face
25202,17,560,340,5.65,0,25202,7,Humano,Feliz,1402,Exposicao_Face
25219,17,559,355,5.63,0,25219,7,Humano,Feliz,1419,Exposicao_Face
25235,17,559,370,5.65,0,25235,7,Humano,Feliz,1435,Exposicao_Face
25252,17,559,374,5.66,0,25252,7,Humano,Feliz,1452,Exposicao_Face
25269,17,558,369,5.65,0,25269,7,Humano,Feliz,1469,Exposicao_Face
25285,17,562,341,5.61,0,25285,7,Humano,Feliz,1485,Exposicao_Face
25302,17,558,340,5.6,0,25302,7,Humano,Feliz,1502,Exposicao_Face
25319,17,561,336,5.6,0,25319,7,Humano,Feliz,1519,Exposicao_Face
25335,17,579,343,5.61,0,25335,7,Humano,Feliz,1535,Exposicao_Face
25352,17,577,355,5.71,0,25352,7,Humano,Feliz,1552,Exposicao_Face
25368,17,579,345,5.71,0,25368,7,Humano,Feliz,1568,Exposicao_Face
25385,17,581,347,5.66,0,25385,7,Humano,Feliz,1585,Exposicao_Face
25402,17,579,348,5.69,0,25402,7,Humano,Feliz,1602,Exposicao_Face
25418,17,582,332,5.68,0,25418,7,Humano,Feliz,1618,Exposicao_Face
25435,17,580,348,5.69,0,25435,7,Humano,Feliz,1635,Exposicao_Face
25452,17,582,332,5.61,0,25452,7,Humano,Feliz,1652,Exposicao_Face
25468,17,582,348,5.69,0,25468,7,Humano,Feliz,1668,Exposicao_Face
25485,17,578,336,5.66,0,25485,7,Humano,Feliz,1685,Exposicao_Face
25502,17,585,340,5.68,0,25502,7,Humano,Feliz,1702,Exposicao_Face
25518,17,585,342,5.66,0,25518,7,Humano,Feliz,1718,Exposicao_Face
25535,17,581,363,5.73,0,25535,7,Humano,Feliz,1735,Exposicao_Face
25551,17,585,335,5.76,0,25551,7,Humano,Feliz,1751,Exposicao_Face
25568,17,585,353,5.76,0,25568,7,Humano,Feliz,1768,Exposicao_Face
25585,17,583,352,5.73,0,25585,7,Humano,Feliz,1785,Exposicao_Face
25601,17,585,362,5.82,0,25601,7,Humano,Feliz,1801,Exposicao_Face
25618,17,582,357,5.79,0,25618,7,Humano,Feliz,1818,Exposicao_Face
25635,17,541,410,5.76,0,25635,7,Humano,Feliz,1835,Exposicao_Face
25651,17,547,393,5.76,0,25651,7,Humano,Feliz,1851,Exposicao_Face
25668,17,538,415,5.78,0,25668,7,Humano,Feliz,1868,Exposicao_Face
25685,17,547,405,5.82,0,25685,7,Humano,Feliz,1885,Exposicao_Face
25701,17,539,409,5.84,0,25701,7,Humano,Feliz,1901,Exposicao_Face
25718,17,538,412,5.74,0,25718,7,Humano,Feliz,1918,Exposicao_Face
25734,17,541,404,5.74,0,25734,7,Humano,Feliz,1934,Exposicao_Face
25751,17,539,401,5.76,0,25751,7,Humano,Feliz,1951,Exposicao_Face
25768,17,543,392,5.74,0,25768,7,Humano,Feliz,1968,Exposicao_Face
25784,17,549,395,5.73,0,25784,7,Humano,Feliz,1984,Exposicao_Face
25801,17,541,398,5.76,0,25801,7,Humano,Feliz,2001,Exposicao_Face
25818,17,544,395,5.76,0,25818,7,Humano,Feliz,2018,Exposicao_Face
25834,17,540,404,5.79,0,25834,7,Humano,Feliz,2034,Exposicao_Face
25851,17,544,420,5.82,0,25851,7,Humano,Feliz,2051,Exposicao_Face
25868,17,539,404,5.84,0,25868,7,Humano,Feliz,2068,Exposicao_Face
25884,17,548,386,5.79,0,25884,7,Humano,Feliz,2084,Exposicao_Face
25901,17,544,383,5.74,0,25901,7,Humano,Feliz,2101,Exposicao_Face
25917,17,535,408,5.86,0,25917,7,Humano,Feliz,2117,Exposicao_Face
25934,17,544,391,5.79,0,25934,7,Humano,Feliz,2134,Exposicao_Face
25951,17,539,397,5.81,0,25951,7,Humano,Feliz,2151,Exposicao_Face
25967,17,540,389,5.78,0,25967,7,Humano,Feliz,2167,Exposicao_Face
25984,17,541,395,5.84,0,25984,7,Humano,Feliz,2184,Exposicao_Face
26001,17,532,396,5.78,0,26001,7,Humano,Feliz,2201,Exposicao_Face
26017,17,538,390,5.82,0,26017,7,Humano,Feliz,2217,Exposicao_Face
26034,17,548,382,5.73,0,26034,7,Humano,Feliz,2234,Exposicao_Face
26050,17,535,397,5.79,0,26050,7,Humano,Feliz,2250,Exposicao_Face
26067,17,538,383,5.79,0,26067,7,Humano,Feliz,2267,Exposicao_Face
26084,17,535,407,5.79,0,26084,7,Humano,Feliz,2284,Exposicao_Face
26100,17,542,407,5.76,0,26100,7,Humano,Feliz,2300,Exposicao_Face
26117,17,527,414,5.79,0,26117,7,Humano,Feliz,2317,Exposicao_Face
26134,17,530,403,5.76,0,26134,7,Humano,Feliz,2334,Exposicao_Face
26150,17,533,400,5.73,0,26150,7,Humano,Feliz,2350,Exposicao_Face
26167,17,533,394,5.73,0,26167,7,Humano,Feliz,2367,Exposicao_Face
26184,17,534,387,5.66,0,26184,7,Humano,Feliz,2384,Exposicao_Face
26200,17,534,386,5.81,0,26200,7,Humano,Feliz,2400,Exposicao_Face
26217,17,539,398,5.76,0,26217,7,Humano,Feliz,2417,Exposicao_Face
26233,17,520,407,5.76,0,26233,7,Humano,Feliz,2433,Exposicao_Face
26250,17,538,391,5.66,0,26250,7,Humano,Feliz,2450,Exposicao_Face
26267,17,531,394,5.74,0,26267,7,Humano,Feliz,2467,Exposicao_Face
26283,17,538,396,5.79,0,26283,7,Humano,Feliz,2483,Exposicao_Face
26300,17,532,393,5.76,0,26300,7,Humano,Feliz,2500,Exposicao_Face
26317,17,533,387,5.79,0,26317,7,Humano,Feliz,2517,Exposicao_Face
26333,17,531,394,5.81,0,26333,7,Humano,Feliz,2533,Exposicao_Face
26350,17,538,390,5.81,0,26350,7,Humano,Feliz,2550,Exposicao_Face
26367,17,528,371,5.76,0,26367,7,Humano,Feliz,2567,Exposicao_Face
26383,17,535,388,5.87,0,26383,7,Humano,Feliz,2583,Exposicao_Face
26400,17,527,397,5.89,0,26400,7,Humano,Feliz,2600,Exposicao_Face
26416,17,530,371,5.74,0,26416,7,Humano,Feliz,2616,Exposicao_Face
26433,17,533,371,5.81,0,26433,7,Humano,Feliz,2633,Exposicao_Face
26450,17,535,386,5.86,0,26450,7,Humano,Feliz,2650,Exposicao_Face
26466,17,538,400,5.9,0,26466,7,Humano,Feliz,2666,Exposicao_Face
26483,17,528,387,5.86,0,26483,7,Humano,Feliz,2683,Exposicao_Face
26500,17,532,386,5.81,0,26500,7,Humano,Feliz,2700,Exposicao_Face
26516,17,528,381,5.9,0,26516,7,Humano,Feliz,2716,Exposicao_Face
26533,17,531,380,5.87,0,26533,7,Humano,Feliz,2733,Exposicao_Face
26550,17,529,409,5.9,0,26550,7,Humano,Feliz,2750,Exposicao_Face
26566,17,529,373,5.9,0,26566,7,Humano,Feliz,2766,Exposicao_Face
26583,17,530,392,5.9,0,26583,7,Humano,Feliz,2783,Exposicao_Face
26599,17,532,385,5.9,0,26599,7,Humano,Feliz,2799,Exposicao_Face
26616,17,532,388,5.94,0,26616,7,Humano,Feliz,2816,Exposicao_Face
26633,17,528,378,5.92,0,26633,7,Humano,Feliz,2833,Exposicao_Face
26649,17,531,390,5.94,0,26649,7,Humano,Feliz,2849,Exposicao_Face
26666,17,528,412,5.89,0,26666,7,Humano,Feliz,2866,Exposicao_Face
26683,17,521,394,5.84,0,26683,7,Humano,Feliz,2883,Exposicao_Face
26699,17,528,401,5.86,0,26699,7,Humano,Feliz,2899,Exposicao_Face
26716,17,531,395,5.86,0,26716,7,Humano,Feliz,2916,Exposicao_Face
26733,17,530,387,5.78,0,26733,7,Humano,Feliz,2933,Exposicao_Face
26749,17,532,382,5.82,0,26749,7,Humano,Feliz,2949,Exposicao_Face
26766,17,528,393,5.78,0,26766,7,Humano,Feliz,2966,Exposicao_Face
26782,17,536,382,5.69,0,26782,7,Humano,Feliz,2982,Exposicao_Face
26799,17,537,415,5.68,0,26799,7,Humano,Feliz,2999,Exposicao_Face
26816,17,530,400,5.69,0,26816,7,Humano,Feliz,3016,Exposicao_Face
26832,17,535,385,5.69,0,26832,7,Humano,Feliz,3032,Exposicao_Face
26849,17,530,384,5.69,0,26849,7,Humano,Feliz,3049,Exposicao_Face
26866,17,540,430,5.6,0,26866,7,Humano,Feliz,3066,Exposicao_Face
26882,17,534,402,5.57,0,26882,7,Humano,Feliz,3082,Exposicao_Face
26899,17,537,419,5.53,0,26899,7,Humano,Feliz,3099,Exposicao_Face
26916,17,541,433,5.52,0,26916,7,Humano,Feliz,3116,Exposicao_Face
26932,17,535,436,5.6,0,26932,7,Humano,Feliz,3132,Exposicao_Face
26949,17,540,415,5.49,0,26949,7,Humano,Feliz,3149,Exposicao_Face
26965,17,537,425,5.45,0,26965,7,Humano,Feliz,3165,Exposicao_Face
26982,17,529,429,5.44,0,26982,7,Humano,Feliz,3182,Exposicao_Face
26999,17,538,429,5.47,0,26999,7,Humano,Feliz,3199,Exposicao_Face
27015,17,537,425,5.41,0,27015,7,Humano,Feliz,3215,Exposicao_Face
27032,17,537,425,5.41,0,27032,7,Humano,Feliz,3232,Exposicao_Face
27049,17,540,414,5.42,0,27049,7,Humano,Feliz,3249,Exposicao_Face
27065,17,536,413,5.41,0,27065,7,Humano,Feliz,3265,Exposicao_Face
27082,17,535,453,5.42,0,27082,7,Humano,Feliz,3282,Exposicao_Face
27098,17,536,429,5.42,0,27098,7,Humano,Feliz,3298,Exposicao_Face
27115,17,526,457,5.42,0,27115,7,Humano,Feliz,3315,Exposicao_Face
27132,17,528,460,5.47,0,27132,7,Humano,Feliz,3332,Exposicao_Face
27148,17,522,475,5.49,0,27148,7,Humano,Feliz,3348,Exposicao_Face
27165,17,535,442,5.42,0,27165,7,Humano,Feliz,3365,Exposicao_Face
27182,17,534,442,5.45,0,27182,7,Humano,Feliz,3382,Exposicao_Face
27198,17,535,430,5.44,0,27198,7,Humano,Feliz,3398,Exposicao_Face
27215,17,535,441,5.41,0,27215,7,Humano,Feliz,3415,Exposicao_Face
27232,17,530,445,5.44,0,27232,7,Humano,Feliz,3432,Exposicao_Face
27248,17,537,435,5.39,0,27248,7,Humano,Feliz,3448,Exposicao_Face
27265,17,534,448,5.47,0,27265,7,Humano,Feliz,3465,Exposicao_Face
27281,17,531,446,5.47,0,27281,7,Humano,Feliz,3481,Exposicao_Face
27298,17,534,433,5.41,0,27298,7,Humano,Feliz,3498,Exposicao_Face
27315,17,534,444,5.44,0,27315,7,Humano,Feliz,3515,Exposicao_Face
27331,17,535,442,5.42,0,27331,7,Humano,Feliz,3531,Exposicao_Face
27348,17,536,453,5.55,0,27348,7,Humano,Feliz,3548,Exposicao_Face
27365,17,519,457,5.49,0,27365,7,Humano,Feliz,3565,Exposicao_Face
27381,17,537,448,5.53,0,27381,7,Humano,Feliz,3581,Exposicao_Face
27398,17,531,441,5.49,0,27398,7,Humano,Feliz,3598,Exposicao_Face
27415,17,523,461,5.5,0,27415,7,Humano,Feliz,3615,Exposicao_Face
27431,17,522,442,5.47,0,27431,7,Humano,Feliz,3631,Exposicao_Face
27448,17,530,441,5.5,0,27448,7,Humano,Feliz,3648,Exposicao_Face
27464,17,523,446,5.53,0,27464,7,Humano,Feliz,3664,Exposicao_Face
27481,17,485,426,5.6,0,27481,7,Humano,Feliz,3681,Exposicao_Face
27498,17,466,378,5.55,0,27498,7,Humano,Feliz,3698,Exposicao_Face
27514,17,462,373,5.6,0,27514,7,Humano,Feliz,3714,Exposicao_Face
27531,17,462,360,5.45,0,27531,7,Humano,Feliz,3731,Exposicao_Face
27548,17,459,347,5.45,0,27548,7,Humano,Feliz,3748,Exposicao_Face
27564,17,457,392,5.58,0,27564,7,Humano,Feliz,3764,Exposicao_Face
27581,17,459,372,5.57,0,27581,7,Humano,Feliz,3781,Exposicao_Face
27598,17,463,383,5.55,0,27598,7,Humano,Feliz,3798,Exposicao_Face
27614,17,460,376,5.53,0,27614,7,Humano,Feliz,3814,Exposicao_Face
27631,17,458,392,5.63,0,27631,7,Humano,Feliz,3831,Exposicao_Face
27647,17,462,378,5.6,0,27647,7,Humano,Feliz,3847,Exposicao_Face
27664,17,462,373,5.58,0,27664,7,Humano,Feliz,3864,Exposicao_Face
27681,17,470,386,5.6,0,27681,7,Humano,Feliz,3881,Exposicao_Face
27697,17,465,378,5.58,0,27697,7,Humano,Feliz,3897,Exposicao_Face
27714,17,461,379,5.52,0,27714,7,Humano,Feliz,3914,Exposicao_Face
27731,17,464,380,5.58,0,27731,7,Humano,Feliz,3931,Exposicao_Face
27747,17,464,352,5.57,0,27747,7,Humano,Feliz,3947,Exposicao_Face
27764,17,467,360,5.61,0,27764,7,Humano,Feliz,3964,Exposicao_Face
27781,17,469,396,5.65,0,27781,7,Humano,Feliz,3981,Exposicao_Face
27797,17,459,380,5.61,0,27797,7,Humano,Feliz,3997,Exposicao_Face
27814,17,470,387,5.58,0,27814,8,Humano,Neutro,14,Janela_Baseline
27830,17,557,380,5.61,0,27830,8,Humano,Neutro,30,Janela_Baseline
27847,17,569,379,5.65,0,27847,8,Humano,Neutro,47,Janela_Baseline
27864,17,579,399,5.65,0,27864,8,Humano,Neutro,64,Janela_Baseline
27880,17,576,399,5.69,0,27880,8,Humano,Neutro,80,Janela_Baseline
27897,17,585,422,5.66,0,27897,8,Humano,Neutro,97,Janela_Baseline
27914,17,589,615,5.63,0,27914,8,Humano,Neutro,114,Janela_Baseline
28047,133,595,571,0.0,0,28047,8,Humano,Neutro,247,Janela_Baseline
28080,33,528,1010,5.84,0,28080,8,Humano,Neutro,280,Janela_Baseline
28097,17,570,764,5.63,0,28097,8,Humano,Neutro,297,Janela_Baseline
28113,17,570,590,5.5,0,28113,8,Humano,Neutro,313,Janela_Baseline
28130,17,573,431,5.47,0,28130,8,Humano,Neutro,330,Janela_Baseline
28147,17,581,368,5.5,0,28147,8,Humano,Neutro,347,Janela_Baseline
28163,17,588,336,5.58,0,28163,8,Humano,Neutro,363,Janela_Baseline
28180,17,574,457,5.45,0,28180,8,Humano,Neutro,380,Janela_Baseline
28196,17,575,451,5.44,0,28196,8,Humano,Neutro,396,Janela_Baseline
28213,17,584,455,5.52,0,28213,8,Humano,Neutro,413,Janela_Baseline
28230,17,582,456,5.49,0,28230,8,Humano,Neutro,430,Janela_Baseline
28246,17,583,452,5.45,0,28246,8,Humano,Neutro,446,Janela_Baseline
28263,17,584,456,5.47,0,28263,8,Humano,Neutro,463,Janela_Baseline
28280,17,584,460,5.45,0,28280,8,Humano,Neutro,480,Janela_Baseline
28296,17,583,462,5.44,0,28296,8,Humano,Neutro,496,Janela_Baseline
28313,17,646,424,5.52,0,28313,8,Humano,Neutro,513,Janela_Baseline
28329,17,672,392,5.45,0,28329,8,Humano,Neutro,529,Janela_Baseline
28346,17,670,406,5.49,0,28346,8,Humano,Neutro,546,Janela_Baseline
28363,17,682,404,5.53,0,28363,8,Humano,Neutro,563,Janela_Baseline
28379,17,681,384,5.47,0,28379,8,Humano,Neutro,579,Janela_Baseline
28396,17,689,388,5.47,0,28396,8,Humano,Neutro,596,Janela_Baseline
28413,17,679,386,5.44,0,28413,8,Humano,Neutro,613,Janela_Baseline
28429,17,678,392,5.5,0,28429,8,Humano,Neutro,629,Janela_Baseline
28446,17,690,390,5.44,0,28446,8,Humano,Neutro,646,Janela_Baseline
28463,17,680,385,5.29,0,28463,8,Humano,Neutro,663,Janela_Baseline
28479,17,686,376,5.41,0,28479,8,Humano,Neutro,679,Janela_Baseline
28496,17,687,402,5.39,0,28496,8,Humano,Neutro,696,Janela_Baseline
28512,17,681,403,5.37,0,28512,8,Humano,Neutro,712,Janela_Baseline
28529,17,679,388,5.29,0,28529,8,Humano,Neutro,729,Janela_Baseline
28546,17,686,375,5.29,0,28546,8,Humano,Neutro,746,Janela_Baseline
28562,17,686,378,5.17,0,28562,8,Humano,Neutro,762,Janela_Baseline
28579,17,692,364,5.26,0,28579,8,Humano,Neutro,779,Janela_Baseline
28596,17,683,382,5.23,0,28596,8,Humano,Neutro,796,Janela_Baseline
28612,17,682,387,5.26,0,28612,8,Humano,Neutro,812,Janela_Baseline
28629,17,697,370,5.26,0,28629,8,Humano,Neutro,829,Janela_Baseline
28646,17,684,374,5.21,0,28646,8,Humano,Neutro,846,Janela_Baseline
28662,17,753,368,5.23,0,28662,8,Humano,Neutro,862,Janela_Baseline
28679,17,764,362,5.21,0,28679,8,Humano,Neutro,879,Janela_Baseline
28695,17,774,344,5.23,0,28695,8,Humano,Neutro,895,Janela_Baseline
28712,17,786,357,5.2,0,28712,8,Humano,Neutro,912,Janela_Baseline
28729,17,768,353,5.21,0,28729,8,Humano,Neutro,929,Janela_Baseline
28745,17,777,345,5.13,0,28745,8,Humano,Neutro,945,Janela_Baseline
28762,17,778,346,5.15,0,28762,8,Humano,Neutro,962,Janela_Baseline
28779,17,776,369,5.23,0,28779,8,Humano,Neutro,979,Janela_Baseline
28795,17,778,369,5.13,0,28795,8,Humano,Neutro,995,Janela_Baseline
28812,17,777,340,5.17,0,28812,8,Humano,Neutro,1012,Janela_Baseline
28829,17,774,346,5.21,0,28829,8,Humano,Neutro,1029,Janela_Baseline
28845,17,780,346,5.18,0,28845,8,Humano,Neutro,1045,Janela_Baseline
28862,17,787,359,5.2,0,28862,8,Humano,Neutro,1062,Janela_Baseline
28878,17,778,345,5.25,0,28878,8,Humano,Neutro,1078,Janela_Baseline
28895,17,769,356,5.28,0,28895,8,Humano,Neutro,1095,Janela_Baseline
28912,17,790,351,5.18,0,28912,8,Humano,Neutro,1112,Janela_Baseline
28928,17,780,354,5.23,0,28928,8,Humano,Neutro,1128,Janela_Baseline
28945,17,785,354,5.31,0,28945,8,Humano,Neutro,1145,Janela_Baseline
28962,17,784,342,5.25,0,28962,8,Humano,Neutro,1162,Janela_Baseline
28978,17,778,342,5.23,0,28978,8,Humano,Neutro,1178,Janela_Baseline
28995,17,787,341,5.31,0,28995,8,Humano,Neutro,1195,Janela_Baseline
29012,17,780,337,5.26,0,29012,8,Humano,Neutro,1212,Janela_Baseline
29028,17,782,353,5.33,0,29028,8,Humano,Neutro,1228,Janela_Baseline
29045,17,779,364,5.36,0,29045,8,Humano,Neutro,1245,Janela_Baseline
29061,17,779,344,5.31,0,29061,8,Humano,Neutro,1261,Janela_Baseline
29078,17,786,362,5.36,0,29078,8,Humano,Neutro,1278,Janela_Baseline
29095,17,773,368,5.37,0,29095,8,Humano,Neutro,1295,Janela_Baseline
29111,17,783,339,5.29,0,29111,8,Humano,Neutro,1311,Exposicao_Face
29128,17,784,342,5.28,0,29128,8,Humano,Neutro,1328,Exposicao_Face
29145,17,683,369,5.42,0,29145,8,Humano,Neutro,1345,Exposicao_Face
29161,17,614,342,5.36,0,29161,8,Humano,Neutro,1361,Exposicao_Face
29178,17,594,325,5.33,0,29178,8,Humano,Neutro,1378,Exposicao_Face
29195,17,589,371,5.41,0,29195,8,Humano,Neutro,1395,Exposicao_Face
29211,17,581,337,5.31,0,29211,8,Humano,Neutro,1411,Exposicao_Face
29228,17,585,341,5.29,0,29228,8,Humano,Neutro,1428,Exposicao_Face
29244,17,586,346,5.33,0,29244,8,Humano,Neutro,1444,Exposicao_Face
29261,17,584,353,5.31,0,29261,8,Humano,Neutro,1461,Exposicao_Face
29278,17,584,364,5.34,0,29278,8,Humano,Neutro,1478,Exposicao_Face
29294,17,586,351,5.33,0,29294,8,Humano,Neutro,1494,Exposicao_Face
29311,17,584,373,5.44,0,29311,8,Humano,Neutro,1511,Exposicao_Face
29328,17,592,341,5.36,0,29328,8,Humano,Neutro,1528,Exposicao_Face
29344,17,580,340,5.36,0,29344,8,Humano,Neutro,1544,Exposicao_Face
29361,17,589,349,5.41,0,29361,8,Humano,Neutro,1561,Exposicao_Face
29377,17,581,363,5.39,0,29377,8,Humano,Neutro,1577,Exposicao_Face
29394,17,578,360,5.39,0,29394,8,Humano,Neutro,1594,Exposicao_Face
29411,17,583,366,5.45,0,29411,8,Humano,Neutro,1611,Exposicao_Face
29427,17,581,346,5.42,0,29427,8,Humano,Neutro,1627,Exposicao_Face
29444,17,583,360,5.45,0,29444,8,Humano,Neutro,1644,Exposicao_Face
29461,17,582,355,5.45,0,29461,8,Humano,Neutro,1661,Exposicao_Face
29477,17,582,359,5.45,0,29477,8,Humano,Neutro,1677,Exposicao_Face
29494,17,579,377,5.57,0,29494,8,Humano,Neutro,1694,Exposicao_Face
29511,17,579,362,5.44,0,29511,8,Humano,Neutro,1711,Exposicao_Face
29527,17,580,488,5.52,0,29527,8,Humano,Neutro,1727,Exposicao_Face
29610,83,704,958,0.0,0,29610,8,Humano,Neutro,1810,Exposicao_Face
29627,17,559,826,5.57,0,29627,8,Humano,Neutro,1827,Exposicao_Face
29644,17,550,601,5.52,0,29644,8,Humano,Neutro,1844,Exposicao_Face
29660,17,563,389,5.49,0,29660,8,Humano,Neutro,1860,Exposicao_Face
29677,17,565,283,5.5,0,29677,8,Humano,Neutro,1877,Exposicao_Face
29694,17,564,311,5.61,0,29694,8,Humano,Neutro,1894,Exposicao_Face
29710,17,562,356,5.6,0,29710,8,Humano,Neutro,1910,Exposicao_Face
29727,17,556,356,5.61,0,29727,8,Humano,Neutro,1927,Exposicao_Face
29743,17,558,366,5.58,0,29743,8,Humano,Neutro,1943,Exposicao_Face
29760,17,560,376,5.58,0,29760,8,Humano,Neutro,1960,Exposicao_Face
29777,17,550,387,5.65,0,29777,8,Humano,Neutro,1977,Exposicao_Face
29793,17,539,407,5.63,0,29793,8,Humano,Neutro,1993,Exposicao_Face
29810,17,536,413,5.65,0,29810,8,Humano,Neutro,2010,Exposicao_Face
29827,17,547,369,5.53,0,29827,8,Humano,Neutro,2027,Exposicao_Face
29843,17,537,398,5.55,0,29843,8,Humano,Neutro,2043,Exposicao_Face
29860,17,535,377,5.55,0,29860,8,Humano,Neutro,2060,Exposicao_Face
29877,17,527,390,5.58,0,29877,8,Humano,Neutro,2077,Exposicao_Face
29893,17,538,385,5.6,0,29893,8,Humano,Neutro,2093,Exposicao_Face
29910,17,536,386,5.6,0,29910,8,Humano,Neutro,2110,Exposicao_Face
29926,17,531,390,5.68,0,29926,8,Humano,Neutro,2126,Exposicao_Face
29943,17,538,388,5.69,0,29943,8,Humano,Neutro,2143,Exposicao_Face
29960,17,538,384,5.69,0,29960,8,Humano,Neutro,2160,Exposicao_Face
29976,17,533,404,5.68,0,29976,8,Humano,Neutro,2176,Exposicao_Face
29993,17,536,406,5.65,0,29993,8,Humano,Neutro,2193,Exposicao_Face
30010,17,535,385,5.69,0,30010,8,Humano,Neutro,2210,Exposicao_Face
30026,17,532,374,5.68,0,30026,8,Humano,Neutro,2226,Exposicao_Face
30043,17,536,380,5.58,0,30043,8,Humano,Neutro,2243,Exposicao_Face
30060,17,536,377,5.57,0,30060,8,Humano,Neutro,2260,Exposicao_Face
30076,17,535,396,5.65,0,30076,8,Humano,Neutro,2276,Exposicao_Face
30093,17,538,402,5.71,0,30093,8,Humano,Neutro,2293,Exposicao_Face
30109,17,539,404,5.68,0,30109,8,Humano,Neutro,2309,Exposicao_Face
30126,17,533,403,5.65,0,30126,8,Humano,Neutro,2326,Exposicao_Face
30143,17,538,391,5.58,0,30143,8,Humano,Neutro,2343,Exposicao_Face
30159,17,537,410,5.66,0,30159,8,Humano,Neutro,2359,Exposicao_Face
30176,17,537,384,5.58,0,30176,8,Humano,Neutro,2376,Exposicao_Face
30193,17,547,368,5.57,0,30193,8,Humano,Neutro,2393,Exposicao_Face
30209,17,537,404,5.68,0,30209,8,Humano,Neutro,2409,Exposicao_Face
30226,17,542,392,5.63,0,30226,8,Humano,Neutro,2426,Exposicao_Face
30243,17,544,380,5.6,0,30243,8,Humano,Neutro,2443,Exposicao_Face
30259,17,542,389,5.6,0,30259,8,Humano,Neutro,2459,Exposicao_Face
30276,17,535,385,5.58,0,30276,8,Humano,Neutro,2476,Exposicao_Face
30292,17,536,378,5.61,0,30292,8,Humano,Neutro,2492,Exposicao_Face
30309,17,533,398,5.63,0,30309,8,Humano,Neutro,2509,Exposicao_Face
30326,17,540,399,5.66,0,30326,8,Humano,Neutro,2526,Exposicao_Face
30342,17,540,395,5.69,0,30342,8,Humano,Neutro,2542,Exposicao_Face
30359,17,546,377,5.61,0,30359,8,Humano,Neutro,2559,Exposicao_Face
30376,17,541,378,5.65,0,30376,8,Humano,Neutro,2576,Exposicao_Face
30392,17,536,384,5.63,0,30392,8,Humano,Neutro,2592,Exposicao_Face
30409,17,542,378,5.6,0,30409,8,Humano,Neutro,2609,Exposicao_Face
30426,17,528,377,5.55,0,30426,8,Humano,Neutro,2626,Exposicao_Face
30442,17,540,387,5.65,0,30442,8,Humano,Neutro,2642,Exposicao_Face
30459,17,535,406,5.68,0,30459,8,Humano,Neutro,2659,Exposicao_Face
30475,17,542,392,5.6,0,30475,8,Humano,Neutro,2675,Exposicao_Face
30492,17,544,405,5.65,0,30492,8,Humano,Neutro,2692,Exposicao_Face
30509,17,540,391,5.63,0,30509,8,Humano,Neutro,2709,Exposicao_Face
30525,17,540,377,5.63,0,30525,8,Humano,Neutro,2725,Exposicao_Face
30542,17,536,395,5.66,0,30542,8,Humano,Neutro,2742,Exposicao_Face
30559,17,542,423,5.65,0,30559,8,Humano,Neutro,2759,Exposicao_Face
30575,17,540,382,5.57,0,30575,8,Humano,Neutro,2775,Exposicao_Face
30592,17,545,391,5.6,0,30592,8,Humano,Neutro,2792,Exposicao_Face
30608,17,541,388,5.63,0,30608,8,Humano,Neutro,2808,Exposicao_Face
30625,17,535,380,5.66,0,30625,8,Humano,Neutro,2825,Exposicao_Face
30642,17,536,396,5.68,0,30642,8,Humano,Neutro,2842,Exposicao_Face
30658,17,538,383,5.66,0,30658,8,Humano,Neutro,2858,Exposicao_Face
30675,17,536,396,5.74,0,30675,8,Humano,Neutro,2875,Exposicao_Face
30692,17,535,375,5.66,0,30692,8,Humano,Neutro,2892,Exposicao_Face
30708,17,536,399,5.66,0,30708,8,Humano,Neutro,2908,Exposicao_Face
30725,17,538,391,5.68,0,30725,8,Humano,Neutro,2925,Exposicao_Face
30742,17,539,387,5.68,0,30742,8,Humano,Neutro,2942,Exposicao_Face
30758,17,533,405,5.69,0,30758,8,Humano,Neutro,2958,Exposicao_Face
30775,17,540,392,5.68,0,30775,8,Humano,Neutro,2975,Exposicao_Face
30791,17,536,393,5.69,0,30791,8,Humano,Neutro,2991,Exposicao_Face
30808,17,540,397,5.73,0,30808,8,Humano,Neutro,3008,Exposicao_Face
30825,17,537,391,5.66,0,30825,8,Humano,Neutro,3025,Exposicao_Face
30841,17,532,408,5.76,0,30841,8,Humano,Neutro,3041,Exposicao_Face
30858,17,533,398,5.69,0,30858,8,Humano,Neutro,3058,Exposicao_Face
30875,17,606,387,5.76,0,30875,8,Humano,Neutro,3075,Exposicao_Face
30891,17,600,368,5.71,0,30891,8,Humano,Neutro,3091,Exposicao_Face
30908,17,611,354,5.66,0,30908,8,Humano,Neutro,3108,Exposicao_Face
30925,17,610,364,5.71,0,30925,8,Humano,Neutro,3125,Exposicao_Face
30941,17,608,364,5.71,0,30941,8,Humano,Neutro,3141,Exposicao_Face
30958,17,611,349,5.69,0,30958,8,Humano,Neutro,3158,Exposicao_Face
30974,17,611,356,5.68,0,30974,8,Humano,Neutro,3174,Exposicao_Face
30991,17,609,373,5.76,0,30991,8,Humano,Neutro,3191,Exposicao_Face
31008,17,612,369,5.73,0,31008,8,Humano,Neutro,3208,Exposicao_Face
31024,17,609,379,5.69,0,31024,8,Humano,Neutro,3224,Exposicao_Face
31041,17,612,349,5.6,0,31041,8,Humano,Neutro,3241,Exposicao_Face
31058,17,615,352,5.71,0,31058,8,Humano,Neutro,3258,Exposicao_Face
31074,17,610,369,5.68,0,31074,8,Humano,Neutro,3274,Exposicao_Face
31091,17,659,334,5.73,0,31091,8,Humano,Neutro,3291,Exposicao_Face
31108,17,712,340,5.68,0,31108,8,Humano,Neutro,3308,Exposicao_Face
31124,17,723,342,5.68,0,31124,8,Humano,Neutro,3324,Exposicao_Face
31141,17,726,341,5.68,0,31141,8,Humano,Neutro,3341,Exposicao_Face
31157,17,740,333,5.65,0,31157,8,Humano,Neutro,3357,Exposicao_Face
31174,17,728,346,5.66,0,31174,8,Humano,Neutro,3374,Exposicao_Face
31191,17,726,346,5.66,0,31191,8,Humano,Neutro,3391,Exposicao_Face
31207,17,740,330,5.76,0,31207,8,Humano,Neutro,3407,Exposicao_Face
31224,17,748,344,5.73,0,31224,8,Humano,Neutro,3424,Exposicao_Face
31241,17,731,340,5.69,0,31241,8,Humano,Neutro,3441,Exposicao_Face
31257,17,732,341,5.65,0,31257,8,Humano,Neutro,3457,Exposicao_Face
31274,17,733,345,5.71,0,31274,8,Humano,Neutro,3474,Exposicao_Face
31291,17,730,338,5.65,0,31291,8,Humano,Neutro,3491,Exposicao_Face
31307,17,724,371,5.69,0,31307,8,Humano,Neutro,3507,Exposicao_Face
31324,17,730,339,5.65,0,31324,8,Humano,Neutro,3524,Exposicao_Face
31340,17,740,333,5.71,0,31340,8,Humano,Neutro,3540,Exposicao_Face
31357,17,731,349,5.71,0,31357,8,Humano,Neutro,3557,Exposicao_Face
31374,17,733,351,5.76,0,31374,8,Humano,Neutro,3574,Exposicao_Face
31390,17,739,338,5.73,0,31390,8,Humano,Neutro,3590,Exposicao_Face
31407,17,729,343,5.71,0,31407,8,Humano,Neutro,3607,Exposicao_Face
31424,17,732,344,5.69,0,31424,8,Humano,Neutro,3624,Exposicao_Face
31440,17,727,360,5.68,0,31440,8,Humano,Neutro,3640,Exposicao_Face
31457,17,741,338,5.66,0,31457,8,Humano,Neutro,3657,Exposicao_Face
31474,17,740,352,5.76,0,31474,8,Humano,Neutro,3674,Exposicao_Face
31490,17,738,334,5.65,0,31490,8,Humano,Neutro,3690,Exposicao_Face
31507,17,735,358,5.73,0,31507,8,Humano,Neutro,3707,Exposicao_Face
31523,17,748,390,5.74,0,31523,8,Humano,Neutro,3723,Exposicao_Face
31540,17,736,382,5.76,0,31540,8,Humano,Neutro,3740,Exposicao_Face
31557,17,737,378,5.79,0,31557,8,Humano,Neutro,3757,Exposicao_Face
31573,17,744,384,5.74,0,31573,8,Humano,Neutro,3773,Exposicao_Face
31590,17,743,370,5.69,0,31590,8,Humano,Neutro,3790,Exposicao_Face
31607,17,741,380,5.73,0,31607,8,Humano,Neutro,3807,Exposicao_Face
31623,17,733,395,5.78,0,31623,8,Humano,Neutro,3823,Exposicao_Face
31640,17,731,397,5.84,0,31640,8,Humano,Neutro,3840,Exposicao_Face
31656,17,731,369,5.82,0,31656,8,Humano,Neutro,3856,Exposicao_Face
31673,17,733,396,5.81,0,31673,8,Humano,Neutro,3873,Exposicao_Face
31690,17,738,394,5.87,0,31690,8,Humano,Neutro,3890,Exposicao_Face
31706,17,732,400,5.89,0,31706,8,Humano,Neutro,3906,Exposicao_Face
31723,17,734,394,5.9,0,31723,8,Humano,Neutro,3923,Exposicao_Face
31740,17,740,392,5.87,0,31740,8,Humano,Neutro,3940,Exposicao_Face
31756,17,737,390,5.89,0,31756,8,Humano,Neutro,3956,Exposicao_Face
31773,17,740,365,5.82,0,31773,8,Humano,Neutro,3973,Exposicao_Face
31790,17,746,381,5.9,0,31790,8,Humano,Neutro,3990,Exposicao_Face
31806,17,742,383,5.9,0,31806,9,Humano,Raiva,6,Janela_Baseline
31823,17,739,380,5.87,0,31823,9,Humano,Raiva,23,Janela_Baseline
31839,17,726,382,5.89,0,31839,9,Humano,Raiva,39,Janela_Baseline
31856,17,735,398,5.92,0,31856,9,Humano,Raiva,56,Janela_Baseline
31873,17,745,378,5.86,0,31873,9,Humano,Raiva,73,Janela_Baseline
31889,17,737,377,5.92,0,31889,9,Humano,Raiva,89,Janela_Baseline
31906,17,736,390,5.86,0,31906,9,Humano,Raiva,106,Janela_Baseline
31923,17,735,392,5.92,0,31923,9,Humano,Raiva,123,Janela_Baseline
31939,17,742,383,5.9,0,31939,9,Humano,Raiva,139,Janela_Baseline
31956,17,741,377,5.89,0,31956,9,Humano,Raiva,156,Janela_Baseline
31973,17,737,411,5.98,0,31973,9,Humano,Raiva,173,Janela_Baseline
31989,17,739,394,5.94,0,31989,9,Humano,Raiva,189,Janela_Baseline
32006,17,742,382,5.9,0,32006,9,Humano,Raiva,206,Janela_Baseline
32022,17,736,388,5.86,0,32022,9,Humano,Raiva,222,Janela_Baseline
32039,17,766,385,5.94,0,32039,9,Humano,Raiva,239,Janela_Baseline
32056,17,798,378,5.92,0,32056,9,Humano,Raiva,256,Janela_Baseline
32072,17,826,356,5.86,0,32072,9,Humano,Raiva,272,Janela_Baseline
32089,17,818,354,5.84,0,32089,9,Humano,Raiva,289,Janela_Baseline
32106,17,831,371,5.9,0,32106,9,Humano,Raiva,306,Janela_Baseline
32122,17,822,364,5.86,0,32122,9,Humano,Raiva,322,Janela_Baseline
32139,17,831,372,5.89,0,32139,9,Humano,Raiva,339,Janela_Baseline
32156,17,831,367,5.84,0,32156,9,Humano,Raiva,356,Janela_Baseline
32172,17,818,385,5.81,0,32172,9,Humano,Raiva,372,Janela_Baseline
32189,17,817,391,5.84,0,32189,9,Humano,Raiva,389,Janela_Baseline
32205,17,831,372,5.9,0,32205,9,Humano,Raiva,405,Janela_Baseline
32222,17,816,358,5.9,0,32222,9,Humano,Raiva,422,Janela_Baseline
32239,17,828,383,5.89,0,32239,9,Humano,Raiva,439,Janela_Baseline
32255,17,821,376,5.9,0,32255,9,Humano,Raiva,455,Janela_Baseline
32272,17,827,376,5.79,0,32272,9,Humano,Raiva,472,Janela_Baseline
32289,17,828,383,5.82,0,32289,9,Humano,Raiva,489,Janela_Baseline
32305,17,815,392,5.87,0,32305,9,Humano,Raiva,505,Janela_Baseline
32322,17,821,404,5.92,0,32322,9,Humano,Raiva,522,Janela_Baseline
32339,17,832,380,5.84,0,32339,9,Humano,Raiva,539,Janela_Baseline
32355,17,823,387,5.94,0,32355,9,Humano,Raiva,555,Janela_Baseline
32372,17,835,372,5.92,0,32372,9,Humano,Raiva,572,Janela_Baseline
32388,17,835,359,5.92,0,32388,9,Humano,Raiva,588,Janela_Baseline
32405,17,825,378,5.92,0,32405,9,Humano,Raiva,605,Janela_Baseline
32422,17,816,344,5.79,0,32422,9,Humano,Raiva,622,Janela_Baseline
32438,17,820,380,5.84,0,32438,9,Humano,Raiva,638,Janela_Baseline
32455,17,824,367,5.9,0,32455,9,Humano,Raiva,655,Janela_Baseline
32472,17,822,364,5.81,0,32472,9,Humano,Raiva,672,Janela_Baseline
32488,17,832,383,5.89,0,32488,9,Humano,Raiva,688,Janela_Baseline
32505,17,831,396,5.94,0,32505,9,Humano,Raiva,705,Janela_Baseline
32522,17,830,383,5.87,0,32522,9,Humano,Raiva,722,Janela_Baseline
32538,17,819,375,5.86,0,32538,9,Humano,Raiva,738,Janela_Baseline
32555,17,815,374,5.89,0,32555,9,Humano,Raiva,755,Janela_Baseline
32571,17,819,396,5.9,0,32571,9,Humano,Raiva,771,Janela_Baseline
32588,17,817,369,5.79,0,32588,9,Humano,Raiva,788,Janela_Baseline
32605,17,825,369,5.81,0,32605,9,Humano,Raiva,805,Janela_Baseline
32621,17,892,369,5.78,0,32621,9,Humano,Raiva,821,Janela_Baseline
32638,17,902,361,5.81,0,32638,9,Humano,Raiva,838,Janela_Baseline
32655,17,916,348,5.78,0,32655,9,Humano,Raiva,855,Janela_Baseline
32671,17,910,342,5.73,0,32671,9,Humano,Raiva,871,Janela_Baseline
32688,17,910,366,5.84,0,32688,9,Humano,Raiva,888,Janela_Baseline
32705,17,919,357,5.79,0,32705,9,Humano,Raiva,905,Janela_Baseline
32721,17,914,349,5.81,0,32721,9,Humano,Raiva,921,Janela_Baseline
32738,17,925,353,5.74,0,32738,9,Humano,Raiva,938,Janela_Baseline
32754,17,915,363,5.76,0,32754,9,Humano,Raiva,954,Janela_Baseline
32771,17,920,344,5.74,0,32771,9,Humano,Raiva,971,Janela_Baseline
32788,17,910,358,5.74,0,32788,9,Humano,Raiva,988,Janela_Baseline
32804,17,910,327,5.66,0,32804,9,Humano,Raiva,1004,Janela_Baseline
32821,17,929,352,5.79,0,32821,9,Humano,Raiva,1021,Janela_Baseline
32838,17,909,353,5.74,0,32838,9,Humano,Raiva,1038,Janela_Baseline
32854,17,916,359,5.74,0,32854,9,Humano,Raiva,1054,Janela_Baseline
32871,17,927,348,5.84,0,32871,9,Humano,Raiva,1071,Janela_Baseline
32887,17,920,347,5.78,0,32887,9,Humano,Raiva,1087,Janela_Baseline
32904,17,913,352,5.71,0,32904,9,Humano,Raiva,1104,Janela_Baseline
32921,17,911,341,5.71,0,32921,9,Humano,Raiva,1121,Janela_Baseline
32937,17,835,361,5.87,0,32937,9,Humano,Raiva,1137,Janela_Baseline
32954,17,703,364,5.9,0,32954,9,Humano,Raiva,1154,Janela_Baseline
32971,17,557,401,5.84,0,32971,9,Humano,Raiva,1171,Janela_Baseline
32987,17,461,381,5.86,0,32987,9,Humano,Raiva,1187,Janela_Baseline
33004,17,449,404,5.92,0,33004,9,Humano,Raiva,1204,Janela_Baseline
33021,17,427,412,5.92,0,33021,9,Humano,Raiva,1221,Janela_Baseline
33037,17,429,403,5.84,0,33037,9,Humano,Raiva,1237,Janela_Baseline
33054,17,436,402,5.84,0,33054,9,Humano,Raiva,1254,Janela_Baseline
33070,17,424,394,5.82,0,33070,9,Humano,Raiva,1270,Janela_Baseline
33087,17,446,403,5.79,0,33087,9,Humano,Raiva,1287,Janela_Baseline
33104,17,323,441,5.9,0,33104,9,Humano,Raiva,1304,Exposicao_Face
33120,17,269,389,5.69,0,33120,9,Humano,Raiva,1320,Exposicao_Face
33137,17,233,400,5.73,0,33137,9,Humano,Raiva,1337,Exposicao_Face
33154,17,244,398,5.66,0,33154,9,Humano,Raiva,1354,Exposicao_Face
33170,17,210,393,5.69,0,33170,9,Humano,Raiva,1370,Exposicao_Face
33187,17,257,389,5.68,0,33187,9,Humano,Raiva,1387,Exposicao_Face
33204,17,241,393,5.68,0,33204,9,Humano,Raiva,1404,Exposicao_Face
33220,17,228,396,5.68,0,33220,9,Humano,Raiva,1420,Exposicao_Face
33237,17,227,397,5.69,0,33237,9,Humano,Raiva,1437,Exposicao_Face
33253,17,263,397,5.66,0,33253,9,Humano,Raiva,1453,Exposicao_Face
33270,17,263,384,5.66,0,33270,9,Humano,Raiva,1470,Exposicao_Face
33287,17,229,403,5.65,0,33287,9,Humano,Raiva,1487,Exposicao_Face
33303,17,236,406,5.66,0,33303,9,Humano,Raiva,1503,Exposicao_Face
33320,17,263,395,5.61,0,33320,9,Humano,Raiva,1520,Exposicao_Face
33337,17,235,399,5.71,0,33337,9,Humano,Raiva,1537,Exposicao_Face
33353,17,237,387,5.6,0,33353,9,Humano,Raiva,1553,Exposicao_Face
33370,17,263,394,5.66,0,33370,9,Humano,Raiva,1570,Exposicao_Face
33387,17,265,389,5.63,0,33387,9,Humano,Raiva,1587,Exposicao_Face
33403,17,233,387,5.68,0,33403,9,Humano,Raiva,1603,Exposicao_Face
33420,17,233,398,5.63,0,33420,9,Humano,Raiva,1620,Exposicao_Face
33436,17,249,389,5.6,0,33436,9,Humano,Raiva,1636,Exposicao_Face
33453,17,267,396,5.6,0,33453,9,Humano,Raiva,1653,Exposicao_Face
33470,17,244,402,5.57,0,33470,9,Humano,Raiva,1670,Exposicao_Face
33486,17,240,409,5.63,0,33486,9,Humano,Raiva,1686,Exposicao_Face
33503,17,246,410,5.68,0,33503,9,Humano,Raiva,1703,Exposicao_Face
33520,17,268,395,5.53,0,33520,9,Humano,Raiva,1720,Exposicao_Face
33536,17,271,396,5.61,0,33536,9,Humano,Raiva,1736,Exposicao_Face
33553,17,270,407,5.66,0,33553,9,Humano,Raiva,1753,Exposicao_Face
33570,17,241,388,5.57,0,33570,9,Humano,Raiva,1770,Exposicao_Face
33586,17,259,401,5.66,0,33586,9,Humano,Raiva,1786,Exposicao_Face
33603,17,248,398,5.63,0,33603,9,Humano,Raiva,1803,Exposicao_Face
33619,17,266,397,5.68,0,33619,9,Humano,Raiva,1819,Exposicao_Face
33636,17,248,396,5.65,0,33636,9,Humano,Raiva,1836,Exposicao_Face
33653,17,316,375,5.65,0,33653,9,Humano,Raiva,1853,Exposicao_Face
33669,17,461,379,5.76,0,33669,9,Humano,Raiva,1869,Exposicao_Face
33686,17,537,377,5.73,0,33686,9,Humano,Raiva,1886,Exposicao_Face
33703,17,535,383,5.81,0,33703,9,Humano,Raiva,1903,Exposicao_Face
33719,17,544,381,5.76,0,33719,9,Humano,Raiva,1919,Exposicao_Face
33736,17,550,383,5.79,0,33736,9,Humano,Raiva,1936,Exposicao_Face
33753,17,546,405,5.84,0,33753,9,Humano,Raiva,1953,Exposicao_Face
33769,17,550,407,5.81,0,33769,9,Humano,Raiva,1969,Exposicao_Face
33786,17,610,505,5.82,0,33786,9,Humano,Raiva,1986,Exposicao_Face
33802,17,747,860,0.0,0,33802,9,Humano,Raiva,2002,Exposicao_Face
33819,17,823,615,0.0,0,33819,9,Humano,Raiva,2019,Exposicao_Face
33869,50,890,999,0.0,0,33869,9,Humano,Raiva,2069,Exposicao_Face
33886,17,831,893,0.0,0,33886,9,Humano,Raiva,2086,Exposicao_Face
33902,17,790,732,0.0,0,33902,9,Humano,Raiva,2102,Exposicao_Face
33919,17,730,711,5.71,0,33919,9,Humano,Raiva,2119,Exposicao_Face
33936,17,717,522,5.82,0,33936,9,Humano,Raiva,2136,Exposicao_Face
33952,17,734,391,5.84,0,33952,9,Humano,Raiva,2152,Exposicao_Face
33969,17,737,325,5.76,0,33969,9,Humano,Raiva,2169,Exposicao_Face
33985,17,730,270,5.78,0,33985,9,Humano,Raiva,2185,Exposicao_Face
34002,17,680,325,5.76,0,34002,9,Humano,Raiva,2202,Exposicao_Face
34019,17,529,349,5.78,0,34019,9,Humano,Raiva,2219,Exposicao_Face
34035,17,497,430,5.78,0,34035,9,Humano,Raiva,2235,Exposicao_Face
34052,17,495,431,5.79,0,34052,9,Humano,Raiva,2252,Exposicao_Face
34069,17,490,431,5.73,0,34069,9,Humano,Raiva,2269,Exposicao_Face
34085,17,489,419,5.73,0,34085,9,Humano,Raiva,2285,Exposicao_Face
34102,17,493,429,5.79,0,34102,9,Humano,Raiva,2302,Exposicao_Face
34118,17,490,418,5.81,0,34118,9,Humano,Raiva,2318,Exposicao_Face
34135,17,493,429,5.73,0,34135,9,Humano,Raiva,2335,Exposicao_Face
34152,17,494,429,5.79,0,34152,9,Humano,Raiva,2352,Exposicao_Face
34168,17,484,411,5.68,0,34168,9,Humano,Raiva,2368,Exposicao_Face
34185,17,488,411,5.73,0,34185,9,Humano,Raiva,2385,Exposicao_Face
34202,17,488,397,5.63,0,34202,9,Humano,Raiva,2402,Exposicao_Face
34218,17,488,423,5.66,0,34218,9,Humano,Raiva,2418,Exposicao_Face
34235,17,487,421,5.74,0,34235,9,Humano,Raiva,2435,Exposicao_Face
34252,17,494,427,5.71,0,34252,9,Humano,Raiva,2452,Exposicao_Face
34268,17,479,409,5.63,0,34268,9,Humano,Raiva,2468,Exposicao_Face
34285,17,486,389,5.69,0,34285,9,Humano,Raiva,2485,Exposicao_Face
34301,17,487,403,5.66,0,34301,9,Humano,Raiva,2501,Exposicao_Face
34318,17,490,397,5.63,0,34318,9,Humano,Raiva,2518,Exposicao_Face
34335,17,483,389,5.58,0,34335,9,Humano,Raiva,2535,Exposicao_Face
34351,17,473,409,5.63,0,34351,9,Humano,Raiva,2551,Exposicao_Face
34368,17,487,419,5.61,0,34368,9,Humano,Raiva,2568,Exposicao_Face
34385,17,488,413,5.63,0,34385,9,Humano,Raiva,2585,Exposicao_Face
34401,17,490,407,5.6,0,34401,9,Humano,Raiva,2601,Exposicao_Face
34418,17,479,412,5.63,0,34418,9,Humano,Raiva,2618,Exposicao_Face
34435,17,489,424,5.65,0,34435,9,Humano,Raiva,2635,Exposicao_Face
34451,17,486,420,5.63,0,34451,9,Humano,Raiva,2651,Exposicao_Face
34468,17,491,419,5.66,0,34468,9,Humano,Raiva,2668,Exposicao_Face
34484,17,488,423,5.57,0,34484,9,Humano,Raiva,2684,Exposicao_Face
34501,17,488,413,5.55,0,34501,9,Humano,Raiva,2701,Exposicao_Face
34518,17,488,425,5.6,0,34518,9,Humano,Raiva,2718,Exposicao_Face
34534,17,490,404,5.52,0,34534,9,Humano,Raiva,2734,Exposicao_Face
34551,17,482,411,5.57,0,34551,9,Humano,Raiva,2751,Exposicao_Face
34568,17,479,413,5.57,0,34568,9,Humano,Raiva,2768,Exposicao_Face
34584,17,478,418,5.53,0,34584,9,Humano,Raiva,2784,Exposicao_Face
34601,17,490,418,5.57,0,34601,9,Humano,Raiva,2801,Exposicao_Face
34618,17,488,390,5.53,0,34618,9,Humano,Raiva,2818,Exposicao_Face
34634,17,483,397,5.55,0,34634,9,Humano,Raiva,2834,Exposicao_Face
34651,17,490,414,5.55,0,34651,9,Humano,Raiva,2851,Exposicao_Face
34667,17,486,412,5.6,0,34667,9,Humano,Raiva,2867,Exposicao_Face
34684,17,486,418,5.57,0,34684,9,Humano,Raiva,2884,Exposicao_Face
34701,17,492,419,5.57,0,34701,9,Humano,Raiva,2901,Exposicao_Face
34717,17,489,411,5.55,0,34717,9,Humano,Raiva,2917,Exposicao_Face
34734,17,487,405,5.6,0,34734,9,Humano,Raiva,2934,Exposicao_Face
34751,17,472,392,5.5,0,34751,9,Humano,Raiva,2951,Exposicao_Face
34767,17,488,412,5.58,0,34767,9,Humano,Raiva,2967,Exposicao_Face
34784,17,492,418,5.66,0,34784,9,Humano,Raiva,2984,Exposicao_Face
34801,17,487,401,5.6,0,34801,9,Humano,Raiva,3001,Exposicao_Face
34817,17,489,413,5.6,0,34817,9,Humano,Raiva,3017,Exposicao_Face
34834,17,490,437,5.65,0,34834,9,Humano,Raiva,3034,Exposicao_Face
34850,17,490,414,5.58,0,34850,9,Humano,Raiva,3050,Exposicao_Face
34867,17,523,433,5.6,0,34867,9,Humano,Raiva,3067,Exposicao_Face
34884,17,505,411,5.61,0,34884,9,Humano,Raiva,3084,Exposicao_Face
34900,17,515,434,5.63,0,34900,9,Humano,Raiva,3100,Exposicao_Face
34917,17,512,435,5.65,0,34917,9,Humano,Raiva,3117,Exposicao_Face
34934,17,510,439,5.68,0,34934,9,Humano,Raiva,3134,Exposicao_Face
34950,17,511,436,5.65,0,34950,9,Humano,Raiva,3150,Exposicao_Face
34967,17,513,423,5.68,0,34967,9,Humano,Raiva,3167,Exposicao_Face
34984,17,513,418,5.68,0,34984,9,Humano,Raiva,3184,Exposicao_Face
35000,17,515,426,5.69,0,35000,9,Humano,Raiva,3200,Exposicao_Face
35017,17,512,417,5.63,0,35017,9,Humano,Raiva,3217,Exposicao_Face
35033,17,510,431,5.71,0,35033,9,Humano,Raiva,3233,Exposicao_Face
35050,17,509,416,5.61,0,35050,9,Humano,Raiva,3250,Exposicao_Face
35067,17,508,445,5.74,0,35067,9,Humano,Raiva,3267,Exposicao_Face
35083,17,511,439,5.74,0,35083,9,Humano,Raiva,3283,Exposicao_Face
35100,17,515,417,5.66,0,35100,9,Humano,Raiva,3300,Exposicao_Face
35117,17,510,417,5.69,0,35117,9,Humano,Raiva,3317,Exposicao_Face
35133,17,513,421,5.71,0,35133,9,Humano,Raiva,3333,Exposicao_Face
35150,17,508,439,5.71,0,35150,9,Humano,Raiva,3350,Exposicao_Face
35166,17,513,399,5.69,0,35166,9,Humano,Raiva,3366,Exposicao_Face
35183,17,512,337,5.73,0,35183,9,Humano,Raiva,3383,Exposicao_Face
35200,17,515,371,5.76,0,35200,9,Humano,Raiva,3400,Exposicao_Face
35216,17,514,376,5.81,0,35216,9,Humano,Raiva,3416,Exposicao_Face
35233,17,516,358,5.71,0,35233,9,Humano,Raiva,3433,Exposicao_Face
35250,17,511,354,5.74,0,35250,9,Humano,Raiva,3450,Exposicao_Face
35266,17,511,379,5.82,0,35266,9,Humano,Raiva,3466,Exposicao_Face
35283,17,517,359,5.73,0,35283,9,Humano,Raiva,3483,Exposicao_Face
35300,17,513,348,5.82,0,35300,9,Humano,Raiva,3500,Exposicao_Face
35316,17,512,354,5.76,0,35316,9,Humano,Raiva,3516,Exposicao_Face
35333,17,515,341,5.74,0,35333,9,Humano,Raiva,3533,Exposicao_Face
35349,17,513,345,5.74,0,35349,9,Humano,Raiva,3549,Exposicao_Face
35366,17,515,353,5.81,0,35366,9,Humano,Raiva,3566,Exposicao_Face
35383,17,517,354,5.79,0,35383,9,Humano,Raiva,3583,Exposicao_Face
35399,17,518,343,5.73,0,35399,9,Humano,Raiva,3599,Exposicao_Face
35416,17,516,349,5.81,0,35416,9,Humano,Raiva,3616,Exposicao_Face
35433,17,515,368,5.82,0,35433,9,Humano,Raiva,3633,Exposicao_Face
35449,17,512,358,5.82,0,35449,9,Humano,Raiva,3649,Exposicao_Face
35466,17,515,368,5.82,0,35466,9,Humano,Raiva,3666,Exposicao_Face
35483,17,513,378,5.82,0,35483,9,Humano,Raiva,3683,Exposicao_Face
35499,17,514,359,5.82,0,35499,9,Humano,Raiva,3699,Exposicao_Face
35516,17,526,367,5.78,0,35516,9,Humano,Raiva,3716,Exposicao_Face
35532,17,518,366,5.79,0,35532,9,Humano,Raiva,3732,Exposicao_Face
35549,17,518,349,5.78,0,35549,9,Humano,Raiva,3749,Exposicao_Face
35566,17,516,344,5.79,0,35566,9,Humano,Raiva,3766,Exposicao_Face
35582,17,514,360,5.82,0,35582,9,Humano,Raiva,3782,Exposicao_Face
35599,17,517,343,5.73,0,35599,9,Humano,Raiva,3799,Exposicao_Face
35616,17,522,350,5.76,0,35616,9,Humano,Raiva,3816,Exposicao_Face
35632,17,518,350,5.74,0,35632,9,Humano,Raiva,3832,Exposicao_Face
35649,17,518,355,5.82,0,35649,9,Humano,Raiva,3849,Exposicao_Face
35666,17,517,346,5.82,0,35666,9,Humano,Raiva,3866,Exposicao_Face
35682,17,466,385,5.87,0,35682,9,Humano,Raiva,3882,Exposicao_Face
35699,17,484,353,5.73,0,35699,9,Humano,Raiva,3899,Exposicao_Face
35715,17,483,343,5.76,0,35715,9,Humano,Raiva,3915,Exposicao_Face
35732,17,478,337,5.82,0,35732,9,Humano,Raiva,3932,Exposicao_Face
35749,17,475,353,5.79,0,35749,9,Humano,Raiva,3949,Exposicao_Face
35765,17,478,356,5.82,0,35765,9,Humano,Raiva,3965,Exposicao_Face
35782,17,477,339,5.79,0,35782,9,Humano,Raiva,3982,Exposicao_Face
35799,17,473,329,5.78,0,35799,9,Humano,Raiva,3999,Exposicao_Face
35815,17,484,336,5.76,0,35815,10,Humano,Feliz,15,Janela_Baseline
35832,17,478,348,5.81,0,35832,10,Humano,Feliz,32,Janela_Baseline
35849,17,475,356,5.81,0,35849,10,Humano,Feliz,49,Janela_Baseline
35865,17,469,335,5.71,0,35865,10,Humano,Feliz,65,Janela_Baseline
35882,17,475,357,5.82,0,35882,10,Humano,Feliz,82,Janela_Baseline
35898,17,478,340,5.82,0,35898,10,Humano,Feliz,98,Janela_Baseline
35915,17,483,339,5.79,0,35915,10,Humano,Feliz,115,Janela_Baseline
35932,17,471,346,5.82,0,35932,10,Humano,Feliz,132,Janela_Baseline
35948,17,481,327,5.73,0,35948,10,Humano,Feliz,148,Janela_Baseline
35965,17,475,335,5.79,0,35965,10,Humano,Feliz,165,Janela_Baseline
35982,17,476,347,5.74,0,35982,10,Humano,Feliz,182,Janela_Baseline
35998,17,479,341,5.87,0,35998,10,Humano,Feliz,198,Janela_Baseline
36015,17,485,335,5.81,0,36015,10,Humano,Feliz,215,Janela_Baseline
36032,17,477,356,5.86,0,36032,10,Humano,Feliz,232,Janela_Baseline
36048,17,482,349,5.86,0,36048,10,Humano,Feliz,248,Janela_Baseline
36065,17,473,340,5.87,0,36065,10,Humano,Feliz,265,Janela_Baseline
36081,17,468,359,5.9,0,36081,10,Humano,Feliz,281,Janela_Baseline
36098,17,478,350,5.87,0,36098,10,Humano,Feliz,298,Janela_Baseline
36115,17,473,360,5.9,0,36115,10,Humano,Feliz,315,Janela_Baseline
36131,17,474,352,5.84,0,36131,10,Humano,Feliz,331,Janela_Baseline
36148,17,475,338,5.82,0,36148,10,Humano,Feliz,348,Janela_Baseline
36165,17,483,348,5.86,0,36165,10,Humano,Feliz,365,Janela_Baseline
36181,17,472,344,5.87,0,36181,10,Humano,Feliz,381,Janela_Baseline
36198,17,485,352,5.9,0,36198,10,Humano,Feliz,398,Janela_Baseline
36215,17,485,334,5.84,0,36215,10,Humano,Feliz,415,Janela_Baseline
36231,17,477,351,5.9,0,36231,10,Humano,Feliz,431,Janela_Baseline
36248,17,483,334,5.82,0,36248,10,Humano,Feliz,448,Janela_Baseline
36264,17,478,355,5.94,0,36264,10,Humano,Feliz,464,Janela_Baseline
36281,17,482,348,5.92,0,36281,10,Humano,Feliz,481,Janela_Baseline
36298,17,487,346,5.92,0,36298,10,Humano,Feliz,498,Janela_Baseline
36314,17,481,340,5.89,0,36314,10,Humano,Feliz,514,Janela_Baseline
36331,17,475,345,5.89,0,36331,10,Humano,Feliz,531,Janela_Baseline
36348,17,485,342,5.92,0,36348,10,Humano,Feliz,548,Janela_Baseline
36364,17,473,349,5.92,0,36364,10,Humano,Feliz,564,Janela_Baseline
36381,17,562,363,5.94,0,36381,10,Humano,Feliz,581,Janela_Baseline
36397,17,646,358,5.95,0,36397,10,Humano,Feliz,597,Janela_Baseline
36414,17,730,383,5.84,0,36414,10,Humano,Feliz,614,Janela_Baseline
36431,17,777,943,5.97,0,36431,10,Humano,Feliz,631,Janela_Baseline
36497,67,920,609,0.0,0,36497,10,Humano,Feliz,697,Janela_Baseline
36514,17,903,674,0.0,0,36514,10,Humano,Feliz,714,Janela_Baseline
36531,17,969,650,0.0,0,36531,10,Humano,Feliz,731,Janela_Baseline
36547,17,909,914,5.98,0,36547,10,Humano,Feliz,747,Janela_Baseline
36564,17,895,649,5.87,0,36564,10,Humano,Feliz,764,Janela_Baseline
36580,17,904,456,5.92,0,36580,10,Humano,Feliz,780,Janela_Baseline
36597,17,906,443,5.94,0,36597,10,Humano,Feliz,797,Janela_Baseline
36614,17,898,495,5.87,0,36614,10,Humano,Feliz,814,Janela_Baseline
36630,17,886,509,5.94,0,36630,10,Humano,Feliz,830,Janela_Baseline
36647,17,894,503,5.86,0,36647,10,Humano,Feliz,847,Janela_Baseline
36664,17,898,508,5.9,0,36664,10,Humano,Feliz,864,Janela_Baseline
36680,17,900,509,5.89,0,36680,10,Humano,Feliz,880,Janela_Baseline
36697,17,893,511,5.87,0,36697,10,Humano,Feliz,897,Janela_Baseline
36714,17,886,526,5.9,0,36714,10,Humano,Feliz,914,Janela_Baseline
36730,17,883,522,5.92,0,36730,10,Humano,Feliz,930,Janela_Baseline
36747,17,887,508,5.82,0,36747,10,Humano,Feliz,947,Janela_Baseline
36763,17,892,512,5.79,0,36763,10,Humano,Feliz,963,Janela_Baseline
36780,17,895,493,5.68,0,36780,10,Humano,Feliz,980,Janela_Baseline
36797,17,906,504,5.78,0,36797,10,Humano,Feliz,997,Janela_Baseline
36813,17,905,513,5.68,0,36813,10,Humano,Feliz,1013,Janela_Baseline
36830,17,895,509,5.63,0,36830,10,Humano,Feliz,1030,Janela_Baseline
36847,17,896,518,5.6,0,36847,10,Humano,Feliz,1047,Janela_Baseline
36963,116,522,778,0.0,0,36963,10,Humano,Feliz,1163,Janela_Baseline
36980,17,462,525,5.44,0,36980,10,Humano,Feliz,1180,Janela_Baseline
36996,17,473,308,5.49,0,36996,10,Humano,Feliz,1196,Janela_Baseline
37013,17,467,346,5.41,0,37013,10,Humano,Feliz,1213,Janela_Baseline
37030,17,461,323,5.41,0,37030,10,Humano,Feliz,1230,Janela_Baseline
37046,17,470,340,5.47,0,37046,10,Humano,Feliz,1246,Janela_Baseline
37063,17,459,348,5.37,0,37063,10,Humano,Feliz,1263,Janela_Baseline
37080,17,467,348,5.37,0,37080,10,Humano,Feliz,1280,Janela_Baseline
37096,17,473,336,5.45,0,37096,10,Humano,Feliz,1296,Janela_Baseline
37113,17,470,329,5.37,0,37113,10,Humano,Feliz,1313,Exposicao_Face
37146,33,473,328,5.44,0,37146,10,Humano,Feliz,1346,Exposicao_Face
37146,0,473,328,5.44,0,37146,10,Humano,Feliz,1346,Exposicao_Face
37163,17,463,338,5.47,0,37163,10,Humano,Feliz,1363,Exposicao_Face
37179,17,310,343,5.44,0,37179,10,Humano,Feliz,1379,Exposicao_Face
37196,17,225,300,5.33,0,37196,10,Humano,Feliz,1396,Exposicao_Face
37213,17,174,316,5.31,0,37213,10,Humano,Feliz,1413,Exposicao_Face
37229,17,165,297,5.26,0,37229,10,Humano,Feliz,1429,Exposicao_Face
37246,17,170,304,5.31,0,37246,10,Humano,Feliz,1446,Exposicao_Face
37263,17,158,325,5.34,0,37263,10,Humano,Feliz,1463,Exposicao_Face
37279,17,156,316,5.33,0,37279,10,Humano,Feliz,1479,Exposicao_Face
37296,17,150,341,5.47,0,37296,10,Humano,Feliz,1496,Exposicao_Face
37312,17,161,321,5.36,0,37312,10,Humano,Feliz,1512,Exposicao_Face
37329,17,154,318,5.42,0,37329,10,Humano,Feliz,1529,Exposicao_Face
37346,17,159,315,5.44,0,37346,10,Humano,Feliz,1546,Exposicao_Face
37362,17,152,319,5.34,0,37362,10,Humano,Feliz,1562,Exposicao_Face
37379,17,150,313,5.36,0,37379,10,Humano,Feliz,1579,Exposicao_Face
37396,17,157,307,5.45,0,37396,10,Humano,Feliz,1596,Exposicao_Face
37412,17,158,339,5.5,0,37412,10,Humano,Feliz,1612,Exposicao_Face
37429,17,164,321,5.45,0,37429,10,Humano,Feliz,1629,Exposicao_Face
37445,17,159,316,5.5,0,37445,10,Humano,Feliz,1645,Exposicao_Face
37462,17,160,323,5.47,0,37462,10,Humano,Feliz,1662,Exposicao_Face
37479,17,177,324,5.49,0,37479,10,Humano,Feliz,1679,Exposicao_Face
37495,17,298,878,5.47,0,37495,10,Humano,Feliz,1695,Exposicao_Face
37579,83,537,970,0.0,0,37579,10,Humano,Feliz,1779,Exposicao_Face
37595,17,466,959,5.87,0,37595,10,Humano,Feliz,1795,Exposicao_Face
37612,17,479,675,5.81,0,37612,10,Humano,Feliz,1812,Exposicao_Face
37628,17,471,465,5.71,0,37628,10,Humano,Feliz,1828,Exposicao_Face
37645,17,471,364,5.82,0,37645,10,Humano,Feliz,1845,Exposicao_Face
37662,17,485,311,5.84,0,37662,10,Humano,Feliz,1862,Exposicao_Face
37678,17,482,381,5.78,0,37678,10,Humano,Feliz,1878,Exposicao_Face
37695,17,491,361,5.76,0,37695,10,Humano,Feliz,1895,Exposicao_Face
37712,17,480,360,5.86,0,37712,10,Humano,Feliz,1912,Exposicao_Face
37728,17,452,368,5.81,0,37728,10,Humano,Feliz,1928,Exposicao_Face
37745,17,490,368,5.9,0,37745,10,Humano,Feliz,1945,Exposicao_Face
37762,17,487,367,5.84,0,37762,10,Humano,Feliz,1962,Exposicao_Face
37778,17,494,368,5.84,0,37778,10,Humano,Feliz,1978,Exposicao_Face
37795,17,488,348,5.82,0,37795,10,Humano,Feliz,1995,Exposicao_Face
37811,17,488,346,5.82,0,37811,10,Humano,Feliz,2011,Exposicao_Face
37828,17,495,364,5.92,0,37828,10,Humano,Feliz,2028,Exposicao_Face
37845,17,486,367,5.89,0,37845,10,Humano,Feliz,2045,Exposicao_Face
37861,17,490,357,5.86,0,37861,10,Humano,Feliz,2061,Exposicao_Face
37878,17,485,386,5.9,0,37878,10,Humano,Feliz,2078,Exposicao_Face
37895,17,488,377,5.89,0,37895,10,Humano,Feliz,2095,Exposicao_Face
37911,17,485,363,5.81,0,37911,10,Humano,Feliz,2111,Exposicao_Face
37928,17,485,381,5.89,0,37928,10,Humano,Feliz,2128,Exposicao_Face
37945,17,492,363,5.86,0,37945,10,Humano,Feliz,2145,Exposicao_Face
37961,17,489,371,5.82,0,37961,10,Humano,Feliz,2161,Exposicao_Face
37978,17,488,393,5.9,0,37978,10,Humano,Feliz,2178,Exposicao_Face
37994,17,490,365,5.79,0,37994,10,Humano,Feliz,2194,Exposicao_Face
38011,17,483,361,5.73,0,38011,10,Humano,Feliz,2211,Exposicao_Face
38028,17,491,378,5.86,0,38028,10,Humano,Feliz,2228,Exposicao_Face
38044,17,486,357,5.78,0,38044,10,Humano,Feliz,2244,Exposicao_Face
38061,17,487,362,5.76,0,38061,10,Humano,Feliz,2261,Exposicao_Face
38078,17,482,348,5.74,0,38078,10,Humano,Feliz,2278,Exposicao_Face
38094,17,487,365,5.79,0,38094,10,Humano,Feliz,2294,Exposicao_Face
38111,17,487,391,5.82,0,38111,10,Humano,Feliz,2311,Exposicao_Face
38128,17,481,356,5.78,0,38128,10,Humano,Feliz,2328,Exposicao_Face
38144,17,483,381,5.79,0,38144,10,Humano,Feliz,2344,Exposicao_Face
38161,17,482,353,5.73,0,38161,10,Humano,Feliz,2361,Exposicao_Face
38177,17,482,364,5.73,0,38177,10,Humano,Feliz,2377,Exposicao_Face
38194,17,481,368,5.71,0,38194,10,Humano,Feliz,2394,Exposicao_Face
38211,17,482,376,5.74,0,38211,10,Humano,Feliz,2411,Exposicao_Face
38227,17,476,378,5.81,0,38227,10,Humano,Feliz,2427,Exposicao_Face
38244,17,462,366,5.74,0,38244,10,Humano,Feliz,2444,Exposicao_Face
38261,17,478,372,5.71,0,38261,10,Humano,Feliz,2461,Exposicao_Face
38277,17,481,383,5.74,0,38277,10,Humano,Feliz,2477,Exposicao_Face
38294,17,488,362,5.79,0,38294,10,Humano,Feliz,2494,Exposicao_Face
38311,17,505,729,5.81,0,38311,10,Humano,Feliz,2511,Exposicao_Face
38410,100,578,1013,0.0,0,38410,10,Humano,Feliz,2610,Exposicao_Face
38427,17,521,1047,6.06,0,38427,10,Humano,Feliz,2627,Exposicao_Face
38444,17,522,780,5.98,0,38444,10,Humano,Feliz,2644,Exposicao_Face
38460,17,525,581,5.82,0,38460,10,Humano,Feliz,2660,Exposicao_Face
38477,17,510,440,5.92,0,38477,10,Humano,Feliz,2677,Exposicao_Face
38494,17,528,363,5.92,0,38494,10,Humano,Feliz,2694,Exposicao_Face
38510,17,526,361,5.82,0,38510,10,Humano,Feliz,2710,Exposicao_Face
38527,17,519,409,5.92,0,38527,10,Humano,Feliz,2727,Exposicao_Face
38543,17,525,391,5.87,0,38543,10,Humano,Feliz,2743,Exposicao_Face
38560,17,518,401,5.92,0,38560,10,Humano,Feliz,2760,Exposicao_Face
38577,17,529,385,5.86,0,38577,10,Humano,Feliz,2777,Exposicao_Face
38593,17,523,404,5.9,0,38593,10,Humano,Feliz,2793,Exposicao_Face
38610,17,523,387,5.84,0,38610,10,Humano,Feliz,2810,Exposicao_Face
38627,17,529,402,5.86,0,38627,10,Humano,Feliz,2827,Exposicao_Face
38643,17,528,389,5.87,0,38643,10,Humano,Feliz,2843,Exposicao_Face
38660,17,521,406,5.82,0,38660,10,Humano,Feliz,2860,Exposicao_Face
38676,17,531,391,5.89,0,38676,10,Humano,Feliz,2876,Exposicao_Face
38693,17,530,427,5.87,0,38693,10,Humano,Feliz,2893,Exposicao_Face
38710,17,524,393,5.92,0,38710,10,Humano,Feliz,2910,Exposicao_Face
38726,17,530,397,5.9,0,38726,10,Humano,Feliz,2926,Exposicao_Face
38743,17,522,388,5.81,0,38743,10,Humano,Feliz,2943,Exposicao_Face
38760,17,523,391,5.89,0,38760,10,Humano,Feliz,2960,Exposicao_Face
38776,17,517,407,5.9,0,38776,10,Humano,Feliz,2976,Exposicao_Face
38793,17,530,385,5.78,0,38793,10,Humano,Feliz,2993,Exposicao_Face
38810,17,524,392,5.76,0,38810,10,Humano,Feliz,3010,Exposicao_Face
38826,17,524,398,5.81,0,38826,10,Humano,Feliz,3026,Exposicao_Face
38843,17,524,389,5.76,0,38843,10,Humano,Feliz,3043,Exposicao_Face
38859,17,522,399,5.76,0,38859,10,Humano,Feliz,3059,Exposicao_Face
38876,17,525,395,5.74,0,38876,10,Humano,Feliz,3076,Exposicao_Face
38893,17,520,397,5.74,0,38893,10,Humano,Feliz,3093,Exposicao_Face
38909,17,524,396,5.76,0,38909,10,Humano,Feliz,3109,Exposicao_Face
38926,17,523,402,5.74,0,38926,10,Humano,Feliz,3126,Exposicao_Face
38943,17,525,402,5.74,0,38943,10,Humano,Feliz,3143,Exposicao_Face
38959,17,527,380,5.68,0,38959,10,Humano,Feliz,3159,Exposicao_Face
38976,17,526,374,5.68,0,38976,10,Humano,Feliz,3176,Exposicao_Face
38993,17,523,399,5.66,0,38993,10,Humano,Feliz,3193,Exposicao_Face
39009,17,525,374,5.71,0,39009,10,Humano,Feliz,3209,Exposicao_Face
39026,17,524,396,5.69,0,39026,10,Humano,Feliz,3226,Exposicao_Face
39042,17,526,387,5.68,0,39042,10,Humano,Feliz,3242,Exposicao_Face
39059,17,527,391,5.65,0,39059,10,Humano,Feliz,3259,Exposicao_Face
39076,17,519,404,5.78,0,39076,10,Humano,Feliz,3276,Exposicao_Face
39092,17,526,378,5.74,0,39092,10,Humano,Feliz,3292,Exposicao_Face
39109,17,524,399,5.81,0,39109,10,Humano,Feliz,3309,Exposicao_Face
39126,17,528,390,5.68,0,39126,10,Humano,Feliz,3326,Exposicao_Face
39142,17,525,387,5.68,0,39142,10,Humano,Feliz,3342,Exposicao_Face
39159,17,522,385,5.69,0,39159,10,Humano,Feliz,3359,Exposicao_Face
39176,17,532,375,5.69,0,39176,10,Humano,Feliz,3376,Exposicao_Face
39192,17,516,381,5.79,0,39192,10,Humano,Feliz,3392,Exposicao_Face
39209,17,525,379,5.78,0,39209,10,Humano,Feliz,3409,Exposicao_Face
39225,17,524,403,5.79,0,39225,10,Humano,Feliz,3425,Exposicao_Face
39242,17,597,669,5.71,0,39242,10,Humano,Feliz,3442,Exposicao_Face
39375,133,787,968,0.0,0,39375,10,Humano,Feliz,3575,Exposicao_Face
39392,17,789,692,0.0,0,39392,10,Humano,Feliz,3592,Exposicao_Face
39408,17,719,471,5.69,0,39408,10,Humano,Feliz,3608,Exposicao_Face
39425,17,709,282,5.68,0,39425,10,Humano,Feliz,3625,Exposicao_Face
39442,17,718,367,5.68,0,39442,10,Humano,Feliz,3642,Exposicao_Face
39458,17,700,367,5.81,0,39458,10,Humano,Feliz,3658,Exposicao_Face
39475,17,704,329,5.69,0,39475,10,Humano,Feliz,3675,Exposicao_Face
39492,17,705,332,5.68,0,39492,10,Humano,Feliz,3692,Exposicao_Face
39508,17,708,338,5.71,0,39508,10,Humano,Feliz,3708,Exposicao_Face
39525,17,704,353,5.78,0,39525,10,Humano,Feliz,3725,Exposicao_Face
39542,17,700,363,5.81,0,39542,10,Humano,Feliz,3742,Exposicao_Face
39558,17,705,342,5.73,0,39558,10,Humano,Feliz,3758,Exposicao_Face
39575,17,718,349,5.79,0,39575,10,Humano,Feliz,3775,Exposicao_Face
39591,17,740,366,5.74,0,39591,10,Humano,Feliz,3791,Exposicao_Face
39608,17,834,341,5.69,0,39608,10,Humano,Feliz,3808,Exposicao_Face
39625,17,812,360,5.79,0,39625,10,Humano,Feliz,3825,Exposicao_Face
39641,17,852,362,5.78,0,39641,10,Humano,Feliz,3841,Exposicao_Face
39658,17,846,358,5.76,0,39658,10,Humano,Feliz,3858,Exposicao_Face
39675,17,826,360,5.74,0,39675,10,Humano,Feliz,3875,Exposicao_Face
39691,17,830,344,5.71,0,39691,10,Humano,Feliz,3891,Exposicao_Face
39708,17,840,367,5.82,0,39708,10,Humano,Feliz,3908,Exposicao_Face
39724,17,827,357,5.74,0,39724,10,Humano,Feliz,3924,Exposicao_Face
39741,17,833,365,5.76,0,39741,10,Humano,Feliz,3941,Exposicao_Face
39758,17,840,346,5.71,0,39758,10,Humano,Feliz,3958,Exposicao_Face
39774,17,835,349,5.71,0,39774,10,Humano,Feliz,3974,Exposicao_Face
39791,17,830,369,5.78,0,39791,10,Humano,Feliz,3991,Exposicao_Face
39808,17,827,351,5.71,0,39808,11,Humano,Neutro,8,Janela_Baseline
39824,17,843,369,5.73,0,39824,11,Humano,Neutro,24,Janela_Baseline
39841,17,829,350,5.63,0,39841,11,Humano,Neutro,41,Janela_Baseline
39858,17,773,379,5.71,0,39858,11,Humano,Neutro,58,Janela_Baseline
39874,17,635,374,5.71,0,39874,11,Humano,Neutro,74,Janela_Baseline
39891,17,557,393,5.66,0,39891,11,Humano,Neutro,91,Janela_Baseline
39907,17,555,395,5.71,0,39907,11,Humano,Neutro,107,Janela_Baseline
39924,17,547,411,5.81,0,39924,11,Humano,Neutro,124,Janela_Baseline
39941,17,557,386,5.66,0,39941,11,Humano,Neutro,141,Janela_Baseline
39957,17,550,391,5.61,0,39957,11,Humano,Neutro,157,Janela_Baseline
39974,17,541,393,5.68,0,39974,11,Humano,Neutro,174,Janela_Baseline
39991,17,549,410,5.74,0,39991,11,Humano,Neutro,191,Janela_Baseline
40007,17,541,629,5.73,0,40007,11,Humano,Neutro,207,Janela_Baseline
40174,166,324,971,0.0,0,40174,11,Humano,Neutro,374,Janela_Baseline
40190,17,241,881,5.6,0,40190,11,Humano,Neutro,390,Janela_Baseline
40207,17,257,653,5.69,0,40207,11,Humano,Neutro,407,Janela_Baseline
40224,17,244,534,5.65,0,40224,11,Humano,Neutro,424,Janela_Baseline
40240,17,254,394,5.61,0,40240,11,Humano,Neutro,440,Janela_Baseline
40257,17,237,338,5.65,0,40257,11,Humano,Neutro,457,Janela_Baseline
40273,17,242,396,5.65,0,40273,11,Humano,Neutro,473,Janela_Baseline
40290,17,234,397,5.68,0,40290,11,Humano,Neutro,490,Janela_Baseline
40307,17,232,394,5.66,0,40307,11,Humano,Neutro,507,Janela_Baseline
40323,17,250,378,5.66,0,40323,11,Humano,Neutro,523,Janela_Baseline
40340,17,247,371,5.61,0,40340,11,Humano,Neutro,540,Janela_Baseline
40357,17,240,364,5.66,0,40357,11,Humano,Neutro,557,Janela_Baseline
40373,17,244,358,5.58,0,40373,11,Humano,Neutro,573,Janela_Baseline
40390,17,241,375,5.68,0,40390,11,Humano,Neutro,590,Janela_Baseline
40407,17,239,383,5.66,0,40407,11,Humano,Neutro,607,Janela_Baseline
40423,17,242,366,5.66,0,40423,11,Humano,Neutro,623,Janela_Baseline
40440,17,246,363,5.69,0,40440,11,Humano,Neutro,640,Janela_Baseline
40456,17,247,368,5.73,0,40456,11,Humano,Neutro,656,Janela_Baseline
40473,17,248,374,5.76,0,40473,11,Humano,Neutro,673,Janela_Baseline
40490,17,244,375,5.71,0,40490,11,Humano,Neutro,690,Janela_Baseline
40506,17,249,377,5.76,0,40506,11,Humano,Neutro,706,Janela_Baseline
40523,17,294,381,5.71,0,40523,11,Humano,Neutro,723,Janela_Baseline
40540,17,455,391,5.86,0,40540,11,Humano,Neutro,740,Janela_Baseline
40556,17,518,419,5.95,0,40556,11,Humano,Neutro,756,Janela_Baseline
40573,17,527,413,5.92,0,40573,11,Humano,Neutro,773,Janela_Baseline
40590,17,537,394,5.94,0,40590,11,Humano,Neutro,790,Janela_Baseline
40606,17,533,395,5.86,0,40606,11,Humano,Neutro,806,Janela_Baseline
40623,17,537,408,5.9,0,40623,11,Humano,Neutro,823,Janela_Baseline
40639,17,545,422,5.92,0,40639,11,Humano,Neutro,839,Janela_Baseline
40656,17,542,395,5.87,0,40656,11,Humano,Neutro,856,Janela_Baseline
40673,17,529,412,5.92,0,40673,11,Humano,Neutro,873,Janela_Baseline
40689,17,524,412,5.89,0,40689,11,Humano,Neutro,889,Janela_Baseline
40706,17,544,947,5.9,0,40706,11,Humano,Neutro,906,Janela_Baseline
40822,116,534,1053,6.03,0,40822,11,Humano,Neutro,1022,Janela_Baseline
40839,17,551,791,5.92,0,40839,11,Humano,Neutro,1039,Janela_Baseline
40856,17,523,617,5.84,0,40856,11,Humano,Neutro,1056,Janela_Baseline
40872,17,541,387,5.82,0,40872,11,Humano,Neutro,1072,Janela_Baseline
40889,17,557,327,5.76,0,40889,11,Humano,Neutro,1089,Janela_Baseline
40906,17,550,388,5.76,0,40906,11,Humano,Neutro,1106,Janela_Baseline
40922,17,549,420,5.71,0,40922,11,Humano,Neutro,1122,Janela_Baseline
40939,17,552,404,5.68,0,40939,11,Humano,Neutro,1139,Janela_Baseline
40955,17,553,421,5.68,0,40955,11,Humano,Neutro,1155,Janela_Baseline
40972,17,547,426,5.65,0,40972,11,Humano,Neutro,1172,Janela_Baseline
40989,17,558,412,5.63,0,40989,11,Humano,Neutro,1189,Janela_Baseline
41005,17,560,406,5.63,0,41005,11,Humano,Neutro,1205,Janela_Baseline
41022,17,555,418,5.63,0,41022,11,Humano,Neutro,1222,Janela_Baseline
41039,17,556,400,5.69,0,41039,11,Humano,Neutro,1239,Janela_Baseline
41055,17,553,394,5.65,0,41055,11,Humano,Neutro,1255,Janela_Baseline
41072,17,554,407,5.6,0,41072,11,Humano,Neutro,1272,Janela_Baseline
41089,17,549,400,5.65,0,41089,11,Humano,Neutro,1289,Janela_Baseline
41105,17,551,423,5.61,0,41105,11,Humano,Neutro,1305,Exposicao_Face
41122,17,548,405,5.69,0,41122,11,Humano,Neutro,1322,Exposicao_Face
41138,17,552,428,5.68,0,41138,11,Humano,Neutro,1338,Exposicao_Face
41155,17,556,401,5.66,0,41155,11,Humano,Neutro,1355,Exposicao_Face
41172,17,554,408,5.66,0,41172,11,Humano,Neutro,1372,Exposicao_Face
41188,17,547,408,5.68,0,41188,11,Humano,Neutro,1388,Exposicao_Face
41205,17,535,477,5.65,0,41205,11,Humano,Neutro,1405,Exposicao_Face
41222,17,542,480,5.65,0,41222,11,Humano,Neutro,1422,Exposicao_Face
41238,17,538,484,5.58,0,41238,11,Humano,Neutro,1438,Exposicao_Face
41255,17,536,489,5.66,0,41255,11,Humano,Neutro,1455,Exposicao_Face
41272,17,543,486,5.61,0,41272,11,Humano,Neutro,1472,Exposicao_Face
41288,17,536,473,5.53,0,41288,11,Humano,Neutro,1488,Exposicao_Face
41305,17,541,469,5.61,0,41305,11,Humano,Neutro,1505,Exposicao_Face
41321,17,536,486,5.57,0,41321,11,Humano,Neutro,1521,Exposicao_Face
41338,17,533,466,5.6,0,41338,11,Humano,Neutro,1538,Exposicao_Face
41355,17,536,474,5.53,0,41355,11,Humano,Neutro,1555,Exposicao_Face
41371,17,546,419,5.58,0,41371,11,Humano,Neutro,1571,Exposicao_Face
41388,17,528,1021,5.58,0,41388,11,Humano,Neutro,1588,Exposicao_Face
41471,83,610,722,0.0,0,41471,11,Humano,Neutro,1671,Exposicao_Face
41488,17,590,1014,0.0,0,41488,11,Humano,Neutro,1688,Exposicao_Face
41504,17,528,874,5.61,0,41504,11,Humano,Neutro,1704,Exposicao_Face
41521,17,513,734,6.14,0,41521,11,Humano,Neutro,1721,Exposicao_Face
41538,17,517,507,5.65,0,41538,11,Humano,Neutro,1738,Exposicao_Face
41554,17,519,358,5.58,0,41554,11,Humano,Neutro,1754,Exposicao_Face
41571,17,521,421,5.63,0,41571,11,Humano,Neutro,1771,Exposicao_Face
41588,17,519,471,5.65,0,41588,11,Humano,Neutro,1788,Exposicao_Face
41604,17,516,469,5.63,0,41604,11,Humano,Neutro,1804,Exposicao_Face
41621,17,516,460,5.63,0,41621,11,Humano,Neutro,1821,Exposicao_Face
41638,17,523,455,5.61,0,41638,11,Humano,Neutro,1838,Exposicao_Face
41654,17,519,451,5.6,0,41654,11,Humano,Neutro,1854,Exposicao_Face
41671,17,522,447,5.63,0,41671,11,Humano,Neutro,1871,Exposicao_Face
41687,17,512,454,5.6,0,41687,11,Humano,Neutro,1887,Exposicao_Face
41704,17,517,446,5.6,0,41704,11,Humano,Neutro,1904,Exposicao_Face
41721,17,517,464,5.65,0,41721,11,Humano,Neutro,1921,Exposicao_Face
41737,17,521,458,5.6,0,41737,11,Humano,Neutro,1937,Exposicao_Face
41754,17,520,462,5.66,0,41754,11,Humano,Neutro,1954,Exposicao_Face
41771,17,524,447,5.6,0,41771,11,Humano,Neutro,1971,Exposicao_Face
41787,17,517,443,5.61,0,41787,11,Humano,Neutro,1987,Exposicao_Face
41804,17,520,425,5.6,0,41804,11,Humano,Neutro,2004,Exposicao_Face
41821,17,522,449,5.66,0,41821,11,Humano,Neutro,2021,Exposicao_Face
41837,17,517,438,5.61,0,41837,11,Humano,Neutro,2037,Exposicao_Face
41854,17,521,448,5.68,0,41854,11,Humano,Neutro,2054,Exposicao_Face
41870,17,518,463,5.61,0,41870,11,Humano,Neutro,2070,Exposicao_Face
41887,17,518,465,5.69,0,41887,11,Humano,Neutro,2087,Exposicao_Face
41904,17,513,439,5.58,0,41904,11,Humano,Neutro,2104,Exposicao_Face
41920,17,516,450,5.63,0,41920,11,Humano,Neutro,2120,Exposicao_Face
41937,17,521,435,5.58,0,41937,11,Humano,Neutro,2137,Exposicao_Face
41954,17,524,432,5.53,0,41954,11,Humano,Neutro,2154,Exposicao_Face
41970,17,519,448,5.55,0,41970,11,Humano,Neutro,2170,Exposicao_Face
41987,17,522,439,5.52,0,41987,11,Humano,Neutro,2187,Exposicao_Face
42003,17,516,449,5.53,0,42003,11,Humano,Neutro,2203,Exposicao_Face
42020,17,519,441,5.57,0,42020,11,Humano,Neutro,2220,Exposicao_Face
42037,17,518,435,5.49,0,42037,11,Humano,Neutro,2237,Exposicao_Face
42053,17,543,446,5.52,0,42053,11,Humano,Neutro,2253,Exposicao_Face
42070,17,625,434,5.47,0,42070,11,Humano,Neutro,2270,Exposicao_Face
42087,17,670,385,5.45,0,42087,11,Humano,Neutro,2287,Exposicao_Face
42103,17,683,396,5.52,0,42103,11,Humano,Neutro,2303,Exposicao_Face
42120,17,684,410,5.49,0,42120,11,Humano,Neutro,2320,Exposicao_Face
42137,17,683,392,5.45,0,42137,11,Humano,Neutro,2337,Exposicao_Face
42153,17,683,382,5.45,0,42153,11,Humano,Neutro,2353,Exposicao_Face
42170,17,688,394,5.47,0,42170,11,Humano,Neutro,2370,Exposicao_Face
42186,17,687,392,5.45,0,42186,11,Humano,Neutro,2386,Exposicao_Face
42203,17,683,378,5.41,0,42203,11,Humano,Neutro,2403,Exposicao_Face
42220,17,685,401,5.47,0,42220,11,Humano,Neutro,2420,Exposicao_Face
42236,17,684,414,5.53,0,42236,11,Humano,Neutro,2436,Exposicao_Face
42253,17,684,381,5.44,0,42253,11,Humano,Neutro,2453,Exposicao_Face
42270,17,685,402,5.44,0,42270,11,Humano,Neutro,2470,Exposicao_Face
42286,17,681,395,5.44,0,42286,11,Humano,Neutro,2486,Exposicao_Face
42303,17,603,408,5.55,0,42303,11,Humano,Neutro,2503,Exposicao_Face
42320,17,589,387,5.58,0,42320,11,Humano,Neutro,2520,Exposicao_Face
42336,17,585,375,5.58,0,42336,11,Humano,Neutro,2536,Exposicao_Face
42353,17,583,378,5.58,0,42353,11,Humano,Neutro,2553,Exposicao_Face
42369,17,584,395,5.61,0,42369,11,Humano,Neutro,2569,Exposicao_Face
42386,17,581,385,5.55,0,42386,11,Humano,Neutro,2586,Exposicao_Face
42403,17,583,401,5.61,0,42403,11,Humano,Neutro,2603,Exposicao_Face
42419,17,581,385,5.6,0,42419,11,Humano,Neutro,2619,Exposicao_Face
42436,17,579,378,5.6,0,42436,11,Humano,Neutro,2636,Exposicao_Face
42453,17,586,358,5.49,0,42453,11,Humano,Neutro,2653,Exposicao_Face
42469,17,577,386,5.63,0,42469,11,Humano,Neutro,2669,Exposicao_Face
42486,17,576,386,5.52,0,42486,11,Humano,Neutro,2686,Exposicao_Face
42503,17,579,390,5.57,0,42503,11,Humano,Neutro,2703,Exposicao_Face
42519,17,577,403,5.61,0,42519,11,Humano,Neutro,2719,Exposicao_Face
42536,17,540,386,5.53,0,42536,11,Humano,Neutro,2736,Exposicao_Face
42552,17,540,416,5.55,0,42552,11,Humano,Neutro,2752,Exposicao_Face
42569,17,528,400,5.52,0,42569,11,Humano,Neutro,2769,Exposicao_Face
42586,17,532,419,5.58,0,42586,11,Humano,Neutro,2786,Exposicao_Face
42602,17,534,397,5.5,0,42602,11,Humano,Neutro,2802,Exposicao_Face
42619,17,530,397,5.55,0,42619,11,Humano,Neutro,2819,Exposicao_Face
42636,17,526,404,5.49,0,42636,11,Humano,Neutro,2836,Exposicao_Face
42652,17,522,392,5.45,0,42652,11,Humano,Neutro,2852,Exposicao_Face
42669,17,536,412,5.5,0,42669,11,Humano,Neutro,2869,Exposicao_Face
42686,17,534,410,5.45,0,42686,11,Humano,Neutro,2886,Exposicao_Face
42702,17,529,403,5.47,0,42702,11,Humano,Neutro,2902,Exposicao_Face
42719,17,528,411,5.53,0,42719,11,Humano,Neutro,2919,Exposicao_Face
42735,17,529,403,5.5,0,42735,11,Humano,Neutro,2935,Exposicao_Face
42752,17,534,420,5.55,0,42752,11,Humano,Neutro,2952,Exposicao_Face
42769,17,538,407,5.49,0,42769,11,Humano,Neutro,2969,Exposicao_Face
42785,17,536,425,5.58,0,42785,11,Humano,Neutro,2985,Exposicao_Face
42802,17,537,426,5.6,0,42802,11,Humano,Neutro,3002,Exposicao_Face
42819,17,537,423,5.61,0,42819,11,Humano,Neutro,3019,Exposicao_Face
42835,17,537,417,5.55,0,42835,11,Humano,Neutro,3035,Exposicao_Face
42852,17,533,418,5.63,0,42852,11,Humano,Neutro,3052,Exposicao_Face
42869,17,534,384,5.58,0,42869,11,Humano,Neutro,3069,Exposicao_Face
42885,17,529,389,5.57,0,42885,11,Humano,Neutro,3085,Exposicao_Face
42902,17,535,423,5.71,0,42902,11,Humano,Neutro,3102,Exposicao_Face
42918,17,531,418,5.63,0,42918,11,Humano,Neutro,3118,Exposicao_Face
42935,17,529,400,5.65,0,42935,11,Humano,Neutro,3135,Exposicao_Face
42952,17,531,391,5.65,0,42952,11,Humano,Neutro,3152,Exposicao_Face
42968,17,528,404,5.71,0,42968,11,Humano,Neutro,3168,Exposicao_Face
42985,17,642,358,5.76,0,42985,11,Humano,Neutro,3185,Exposicao_Face
43002,17,713,308,5.66,0,43002,11,Humano,Neutro,3202,Exposicao_Face
43018,17,807,286,5.71,0,43018,11,Humano,Neutro,3218,Exposicao_Face
43035,17,814,280,5.66,0,43035,11,Humano,Neutro,3235,Exposicao_Face
43052,17,813,270,5.74,0,43052,11,Humano,Neutro,3252,Exposicao_Face
43068,17,835,269,5.68,0,43068,11,Humano,Neutro,3268,Exposicao_Face
43085,17,832,259,5.73,0,43085,11,Humano,Neutro,3285,Exposicao_Face
43101,17,850,272,5.65,0,43101,11,Humano,Neutro,3301,Exposicao_Face
43118,17,816,267,5.79,0,43118,11,Humano,Neutro,3318,Exposicao_Face
43135,17,807,264,5.74,0,43135,11,Humano,Neutro,3335,Exposicao_Face
43151,17,814,269,5.79,0,43151,11,Humano,Neutro,3351,Exposicao_Face
43168,17,816,277,5.78,0,43168,11,Humano,Neutro,3368,Exposicao_Face
43185,17,836,265,5.76,0,43185,11,Humano,Neutro,3385,Exposicao_Face
43201,17,839,274,5.78,0,43201,11,Humano,Neutro,3401,Exposicao_Face
43218,17,827,299,5.82,0,43218,11,Humano,Neutro,3418,Exposicao_Face
43234,17,834,288,5.78,0,43234,11,Humano,Neutro,3434,Exposicao_Face
43251,17,823,261,5.81,0,43251,11,Humano,Neutro,3451,Exposicao_Face
43268,17,828,288,5.76,0,43268,11,Humano,Neutro,3468,Exposicao_Face
43284,17,834,264,5.76,0,43284,11,Humano,Neutro,3484,Exposicao_Face
43301,17,833,275,5.78,0,43301,11,Humano,Neutro,3501,Exposicao_Face
43318,17,830,276,5.74,0,43318,11,Humano,Neutro,3518,Exposicao_Face
43334,17,825,282,5.73,0,43334,11,Humano,Neutro,3534,Exposicao_Face
43351,17,835,265,5.69,0,43351,11,Humano,Neutro,3551,Exposicao_Face
43368,17,833,266,5.66,0,43368,11,Humano,Neutro,3568,Exposicao_Face
43384,17,827,275,5.69,0,43384,11,Humano,Neutro,3584,Exposicao_Face
43401,17,822,265,5.52,0,43401,11,Humano,Neutro,3601,Exposicao_Face
43417,17,821,266,5.65,0,43417,11,Humano,Neutro,3617,Exposicao_Face
43434,17,677,345,5.81,0,43434,11,Humano,Neutro,3634,Exposicao_Face
43451,17,586,360,5.74,0,43451,11,Humano,Neutro,3651,Exposicao_Face
43467,17,537,374,5.68,0,43467,11,Humano,Neutro,3667,Exposicao_Face
43484,17,524,378,5.71,0,43484,11,Humano,Neutro,3684,Exposicao_Face
43501,17,518,371,5.65,0,43501,11,Humano,Neutro,3701,Exposicao_Face
43517,17,526,375,5.61,0,43517,11,Humano,Neutro,3717,Exposicao_Face
43534,17,527,374,5.58,0,43534,11,Humano,Neutro,3734,Exposicao_Face
43551,17,527,366,5.61,0,43551,11,Humano,Neutro,3751,Exposicao_Face
43567,17,528,363,5.55,0,43567,11,Humano,Neutro,3767,Exposicao_Face
43584,17,523,380,5.66,0,43584,11,Humano,Neutro,3784,Exposicao_Face
43600,17,465,867,5.58,0,43600,11,Humano,Neutro,3800,Exposicao_Face
43700,100,372,928,5.44,0,43700,11,Humano,Neutro,3900,Exposicao_Face
43717,17,360,668,5.63,0,43717,11,Humano,Neutro,3917,Exposicao_Face
43734,17,339,525,5.63,0,43734,11,Humano,Neutro,3934,Exposicao_Face
43750,17,344,414,5.6,0,43750,11,Humano,Neutro,3950,Exposicao_Face
43767,17,322,360,5.65,0,43767,11,Humano,Neutro,3967,Exposicao_Face
43783,17,337,394,5.68,0,43783,11,Humano,Neutro,3983,Exposicao_Face
43800,17,188,392,5.58,0,43800,12,Humano,Raiva,0,Janela_Baseline
43817,17,176,401,5.49,0,43817,12,Humano,Raiva,17,Janela_Baseline
43833,17,140,407,5.44,0,43833,12,Humano,Raiva,33,Janela_Baseline
43850,17,195,402,5.45,0,43850,12,Humano,Raiva,50,Janela_Baseline
43867,17,202,401,5.49,0,43867,12,Humano,Raiva,67,Janela_Baseline
43883,17,190,407,5.52,0,43883,12,Humano,Raiva,83,Janela_Baseline
43900,17,170,413,5.53,0,43900,12,Humano,Raiva,100,Janela_Baseline
43917,17,174,418,5.58,0,43917,12,Humano,Raiva,117,Janela_Baseline
43933,17,160,412,5.5,0,43933,12,Humano,Raiva,133,Janela_Baseline
43950,17,168,422,5.58,0,43950,12,Humano,Raiva,150,Janela_Baseline
43966,17,163,393,5.55,0,43966,12,Humano,Raiva,166,Janela_Baseline
43983,17,166,423,5.63,0,43983,12,Humano,Raiva,183,Janela_Baseline
44000,17,155,420,5.61,0,44000,12,Humano,Raiva,200,Janela_Baseline
44016,17,166,425,5.65,0,44016,12,Humano,Raiva,216,Janela_Baseline
44033,17,170,429,5.63,0,44033,12,Humano,Raiva,233,Janela_Baseline
44050,17,169,404,5.57,0,44050,12,Humano,Raiva,250,Janela_Baseline
44066,17,241,591,5.66,0,44066,12,Humano,Raiva,266,Janela_Baseline
44183,116,753,946,0.0,0,44183,12,Humano,Raiva,383,Janela_Baseline
44199,17,688,638,0.0,0,44199,12,Humano,Raiva,399,Janela_Baseline
44216,17,663,573,5.86,0,44216,12,Humano,Raiva,416,Janela_Baseline
44233,17,664,351,6.05,0,44233,12,Humano,Raiva,433,Janela_Baseline
44249,17,661,348,5.9,0,44249,12,Humano,Raiva,449,Janela_Baseline
44266,17,653,407,5.9,0,44266,12,Humano,Raiva,466,Janela_Baseline
44282,17,659,389,5.98,0,44282,12,Humano,Raiva,482,Janela_Baseline
44299,17,659,408,6.03,0,44299,12,Humano,Raiva,499,Janela_Baseline
44316,17,658,406,5.92,0,44316,12,Humano,Raiva,516,Janela_Baseline
44332,17,651,410,5.94,0,44332,12,Humano,Raiva,532,Janela_Baseline
44349,17,660,394,5.94,0,44349,12,Humano,Raiva,549,Janela_Baseline
44366,17,659,404,5.95,0,44366,12,Humano,Raiva,566,Janela_Baseline
44382,17,655,411,6.02,0,44382,12,Humano,Raiva,582,Janela_Baseline
44399,17,655,385,5.92,0,44399,12,Humano,Raiva,599,Janela_Baseline
44416,17,660,414,5.98,0,44416,12,Humano,Raiva,616,Janela_Baseline
44432,17,661,403,6.0,0,44432,12,Humano,Raiva,632,Janela_Baseline
44449,17,658,389,5.92,0,44449,12,Humano,Raiva,649,Janela_Baseline
44465,17,657,405,5.86,0,44465,12,Humano,Raiva,665,Janela_Baseline
44482,17,659,393,5.84,0,44482,12,Humano,Raiva,682,Janela_Baseline
44499,17,656,403,5.92,0,44499,12,Humano,Raiva,699,Janela_Baseline
44515,17,655,417,5.94,0,44515,12,Humano,Raiva,715,Janela_Baseline
44532,17,659,395,5.86,0,44532,12,Humano,Raiva,732,Janela_Baseline
44549,17,660,410,5.82,0,44549,12,Humano,Raiva,749,Janela_Baseline
44565,17,663,391,5.79,0,44565,12,Humano,Raiva,765,Janela_Baseline
44582,17,659,397,5.81,0,44582,12,Humano,Raiva,782,Janela_Baseline
44599,17,663,370,5.71,0,44599,12,Humano,Raiva,799,Janela_Baseline
44615,17,661,397,5.71,0,44615,12,Humano,Raiva,815,Janela_Baseline
44632,17,652,402,5.69,0,44632,12,Humano,Raiva,832,Janela_Baseline
44648,17,658,396,5.66,0,44648,12,Humano,Raiva,848,Janela_Baseline
44665,17,561,380,5.66,0,44665,12,Humano,Raiva,865,Janela_Baseline
44682,17,507,370,5.65,0,44682,12,Humano,Raiva,882,Janela_Baseline
44698,17,489,360,5.63,0,44698,12,Humano,Raiva,898,Janela_Baseline
44715,17,485,355,5.61,0,44715,12,Humano,Raiva,915,Janela_Baseline
44732,17,490,358,5.66,0,44732,12,Humano,Raiva,932,Janela_Baseline
44748,17,486,365,5.61,0,44748,12,Humano,Raiva,948,Janela_Baseline
44765,17,493,380,5.58,0,44765,12,Humano,Raiva,965,Janela_Baseline
44782,17,482,373,5.61,0,44782,12,Humano,Raiva,982,Janela_Baseline
44798,17,489,378,5.57,0,44798,12,Humano,Raiva,998,Janela_Baseline
44815,17,487,353,5.5,0,44815,12,Humano,Raiva,1015,Janela_Baseline
44831,17,490,387,5.61,0,44831,12,Humano,Raiva,1031,Janela_Baseline
44848,17,492,370,5.6,0,44848,12,Humano,Raiva,1048,Janela_Baseline
44865,17,491,365,5.66,0,44865,12,Humano,Raiva,1065,Janela_Baseline
44881,17,489,366,5.6,0,44881,12,Humano,Raiva,1081,Janela_Baseline
44898,17,487,378,5.73,0,44898,12,Humano,Raiva,1098,Janela_Baseline
44915,17,488,379,5.65,0,44915,12,Humano,Raiva,1115,Janela_Baseline
44931,17,490,358,5.55,0,44931,12,Humano,Raiva,1131,Janela_Baseline
44948,17,504,367,5.65,0,44948,12,Humano,Raiva,1148,Janela_Baseline
44965,17,578,350,5.71,0,44965,12,Humano,Raiva,1165,Janela_Baseline
44981,17,558,352,5.68,0,44981,12,Humano,Raiva,1181,Janela_Baseline
44998,17,575,365,5.76,0,44998,12,Humano,Raiva,1198,Janela_Baseline
45014,17,574,359,5.69,0,45014,12,Humano,Raiva,1214,Janela_Baseline
45031,17,570,364,5.66,0,45031,12,Humano,Raiva,1231,Janela_Baseline
45048,17,571,367,5.74,0,45048,12,Humano,Raiva,1248,Janela_Baseline
45064,17,575,347,5.65,0,45064,12,Humano,Raiva,1264,Janela_Baseline
45081,17,574,360,5.76,0,45081,12,Humano,Raiva,1281,Janela_Baseline
45098,17,572,366,5.73,0,45098,12,Humano,Raiva,1298,Janela_Baseline
45114,17,573,364,5.74,0,45114,12,Humano,Raiva,1314,Exposicao_Face
45131,17,573,349,5.69,0,45131,12,Humano,Raiva,1331,Exposicao_Face
45148,17,575,343,5.66,0,45148,12,Humano,Raiva,1348,Exposicao_Face
45164,17,576,358,5.66,0,45164,12,Humano,Raiva,1364,Exposicao_Face
45181,17,574,357,5.66,0,45181,12,Humano,Raiva,1381,Exposicao_Face
45197,17,577,351,5.58,0,45197,12,Humano,Raiva,1397,Exposicao_Face
45214,17,578,335,5.6,0,45214,12,Humano,Raiva,1414,Exposicao_Face
45231,17,578,340,5.6,0,45231,12,Humano,Raiva,1431,Exposicao_Face
45247,17,575,361,5.6,0,45247,12,Humano,Raiva,1447,Exposicao_Face
45264,17,576,355,5.61,0,45264,12,Humano,Raiva,1464,Exposicao_Face
45281,17,575,344,5.61,0,45281,12,Humano,Raiva,1481,Exposicao_Face
45297,17,575,361,5.65,0,45297,12,Humano,Raiva,1497,Exposicao_Face
45314,17,578,350,5.63,0,45314,12,Humano,Raiva,1514,Exposicao_Face
45331,17,579,334,5.57,0,45331,12,Humano,Raiva,1531,Exposicao_Face
45347,17,575,348,5.58,0,45347,12,Humano,Raiva,1547,Exposicao_Face
45364,17,577,349,5.55,0,45364,12,Humano,Raiva,1564,Exposicao_Face
45380,17,577,365,5.63,0,45380,12,Humano,Raiva,1580,Exposicao_Face
45397,17,575,342,5.57,0,45397,12,Humano,Raiva,1597,Exposicao_Face
45414,17,577,359,5.58,0,45414,12,Humano,Raiva,1614,Exposicao_Face
45430,17,575,328,5.58,0,45430,12,Humano,Raiva,1630,Exposicao_Face
45447,17,575,341,5.61,0,45447,12,Humano,Raiva,1647,Exposicao_Face
45464,17,572,351,5.6,0,45464,12,Humano,Raiva,1664,Exposicao_Face
45480,17,557,381,5.6,0,45480,12,Humano,Raiva,1680,Exposicao_Face
45497,17,552,440,5.6,0,45497,12,Humano,Raiva,1697,Exposicao_Face
45513,17,541,448,5.66,0,45513,12,Humano,Raiva,1713,Exposicao_Face
45530,17,542,444,5.6,0,45530,12,Humano,Raiva,1730,Exposicao_Face
45547,17,543,432,5.6,0,45547,12,Humano,Raiva,1747,Exposicao_Face
45563,17,542,440,5.6,0,45563,12,Humano,Raiva,1763,Exposicao_Face
45580,17,538,442,5.63,0,45580,12,Humano,Raiva,1780,Exposicao_Face
45597,17,548,440,5.57,0,45597,12,Humano,Raiva,1797,Exposicao_Face
45613,17,541,419,5.55,0,45613,12,Humano,Raiva,1813,Exposicao_Face
45630,17,544,446,5.61,0,45630,12,Humano,Raiva,1830,Exposicao_Face
45647,17,539,440,5.6,0,45647,12,Humano,Raiva,1847,Exposicao_Face
45663,17,544,436,5.6,0,45663,12,Humano,Raiva,1863,Exposicao_Face
45680,17,541,459,5.66,0,45680,12,Humano,Raiva,1880,Exposicao_Face
45696,17,541,435,5.61,0,45696,12,Humano,Raiva,1896,Exposicao_Face
45713,17,538,452,5.58,0,45713,12,Humano,Raiva,1913,Exposicao_Face
45730,17,537,433,5.6,0,45730,12,Humano,Raiva,1930,Exposicao_Face
45746,17,543,440,5.6,0,45746,12,Humano,Raiva,1946,Exposicao_Face
45763,17,541,439,5.6,0,45763,12,Humano,Raiva,1963,Exposicao_Face
45780,17,533,441,5.58,0,45780,12,Humano,Raiva,1980,Exposicao_Face
45796,17,536,443,5.58,0,45796,12,Humano,Raiva,1996,Exposicao_Face
45813,17,541,445,5.57,0,45813,12,Humano,Raiva,2013,Exposicao_Face
45830,17,538,453,5.63,0,45830,12,Humano,Raiva,2030,Exposicao_Face
45846,17,532,424,5.57,0,45846,12,Humano,Raiva,2046,Exposicao_Face
45863,17,533,424,5.53,0,45863,12,Humano,Raiva,2063,Exposicao_Face
45879,17,531,391,5.44,0,45879,12,Humano,Raiva,2079,Exposicao_Face
45896,17,535,409,5.52,0,45896,12,Humano,Raiva,2096,Exposicao_Face
45913,17,524,393,5.45,0,45913,12,Humano,Raiva,2113,Exposicao_Face
45929,17,532,413,5.47,0,45929,12,Humano,Raiva,2129,Exposicao_Face
45946,17,531,411,5.49,0,45946,12,Humano,Raiva,2146,Exposicao_Face
45963,17,529,418,5.52,0,45963,12,Humano,Raiva,2163,Exposicao_Face
45979,17,536,415,5.5,0,45979,12,Humano,Raiva,2179,Exposicao_Face
45996,17,531,407,5.47,0,45996,12,Humano,Raiva,2196,Exposicao_Face
46013,17,527,418,5.49,0,46013,12,Humano,Raiva,2213,Exposicao_Face
46029,17,530,398,5.39,0,46029,12,Humano,Raiva,2229,Exposicao_Face
46046,17,520,419,5.47,0,46046,12,Humano,Raiva,2246,Exposicao_Face
46062,17,528,412,5.5,0,46062,12,Humano,Raiva,2262,Exposicao_Face
46079,17,526,416,5.49,0,46079,12,Humano,Raiva,2279,Exposicao_Face
46096,17,530,399,5.5,0,46096,12,Humano,Raiva,2296,Exposicao_Face
46112,17,522,423,5.41,0,46112,12,Humano,Raiva,2312,Exposicao_Face
46129,17,530,418,5.47,0,46129,12,Humano,Raiva,2329,Exposicao_Face
46146,17,525,423,5.5,0,46146,12,Humano,Raiva,2346,Exposicao_Face
46162,17,524,420,5.5,0,46162,12,Humano,Raiva,2362,Exposicao_Face
46179,17,529,421,5.5,0,46179,12,Humano,Raiva,2379,Exposicao_Face
46196,17,530,418,5.53,0,46196,12,Humano,Raiva,2396,Exposicao_Face
46212,17,531,408,5.5,0,46212,12,Humano,Raiva,2412,Exposicao_Face
46229,17,530,414,5.49,0,46229,12,Humano,Raiva,2429,Exposicao_Face
46245,17,535,394,5.52,0,46245,12,Humano,Raiva,2445,Exposicao_Face
46262,17,534,419,5.52,0,46262,12,Humano,Raiva,2462,Exposicao_Face
46279,17,529,436,5.57,0,46279,12,Humano,Raiva,2479,Exposicao_Face
46295,17,533,417,5.52,0,46295,12,Humano,Raiva,2495,Exposicao_Face
46312,17,530,429,5.58,0,46312,12,Humano,Raiva,2512,Exposicao_Face
46329,17,533,427,5.55,0,46329,12,Humano,Raiva,2529,Exposicao_Face
46345,17,533,444,5.61,0,46345,12,Humano,Raiva,2545,Exposicao_Face
46362,17,534,425,5.57,0,46362,12,Humano,Raiva,2562,Exposicao_Face
46379,17,528,434,5.58,0,46379,12,Humano,Raiva,2579,Exposicao_Face
46395,17,532,408,5.55,0,46395,12,Humano,Raiva,2595,Exposicao_Face
46412,17,533,423,5.53,0,46412,12,Humano,Raiva,2612,Exposicao_Face
46428,17,530,423,5.57,0,46428,12,Humano,Raiva,2628,Exposicao_Face
46445,17,533,434,5.61,0,46445,12,Humano,Raiva,2645,Exposicao_Face
46462,17,611,406,5.58,0,46462,12,Humano,Raiva,2662,Exposicao_Face
46478,17,640,881,5.63,0,46478,12,Humano,Raiva,2678,Exposicao_Face
46628,150,513,450,-1.0,0,46628,12,Humano,Raiva,2828,Exposicao_Face
46645,17,506,662,6.05,0,46645,12,Humano,Raiva,2845,Exposicao_Face
46661,17,490,598,-1.0,0,46661,12,Humano,Raiva,2861,Exposicao_Face
46678,17,508,1019,7.15,0,46678,12,Humano,Raiva,2878,Exposicao_Face
46695,17,513,662,5.6,0,46695,12,Humano,Raiva,2895,Exposicao_Face
46711,17,450,662,6.13,0,46711,12,Humano,Raiva,2911,Exposicao_Face
46728,17,512,552,5.66,0,46728,12,Humano,Raiva,2928,Exposicao_Face
46744,17,515,562,5.65,0,46744,12,Humano,Raiva,2944,Exposicao_Face
46761,17,515,559,5.61,0,46761,12,Humano,Raiva,2961,Exposicao_Face
46778,17,515,624,5.65,0,46778,12,Humano,Raiva,2978,Exposicao_Face
46794,17,518,632,5.69,0,46794,12,Humano,Raiva,2994,Exposicao_Face
46811,17,515,635,5.71,0,46811,12,Humano,Raiva,3011,Exposicao_Face
46828,17,513,643,5.69,0,46828,12,Humano,Raiva,3028,Exposicao_Face
46844,17,515,533,5.65,0,46844,12,Humano,Raiva,3044,Exposicao_Face
46861,17,521,438,5.68,0,46861,12,Humano,Raiva,3061,Exposicao_Face
46878,17,521,432,5.69,0,46878,12,Humano,Raiva,3078,Exposicao_Face
46894,17,525,411,5.66,0,46894,12,Humano,Raiva,3094,Exposicao_Face
46911,17,523,438,5.69,0,46911,12,Humano,Raiva,3111,Exposicao_Face
46927,17,523,434,5.69,0,46927,12,Humano,Raiva,3127,Exposicao_Face
46944,17,527,431,5.66,0,46944,12,Humano,Raiva,3144,Exposicao_Face
46961,17,525,424,5.66,0,46961,12,Humano,Raiva,3161,Exposicao_Face
46977,17,532,402,5.63,0,46977,12,Humano,Raiva,3177,Exposicao_Face
46994,17,530,426,5.61,0,46994,12,Humano,Raiva,3194,Exposicao_Face
47011,17,528,430,5.66,0,47011,12,Humano,Raiva,3211,Exposicao_Face
47027,17,531,436,5.65,0,47027,12,Humano,Raiva,3227,Exposicao_Face
47044,17,529,425,5.63,0,47044,12,Humano,Raiva,3244,Exposicao_Face
47061,17,532,436,5.65,0,47061,12,Humano,Raiva,3261,Exposicao_Face
47077,17,517,437,5.65,0,47077,12,Humano,Raiva,3277,Exposicao_Face
47094,17,527,421,5.66,0,47094,12,Humano,Raiva,3294,Exposicao_Face
47110,17,536,417,5.61,0,47110,12,Humano,Raiva,3310,Exposicao_Face
47127,17,538,415,5.57,0,47127,12,Humano,Raiva,3327,Exposicao_Face
47144,17,524,425,5.61,0,47144,12,Humano,Raiva,3344,Exposicao_Face
47160,17,528,424,5.65,0,47160,12,Humano,Raiva,3360,Exposicao_Face
47177,17,530,401,5.57,0,47177,12,Humano,Raiva,3377,Exposicao_Face
47194,17,536,432,5.63,0,47194,12,Humano,Raiva,3394,Exposicao_Face
47210,17,530,424,5.53,0,47210,12,Humano,Raiva,3410,Exposicao_Face
47227,17,533,417,5.6,0,47227,12,Humano,Raiva,3427,Exposicao_Face
47244,17,532,422,5.55,0,47244,12,Humano,Raiva,3444,Exposicao_Face
47260,17,531,408,5.61,0,47260,12,Humano,Raiva,3460,Exposicao_Face
47277,17,527,422,5.61,0,47277,12,Humano,Raiva,3477,Exposicao_Face
47293,17,525,383,5.61,0,47293,12,Humano,Raiva,3493,Exposicao_Face
47310,17,511,370,5.57,0,47310,12,Humano,Raiva,3510,Exposicao_Face
47327,17,504,350,5.57,0,47327,12,Humano,Raiva,3527,Exposicao_Face
47343,17,502,358,5.57,0,47343,12,Humano,Raiva,3543,Exposicao_Face
47360,17,500,358,5.5,0,47360,12,Humano,Raiva,3560,Exposicao_Face
47377,17,498,354,5.55,0,47377,12,Humano,Raiva,3577,Exposicao_Face
47393,17,497,359,5.57,0,47393,12,Humano,Raiva,3593,Exposicao_Face
47410,17,510,380,5.61,0,47410,12,Humano,Raiva,3610,Exposicao_Face
47427,17,507,344,5.55,0,47427,12,Humano,Raiva,3627,Exposicao_Face
47443,17,497,350,5.52,0,47443,12,Humano,Raiva,3643,Exposicao_Face
47460,17,501,362,5.57,0,47460,12,Humano,Raiva,3660,Exposicao_Face
47476,17,504,371,5.55,0,47476,12,Humano,Raiva,3676,Exposicao_Face
47493,17,498,357,5.5,0,47493,12,Humano,Raiva,3693,Exposicao_Face
47510,17,501,358,5.6,0,47510,12,Humano,Raiva,3710,Exposicao_Face
47526,17,505,371,5.55,0,47526,12,Humano,Raiva,3726,Exposicao_Face
47543,17,505,355,5.53,0,47543,12,Humano,Raiva,3743,Exposicao_Face
47560,17,501,369,5.6,0,47560,12,Humano,Raiva,3760,Exposicao_Face
47576,17,501,353,5.53,0,47576,12,Humano,Raiva,3776,Exposicao_Face
47593,17,504,352,5.5,0,47593,12,Humano,Raiva,3793,Exposicao_Face
47610,17,479,367,5.53,0,47610,12,Humano,Raiva,3810,Exposicao_Face
47626,17,483,364,5.55,0,47626,12,Humano,Raiva,3826,Exposicao_Face
47643,17,474,354,5.52,0,47643,12,Humano,Raiva,3843,Exposicao_Face
47659,17,476,361,5.49,0,47659,12,Humano,Raiva,3859,Exposicao_Face
47676,17,480,346,5.45,0,47676,12,Humano,Raiva,3876,Exposicao_Face
47693,17,477,362,5.52,0,47693,12,Humano,Raiva,3893,Exposicao_Face
47709,17,479,368,5.55,0,47709,12,Humano,Raiva,3909,Exposicao_Face
47726,17,486,370,5.57,0,47726,12,Humano,Raiva,3926,Exposicao_Face
47743,17,474,363,5.55,0,47743,12,Humano,Raiva,3943,Exposicao_Face
47759,17,473,358,5.53,0,47759,12,Humano,Raiva,3959,Exposicao_Face
47776,17,477,351,5.55,0,47776,12,Humano,Raiva,3976,Exposicao_Face
47792,17,479,343,5.55,0,47792,12,Humano,Raiva,3992,Exposicao_Face
47809,17,480,360,5.49,0,47809,13,Humano,Feliz,9,Janela_Baseline
47826,17,477,358,5.58,0,47826,13,Humano,Feliz,26,Janela_Baseline
47842,17,474,351,5.5,0,47842,13,Humano,Feliz,42,Janela_Baseline
47859,17,481,349,5.61,0,47859,13,Humano,Feliz,59,Janela_Baseline
47876,17,485,347,5.57,0,47876,13,Humano,Feliz,76,Janela_Baseline
47892,17,478,343,5.53,0,47892,13,Humano,Feliz,92,Janela_Baseline
47909,17,481,345,5.53,0,47909,13,Humano,Feliz,109,Janela_Baseline
47926,17,477,343,5.53,0,47926,13,Humano,Feliz,126,Janela_Baseline
47942,17,473,362,5.6,0,47942,13,Humano,Feliz,142,Janela_Baseline
47959,17,478,365,5.55,0,47959,13,Humano,Feliz,159,Janela_Baseline
47975,17,476,370,5.61,0,47975,13,Humano,Feliz,175,Janela_Baseline
47992,17,477,334,5.55,0,47992,13,Humano,Feliz,192,Janela_Baseline
48009,17,477,353,5.57,0,48009,13,Humano,Feliz,209,Janela_Baseline
48025,17,480,354,5.6,0,48025,13,Humano,Feliz,225,Janela_Baseline
48042,17,475,348,5.6,0,48042,13,Humano,Feliz,242,Janela_Baseline
48059,17,483,357,5.68,0,48059,13,Humano,Feliz,259,Janela_Baseline
48075,17,479,362,5.66,0,48075,13,Humano,Feliz,275,Janela_Baseline
48092,17,481,349,5.73,0,48092,13,Humano,Feliz,292,Janela_Baseline
48109,17,487,358,5.66,0,48109,13,Humano,Feliz,309,Janela_Baseline
48125,17,478,368,5.68,0,48125,13,Humano,Feliz,325,Janela_Baseline
48142,17,477,374,5.71,0,48142,13,Humano,Feliz,342,Janela_Baseline
48158,17,474,359,5.74,0,48158,13,Humano,Feliz,358,Janela_Baseline
48175,17,481,364,5.78,0,48175,13,Humano,Feliz,375,Janela_Baseline
48192,17,482,354,5.66,0,48192,13,Humano,Feliz,392,Janela_Baseline
48208,17,481,359,5.68,0,48208,13,Humano,Feliz,408,Janela_Baseline
48225,17,479,376,5.74,0,48225,13,Humano,Feliz,425,Janela_Baseline
48242,17,481,359,5.74,0,48242,13,Humano,Feliz,442,Janela_Baseline
48258,17,482,362,5.74,0,48258,13,Humano,Feliz,458,Janela_Baseline
48275,17,475,358,5.71,0,48275,13,Humano,Feliz,475,Janela_Baseline
48292,17,476,352,5.76,0,48292,13,Humano,Feliz,492,Janela_Baseline
48308,17,478,377,5.79,0,48308,13,Humano,Feliz,508,Janela_Baseline
48325,17,483,371,5.81,0,48325,13,Humano,Feliz,525,Janela_Baseline
48341,17,479,367,5.87,0,48341,13,Humano,Feliz,541,Janela_Baseline
48358,17,479,353,5.79,0,48358,13,Humano,Feliz,558,Janela_Baseline
48375,17,481,366,5.73,0,48375,13,Humano,Feliz,575,Janela_Baseline
48391,17,483,375,5.92,0,48391,13,Humano,Feliz,591,Janela_Baseline
48408,17,489,356,5.89,0,48408,13,Humano,Feliz,608,Janela_Baseline
48425,17,484,354,5.82,0,48425,13,Humano,Feliz,625,Janela_Baseline
48441,17,475,373,5.97,0,48441,13,Humano,Feliz,641,Janela_Baseline
48458,17,478,385,5.94,0,48458,13,Humano,Feliz,658,Janela_Baseline
48475,17,471,373,5.92,0,48475,13,Humano,Feliz,675,Janela_Baseline
48491,17,476,362,5.87,0,48491,13,Humano,Feliz,691,Janela_Baseline
48508,17,478,354,5.89,0,48508,13,Humano,Feliz,708,Janela_Baseline
48524,17,483,373,5.86,0,48524,13,Humano,Feliz,724,Janela_Baseline
48541,17,483,362,6.0,0,48541,13,Humano,Feliz,741,Janela_Baseline
48558,17,473,363,5.9,0,48558,13,Humano,Feliz,758,Janela_Baseline
48574,17,473,359,5.92,0,48574,13,Humano,Feliz,774,Janela_Baseline
48591,17,475,364,5.9,0,48591,13,Humano,Feliz,791,Janela_Baseline
48608,17,487,357,5.92,0,48608,13,Humano,Feliz,808,Janela_Baseline
48624,17,485,368,5.92,0,48624,13,Humano,Feliz,824,Janela_Baseline
48641,17,484,360,5.89,0,48641,13,Humano,Feliz,841,Janela_Baseline
48658,17,478,377,5.86,0,48658,13,Humano,Feliz,858,Janela_Baseline
48674,17,487,353,5.9,0,48674,13,Humano,Feliz,874,Janela_Baseline
48691,17,489,374,5.92,0,48691,13,Humano,Feliz,891,Janela_Baseline
48707,17,477,367,5.9,0,48707,13,Humano,Feliz,907,Janela_Baseline
48724,17,486,367,5.92,0,48724,13,Humano,Feliz,924,Janela_Baseline
48741,17,483,370,5.97,0,48741,13,Humano,Feliz,941,Janela_Baseline
48757,17,483,364,5.97,0,48757,13,Humano,Feliz,957,Janela_Baseline
48774,17,478,367,5.92,0,48774,13,Humano,Feliz,974,Janela_Baseline
48791,17,487,353,5.87,0,48791,13,Humano,Feliz,991,Janela_Baseline
48807,17,474,375,5.84,0,48807,13,Humano,Feliz,1007,Janela_Baseline
48824,17,478,349,5.82,0,48824,13,Humano,Feliz,1024,Janela_Baseline
48841,17,478,362,5.86,0,48841,13,Humano,Feliz,1041,Janela_Baseline
48857,17,477,376,5.9,0,48857,13,Humano,Feliz,1057,Janela_Baseline
48874,17,476,358,5.92,0,48874,13,Humano,Feliz,1074,Janela_Baseline
48890,17,479,349,5.86,0,48890,13,Humano,Feliz,1090,Janela_Baseline
48907,17,479,386,5.92,0,48907,13,Humano,Feliz,1107,Janela_Baseline
48924,17,485,365,5.84,0,48924,13,Humano,Feliz,1124,Janela_Baseline
48940,17,476,372,5.87,0,48940,13,Humano,Feliz,1140,Janela_Baseline
48957,17,474,363,5.82,0,48957,13,Humano,Feliz,1157,Janela_Baseline
48974,17,486,380,5.84,0,48974,13,Humano,Feliz,1174,Janela_Baseline
48990,17,484,377,5.84,0,48990,13,Humano,Feliz,1190,Janela_Baseline
49007,17,568,315,5.76,0,49007,13,Humano,Feliz,1207,Janela_Baseline
49023,17,647,244,5.81,0,49023,13,Humano,Feliz,1223,Janela_Baseline
49040,17,737,217,5.84,0,49040,13,Humano,Feliz,1240,Janela_Baseline
49057,17,795,148,5.79,0,49057,13,Humano,Feliz,1257,Janela_Baseline
49073,17,824,111,5.61,0,49073,13,Humano,Feliz,1273,Janela_Baseline
49090,17,818,112,5.61,0,49090,13,Humano,Feliz,1290,Janela_Baseline
49107,17,819,104,5.76,0,49107,13,Humano,Feliz,1307,Exposicao_Face
49123,17,821,112,5.82,0,49123,13,Humano,Feliz,1323,Exposicao_Face
49140,17,818,128,5.82,0,49140,13,Humano,Feliz,1340,Exposicao_Face
49157,17,830,130,5.82,0,49157,13,Humano,Feliz,1357,Exposicao_Face
49173,17,785,131,5.74,0,49173,13,Humano,Feliz,1373,Exposicao_Face
49190,17,823,125,5.76,0,49190,13,Humano,Feliz,1390,Exposicao_Face
49206,17,819,102,5.76,0,49206,13,Humano,Feliz,1406,Exposicao_Face
49223,17,890,53,5.55,0,49223,13,Humano,Feliz,1423,Exposicao_Face
49373,150,902,6,5.76,0,49373,13,Humano,Feliz,1573,Exposicao_Face
49406,33,850,58,5.61,0,49406,13,Humano,Feliz,1606,Exposicao_Face
49423,17,731,133,5.86,0,49423,13,Humano,Feliz,1623,Exposicao_Face
49439,17,621,232,5.9,0,49439,13,Humano,Feliz,1639,Exposicao_Face
49456,17,556,333,5.9,0,49456,13,Humano,Feliz,1656,Exposicao_Face
49473,17,546,333,5.94,0,49473,13,Humano,Feliz,1673,Exposicao_Face
49489,17,538,348,5.95,0,49489,13,Humano,Feliz,1689,Exposicao_Face
49506,17,534,350,5.94,0,49506,13,Humano,Feliz,1706,Exposicao_Face
49523,17,534,331,5.81,0,49523,13,Humano,Feliz,1723,Exposicao_Face
49539,17,535,354,5.9,0,49539,13,Humano,Feliz,1739,Exposicao_Face
49556,17,534,338,5.82,0,49556,13,Humano,Feliz,1756,Exposicao_Face
49572,17,538,337,5.81,0,49572,13,Humano,Feliz,1772,Exposicao_Face
49589,17,531,334,5.81,0,49589,13,Humano,Feliz,1789,Exposicao_Face
49606,17,540,322,5.78,0,49606,13,Humano,Feliz,1806,Exposicao_Face
49622,17,540,346,5.74,0,49622,13,Humano,Feliz,1822,Exposicao_Face
49639,17,540,345,5.76,0,49639,13,Humano,Feliz,1839,Exposicao_Face
49656,17,546,326,5.68,0,49656,13,Humano,Feliz,1856,Exposicao_Face
49672,17,538,353,5.73,0,49672,13,Humano,Feliz,1872,Exposicao_Face
49689,17,544,328,5.69,0,49689,13,Humano,Feliz,1889,Exposicao_Face
49706,17,539,342,5.68,0,49706,13,Humano,Feliz,1906,Exposicao_Face
49722,17,542,319,5.68,0,49722,13,Humano,Feliz,1922,Exposicao_Face
49739,17,542,331,5.71,0,49739,13,Humano,Feliz,1939,Exposicao_Face
49755,17,543,340,5.73,0,49755,13,Humano,Feliz,1955,Exposicao_Face
49772,17,540,326,5.68,0,49772,13,Humano,Feliz,1972,Exposicao_Face
49789,17,546,363,5.73,0,49789,13,Humano,Feliz,1989,Exposicao_Face
49805,17,535,334,5.63,0,49805,13,Humano,Feliz,2005,Exposicao_Face
49822,17,541,328,5.68,0,49822,13,Humano,Feliz,2022,Exposicao_Face
49839,17,538,349,5.73,0,49839,13,Humano,Feliz,2039,Exposicao_Face
49855,17,523,425,5.82,0,49855,13,Humano,Feliz,2055,Exposicao_Face
49872,17,522,390,5.82,0,49872,13,Humano,Feliz,2072,Exposicao_Face
49889,17,525,391,5.79,0,49889,13,Humano,Feliz,2089,Exposicao_Face
49905,17,524,368,5.76,0,49905,13,Humano,Feliz,2105,Exposicao_Face
49922,17,522,386,5.79,0,49922,13,Humano,Feliz,2122,Exposicao_Face
49938,17,522,378,5.79,0,49938,13,Humano,Feliz,2138,Exposicao_Face
49955,17,522,414,5.86,0,49955,13,Humano,Feliz,2155,Exposicao_Face
49972,17,517,407,5.78,0,49972,13,Humano,Feliz,2172,Exposicao_Face
49988,17,516,392,5.82,0,49988,13,Humano,Feliz,2188,Exposicao_Face
50005,17,517,417,5.89,0,50005,13,Humano,Feliz,2205,Exposicao_Face
50022,17,525,394,5.87,0,50022,13,Humano,Feliz,2222,Exposicao_Face
50038,17,519,393,5.82,0,50038,13,Humano,Feliz,2238,Exposicao_Face
50055,17,519,386,5.84,0,50055,13,Humano,Feliz,2255,Exposicao_Face
50071,17,518,415,5.89,0,50071,13,Humano,Feliz,2271,Exposicao_Face
50088,17,515,401,5.87,0,50088,13,Humano,Feliz,2288,Exposicao_Face
50105,17,514,393,5.82,0,50105,13,Humano,Feliz,2305,Exposicao_Face
50121,17,514,395,5.89,0,50121,13,Humano,Feliz,2321,Exposicao_Face
50138,17,509,399,5.89,0,50138,13,Humano,Feliz,2338,Exposicao_Face
50155,17,520,410,5.97,0,50155,13,Humano,Feliz,2355,Exposicao_Face
50171,17,520,417,5.94,0,50171,13,Humano,Feliz,2371,Exposicao_Face
50188,17,514,400,5.95,0,50188,13,Humano,Feliz,2388,Exposicao_Face
50205,17,507,409,5.94,0,50205,13,Humano,Feliz,2405,Exposicao_Face
50221,17,516,402,5.92,0,50221,13,Humano,Feliz,2421,Exposicao_Face
50238,17,509,396,5.92,0,50238,13,Humano,Feliz,2438,Exposicao_Face
50254,17,509,399,5.86,0,50254,13,Humano,Feliz,2454,Exposicao_Face
50271,17,514,399,5.87,0,50271,13,Humano,Feliz,2471,Exposicao_Face
50288,17,512,404,5.84,0,50288,13,Humano,Feliz,2488,Exposicao_Face
50304,17,510,418,5.92,0,50304,13,Humano,Feliz,2504,Exposicao_Face
50321,17,513,423,5.87,0,50321,13,Humano,Feliz,2521,Exposicao_Face
50338,17,512,411,5.86,0,50338,13,Humano,Feliz,2538,Exposicao_Face
50354,17,511,411,5.9,0,50354,13,Humano,Feliz,2554,Exposicao_Face
50371,17,516,393,5.78,0,50371,13,Humano,Feliz,2571,Exposicao_Face
50388,17,514,406,5.87,0,50388,13,Humano,Feliz,2588,Exposicao_Face
50404,17,514,389,5.79,0,50404,13,Humano,Feliz,2604,Exposicao_Face
50421,17,521,404,5.74,0,50421,13,Humano,Feliz,2621,Exposicao_Face
50437,17,524,411,5.78,0,50437,13,Humano,Feliz,2637,Exposicao_Face
50454,17,515,418,5.82,0,50454,13,Humano,Feliz,2654,Exposicao_Face
50471,17,513,417,5.86,0,50471,13,Humano,Feliz,2671,Exposicao_Face
50487,17,517,390,5.79,0,50487,13,Humano,Feliz,2687,Exposicao_Face
50504,17,512,403,5.79,0,50504,13,Humano,Feliz,2704,Exposicao_Face
50521,17,512,398,5.78,0,50521,13,Humano,Feliz,2721,Exposicao_Face
50537,17,515,400,5.74,0,50537,13,Humano,Feliz,2737,Exposicao_Face
50554,17,517,419,5.71,0,50554,13,Humano,Feliz,2754,Exposicao_Face
50571,17,515,401,5.76,0,50571,13,Humano,Feliz,2771,Exposicao_Face
50587,17,515,422,5.76,0,50587,13,Humano,Feliz,2787,Exposicao_Face
50604,17,513,417,5.78,0,50604,13,Humano,Feliz,2804,Exposicao_Face
50620,17,515,400,5.73,0,50620,13,Humano,Feliz,2820,Exposicao_Face
50637,17,510,416,5.78,0,50637,13,Humano,Feliz,2837,Exposicao_Face
50654,17,516,402,5.73,0,50654,13,Humano,Feliz,2854,Exposicao_Face
50670,17,513,400,5.69,0,50670,13,Humano,Feliz,2870,Exposicao_Face
50687,17,513,416,5.74,0,50687,13,Humano,Feliz,2887,Exposicao_Face
50704,17,515,398,5.69,0,50704,13,Humano,Feliz,2904,Exposicao_Face
50720,17,513,409,5.74,0,50720,13,Humano,Feliz,2920,Exposicao_Face
50737,17,514,428,5.73,0,50737,13,Humano,Feliz,2937,Exposicao_Face
50754,17,513,410,5.73,0,50754,13,Humano,Feliz,2954,Exposicao_Face
50770,17,514,412,5.73,0,50770,13,Humano,Feliz,2970,Exposicao_Face
50787,17,513,426,5.79,0,50787,13,Humano,Feliz,2987,Exposicao_Face
50803,17,514,414,5.79,0,50803,13,Humano,Feliz,3003,Exposicao_Face
50820,17,517,414,5.74,0,50820,13,Humano,Feliz,3020,Exposicao_Face
50837,17,517,413,5.71,0,50837,13,Humano,Feliz,3037,Exposicao_Face
50853,17,513,402,5.68,0,50853,13,Humano,Feliz,3053,Exposicao_Face
50870,17,521,408,5.69,0,50870,13,Humano,Feliz,3070,Exposicao_Face
50887,17,518,409,5.74,0,50887,13,Humano,Feliz,3087,Exposicao_Face
50903,17,518,410,5.76,0,50903,13,Humano,Feliz,3103,Exposicao_Face
50920,17,518,418,5.79,0,50920,13,Humano,Feliz,3120,Exposicao_Face
50937,17,521,395,5.69,0,50937,13,Humano,Feliz,3137,Exposicao_Face
50953,17,516,395,5.68,0,50953,13,Humano,Feliz,3153,Exposicao_Face
50970,17,516,394,5.69,0,50970,13,Humano,Feliz,3170,Exposicao_Face
50986,17,513,399,5.71,0,50986,13,Humano,Feliz,3186,Exposicao_Face
51003,17,518,406,5.73,0,51003,13,Humano,Feliz,3203,Exposicao_Face
51020,17,519,422,5.73,0,51020,13,Humano,Feliz,3220,Exposicao_Face
51036,17,517,421,5.79,0,51036,13,Humano,Feliz,3236,Exposicao_Face
51053,17,515,394,5.73,0,51053,13,Humano,Feliz,3253,Exposicao_Face
51070,17,517,385,5.68,0,51070,13,Humano,Feliz,3270,Exposicao_Face
51086,17,514,413,5.78,0,51086,13,Humano,Feliz,3286,Exposicao_Face
51103,17,508,459,5.81,0,51103,13,Humano,Feliz,3303,Exposicao_Face
51120,17,510,435,5.74,0,51120,13,Humano,Feliz,3320,Exposicao_Face
51136,17,516,439,5.79,0,51136,13,Humano,Feliz,3336,Exposicao_Face
51153,17,510,446,5.82,0,51153,13,Humano,Feliz,3353,Exposicao_Face
51169,17,506,449,5.76,0,51169,13,Humano,Feliz,3369,Exposicao_Face
51186,17,512,451,5.74,0,51186,13,Humano,Feliz,3386,Exposicao_Face
51203,17,512,453,5.68,0,51203,13,Humano,Feliz,3403,Exposicao_Face
51219,17,510,457,5.66,0,51219,13,Humano,Feliz,3419,Exposicao_Face
51236,17,511,449,5.65,0,51236,13,Humano,Feliz,3436,Exposicao_Face
51253,17,509,463,5.79,0,51253,13,Humano,Feliz,3453,Exposicao_Face
51269,17,510,434,5.66,0,51269,13,Humano,Feliz,3469,Exposicao_Face
51286,17,505,435,5.71,0,51286,13,Humano,Feliz,3486,Exposicao_Face
51302,17,512,443,5.68,0,51302,13,Humano,Feliz,3502,Exposicao_Face
51319,17,512,435,5.68,0,51319,13,Humano,Feliz,3519,Exposicao_Face
51336,17,512,455,5.71,0,51336,13,Humano,Feliz,3536,Exposicao_Face
51352,17,511,460,5.82,0,51352,13,Humano,Feliz,3552,Exposicao_Face
51369,17,508,463,5.82,0,51369,13,Humano,Feliz,3569,Exposicao_Face
51386,17,508,467,5.79,0,51386,13,Humano,Feliz,3586,Exposicao_Face
51402,17,510,436,5.73,0,51402,13,Humano,Feliz,3602,Exposicao_Face
51419,17,506,439,5.71,0,51419,13,Humano,Feliz,3619,Exposicao_Face
51436,17,505,447,5.78,0,51436,13,Humano,Feliz,3636,Exposicao_Face
51452,17,511,450,5.81,0,51452,13,Humano,Feliz,3652,Exposicao_Face
51469,17,545,358,5.73,0,51469,13,Humano,Feliz,3669,Exposicao_Face
51485,17,561,364,5.79,0,51485,13,Humano,Feliz,3685,Exposicao_Face
51502,17,558,347,5.84,0,51502,13,Humano,Feliz,3702,Exposicao_Face
51519,17,564,357,5.86,0,51519,13,Humano,Feliz,3719,Exposicao_Face
51535,17,562,361,5.86,0,51535,13,Humano,Feliz,3735,Exposicao_Face
51552,17,562,364,5.82,0,51552,13,Humano,Feliz,3752,Exposicao_Face
51569,17,558,344,5.86,0,51569,13,Humano,Feliz,3769,Exposicao_Face
51585,17,560,355,5.86,0,51585,13,Humano,Feliz,3785,Exposicao_Face
51602,17,564,359,5.86,0,51602,13,Humano,Feliz,3802,Exposicao_Face
51619,17,560,322,5.76,0,51619,13,Humano,Feliz,3819,Exposicao_Face
51635,17,563,361,5.82,0,51635,13,Humano,Feliz,3835,Exposicao_Face
51652,17,562,353,5.78,0,51652,13,Humano,Feliz,3852,Exposicao_Face
51668,17,561,346,5.74,0,51668,13,Humano,Feliz,3868,Exposicao_Face
51685,17,563,349,5.82,0,51685,13,Humano,Feliz,3885,Exposicao_Face
51702,17,562,348,5.81,0,51702,13,Humano,Feliz,3902,Exposicao_Face
51718,17,571,323,5.76,0,51718,13,Humano,Feliz,3918,Exposicao_Face
51735,17,563,346,5.76,0,51735,13,Humano,Feliz,3935,Exposicao_Face
51752,17,564,339,5.84,0,51752,13,Humano,Feliz,3952,Exposicao_Face
51768,17,554,345,5.74,0,51768,13,Humano,Feliz,3968,Exposicao_Face
51785,17,564,344,5.86,0,51785,13,Humano,Feliz,3985,Exposicao_Face
51802,17,562,374,5.86,0,51802,14,Humano,Neutro,2,Janela_Baseline
51818,17,563,343,5.81,0,51818,14,Humano,Neutro,18,Janela_Baseline
51835,17,567,352,5.76,0,51835,14,Humano,Neutro,35,Janela_Baseline
51851,17,564,344,5.81,0,51851,14,Humano,Neutro,51,Janela_Baseline
51868,17,564,342,5.73,0,51868,14,Humano,Neutro,68,Janela_Baseline
51885,17,563,365,5.82,0,51885,14,Humano,Neutro,85,Janela_Baseline
51901,17,565,361,5.78,0,51901,14,Humano,Neutro,101,Janela_Baseline
51918,17,562,353,5.81,0,51918,14,Humano,Neutro,118,Janela_Baseline
51935,17,564,351,5.81,0,51935,14,Humano,Neutro,135,Janela_Baseline
51951,17,568,361,5.69,0,51951,14,Humano,Neutro,151,Janela_Baseline
51968,17,566,342,5.81,0,51968,14,Humano,Neutro,168,Janela_Baseline
51985,17,560,345,5.84,0,51985,14,Humano,Neutro,185,Janela_Baseline
52001,17,560,355,5.73,0,52001,14,Humano,Neutro,201,Janela_Baseline
52018,17,554,353,5.81,0,52018,14,Humano,Neutro,218,Janela_Baseline
52034,17,525,411,5.81,0,52034,14,Humano,Neutro,234,Janela_Baseline
52051,17,533,431,5.86,0,52051,14,Humano,Neutro,251,Janela_Baseline
52068,17,531,437,5.81,0,52068,14,Humano,Neutro,268,Janela_Baseline
52084,17,527,429,5.84,0,52084,14,Humano,Neutro,284,Janela_Baseline
52101,17,528,437,5.81,0,52101,14,Humano,Neutro,301,Janela_Baseline
52118,17,526,439,5.86,0,52118,14,Humano,Neutro,318,Janela_Baseline
52134,17,537,433,5.92,0,52134,14,Humano,Neutro,334,Janela_Baseline
52151,17,530,428,5.94,0,52151,14,Humano,Neutro,351,Janela_Baseline
52168,17,525,435,5.94,0,52168,14,Humano,Neutro,368,Janela_Baseline
52184,17,539,417,5.94,0,52184,14,Humano,Neutro,384,Janela_Baseline
52201,17,537,423,5.97,0,52201,14,Humano,Neutro,401,Janela_Baseline
52217,17,537,439,5.94,0,52217,14,Humano,Neutro,417,Janela_Baseline
52234,17,524,441,6.05,0,52234,14,Humano,Neutro,434,Janela_Baseline
52251,17,534,406,5.95,0,52251,14,Humano,Neutro,451,Janela_Baseline
52267,17,522,420,5.98,0,52267,14,Humano,Neutro,467,Janela_Baseline
52284,17,529,445,6.0,0,52284,14,Humano,Neutro,484,Janela_Baseline
52301,17,517,476,6.05,0,52301,14,Humano,Neutro,501,Janela_Baseline
52317,17,526,429,5.95,0,52317,14,Humano,Neutro,517,Janela_Baseline
52334,17,531,451,5.95,0,52334,14,Humano,Neutro,534,Janela_Baseline
52350,17,528,437,5.97,0,52350,14,Humano,Neutro,550,Janela_Baseline
52367,17,521,448,5.92,0,52367,14,Humano,Neutro,567,Janela_Baseline
52384,17,512,456,5.95,0,52384,14,Humano,Neutro,584,Janela_Baseline
52400,17,529,439,6.03,0,52400,14,Humano,Neutro,600,Janela_Baseline
52417,17,531,440,6.02,0,52417,14,Humano,Neutro,617,Janela_Baseline
52434,17,526,450,6.06,0,52434,14,Humano,Neutro,634,Janela_Baseline
52450,17,524,460,6.08,0,52450,14,Humano,Neutro,650,Janela_Baseline
52467,17,516,464,6.16,0,52467,14,Humano,Neutro,667,Janela_Baseline
52484,17,510,447,6.03,0,52484,14,Humano,Neutro,684,Janela_Baseline
52500,17,512,464,6.1,0,52500,14,Humano,Neutro,700,Janela_Baseline
52517,17,530,447,5.98,0,52517,14,Humano,Neutro,717,Janela_Baseline
52533,17,525,440,5.97,0,52533,14,Humano,Neutro,733,Janela_Baseline
52550,17,527,462,6.0,0,52550,14,Humano,Neutro,750,Janela_Baseline
52567,17,526,459,6.05,0,52567,14,Humano,Neutro,767,Janela_Baseline
52583,17,528,434,6.0,0,52583,14,Humano,Neutro,783,Janela_Baseline
52600,17,513,451,5.94,0,52600,14,Humano,Neutro,800,Janela_Baseline
52617,17,526,462,6.05,0,52617,14,Humano,Neutro,817,Janela_Baseline
52633,17,520,446,5.9,0,52633,14,Humano,Neutro,833,Janela_Baseline
52650,17,515,436,5.92,0,52650,14,Humano,Neutro,850,Janela_Baseline
52667,17,519,462,5.98,0,52667,14,Humano,Neutro,867,Janela_Baseline
52683,17,515,458,5.98,0,52683,14,Humano,Neutro,883,Janela_Baseline
52700,17,527,475,5.9,0,52700,14,Humano,Neutro,900,Janela_Baseline
52716,17,527,453,5.97,0,52716,14,Humano,Neutro,916,Janela_Baseline
52733,17,526,465,5.94,0,52733,14,Humano,Neutro,933,Janela_Baseline
52750,17,527,477,5.89,0,52750,14,Humano,Neutro,950,Janela_Baseline
52766,17,516,473,5.94,0,52766,14,Humano,Neutro,966,Janela_Baseline
52783,17,493,448,5.9,0,52783,14,Humano,Neutro,983,Janela_Baseline
52800,17,510,472,5.86,0,52800,14,Humano,Neutro,1000,Janela_Baseline
52816,17,499,426,5.84,0,52816,14,Humano,Neutro,1016,Janela_Baseline
52833,17,508,462,5.86,0,52833,14,Humano,Neutro,1033,Janela_Baseline
52850,17,501,436,5.84,0,52850,14,Humano,Neutro,1050,Janela_Baseline
52866,17,503,474,5.82,0,52866,14,Humano,Neutro,1066,Janela_Baseline
52883,17,504,467,5.82,0,52883,14,Humano,Neutro,1083,Janela_Baseline
52899,17,506,460,5.78,0,52899,14,Humano,Neutro,1099,Janela_Baseline
52916,17,515,459,5.81,0,52916,14,Humano,Neutro,1116,Janela_Baseline
52933,17,508,448,5.87,0,52933,14,Humano,Neutro,1133,Janela_Baseline
52949,17,502,463,5.86,0,52949,14,Humano,Neutro,1149,Janela_Baseline
52966,17,507,474,5.73,0,52966,14,Humano,Neutro,1166,Janela_Baseline
52983,17,504,459,5.79,0,52983,14,Humano,Neutro,1183,Janela_Baseline
52999,17,500,459,5.81,0,52999,14,Humano,Neutro,1199,Janela_Baseline
53016,17,501,452,5.82,0,53016,14,Humano,Neutro,1216,Janela_Baseline
53033,17,504,465,5.89,0,53033,14,Humano,Neutro,1233,Janela_Baseline
53049,17,499,426,5.81,0,53049,14,Humano,Neutro,1249,Janela_Baseline
53066,17,510,469,5.84,0,53066,14,Humano,Neutro,1266,Janela_Baseline
53082,17,518,460,5.81,0,53082,14,Humano,Neutro,1282,Janela_Baseline
53099,17,507,476,5.89,0,53099,14,Humano,Neutro,1299,Janela_Baseline
53116,17,505,458,5.9,0,53116,14,Humano,Neutro,1316,Exposicao_Face
53132,17,515,455,5.81,0,53132,14,Humano,Neutro,1332,Exposicao_Face
53149,17,499,446,5.82,0,53149,14,Humano,Neutro,1349,Exposicao_Face
53166,17,503,433,5.79,0,53166,14,Humano,Neutro,1366,Exposicao_Face
53182,17,513,455,5.82,0,53182,14,Humano,Neutro,1382,Exposicao_Face
53199,17,509,440,5.82,0,53199,14,Humano,Neutro,1399,Exposicao_Face
53216,17,503,435,5.82,0,53216,14,Humano,Neutro,1416,Exposicao_Face
53232,17,499,455,5.86,0,53232,14,Humano,Neutro,1432,Exposicao_Face
53249,17,516,458,5.89,0,53249,14,Humano,Neutro,1449,Exposicao_Face
53265,17,504,426,5.76,0,53265,14,Humano,Neutro,1465,Exposicao_Face
53282,17,500,434,5.79,0,53282,14,Humano,Neutro,1482,Exposicao_Face
53299,17,513,426,5.78,0,53299,14,Humano,Neutro,1499,Exposicao_Face
53315,17,506,432,5.79,0,53315,14,Humano,Neutro,1515,Exposicao_Face
53332,17,509,450,5.84,0,53332,14,Humano,Neutro,1532,Exposicao_Face
53349,17,505,434,5.84,0,53349,14,Humano,Neutro,1549,Exposicao_Face
53365,17,517,437,5.86,0,53365,14,Humano,Neutro,1565,Exposicao_Face
53382,17,506,438,5.89,0,53382,14,Humano,Neutro,1582,Exposicao_Face
53399,17,515,440,5.87,0,53399,14,Humano,Neutro,1599,Exposicao_Face
53415,17,504,451,5.89,0,53415,14,Humano,Neutro,1615,Exposicao_Face
53432,17,511,434,5.87,0,53432,14,Humano,Neutro,1632,Exposicao_Face
53448,17,532,374,5.92,0,53448,14,Humano,Neutro,1648,Exposicao_Face
53465,17,538,373,5.86,0,53465,14,Humano,Neutro,1665,Exposicao_Face
53482,17,538,371,6.02,0,53482,14,Humano,Neutro,1682,Exposicao_Face
53498,17,541,359,5.94,0,53498,14,Humano,Neutro,1698,Exposicao_Face
53515,17,526,356,5.95,0,53515,14,Humano,Neutro,1715,Exposicao_Face
53532,17,533,358,5.95,0,53532,14,Humano,Neutro,1732,Exposicao_Face
53548,17,526,347,5.87,0,53548,14,Humano,Neutro,1748,Exposicao_Face
53565,17,538,355,5.92,0,53565,14,Humano,Neutro,1765,Exposicao_Face
53581,17,533,374,5.97,0,53581,14,Humano,Neutro,1781,Exposicao_Face
53598,17,528,356,5.92,0,53598,14,Humano,Neutro,1798,Exposicao_Face
53615,17,538,366,5.87,0,53615,14,Humano,Neutro,1815,Exposicao_Face
53631,17,530,339,5.79,0,53631,14,Humano,Neutro,1831,Exposicao_Face
53648,17,528,357,6.0,0,53648,14,Humano,Neutro,1848,Exposicao_Face
53665,17,539,355,5.9,0,53665,14,Humano,Neutro,1865,Exposicao_Face
53681,17,542,349,5.87,0,53681,14,Humano,Neutro,1881,Exposicao_Face
53698,17,539,355,5.94,0,53698,14,Humano,Neutro,1898,Exposicao_Face
53715,17,538,353,5.97,0,53715,14,Humano,Neutro,1915,Exposicao_Face
53731,17,540,348,6.05,0,53731,14,Humano,Neutro,1931,Exposicao_Face
53748,17,527,358,6.0,0,53748,14,Humano,Neutro,1948,Exposicao_Face
53764,17,541,340,5.92,0,53764,14,Humano,Neutro,1964,Exposicao_Face
53781,17,531,357,5.97,0,53781,14,Humano,Neutro,1981,Exposicao_Face
53798,17,539,378,6.0,0,53798,14,Humano,Neutro,1998,Exposicao_Face
53814,17,545,358,5.92,0,53814,14,Humano,Neutro,2014,Exposicao_Face
53831,17,530,342,5.97,0,53831,14,Humano,Neutro,2031,Exposicao_Face
53848,17,542,335,5.94,0,53848,14,Humano,Neutro,2048,Exposicao_Face
53864,17,538,350,5.97,0,53864,14,Humano,Neutro,2064,Exposicao_Face
53881,17,535,360,5.98,0,53881,14,Humano,Neutro,2081,Exposicao_Face
53898,17,544,336,5.94,0,53898,14,Humano,Neutro,2098,Exposicao_Face
53914,17,537,361,5.92,0,53914,14,Humano,Neutro,2114,Exposicao_Face
53931,17,540,341,5.92,0,53931,14,Humano,Neutro,2131,Exposicao_Face
53947,17,546,349,5.95,0,53947,14,Humano,Neutro,2147,Exposicao_Face
53964,17,527,358,5.92,0,53964,14,Humano,Neutro,2164,Exposicao_Face
53981,17,542,376,5.97,0,53981,14,Humano,Neutro,2181,Exposicao_Face
53997,17,522,394,6.03,0,53997,14,Humano,Neutro,2197,Exposicao_Face
54014,17,530,379,5.97,0,54014,14,Humano,Neutro,2214,Exposicao_Face
54031,17,527,384,5.98,0,54031,14,Humano,Neutro,2231,Exposicao_Face
54047,17,529,397,6.02,0,54047,14,Humano,Neutro,2247,Exposicao_Face
54064,17,538,386,5.98,0,54064,14,Humano,Neutro,2264,Exposicao_Face
54081,17,535,376,5.9,0,54081,14,Humano,Neutro,2281,Exposicao_Face
54097,17,524,396,5.95,0,54097,14,Humano,Neutro,2297,Exposicao_Face
54114,17,537,378,5.94,0,54114,14,Humano,Neutro,2314,Exposicao_Face
54130,17,536,396,5.9,0,54130,14,Humano,Neutro,2330,Exposicao_Face
54147,17,527,401,6.03,0,54147,14,Humano,Neutro,2347,Exposicao_Face
54164,17,530,405,6.02,0,54164,14,Humano,Neutro,2364,Exposicao_Face
54180,17,530,377,5.9,0,54180,14,Humano,Neutro,2380,Exposicao_Face
54197,17,537,390,5.94,0,54197,14,Humano,Neutro,2397,Exposicao_Face
54214,17,527,400,5.97,0,54214,14,Humano,Neutro,2414,Exposicao_Face
54230,17,523,385,5.94,0,54230,14,Humano,Neutro,2430,Exposicao_Face
54247,17,527,390,5.92,0,54247,14,Humano,Neutro,2447,Exposicao_Face
54264,17,532,396,5.87,0,54264,14,Humano,Neutro,2464,Exposicao_Face
54280,17,530,406,5.9,0,54280,14,Humano,Neutro,2480,Exposicao_Face
54297,17,525,389,5.82,0,54297,14,Humano,Neutro,2497,Exposicao_Face
54313,17,531,388,5.89,0,54313,14,Humano,Neutro,2513,Exposicao_Face
54330,17,523,399,5.86,0,54330,14,Humano,Neutro,2530,Exposicao_Face
54347,17,529,395,5.82,0,54347,14,Humano,Neutro,2547,Exposicao_Face
54363,17,530,414,5.84,0,54363,14,Humano,Neutro,2563,Exposicao_Face
54380,17,534,377,5.82,0,54380,14,Humano,Neutro,2580,Exposicao_Face
54397,17,533,396,5.82,0,54397,14,Humano,Neutro,2597,Exposicao_Face
54413,17,527,407,5.89,0,54413,14,Humano,Neutro,2613,Exposicao_Face
54430,17,530,404,5.81,0,54430,14,Humano,Neutro,2630,Exposicao_Face
54447,17,527,397,5.74,0,54447,14,Humano,Neutro,2647,Exposicao_Face
54463,17,526,398,5.79,0,54463,14,Humano,Neutro,2663,Exposicao_Face
54480,17,531,399,5.73,0,54480,14,Humano,Neutro,2680,Exposicao_Face
54496,17,528,389,5.78,0,54496,14,Humano,Neutro,2696,Exposicao_Face
54513,17,530,409,5.78,0,54513,14,Humano,Neutro,2713,Exposicao_Face
54530,17,535,396,5.76,0,54530,14,Humano,Neutro,2730,Exposicao_Face
54546,17,525,402,5.73,0,54546,14,Humano,Neutro,2746,Exposicao_Face
54563,17,533,419,5.81,0,54563,14,Humano,Neutro,2763,Exposicao_Face
54580,17,529,415,5.87,0,54580,14,Humano,Neutro,2780,Exposicao_Face
54596,17,529,409,5.74,0,54596,14,Humano,Neutro,2796,Exposicao_Face
54613,17,528,411,5.87,0,54613,14,Humano,Neutro,2813,Exposicao_Face
54630,17,531,384,5.76,0,54630,14,Humano,Neutro,2830,Exposicao_Face
54646,17,524,380,5.74,0,54646,14,Humano,Neutro,2846,Exposicao_Face
54663,17,530,392,5.74,0,54663,14,Humano,Neutro,2863,Exposicao_Face
54679,17,529,394,5.76,0,54679,14,Humano,Neutro,2879,Exposicao_Face
54696,17,525,398,5.89,0,54696,14,Humano,Neutro,2896,Exposicao_Face
54713,17,524,390,5.86,0,54713,14,Humano,Neutro,2913,Exposicao_Face
54729,17,524,386,5.79,0,54729,14,Humano,Neutro,2929,Exposicao_Face
54746,17,528,413,5.92,0,54746,14,Humano,Neutro,2946,Exposicao_Face
54763,17,530,391,5.86,0,54763,14,Humano,Neutro,2963,Exposicao_Face
54779,17,534,400,5.9,0,54779,14,Humano,Neutro,2979,Exposicao_Face
54796,17,527,398,5.86,0,54796,14,Humano,Neutro,2996,Exposicao_Face
54812,17,525,393,5.92,0,54812,14,Humano,Neutro,3012,Exposicao_Face
54829,17,530,386,5.89,0,54829,14,Humano,Neutro,3029,Exposicao_Face
54846,17,529,388,5.84,0,54846,14,Humano,Neutro,3046,Exposicao_Face
54862,17,526,416,5.97,0,54862,14,Humano,Neutro,3062,Exposicao_Face
54879,17,531,396,5.89,0,54879,14,Humano,Neutro,3079,Exposicao_Face
54896,17,524,397,5.87,0,54896,14,Humano,Neutro,3096,Exposicao_Face
54912,17,528,381,5.76,0,54912,14,Humano,Neutro,3112,Exposicao_Face
54929,17,528,407,5.9,0,54929,14,Humano,Neutro,3129,Exposicao_Face
54946,17,525,380,5.86,0,54946,14,Humano,Neutro,3146,Exposicao_Face
54962,17,519,380,5.92,0,54962,14,Humano,Neutro,3162,Exposicao_Face
54979,17,532,387,5.95,0,54979,14,Humano,Neutro,3179,Exposicao_Face
54995,17,531,388,5.97,0,54995,14,Humano,Neutro,3195,Exposicao_Face
55012,17,533,390,5.94,0,55012,14,Humano,Neutro,3212,Exposicao_Face
55029,17,523,404,5.98,0,55029,14,Humano,Neutro,3229,Exposicao_Face
55045,17,528,395,5.94,0,55045,14,Humano,Neutro,3245,Exposicao_Face
55062,17,519,399,6.02,0,55062,14,Humano,Neutro,3262,Exposicao_Face
55079,17,533,382,5.95,0,55079,14,Humano,Neutro,3279,Exposicao_Face
55095,17,535,394,6.03,0,55095,14,Humano,Neutro,3295,Exposicao_Face
55112,17,539,381,5.94,0,55112,14,Humano,Neutro,3312,Exposicao_Face
55129,17,543,389,6.05,0,55129,14,Humano,Neutro,3329,Exposicao_Face
55145,17,539,365,5.94,0,55145,14,Humano,Neutro,3345,Exposicao_Face
55162,17,543,359,5.9,0,55162,14,Humano,Neutro,3362,Exposicao_Face
55178,17,540,371,5.94,0,55178,14,Humano,Neutro,3378,Exposicao_Face
55195,17,538,365,5.92,0,55195,14,Humano,Neutro,3395,Exposicao_Face
55212,17,535,377,5.97,0,55212,14,Humano,Neutro,3412,Exposicao_Face
55228,17,539,372,5.98,0,55228,14,Humano,Neutro,3428,Exposicao_Face
55245,17,538,369,5.97,0,55245,14,Humano,Neutro,3445,Exposicao_Face
55262,17,537,383,6.0,0,55262,14,Humano,Neutro,3462,Exposicao_Face
55278,17,542,372,5.94,0,55278,14,Humano,Neutro,3478,Exposicao_Face
55295,17,540,374,5.92,0,55295,14,Humano,Neutro,3495,Exposicao_Face
55312,17,539,369,5.97,0,55312,14,Humano,Neutro,3512,Exposicao_Face
55328,17,538,376,5.9,0,55328,14,Humano,Neutro,3528,Exposicao_Face
55345,17,539,377,5.89,0,55345,14,Humano,Neutro,3545,Exposicao_Face
55361,17,542,360,5.95,0,55361,14,Humano,Neutro,3561,Exposicao_Face
55378,17,541,381,5.95,0,55378,14,Humano,Neutro,3578,Exposicao_Face
55395,17,544,362,5.82,0,55395,14,Humano,Neutro,3595,Exposicao_Face
55411,17,541,371,5.86,0,55411,14,Humano,Neutro,3611,Exposicao_Face
55428,17,541,373,5.84,0,55428,14,Humano,Neutro,3628,Exposicao_Face
55445,17,547,356,5.9,0,55445,14,Humano,Neutro,3645,Exposicao_Face
55461,17,534,332,5.87,0,55461,14,Humano,Neutro,3661,Exposicao_Face
55478,17,525,276,5.9,0,55478,14,Humano,Neutro,3678,Exposicao_Face
55495,17,528,275,5.89,0,55495,14,Humano,Neutro,3695,Exposicao_Face
55511,17,520,254,5.82,0,55511,14,Humano,Neutro,3711,Exposicao_Face
55528,17,522,243,5.82,0,55528,14,Humano,Neutro,3728,Exposicao_Face
55544,17,519,258,5.92,0,55544,14,Humano,Neutro,3744,Exposicao_Face
55561,17,516,271,5.9,0,55561,14,Humano,Neutro,3761,Exposicao_Face
55578,17,520,259,5.92,0,55578,14,Humano,Neutro,3778,Exposicao_Face
55594,17,521,251,5.86,0,55594,14,Humano,Neutro,3794,Exposicao_Face
55611,17,528,251,5.84,0,55611,14,Humano,Neutro,3811,Exposicao_Face
55628,17,522,253,5.89,0,55628,14,Humano,Neutro,3828,Exposicao_Face
55644,17,522,243,5.86,0,55644,14,Humano,Neutro,3844,Exposicao_Face
55661,17,520,261,5.89,0,55661,14,Humano,Neutro,3861,Exposicao_Face
55678,17,528,255,5.92,0,55678,14,Humano,Neutro,3878,Exposicao_Face
55694,17,519,247,5.89,0,55694,14,Humano,Neutro,3894,Exposicao_Face
55711,17,526,248,5.79,0,55711,14,Humano,Neutro,3911,Exposicao_Face
55727,17,518,256,5.82,0,55727,14,Humano,Neutro,3927,Exposicao_Face
55744,17,519,241,5.87,0,55744,14,Humano,Neutro,3944,Exposicao_Face
55761,17,518,265,5.9,0,55761,14,Humano,Neutro,3961,Exposicao_Face
55777,17,518,237,5.89,0,55777,14,Humano,Neutro,3977,Exposicao_Face
55794,17,518,243,5.86,0,55794,14,Humano,Neutro,3994,Exposicao_Face
55811,17,522,246,5.87,0,55811,15,Humano,Raiva,11,Janela_Baseline
55827,17,519,261,5.94,0,55827,15,Humano,Raiva,27,Janela_Baseline
55844,17,516,247,5.86,0,55844,15,Humano,Raiva,44,Janela_Baseline
55860,17,521,246,5.82,0,55860,15,Humano,Raiva,60,Janela_Baseline
55877,17,518,265,5.92,0,55877,15,Humano,Raiva,77,Janela_Baseline
55894,17,525,240,5.92,0,55894,15,Humano,Raiva,94,Janela_Baseline
55910,17,519,245,5.84,0,55910,15,Humano,Raiva,110,Janela_Baseline
55927,17,518,259,5.9,0,55927,15,Humano,Raiva,127,Janela_Baseline
55944,17,516,269,5.97,0,55944,15,Humano,Raiva,144,Janela_Baseline
55960,17,520,249,5.89,0,55960,15,Humano,Raiva,160,Janela_Baseline
55977,17,519,259,5.84,0,55977,15,Humano,Raiva,177,Janela_Baseline
55994,17,524,275,5.89,0,55994,15,Humano,Raiva,194,Janela_Baseline
56010,17,518,286,5.95,0,56010,15,Humano,Raiva,210,Janela_Baseline
56027,17,514,315,5.9,0,56027,15,Humano,Raiva,227,Janela_Baseline
56043,17,525,338,5.98,0,56043,15,Humano,Raiva,243,Janela_Baseline
56060,17,530,352,6.03,0,56060,15,Humano,Raiva,260,Janela_Baseline
56077,17,518,418,5.95,0,56077,15,Humano,Raiva,277,Janela_Baseline
56093,17,512,401,6.0,0,56093,15,Humano,Raiva,293,Janela_Baseline
56110,17,531,454,6.1,0,56110,15,Humano,Raiva,310,Janela_Baseline
56127,17,515,435,6.05,0,56127,15,Humano,Raiva,327,Janela_Baseline
56143,17,525,429,6.06,0,56143,15,Humano,Raiva,343,Janela_Baseline
56160,17,526,416,5.94,0,56160,15,Humano,Raiva,360,Janela_Baseline
56177,17,529,435,6.05,0,56177,15,Humano,Raiva,377,Janela_Baseline
56193,17,518,423,6.06,0,56193,15,Humano,Raiva,393,Janela_Baseline
56210,17,521,417,5.95,0,56210,15,Humano,Raiva,410,Janela_Baseline
56226,17,513,420,6.03,0,56226,15,Humano,Raiva,426,Janela_Baseline
56243,17,516,435,6.1,0,56243,15,Humano,Raiva,443,Janela_Baseline
56260,17,519,432,6.11,0,56260,15,Humano,Raiva,460,Janela_Baseline
56276,17,525,425,5.98,0,56276,15,Humano,Raiva,476,Janela_Baseline
56293,17,525,413,6.05,0,56293,15,Humano,Raiva,493,Janela_Baseline
56310,17,531,414,6.06,0,56310,15,Humano,Raiva,510,Janela_Baseline
56326,17,511,429,6.05,0,56326,15,Humano,Raiva,526,Janela_Baseline
56343,17,520,435,6.03,0,56343,15,Humano,Raiva,543,Janela_Baseline
56360,17,520,424,6.08,0,56360,15,Humano,Raiva,560,Janela_Baseline
56376,17,532,430,6.06,0,56376,15,Humano,Raiva,576,Janela_Baseline
56393,17,528,425,6.06,0,56393,15,Humano,Raiva,593,Janela_Baseline
56409,17,523,430,6.11,0,56409,15,Humano,Raiva,609,Janela_Baseline
56426,17,519,423,6.02,0,56426,15,Humano,Raiva,626,Janela_Baseline
56443,17,517,449,6.16,0,56443,15,Humano,Raiva,643,Janela_Baseline
56459,17,520,421,6.08,0,56459,15,Humano,Raiva,659,Janela_Baseline
56476,17,530,419,6.06,0,56476,15,Humano,Raiva,676,Janela_Baseline
56493,17,531,404,6.05,0,56493,15,Humano,Raiva,693,Janela_Baseline
56509,17,519,427,6.14,0,56509,15,Humano,Raiva,709,Janela_Baseline
56526,17,531,424,6.13,0,56526,15,Humano,Raiva,726,Janela_Baseline
56543,17,534,417,6.1,0,56543,15,Humano,Raiva,743,Janela_Baseline
56559,17,533,381,6.11,0,56559,15,Humano,Raiva,759,Janela_Baseline
56576,17,548,377,6.11,0,56576,15,Humano,Raiva,776,Janela_Baseline
56592,17,544,399,6.13,0,56592,15,Humano,Raiva,792,Janela_Baseline
56609,17,531,403,6.11,0,56609,15,Humano,Raiva,809,Janela_Baseline
56626,17,544,382,6.06,0,56626,15,Humano,Raiva,826,Janela_Baseline
56642,17,543,382,6.08,0,56642,15,Humano,Raiva,842,Janela_Baseline
56659,17,549,386,6.1,0,56659,15,Humano,Raiva,859,Janela_Baseline
56676,17,547,402,6.19,0,56676,15,Humano,Raiva,876,Janela_Baseline
56692,17,534,375,6.0,0,56692,15,Humano,Raiva,892,Janela_Baseline
56709,17,541,375,6.05,0,56709,15,Humano,Raiva,909,Janela_Baseline
56726,17,543,382,6.11,0,56726,15,Humano,Raiva,926,Janela_Baseline
56742,17,539,373,6.11,0,56742,15,Humano,Raiva,942,Janela_Baseline
56759,17,543,375,6.11,0,56759,15,Humano,Raiva,959,Janela_Baseline
56775,17,537,379,6.1,0,56775,15,Humano,Raiva,975,Janela_Baseline
56792,17,547,391,6.08,0,56792,15,Humano,Raiva,992,Janela_Baseline
56809,17,544,375,5.95,0,56809,15,Humano,Raiva,1009,Janela_Baseline
56825,17,541,375,6.1,0,56825,15,Humano,Raiva,1025,Janela_Baseline
56842,17,545,389,6.06,0,56842,15,Humano,Raiva,1042,Janela_Baseline
56859,17,541,386,6.1,0,56859,15,Humano,Raiva,1059,Janela_Baseline
56875,17,545,385,6.11,0,56875,15,Humano,Raiva,1075,Janela_Baseline
56892,17,539,361,6.02,0,56892,15,Humano,Raiva,1092,Janela_Baseline
56909,17,538,377,6.03,0,56909,15,Humano,Raiva,1109,Janela_Baseline
56925,17,540,382,5.97,0,56925,15,Humano,Raiva,1125,Janela_Baseline
56942,17,533,387,5.98,0,56942,15,Humano,Raiva,1142,Janela_Baseline
56958,17,533,367,6.03,0,56958,15,Humano,Raiva,1158,Janela_Baseline
56975,17,537,369,5.97,0,56975,15,Humano,Raiva,1175,Janela_Baseline
56992,17,546,388,6.06,0,56992,15,Humano,Raiva,1192,Janela_Baseline
57008,17,541,379,6.0,0,57008,15,Humano,Raiva,1208,Janela_Baseline
57025,17,541,373,6.02,0,57025,15,Humano,Raiva,1225,Janela_Baseline
57042,17,533,375,6.02,0,57042,15,Humano,Raiva,1242,Janela_Baseline
57058,17,538,377,5.98,0,57058,15,Humano,Raiva,1258,Janela_Baseline
57075,17,538,365,5.95,0,57075,15,Humano,Raiva,1275,Janela_Baseline
57091,17,532,397,6.08,0,57091,15,Humano,Raiva,1291,Janela_Baseline
57108,17,545,379,5.97,0,57108,15,Humano,Raiva,1308,Exposicao_Face
57125,17,541,366,6.0,0,57125,15,Humano,Raiva,1325,Exposicao_Face
57141,17,540,380,6.0,0,57141,15,Humano,Raiva,1341,Exposicao_Face
57158,17,545,384,6.05,0,57158,15,Humano,Raiva,1358,Exposicao_Face
57175,17,538,367,5.97,0,57175,15,Humano,Raiva,1375,Exposicao_Face
57191,17,529,369,6.0,0,57191,15,Humano,Raiva,1391,Exposicao_Face
57208,17,537,399,6.05,0,57208,15,Humano,Raiva,1408,Exposicao_Face
57225,17,535,386,6.05,0,57225,15,Humano,Raiva,1425,Exposicao_Face
57241,17,524,387,6.08,0,57241,15,Humano,Raiva,1441,Exposicao_Face
57258,17,529,379,6.03,0,57258,15,Humano,Raiva,1458,Exposicao_Face
57274,17,537,376,6.03,0,57274,15,Humano,Raiva,1474,Exposicao_Face
57291,17,538,381,6.0,0,57291,15,Humano,Raiva,1491,Exposicao_Face
57308,17,538,361,6.02,0,57308,15,Humano,Raiva,1508,Exposicao_Face
57324,17,539,364,6.05,0,57324,15,Humano,Raiva,1524,Exposicao_Face
57341,17,541,394,6.16,0,57341,15,Humano,Raiva,1541,Exposicao_Face
57358,17,531,386,6.1,0,57358,15,Humano,Raiva,1558,Exposicao_Face
57374,17,530,388,6.06,0,57374,15,Humano,Raiva,1574,Exposicao_Face
57391,17,538,386,6.03,0,57391,15,Humano,Raiva,1591,Exposicao_Face
57408,17,530,388,6.08,0,57408,15,Humano,Raiva,1608,Exposicao_Face
57424,17,527,381,6.08,0,57424,15,Humano,Raiva,1624,Exposicao_Face
57441,17,487,385,6.16,0,57441,15,Humano,Raiva,1641,Exposicao_Face
57457,17,478,365,6.06,0,57457,15,Humano,Raiva,1657,Exposicao_Face
57474,17,483,377,6.08,0,57474,15,Humano,Raiva,1674,Exposicao_Face
57491,17,481,366,6.08,0,57491,15,Humano,Raiva,1691,Exposicao_Face
57507,17,481,386,6.08,0,57507,15,Humano,Raiva,1707,Exposicao_Face
57524,17,484,372,6.05,0,57524,15,Humano,Raiva,1724,Exposicao_Face
57541,17,468,366,5.97,0,57541,15,Humano,Raiva,1741,Exposicao_Face
57557,17,465,372,6.18,0,57557,15,Humano,Raiva,1757,Exposicao_Face
57574,17,482,357,6.14,0,57574,15,Humano,Raiva,1774,Exposicao_Face
57591,17,481,364,6.18,0,57591,15,Humano,Raiva,1791,Exposicao_Face
57607,17,474,354,6.08,0,57607,15,Humano,Raiva,1807,Exposicao_Face
57624,17,485,366,6.06,0,57624,15,Humano,Raiva,1824,Exposicao_Face
57640,17,474,380,6.06,0,57640,15,Humano,Raiva,1840,Exposicao_Face
57657,17,473,366,6.11,0,57657,15,Humano,Raiva,1857,Exposicao_Face
57674,17,485,363,6.18,0,57674,15,Humano,Raiva,1874,Exposicao_Face
57690,17,481,361,6.13,0,57690,15,Humano,Raiva,1890,Exposicao_Face
57707,17,483,375,6.14,0,57707,15,Humano,Raiva,1907,Exposicao_Face
57724,17,472,365,6.14,0,57724,15,Humano,Raiva,1924,Exposicao_Face
57740,17,467,375,6.1,0,57740,15,Humano,Raiva,1940,Exposicao_Face
57757,17,472,363,6.11,0,57757,15,Humano,Raiva,1957,Exposicao_Face
57774,17,482,374,6.19,0,57774,15,Humano,Raiva,1974,Exposicao_Face
57790,17,475,376,6.22,0,57790,15,Humano,Raiva,1990,Exposicao_Face
57807,17,483,375,6.18,0,57807,15,Humano,Raiva,2007,Exposicao_Face
57823,17,474,375,6.16,0,57823,15,Humano,Raiva,2023,Exposicao_Face
57840,17,480,365,6.06,0,57840,15,Humano,Raiva,2040,Exposicao_Face
57857,17,484,385,6.18,0,57857,15,Humano,Raiva,2057,Exposicao_Face
57873,17,482,363,6.1,0,57873,15,Humano,Raiva,2073,Exposicao_Face
57890,17,506,363,6.1,0,57890,15,Humano,Raiva,2090,Exposicao_Face
57907,17,521,423,6.14,0,57907,15,Humano,Raiva,2107,Exposicao_Face
57923,17,518,397,6.19,0,57923,15,Humano,Raiva,2123,Exposicao_Face
57940,17,511,400,6.16,0,57940,15,Humano,Raiva,2140,Exposicao_Face
57957,17,515,403,6.16,0,57957,15,Humano,Raiva,2157,Exposicao_Face
57973,17,525,402,6.11,0,57973,15,Humano,Raiva,2173,Exposicao_Face
57990,17,514,415,6.14,0,57990,15,Humano,Raiva,2190,Exposicao_Face
58006,17,521,405,6.16,0,58006,15,Humano,Raiva,2206,Exposicao_Face
58023,17,524,396,6.13,0,58023,15,Humano,Raiva,2223,Exposicao_Face
58040,17,525,397,6.16,0,58040,15,Humano,Raiva,2240,Exposicao_Face
58056,17,519,397,6.1,0,58056,15,Humano,Raiva,2256,Exposicao_Face
58073,17,529,407,6.06,0,58073,15,Humano,Raiva,2273,Exposicao_Face
58090,17,511,404,6.1,0,58090,15,Humano,Raiva,2290,Exposicao_Face
58106,17,519,410,6.06,0,58106,15,Humano,Raiva,2306,Exposicao_Face
58123,17,526,401,6.1,0,58123,15,Humano,Raiva,2323,Exposicao_Face
58139,17,519,390,5.98,0,58139,15,Humano,Raiva,2339,Exposicao_Face
58156,17,518,393,6.02,0,58156,15,Humano,Raiva,2356,Exposicao_Face
58173,17,516,390,5.97,0,58173,15,Humano,Raiva,2373,Exposicao_Face
58189,17,519,401,6.0,0,58189,15,Humano,Raiva,2389,Exposicao_Face
58206,17,512,387,5.95,0,58206,15,Humano,Raiva,2406,Exposicao_Face
58223,17,523,394,5.94,0,58223,15,Humano,Raiva,2423,Exposicao_Face
58239,17,522,391,5.92,0,58239,15,Humano,Raiva,2439,Exposicao_Face
58256,17,523,408,6.0,0,58256,15,Humano,Raiva,2456,Exposicao_Face
58273,17,515,400,5.97,0,58273,15,Humano,Raiva,2473,Exposicao_Face
58289,17,516,392,5.89,0,58289,15,Humano,Raiva,2489,Exposicao_Face
58306,17,513,397,5.94,0,58306,15,Humano,Raiva,2506,Exposicao_Face
58322,17,520,390,5.87,0,58322,15,Humano,Raiva,2522,Exposicao_Face
58339,17,518,409,5.98,0,58339,15,Humano,Raiva,2539,Exposicao_Face
58356,17,521,399,5.9,0,58356,15,Humano,Raiva,2556,Exposicao_Face
58372,17,510,406,5.89,0,58372,15,Humano,Raiva,2572,Exposicao_Face
58389,17,519,387,5.94,0,58389,15,Humano,Raiva,2589,Exposicao_Face
58406,17,523,401,5.9,0,58406,15,Humano,Raiva,2606,Exposicao_Face
58422,17,512,419,5.97,0,58422,15,Humano,Raiva,2622,Exposicao_Face
58439,17,506,404,5.98,0,58439,15,Humano,Raiva,2639,Exposicao_Face
58456,17,508,399,5.94,0,58456,15,Humano,Raiva,2656,Exposicao_Face
58472,17,513,390,5.92,0,58472,15,Humano,Raiva,2672,Exposicao_Face
58489,17,516,415,5.97,0,58489,15,Humano,Raiva,2689,Exposicao_Face
58505,17,516,395,5.95,0,58505,15,Humano,Raiva,2705,Exposicao_Face
58522,17,519,365,5.89,0,58522,15,Humano,Raiva,2722,Exposicao_Face
58539,17,511,390,5.97,0,58539,15,Humano,Raiva,2739,Exposicao_Face
58555,17,511,413,5.94,0,58555,15,Humano,Raiva,2755,Exposicao_Face
58572,17,521,401,5.94,0,58572,15,Humano,Raiva,2772,Exposicao_Face
58589,17,516,401,5.94,0,58589,15,Humano,Raiva,2789,Exposicao_Face
58605,17,517,407,5.89,0,58605,15,Humano,Raiva,2805,Exposicao_Face
58622,17,511,402,5.94,0,58622,15,Humano,Raiva,2822,Exposicao_Face
58639,17,508,414,6.0,0,58639,15,Humano,Raiva,2839,Exposicao_Face
58655,17,518,413,6.0,0,58655,15,Humano,Raiva,2855,Exposicao_Face
58672,17,510,414,6.03,0,58672,15,Humano,Raiva,2872,Exposicao_Face
58688,17,504,412,6.03,0,58688,15,Humano,Raiva,2888,Exposicao_Face
58705,17,510,416,6.06,0,58705,15,Humano,Raiva,2905,Exposicao_Face
58722,17,512,398,6.0,0,58722,15,Humano,Raiva,2922,Exposicao_Face
58738,17,505,398,5.97,0,58738,15,Humano,Raiva,2938,Exposicao_Face
58755,17,509,395,5.98,0,58755,15,Humano,Raiva,2955,Exposicao_Face
58772,17,516,399,6.0,0,58772,15,Humano,Raiva,2972,Exposicao_Face
58788,17,505,417,6.05,0,58788,15,Humano,Raiva,2988,Exposicao_Face
58805,17,518,409,6.06,0,58805,15,Humano,Raiva,3005,Exposicao_Face
58822,17,517,397,6.06,0,58822,15,Humano,Raiva,3022,Exposicao_Face
58838,17,501,416,6.03,0,58838,15,Humano,Raiva,3038,Exposicao_Face
58855,17,519,414,6.13,0,58855,15,Humano,Raiva,3055,Exposicao_Face
58871,17,517,398,6.1,0,58871,15,Humano,Raiva,3071,Exposicao_Face
58888,17,525,392,6.03,0,58888,15,Humano,Raiva,3088,Exposicao_Face
58905,17,507,395,6.05,0,58905,15,Humano,Raiva,3105,Exposicao_Face
58921,17,511,408,6.1,0,58921,15,Humano,Raiva,3121,Exposicao_Face
58938,17,521,402,6.11,0,58938,15,Humano,Raiva,3138,Exposicao_Face
58955,17,509,389,6.03,0,58955,15,Humano,Raiva,3155,Exposicao_Face
58971,17,508,394,6.05,0,58971,15,Humano,Raiva,3171,Exposicao_Face
58988,17,523,398,6.1,0,58988,15,Humano,Raiva,3188,Exposicao_Face
59005,17,522,401,6.13,0,59005,15,Humano,Raiva,3205,Exposicao_Face
59021,17,503,418,6.03,0,59021,15,Humano,Raiva,3221,Exposicao_Face
59038,17,522,398,5.98,0,59038,15,Humano,Raiva,3238,Exposicao_Face
59054,17,520,415,6.1,0,59054,15,Humano,Raiva,3254,Exposicao_Face
59071,17,513,411,6.06,0,59071,15,Humano,Raiva,3271,Exposicao_Face
59088,17,514,401,6.03,0,59088,15,Humano,Raiva,3288,Exposicao_Face
59104,17,504,392,5.9,0,59104,15,Humano,Raiva,3304,Exposicao_Face
59121,17,521,382,5.95,0,59121,15,Humano,Raiva,3321,Exposicao_Face
59138,17,518,395,6.02,0,59138,15,Humano,Raiva,3338,Exposicao_Face
59154,17,514,390,6.03,0,59154,15,Humano,Raiva,3354,Exposicao_Face
59171,17,519,388,6.03,0,59171,15,Humano,Raiva,3371,Exposicao_Face
59188,17,519,388,5.98,0,59188,15,Humano,Raiva,3388,Exposicao_Face
59204,17,517,402,6.06,0,59204,15,Humano,Raiva,3404,Exposicao_Face
59221,17,519,384,5.98,0,59221,15,Humano,Raiva,3421,Exposicao_Face
59237,17,513,383,5.97,0,59237,15,Humano,Raiva,3437,Exposicao_Face
59254,17,515,383,5.9,0,59254,15,Humano,Raiva,3454,Exposicao_Face
59271,17,518,390,6.03,0,59271,15,Humano,Raiva,3471,Exposicao_Face
59287,17,511,389,6.03,0,59287,15,Humano,Raiva,3487,Exposicao_Face
59304,17,520,381,6.0,0,59304,15,Humano,Raiva,3504,Exposicao_Face
59321,17,512,398,6.02,0,59321,15,Humano,Raiva,3521,Exposicao_Face
59337,17,514,387,5.98,0,59337,15,Humano,Raiva,3537,Exposicao_Face
59354,17,516,388,5.95,0,59354,15,Humano,Raiva,3554,Exposicao_Face
59370,17,519,399,6.06,0,59370,15,Humano,Raiva,3570,Exposicao_Face
59387,17,519,380,6.0,0,59387,15,Humano,Raiva,3587,Exposicao_Face
59404,17,505,395,6.03,0,59404,15,Humano,Raiva,3604,Exposicao_Face
59420,17,517,379,5.98,0,59420,15,Humano,Raiva,3620,Exposicao_Face
59437,17,516,393,6.11,0,59437,15,Humano,Raiva,3637,Exposicao_Face
59454,17,518,370,6.05,0,59454,15,Humano,Raiva,3654,Exposicao_Face
59470,17,508,391,6.06,0,59470,15,Humano,Raiva,3670,Exposicao_Face
59487,17,514,363,5.94,0,59487,15,Humano,Raiva,3687,Exposicao_Face
59504,17,547,353,6.05,0,59504,15,Humano,Raiva,3704,Exposicao_Face
59520,17,558,356,6.05,0,59520,15,Humano,Raiva,3720,Exposicao_Face
59537,17,560,362,6.05,0,59537,15,Humano,Raiva,3737,Exposicao_Face
59553,17,558,362,6.05,0,59553,15,Humano,Raiva,3753,Exposicao_Face
59570,17,556,365,6.11,0,59570,15,Humano,Raiva,3770,Exposicao_Face
59587,17,556,360,6.02,0,59587,15,Humano,Raiva,3787,Exposicao_Face
59603,17,555,350,6.0,0,59603,15,Humano,Raiva,3803,Exposicao_Face
59620,17,557,368,6.1,0,59620,15,Humano,Raiva,3820,Exposicao_Face
59637,17,547,338,6.03,0,59637,15,Humano,Raiva,3837,Exposicao_Face
59653,17,557,371,6.11,0,59653,15,Humano,Raiva,3853,Exposicao_Face
59670,17,552,373,6.11,0,59670,15,Humano,Raiva,3870,Exposicao_Face
59687,17,549,361,6.08,0,59687,15,Humano,Raiva,3887,Exposicao_Face
59703,17,557,346,6.0,0,59703,15,Humano,Raiva,3903,Exposicao_Face
59720,17,553,365,6.16,0,59720,15,Humano,Raiva,3920,Exposicao_Face
59736,17,551,349,6.06,0,59736,15,Humano,Raiva,3936,Exposicao_Face
59753,17,554,379,6.06,0,59753,15,Humano,Raiva,3953,Exposicao_Face
59770,17,549,367,6.18,0,59770,15,Humano,Raiva,3970,Exposicao_Face
59786,17,525,372,6.03,0,59786,15,Humano,Raiva,3986,Exposicao_Face
59803,17,530,368,6.14,0,59803,16,Humano,Feliz,3,Janela_Baseline
59820,17,516,373,6.11,0,59820,16,Humano,Feliz,20,Janela_Baseline
59836,17,524,380,6.05,0,59836,16,Humano,Feliz,36,Janela_Baseline
59853,17,523,360,6.05,0,59853,16,Humano,Feliz,53,Janela_Baseline
59870,17,523,377,6.1,0,59870,16,Humano,Feliz,70,Janela_Baseline
59886,17,527,370,6.14,0,59886,16,Humano,Feliz,86,Janela_Baseline
59903,17,524,375,6.13,0,59903,16,Humano,Feliz,103,Janela_Baseline
59919,17,528,369,6.16,0,59919,16,Humano,Feliz,119,Janela_Baseline
59936,17,529,373,6.08,0,59936,16,Humano,Feliz,136,Janela_Baseline
59953,17,524,363,6.13,0,59953,16,Humano,Feliz,153,Janela_Baseline
59969,17,527,345,6.02,0,59969,16,Humano,Feliz,169,Janela_Baseline
59986,17,515,381,6.11,0,59986,16,Humano,Feliz,186,Janela_Baseline
60003,17,526,383,6.21,0,60003,16,Humano,Feliz,203,Janela_Baseline
60019,17,523,371,6.14,0,60019,16,Humano,Feliz,219,Janela_Baseline
60036,17,465,351,6.18,0,60036,16,Humano,Feliz,236,Janela_Baseline
60053,17,464,373,6.11,0,60053,16,Humano,Feliz,253,Janela_Baseline
60069,17,463,367,6.16,0,60069,16,Humano,Feliz,269,Janela_Baseline
60086,17,467,360,6.1,0,60086,16,Humano,Feliz,286,Janela_Baseline
60102,17,461,383,6.14,0,60102,16,Humano,Feliz,302,Janela_Baseline
60119,17,468,369,6.22,0,60119,16,Humano,Feliz,319,Janela_Baseline
60136,17,453,361,6.06,0,60136,16,Humano,Feliz,336,Janela_Baseline
60152,17,461,374,6.19,0,60152,16,Humano,Feliz,352,Janela_Baseline
60169,17,453,365,6.14,0,60169,16,Humano,Feliz,369,Janela_Baseline
60186,17,458,377,6.18,0,60186,16,Humano,Feliz,386,Janela_Baseline
60202,17,465,372,6.13,0,60202,16,Humano,Feliz,402,Janela_Baseline
60219,17,468,363,6.18,0,60219,16,Humano,Feliz,419,Janela_Baseline
60236,17,468,355,6.1,0,60236,16,Humano,Feliz,436,Janela_Baseline
60252,17,464,372,6.14,0,60252,16,Humano,Feliz,452,Janela_Baseline
60269,17,469,355,6.03,0,60269,16,Humano,Feliz,469,Janela_Baseline
60285,17,468,369,6.14,0,60285,16,Humano,Feliz,485,Janela_Baseline
60302,17,446,333,6.06,0,60302,16,Humano,Feliz,502,Janela_Baseline
60319,17,463,382,6.16,0,60319,16,Humano,Feliz,519,Janela_Baseline
60335,17,469,368,6.11,0,60335,16,Humano,Feliz,535,Janela_Baseline
60352,17,468,366,6.11,0,60352,16,Humano,Feliz,552,Janela_Baseline
60369,17,507,390,6.06,0,60369,16,Humano,Feliz,569,Janela_Baseline
60385,17,503,377,6.13,0,60385,16,Humano,Feliz,585,Janela_Baseline
60402,17,509,390,6.18,0,60402,16,Humano,Feliz,602,Janela_Baseline
60418,17,499,385,6.05,0,60418,16,Humano,Feliz,618,Janela_Baseline
60435,17,497,385,6.14,0,60435,16,Humano,Feliz,635,Janela_Baseline
60452,17,507,394,6.11,0,60452,16,Humano,Feliz,652,Janela_Baseline
60468,17,507,390,6.18,0,60468,16,Humano,Feliz,668,Janela_Baseline
60485,17,502,383,6.1,0,60485,16,Humano,Feliz,685,Janela_Baseline
60502,17,510,388,6.0,0,60502,16,Humano,Feliz,702,Janela_Baseline
60518,17,503,389,6.16,0,60518,16,Humano,Feliz,718,Janela_Baseline
60535,17,509,393,6.11,0,60535,16,Humano,Feliz,735,Janela_Baseline
60552,17,509,406,6.1,0,60552,16,Humano,Feliz,752,Janela_Baseline
60568,17,510,402,6.19,0,60568,16,Humano,Feliz,768,Janela_Baseline
60585,17,497,393,6.06,0,60585,16,Humano,Feliz,785,Janela_Baseline
60601,17,509,374,6.11,0,60601,16,Humano,Feliz,801,Janela_Baseline
60618,17,509,394,6.14,0,60618,16,Humano,Feliz,818,Janela_Baseline
60635,17,496,410,6.18,0,60635,16,Humano,Feliz,835,Janela_Baseline
60651,17,493,399,6.14,0,60651,16,Humano,Feliz,851,Janela_Baseline
60668,17,504,400,6.06,0,60668,16,Humano,Feliz,868,Janela_Baseline
60685,17,493,403,6.16,0,60685,16,Humano,Feliz,885,Janela_Baseline
60701,17,506,398,6.14,0,60701,16,Humano,Feliz,901,Janela_Baseline
60718,17,494,396,6.08,0,60718,16,Humano,Feliz,918,Janela_Baseline
60735,17,504,395,6.11,0,60735,16,Humano,Feliz,935,Janela_Baseline
60751,17,503,412,6.18,0,60751,16,Humano,Feliz,951,Janela_Baseline
60768,17,509,395,6.05,0,60768,16,Humano,Feliz,968,Janela_Baseline
60784,17,494,391,6.13,0,60784,16,Humano,Feliz,984,Janela_Baseline
60801,17,453,376,6.1,0,60801,16,Humano,Feliz,1001,Janela_Baseline
60818,17,458,364,6.03,0,60818,16,Humano,Feliz,1018,Janela_Baseline
60834,17,457,359,6.0,0,60834,16,Humano,Feliz,1034,Janela_Baseline
60851,17,458,380,6.1,0,60851,16,Humano,Feliz,1051,Janela_Baseline
60868,17,455,363,6.05,0,60868,16,Humano,Feliz,1068,Janela_Baseline
60884,17,462,361,6.03,0,60884,16,Humano,Feliz,1084,Janela_Baseline
60901,17,455,362,5.97,0,60901,16,Humano,Feliz,1101,Janela_Baseline
60918,17,460,352,6.06,0,60918,16,Humano,Feliz,1118,Janela_Baseline
60934,17,452,356,6.05,0,60934,16,Humano,Feliz,1134,Janela_Baseline
60951,17,459,366,6.06,0,60951,16,Humano,Feliz,1151,Janela_Baseline
60967,17,461,363,6.08,0,60967,16,Humano,Feliz,1167,Janela_Baseline
60984,17,465,362,6.03,0,60984,16,Humano,Feliz,1184,Janela_Baseline
61001,17,464,363,5.97,0,61001,16,Humano,Feliz,1201,Janela_Baseline
61017,17,460,352,6.03,0,61017,16,Humano,Feliz,1217,Janela_Baseline
61034,17,459,360,6.06,0,61034,16,Humano,Feliz,1234,Janela_Baseline
61051,17,455,364,6.1,0,61051,16,Humano,Feliz,1251,Janela_Baseline
61067,17,447,378,6.1,0,61067,16,Humano,Feliz,1267,Janela_Baseline
61084,17,463,371,6.13,0,61084,16,Humano,Feliz,1284,Janela_Baseline
61101,17,460,361,6.06,0,61101,16,Humano,Feliz,1301,Exposicao_Face
61117,17,463,343,6.06,0,61117,16,Humano,Feliz,1317,Exposicao_Face
61134,17,462,358,6.1,0,61134,16,Humano,Feliz,1334,Exposicao_Face
61150,17,462,357,6.1,0,61150,16,Humano,Feliz,1350,Exposicao_Face
61167,17,457,354,6.03,0,61167,16,Humano,Feliz,1367,Exposicao_Face
61184,17,462,365,6.06,0,61184,16,Humano,Feliz,1384,Exposicao_Face
61200,17,463,367,6.06,0,61200,16,Humano,Feliz,1400,Exposicao_Face
61217,17,464,349,6.02,0,61217,16,Humano,Feliz,1417,Exposicao_Face
61234,17,457,390,6.11,0,61234,16,Humano,Feliz,1434,Exposicao_Face
61250,17,473,420,6.11,0,61250,16,Humano,Feliz,1450,Exposicao_Face
61267,17,448,436,6.16,0,61267,16,Humano,Feliz,1467,Exposicao_Face
61284,17,458,442,6.16,0,61284,16,Humano,Feliz,1484,Exposicao_Face
61300,17,454,406,6.13,0,61300,16,Humano,Feliz,1500,Exposicao_Face
61317,17,457,425,5.98,0,61317,16,Humano,Feliz,1517,Exposicao_Face
61333,17,453,424,6.16,0,61333,16,Humano,Feliz,1533,Exposicao_Face
61350,17,468,418,6.13,0,61350,16,Humano,Feliz,1550,Exposicao_Face
61367,17,467,434,6.14,0,61367,16,Humano,Feliz,1567,Exposicao_Face
61383,17,455,411,6.1,0,61383,16,Humano,Feliz,1583,Exposicao_Face
61400,17,469,422,6.08,0,61400,16,Humano,Feliz,1600,Exposicao_Face
61417,17,443,453,6.14,0,61417,16,Humano,Feliz,1617,Exposicao_Face
61433,17,381,506,6.11,0,61433,16,Humano,Feliz,1633,Exposicao_Face
61450,17,386,503,6.1,0,61450,16,Humano,Feliz,1650,Exposicao_Face
61467,17,372,506,6.06,0,61467,16,Humano,Feliz,1667,Exposicao_Face
61483,17,384,524,6.13,0,61483,16,Humano,Feliz,1683,Exposicao_Face
61500,17,394,514,6.08,0,61500,16,Humano,Feliz,1700,Exposicao_Face
61516,17,396,515,6.03,0,61516,16,Humano,Feliz,1716,Exposicao_Face
61533,17,393,514,6.06,0,61533,16,Humano,Feliz,1733,Exposicao_Face
61550,17,368,520,6.1,0,61550,16,Humano,Feliz,1750,Exposicao_Face
61566,17,392,502,6.11,0,61566,16,Humano,Feliz,1766,Exposicao_Face
61583,17,393,508,6.1,0,61583,16,Humano,Feliz,1783,Exposicao_Face
61600,17,393,495,6.03,0,61600,16,Humano,Feliz,1800,Exposicao_Face
61616,17,380,499,6.06,0,61616,16,Humano,Feliz,1816,Exposicao_Face
61633,17,392,508,6.05,0,61633,16,Humano,Feliz,1833,Exposicao_Face
61649,17,381,521,6.1,0,61649,16,Humano,Feliz,1849,Exposicao_Face
61666,17,382,501,5.97,0,61666,16,Humano,Feliz,1866,Exposicao_Face
61683,17,382,518,6.03,0,61683,16,Humano,Feliz,1883,Exposicao_Face
61699,17,396,524,6.11,0,61699,16,Humano,Feliz,1899,Exposicao_Face
61716,17,377,527,6.06,0,61716,16,Humano,Feliz,1916,Exposicao_Face
61733,17,378,505,6.11,0,61733,16,Humano,Feliz,1933,Exposicao_Face
61749,17,385,507,5.98,0,61749,16,Humano,Feliz,1949,Exposicao_Face
61766,17,388,512,5.97,0,61766,16,Humano,Feliz,1966,Exposicao_Face
61783,17,380,518,5.98,0,61783,16,Humano,Feliz,1983,Exposicao_Face
61799,17,385,513,5.94,0,61799,16,Humano,Feliz,1999,Exposicao_Face
61816,17,392,518,5.94,0,61816,16,Humano,Feliz,2016,Exposicao_Face
61832,17,380,520,5.94,0,61832,16,Humano,Feliz,2032,Exposicao_Face
61849,17,384,508,5.9,0,61849,16,Humano,Feliz,2049,Exposicao_Face
61866,17,396,498,5.9,0,61866,16,Humano,Feliz,2066,Exposicao_Face
61882,17,422,475,5.95,0,61882,16,Humano,Feliz,2082,Exposicao_Face
61899,17,483,424,6.03,0,61899,16,Humano,Feliz,2099,Exposicao_Face
61916,17,495,423,5.97,0,61916,16,Humano,Feliz,2116,Exposicao_Face
61932,17,495,408,5.95,0,61932,16,Humano,Feliz,2132,Exposicao_Face
61949,17,491,413,5.95,0,61949,16,Humano,Feliz,2149,Exposicao_Face
61966,17,491,402,6.03,0,61966,16,Humano,Feliz,2166,Exposicao_Face
61982,17,497,407,5.98,0,61982,16,Humano,Feliz,2182,Exposicao_Face
61999,17,495,422,6.0,0,61999,16,Humano,Feliz,2199,Exposicao_Face
62015,17,496,392,6.02,0,62015,16,Humano,Feliz,2215,Exposicao_Face
62032,17,495,391,5.92,0,62032,16,Humano,Feliz,2232,Exposicao_Face
62049,17,496,397,5.89,0,62049,16,Humano,Feliz,2249,Exposicao_Face
62065,17,494,414,5.86,0,62065,16,Humano,Feliz,2265,Exposicao_Face
62082,17,499,385,5.89,0,62082,16,Humano,Feliz,2282,Exposicao_Face
62099,17,498,396,5.86,0,62099,16,Humano,Feliz,2299,Exposicao_Face
62115,17,496,384,5.86,0,62115,16,Humano,Feliz,2315,Exposicao_Face
62132,17,493,393,5.87,0,62132,16,Humano,Feliz,2332,Exposicao_Face
62149,17,499,400,5.86,0,62149,16,Humano,Feliz,2349,Exposicao_Face
62165,17,496,404,5.82,0,62165,16,Humano,Feliz,2365,Exposicao_Face
62182,17,495,421,5.84,0,62182,16,Humano,Feliz,2382,Exposicao_Face
62198,17,497,401,5.82,0,62198,16,Humano,Feliz,2398,Exposicao_Face
62215,17,521,482,5.82,0,62215,16,Humano,Feliz,2415,Exposicao_Face
62232,17,568,412,5.81,0,62232,16,Humano,Feliz,2432,Exposicao_Face
62248,17,566,593,5.74,0,62248,16,Humano,Feliz,2448,Exposicao_Face
62265,17,552,575,5.73,0,62265,16,Humano,Feliz,2465,Exposicao_Face
62282,17,557,647,5.74,0,62282,16,Humano,Feliz,2482,Exposicao_Face
62298,17,553,659,5.66,0,62298,16,Humano,Feliz,2498,Exposicao_Face
62315,17,534,587,5.74,0,62315,16,Humano,Feliz,2515,Exposicao_Face
62332,17,547,641,5.63,0,62332,16,Humano,Feliz,2532,Exposicao_Face
62348,17,529,591,5.63,0,62348,16,Humano,Feliz,2548,Exposicao_Face
62365,17,543,568,5.63,0,62365,16,Humano,Feliz,2565,Exposicao_Face
62381,17,542,527,5.61,0,62381,16,Humano,Feliz,2581,Exposicao_Face
62398,17,543,515,5.6,0,62398,16,Humano,Feliz,2598,Exposicao_Face
62415,17,541,471,5.66,0,62415,16,Humano,Feliz,2615,Exposicao_Face
62431,17,547,571,5.65,0,62431,16,Humano,Feliz,2631,Exposicao_Face
62448,17,542,610,5.63,0,62448,16,Humano,Feliz,2648,Exposicao_Face
62465,17,541,620,5.61,0,62465,16,Humano,Feliz,2665,Exposicao_Face
62481,17,545,606,5.58,0,62481,16,Humano,Feliz,2681,Exposicao_Face
62498,17,543,614,5.58,0,62498,16,Humano,Feliz,2698,Exposicao_Face
62515,17,571,707,5.57,0,62515,16,Humano,Feliz,2715,Exposicao_Face
62531,17,584,833,5.63,0,62531,16,Humano,Feliz,2731,Exposicao_Face
62548,17,583,870,5.57,0,62548,16,Humano,Feliz,2748,Exposicao_Face
62564,17,586,867,5.5,0,62564,16,Humano,Feliz,2764,Exposicao_Face
62581,17,579,867,5.61,0,62581,16,Humano,Feliz,2781,Exposicao_Face
62598,17,578,864,5.53,0,62598,16,Humano,Feliz,2798,Exposicao_Face
62614,17,578,866,5.58,0,62614,16,Humano,Feliz,2814,Exposicao_Face
62631,17,578,858,5.58,0,62631,16,Humano,Feliz,2831,Exposicao_Face
62648,17,577,866,5.61,0,62648,16,Humano,Feliz,2848,Exposicao_Face
62664,17,575,858,5.57,0,62664,16,Humano,Feliz,2864,Exposicao_Face
62681,17,577,865,5.61,0,62681,16,Humano,Feliz,2881,Exposicao_Face
62697,17,575,864,5.66,0,62697,16,Humano,Feliz,2897,Exposicao_Face
62714,17,577,854,5.57,0,62714,16,Humano,Feliz,2914,Exposicao_Face
62731,17,579,860,5.57,0,62731,16,Humano,Feliz,2931,Exposicao_Face
62747,17,575,854,5.6,0,62747,16,Humano,Feliz,2947,Exposicao_Face
62764,17,575,864,5.55,0,62764,16,Humano,Feliz,2964,Exposicao_Face
62781,17,576,856,5.52,0,62781,16,Humano,Feliz,2981,Exposicao_Face
62797,17,578,730,5.52,0,62797,16,Humano,Feliz,2997,Exposicao_Face
62814,17,566,672,5.53,0,62814,16,Humano,Feliz,3014,Exposicao_Face
62831,17,554,541,5.42,0,62831,16,Humano,Feliz,3031,Exposicao_Face
62847,17,545,445,5.49,0,62847,16,Humano,Feliz,3047,Exposicao_Face
62864,17,533,384,5.55,0,62864,16,Humano,Feliz,3064,Exposicao_Face
62880,17,544,359,5.42,0,62880,16,Humano,Feliz,3080,Exposicao_Face
62897,17,547,358,5.44,0,62897,16,Humano,Feliz,3097,Exposicao_Face
62914,17,545,357,5.44,0,62914,16,Humano,Feliz,3114,Exposicao_Face
62930,17,551,358,5.49,0,62930,16,Humano,Feliz,3130,Exposicao_Face
62947,17,554,381,5.45,0,62947,16,Humano,Feliz,3147,Exposicao_Face
62964,17,549,376,5.42,0,62964,16,Humano,Feliz,3164,Exposicao_Face
62980,17,549,391,5.5,0,62980,16,Humano,Feliz,3180,Exposicao_Face
62997,17,550,369,5.41,0,62997,16,Humano,Feliz,3197,Exposicao_Face
63014,17,547,368,5.44,0,63014,16,Humano,Feliz,3214,Exposicao_Face
63030,17,549,365,5.42,0,63030,16,Humano,Feliz,3230,Exposicao_Face
63047,17,549,360,5.44,0,63047,16,Humano,Feliz,3247,Exposicao_Face
63063,17,551,367,5.42,0,63063,16,Humano,Feliz,3263,Exposicao_Face
63080,17,556,349,5.41,0,63080,16,Humano,Feliz,3280,Exposicao_Face
63097,17,553,363,5.42,0,63097,16,Humano,Feliz,3297,Exposicao_Face
63113,17,552,370,5.45,0,63113,16,Humano,Feliz,3313,Exposicao_Face
63130,17,557,379,5.5,0,63130,16,Humano,Feliz,3330,Exposicao_Face
63147,17,554,368,5.47,0,63147,16,Humano,Feliz,3347,Exposicao_Face
63163,17,549,381,5.47,0,63163,16,Humano,Feliz,3363,Exposicao_Face
63180,17,549,374,5.5,0,63180,16,Humano,Feliz,3380,Exposicao_Face
63197,17,553,377,5.52,0,63197,16,Humano,Feliz,3397,Exposicao_Face
63213,17,553,380,5.55,0,63213,16,Humano,Feliz,3413,Exposicao_Face
63230,17,555,356,5.53,0,63230,16,Humano,Feliz,3430,Exposicao_Face
63246,17,499,403,5.58,0,63246,16,Humano,Feliz,3446,Exposicao_Face
63263,17,526,413,5.6,0,63263,16,Humano,Feliz,3463,Exposicao_Face
63280,17,514,415,5.58,0,63280,16,Humano,Feliz,3480,Exposicao_Face
63296,17,516,419,5.58,0,63296,16,Humano,Feliz,3496,Exposicao_Face
63313,17,513,417,5.57,0,63313,16,Humano,Feliz,3513,Exposicao_Face
63330,17,518,411,5.57,0,63330,16,Humano,Feliz,3530,Exposicao_Face
63346,17,516,403,5.55,0,63346,16,Humano,Feliz,3546,Exposicao_Face
63363,17,520,408,5.61,0,63363,16,Humano,Feliz,3563,Exposicao_Face
63380,17,516,406,5.6,0,63380,16,Humano,Feliz,3580,Exposicao_Face
63396,17,508,411,5.58,0,63396,16,Humano,Feliz,3596,Exposicao_Face
63413,17,521,419,5.68,0,63413,16,Humano,Feliz,3613,Exposicao_Face
63429,17,518,403,5.6,0,63429,16,Humano,Feliz,3629,Exposicao_Face
63446,17,514,423,5.74,0,63446,16,Humano,Feliz,3646,Exposicao_Face
63463,17,511,428,5.71,0,63463,16,Humano,Feliz,3663,Exposicao_Face
63479,17,510,428,5.68,0,63479,16,Humano,Feliz,3679,Exposicao_Face
63496,17,513,409,5.69,0,63496,16,Humano,Feliz,3696,Exposicao_Face
63513,17,513,426,5.76,0,63513,16,Humano,Feliz,3713,Exposicao_Face
63529,17,512,440,5.81,0,63529,16,Humano,Feliz,3729,Exposicao_Face
63546,17,514,410,5.78,0,63546,16,Humano,Feliz,3746,Exposicao_Face
63563,17,510,430,5.81,0,63563,16,Humano,Feliz,3763,Exposicao_Face
63579,17,509,406,5.78,0,63579,16,Humano,Feliz,3779,Exposicao_Face
63596,17,516,435,5.79,0,63596,16,Humano,Feliz,3796,Exposicao_Face
63612,17,521,458,5.74,0,63612,16,Humano,Feliz,3812,Exposicao_Face
63629,17,521,472,5.82,0,63629,16,Humano,Feliz,3829,Exposicao_Face
63646,17,522,470,5.82,0,63646,16,Humano,Feliz,3846,Exposicao_Face
63662,17,521,446,5.79,0,63662,16,Humano,Feliz,3862,Exposicao_Face
63679,17,528,465,5.87,0,63679,16,Humano,Feliz,3879,Exposicao_Face
63696,17,525,453,5.82,0,63696,16,Humano,Feliz,3896,Exposicao_Face
63712,17,522,440,5.76,0,63712,16,Humano,Feliz,3912,Exposicao_Face
63729,17,519,448,5.74,0,63729,16,Humano,Feliz,3929,Exposicao_Face
63746,17,520,461,5.79,0,63746,16,Humano,Feliz,3946,Exposicao_Face
63762,17,514,459,5.89,0,63762,16,Humano,Feliz,3962,Exposicao_Face
63779,17,522,450,5.9,0,63779,16,Humano,Feliz,3979,Exposicao_Face
63795,17,517,455,5.87,0,63795,16,Humano,Feliz,3995,Exposicao_Face
63812,17,520,466,5.94,0,63812,17,Humano,Neutro,12,Janela_Baseline
63829,17,517,456,5.9,0,63829,17,Humano,Neutro,29,Janela_Baseline
63845,17,526,460,5.87,0,63845,17,Humano,Neutro,45,Janela_Baseline
63862,17,518,454,5.76,0,63862,17,Humano,Neutro,62,Janela_Baseline
63879,17,515,457,5.84,0,63879,17,Humano,Neutro,79,Janela_Baseline
63895,17,515,455,5.79,0,63895,17,Humano,Neutro,95,Janela_Baseline
63912,17,514,464,5.87,0,63912,17,Humano,Neutro,112,Janela_Baseline
63928,17,519,451,5.94,0,63928,17,Humano,Neutro,128,Janela_Baseline
63945,17,526,452,5.98,0,63945,17,Humano,Neutro,145,Janela_Baseline
63962,17,516,473,5.94,0,63962,17,Humano,Neutro,162,Janela_Baseline
63978,17,524,455,5.87,0,63978,17,Humano,Neutro,178,Janela_Baseline
63995,17,519,478,5.95,0,63995,17,Humano,Neutro,195,Janela_Baseline
64012,17,521,453,5.81,0,64012,17,Humano,Neutro,212,Janela_Baseline
64028,17,512,397,5.86,0,64028,17,Humano,Neutro,228,Janela_Baseline
64045,17,481,385,5.81,0,64045,17,Humano,Neutro,245,Janela_Baseline
64062,17,499,364,5.74,0,64062,17,Humano,Neutro,262,Janela_Baseline
64078,17,498,379,5.76,0,64078,17,Humano,Neutro,278,Janela_Baseline
64095,17,500,370,5.71,0,64095,17,Humano,Neutro,295,Janela_Baseline
64111,17,500,379,5.78,0,64111,17,Humano,Neutro,311,Janela_Baseline
64128,17,505,371,5.73,0,64128,17,Humano,Neutro,328,Janela_Baseline
64145,17,500,381,5.73,0,64145,17,Humano,Neutro,345,Janela_Baseline
64161,17,500,375,5.74,0,64161,17,Humano,Neutro,361,Janela_Baseline
64178,17,499,387,5.73,0,64178,17,Humano,Neutro,378,Janela_Baseline
64195,17,497,369,5.65,0,64195,17,Humano,Neutro,395,Janela_Baseline
64211,17,506,380,5.69,0,64211,17,Humano,Neutro,411,Janela_Baseline
64228,17,501,404,5.81,0,64228,17,Humano,Neutro,428,Janela_Baseline
64245,17,521,368,5.73,0,64245,17,Humano,Neutro,445,Janela_Baseline
64261,17,572,360,5.78,0,64261,17,Humano,Neutro,461,Janela_Baseline
64278,17,563,337,5.71,0,64278,17,Humano,Neutro,478,Janela_Baseline
64294,17,572,345,5.74,0,64294,17,Humano,Neutro,494,Janela_Baseline
64311,17,576,343,5.69,0,64311,17,Humano,Neutro,511,Janela_Baseline
64328,17,574,341,5.74,0,64328,17,Humano,Neutro,528,Janela_Baseline
64344,17,577,350,5.73,0,64344,17,Humano,Neutro,544,Janela_Baseline
64361,17,573,342,5.74,0,64361,17,Humano,Neutro,561,Janela_Baseline
64378,17,573,340,5.68,0,64378,17,Humano,Neutro,578,Janela_Baseline
64394,17,572,350,5.79,0,64394,17,Humano,Neutro,594,Janela_Baseline
64411,17,573,341,5.73,0,64411,17,Humano,Neutro,611,Janela_Baseline
64428,17,572,339,5.76,0,64428,17,Humano,Neutro,628,Janela_Baseline
64444,17,569,374,5.81,0,64444,17,Humano,Neutro,644,Janela_Baseline
64461,17,569,361,5.79,0,64461,17,Humano,Neutro,661,Janela_Baseline
64477,17,569,370,5.78,0,64477,17,Humano,Neutro,677,Janela_Baseline
64494,17,574,334,5.74,0,64494,17,Humano,Neutro,694,Janela_Baseline
64511,17,574,354,5.79,0,64511,17,Humano,Neutro,711,Janela_Baseline
64527,17,571,378,5.84,0,64527,17,Humano,Neutro,727,Janela_Baseline
64544,17,574,357,5.84,0,64544,17,Humano,Neutro,744,Janela_Baseline
64561,17,573,367,5.78,0,64561,17,Humano,Neutro,761,Janela_Baseline
64577,17,570,362,5.86,0,64577,17,Humano,Neutro,777,Janela_Baseline
64594,17,570,369,5.86,0,64594,17,Humano,Neutro,794,Janela_Baseline
64611,17,579,359,5.84,0,64611,17,Humano,Neutro,811,Janela_Baseline
64627,17,534,411,5.9,0,64627,17,Humano,Neutro,827,Janela_Baseline
64644,17,534,487,5.81,0,64644,17,Humano,Neutro,844,Janela_Baseline
64660,17,516,466,5.92,0,64660,17,Humano,Neutro,860,Janela_Baseline
64677,17,527,492,5.92,0,64677,17,Humano,Neutro,877,Janela_Baseline
64694,17,519,468,5.82,0,64694,17,Humano,Neutro,894,Janela_Baseline
64710,17,532,471,5.89,0,64710,17,Humano,Neutro,910,Janela_Baseline
64727,17,519,476,5.84,0,64727,17,Humano,Neutro,927,Janela_Baseline
64744,17,522,456,5.86,0,64744,17,Humano,Neutro,944,Janela_Baseline
64760,17,522,463,5.87,0,64760,17,Humano,Neutro,960,Janela_Baseline
64777,17,530,470,5.94,0,64777,17,Humano,Neutro,977,Janela_Baseline
64794,17,524,467,5.98,0,64794,17,Humano,Neutro,994,Janela_Baseline
64810,17,531,487,5.94,0,64810,17,Humano,Neutro,1010,Janela_Baseline
64827,17,519,464,5.92,0,64827,17,Humano,Neutro,1027,Janela_Baseline
64843,17,530,489,5.9,0,64843,17,Humano,Neutro,1043,Janela_Baseline
64860,17,529,481,5.9,0,64860,17,Humano,Neutro,1060,Janela_Baseline
64877,17,520,474,5.89,0,64877,17,Humano,Neutro,1077,Janela_Baseline
64893,17,519,470,5.86,0,64893,17,Humano,Neutro,1093,Janela_Baseline
64910,17,519,464,5.98,0,64910,17,Humano,Neutro,1110,Janela_Baseline
64927,17,524,474,5.92,0,64927,17,Humano,Neutro,1127,Janela_Baseline
64943,17,530,463,5.84,0,64943,17,Humano,Neutro,1143,Janela_Baseline
64960,17,516,463,5.9,0,64960,17,Humano,Neutro,1160,Janela_Baseline
64977,17,526,467,5.94,0,64977,17,Humano,Neutro,1177,Janela_Baseline
64993,17,518,512,6.03,0,64993,17,Humano,Neutro,1193,Janela_Baseline
65010,17,518,480,5.92,0,65010,17,Humano,Neutro,1210,Janela_Baseline
65026,17,526,484,5.98,0,65026,17,Humano,Neutro,1226,Janela_Baseline
65043,17,524,472,5.89,0,65043,17,Humano,Neutro,1243,Janela_Baseline
65060,17,530,477,6.0,0,65060,17,Humano,Neutro,1260,Janela_Baseline
65076,17,519,478,5.92,0,65076,17,Humano,Neutro,1276,Janela_Baseline
65093,17,521,494,5.97,0,65093,17,Humano,Neutro,1293,Janela_Baseline
65110,17,528,520,6.05,0,65110,17,Humano,Neutro,1310,Exposicao_Face
65126,17,530,494,5.98,0,65126,17,Humano,Neutro,1326,Exposicao_Face
65143,17,523,476,5.95,0,65143,17,Humano,Neutro,1343,Exposicao_Face
65159,17,523,479,5.9,0,65159,17,Humano,Neutro,1359,Exposicao_Face
65176,17,527,479,5.94,0,65176,17,Humano,Neutro,1376,Exposicao_Face
65193,17,526,485,5.97,0,65193,17,Humano,Neutro,1393,Exposicao_Face
65209,17,523,493,5.89,0,65209,17,Humano,Neutro,1409,Exposicao_Face
65226,17,526,500,5.95,0,65226,17,Humano,Neutro,1426,Exposicao_Face
65243,17,524,475,5.89,0,65243,17,Humano,Neutro,1443,Exposicao_Face
65259,17,520,500,5.89,0,65259,17,Humano,Neutro,1459,Exposicao_Face
65276,17,518,488,5.92,0,65276,17,Humano,Neutro,1476,Exposicao_Face
65293,17,526,504,5.86,0,65293,17,Humano,Neutro,1493,Exposicao_Face
65309,17,524,503,5.76,0,65309,17,Humano,Neutro,1509,Exposicao_Face
65326,17,522,486,5.76,0,65326,17,Humano,Neutro,1526,Exposicao_Face
65342,17,521,512,5.82,0,65342,17,Humano,Neutro,1542,Exposicao_Face
65359,17,521,489,5.74,0,65359,17,Humano,Neutro,1559,Exposicao_Face
65376,17,523,486,5.71,0,65376,17,Humano,Neutro,1576,Exposicao_Face
65392,17,520,495,5.74,0,65392,17,Humano,Neutro,1592,Exposicao_Face
65409,17,521,490,5.69,0,65409,17,Humano,Neutro,1609,Exposicao_Face
65426,17,520,470,5.68,0,65426,17,Humano,Neutro,1626,Exposicao_Face
65442,17,524,500,5.73,0,65442,17,Humano,Neutro,1642,Exposicao_Face
65459,17,521,482,5.57,0,65459,17,Humano,Neutro,1659,Exposicao_Face
65476,17,522,483,5.65,0,65476,17,Humano,Neutro,1676,Exposicao_Face
65492,17,517,504,5.61,0,65492,17,Humano,Neutro,1692,Exposicao_Face
65509,17,519,473,5.53,0,65509,17,Humano,Neutro,1709,Exposicao_Face
65525,17,522,476,5.5,0,65525,17,Humano,Neutro,1725,Exposicao_Face
65542,17,525,470,5.45,0,65542,17,Humano,Neutro,1742,Exposicao_Face
65559,17,526,481,5.52,0,65559,17,Humano,Neutro,1759,Exposicao_Face
65575,17,516,484,5.5,0,65575,17,Humano,Neutro,1775,Exposicao_Face
65592,17,534,501,5.47,0,65592,17,Humano,Neutro,1792,Exposicao_Face
65609,17,523,476,5.49,0,65609,17,Humano,Neutro,1809,Exposicao_Face
65625,17,529,483,5.45,0,65625,17,Humano,Neutro,1825,Exposicao_Face
65642,17,532,476,5.39,0,65642,17,Humano,Neutro,1842,Exposicao_Face
65659,17,529,480,5.47,0,65659,17,Humano,Neutro,1859,Exposicao_Face
65675,17,527,490,5.44,0,65675,17,Humano,Neutro,1875,Exposicao_Face
65692,17,531,478,5.44,0,65692,17,Humano,Neutro,1892,Exposicao_Face
65708,17,531,477,5.39,0,65708,17,Humano,Neutro,1908,Exposicao_Face
65725,17,533,486,5.41,0,65725,17,Humano,Neutro,1925,Exposicao_Face
65742,17,526,478,5.42,0,65742,17,Humano,Neutro,1942,Exposicao_Face
65758,17,526,483,5.39,0,65758,17,Humano,Neutro,1958,Exposicao_Face
65775,17,517,483,5.44,0,65775,17,Humano,Neutro,1975,Exposicao_Face
65792,17,535,486,5.41,0,65792,17,Humano,Neutro,1992,Exposicao_Face
65808,17,534,493,5.47,0,65808,17,Humano,Neutro,2008,Exposicao_Face
65825,17,533,489,5.42,0,65825,17,Humano,Neutro,2025,Exposicao_Face
65842,17,533,499,5.42,0,65842,17,Humano,Neutro,2042,Exposicao_Face
65858,17,524,497,5.41,0,65858,17,Humano,Neutro,2058,Exposicao_Face
65875,17,537,489,5.37,0,65875,17,Humano,Neutro,2075,Exposicao_Face
65891,17,535,492,5.47,0,65891,17,Humano,Neutro,2091,Exposicao_Face
65908,17,535,487,5.42,0,65908,17,Humano,Neutro,2108,Exposicao_Face
65925,17,533,489,5.39,0,65925,17,Humano,Neutro,2125,Exposicao_Face
65941,17,522,486,5.44,0,65941,17,Humano,Neutro,2141,Exposicao_Face
65958,17,537,441,5.41,0,65958,17,Humano,Neutro,2158,Exposicao_Face
65975,17,541,432,5.42,0,65975,17,Humano,Neutro,2175,Exposicao_Face
65991,17,542,425,5.41,0,65991,17,Humano,Neutro,2191,Exposicao_Face
66008,17,543,419,5.37,0,66008,17,Humano,Neutro,2208,Exposicao_Face
66025,17,541,415,5.44,0,66025,17,Humano,Neutro,2225,Exposicao_Face
66041,17,551,419,5.36,0,66041,17,Humano,Neutro,2241,Exposicao_Face
66058,17,541,422,5.42,0,66058,17,Humano,Neutro,2258,Exposicao_Face
66074,17,543,410,5.37,0,66074,17,Humano,Neutro,2274,Exposicao_Face
66091,17,544,404,5.41,0,66091,17,Humano,Neutro,2291,Exposicao_Face
66108,17,541,410,5.39,0,66108,17,Humano,Neutro,2308,Exposicao_Face
66124,17,542,412,5.37,0,66124,17,Humano,Neutro,2324,Exposicao_Face
66141,17,539,412,5.34,0,66141,17,Humano,Neutro,2341,Exposicao_Face
66158,17,536,420,5.39,0,66158,17,Humano,Neutro,2358,Exposicao_Face
66174,17,541,429,5.37,0,66174,17,Humano,Neutro,2374,Exposicao_Face
66191,17,564,357,5.39,0,66191,17,Humano,Neutro,2391,Exposicao_Face
66207,17,573,397,5.36,0,66207,17,Humano,Neutro,2407,Exposicao_Face
66224,17,585,589,5.39,0,66224,17,Humano,Neutro,2424,Exposicao_Face
66241,17,582,648,5.36,0,66241,17,Humano,Neutro,2441,Exposicao_Face
66257,17,577,742,5.44,0,66257,17,Humano,Neutro,2457,Exposicao_Face
66274,17,578,737,5.52,0,66274,17,Humano,Neutro,2474,Exposicao_Face
66291,17,555,715,5.42,0,66291,17,Humano,Neutro,2491,Exposicao_Face
66307,17,555,674,5.42,0,66307,17,Humano,Neutro,2507,Exposicao_Face
66324,17,555,627,5.41,0,66324,17,Humano,Neutro,2524,Exposicao_Face
66341,17,535,601,5.37,0,66341,17,Humano,Neutro,2541,Exposicao_Face
66357,17,538,541,5.47,0,66357,17,Humano,Neutro,2557,Exposicao_Face
66374,17,542,495,5.45,0,66374,17,Humano,Neutro,2574,Exposicao_Face
66390,17,543,477,5.42,0,66390,17,Humano,Neutro,2590,Exposicao_Face
66407,17,548,402,5.44,0,66407,17,Humano,Neutro,2607,Exposicao_Face
66424,17,547,343,5.45,0,66424,17,Humano,Neutro,2624,Exposicao_Face
66440,17,549,364,5.44,0,66440,17,Humano,Neutro,2640,Exposicao_Face
66457,17,547,311,5.44,0,66457,17,Humano,Neutro,2657,Exposicao_Face
66474,17,548,438,5.44,0,66474,17,Humano,Neutro,2674,Exposicao_Face
66490,17,542,453,5.47,0,66490,17,Humano,Neutro,2690,Exposicao_Face
66507,17,541,476,5.49,0,66507,17,Humano,Neutro,2707,Exposicao_Face
66524,17,544,463,5.52,0,66524,17,Humano,Neutro,2724,Exposicao_Face
66540,17,544,450,5.5,0,66540,17,Humano,Neutro,2740,Exposicao_Face
66557,17,543,442,5.5,0,66557,17,Humano,Neutro,2757,Exposicao_Face
66573,17,541,447,5.53,0,66573,17,Humano,Neutro,2773,Exposicao_Face
66590,17,533,450,5.53,0,66590,17,Humano,Neutro,2790,Exposicao_Face
66607,17,541,453,5.55,0,66607,17,Humano,Neutro,2807,Exposicao_Face
66623,17,542,443,5.53,0,66623,17,Humano,Neutro,2823,Exposicao_Face
66640,17,541,452,5.57,0,66640,17,Humano,Neutro,2840,Exposicao_Face
66657,17,545,450,5.71,0,66657,17,Humano,Neutro,2857,Exposicao_Face
66673,17,541,450,5.57,0,66673,17,Humano,Neutro,2873,Exposicao_Face
66690,17,538,477,5.55,0,66690,17,Humano,Neutro,2890,Exposicao_Face
66707,17,540,478,5.61,0,66707,17,Humano,Neutro,2907,Exposicao_Face
66723,17,540,458,5.57,0,66723,17,Humano,Neutro,2923,Exposicao_Face
66740,17,545,451,5.6,0,66740,17,Humano,Neutro,2940,Exposicao_Face
66756,17,543,459,5.6,0,66756,17,Humano,Neutro,2956,Exposicao_Face
66773,17,548,464,5.61,0,66773,17,Humano,Neutro,2973,Exposicao_Face
66790,17,541,477,5.58,0,66790,17,Humano,Neutro,2990,Exposicao_Face
66806,17,533,462,5.58,0,66806,17,Humano,Neutro,3006,Exposicao_Face
66823,17,587,508,5.65,0,66823,17,Humano,Neutro,3023,Exposicao_Face
66840,17,653,504,5.58,0,66840,17,Humano,Neutro,3040,Exposicao_Face
66856,17,667,531,5.6,0,66856,17,Humano,Neutro,3056,Exposicao_Face
66873,17,672,519,5.55,0,66873,17,Humano,Neutro,3073,Exposicao_Face
66890,17,690,511,5.53,0,66890,17,Humano,Neutro,3090,Exposicao_Face
66906,17,679,503,5.49,0,66906,17,Humano,Neutro,3106,Exposicao_Face
66923,17,675,522,5.55,0,66923,17,Humano,Neutro,3123,Exposicao_Face
66939,17,659,490,5.44,0,66939,17,Humano,Neutro,3139,Exposicao_Face
66956,17,583,437,5.57,0,66956,17,Humano,Neutro,3156,Exposicao_Face
66973,17,537,451,5.57,0,66973,17,Humano,Neutro,3173,Exposicao_Face
66989,17,552,399,5.47,0,66989,17,Humano,Neutro,3189,Exposicao_Face
67006,17,538,424,5.47,0,67006,17,Humano,Neutro,3206,Exposicao_Face
67023,17,534,407,5.47,0,67023,17,Humano,Neutro,3223,Exposicao_Face
67039,17,524,454,5.53,0,67039,17,Humano,Neutro,3239,Exposicao_Face
67056,17,535,439,5.53,0,67056,17,Humano,Neutro,3256,Exposicao_Face
67073,17,536,431,5.45,0,67073,17,Humano,Neutro,3273,Exposicao_Face
67089,17,536,426,5.52,0,67089,17,Humano,Neutro,3289,Exposicao_Face
67106,17,536,411,5.42,0,67106,17,Humano,Neutro,3306,Exposicao_Face
67122,17,535,421,5.49,0,67122,17,Humano,Neutro,3322,Exposicao_Face
67139,17,531,392,5.49,0,67139,17,Humano,Neutro,3339,Exposicao_Face
67156,17,536,419,5.45,0,67156,17,Humano,Neutro,3356,Exposicao_Face
67172,17,533,407,5.49,0,67172,17,Humano,Neutro,3372,Exposicao_Face
67189,17,531,424,5.55,0,67189,17,Humano,Neutro,3389,Exposicao_Face
67206,17,536,416,5.45,0,67206,17,Humano,Neutro,3406,Exposicao_Face
67222,17,526,413,5.41,0,67222,17,Humano,Neutro,3422,Exposicao_Face
67239,17,536,416,5.45,0,67239,17,Humano,Neutro,3439,Exposicao_Face
67256,17,535,403,5.39,0,67256,17,Humano,Neutro,3456,Exposicao_Face
67272,17,533,408,5.41,0,67272,17,Humano,Neutro,3472,Exposicao_Face
67289,17,530,390,5.39,0,67289,17,Humano,Neutro,3489,Exposicao_Face
67305,17,489,366,5.42,0,67305,17,Humano,Neutro,3505,Exposicao_Face
67322,17,493,361,5.42,0,67322,17,Humano,Neutro,3522,Exposicao_Face
67339,17,489,364,5.39,0,67339,17,Humano,Neutro,3539,Exposicao_Face
67355,17,487,380,5.44,0,67355,17,Humano,Neutro,3555,Exposicao_Face
67372,17,493,376,5.49,0,67372,17,Humano,Neutro,3572,Exposicao_Face
67389,17,489,372,5.42,0,67389,17,Humano,Neutro,3589,Exposicao_Face
67405,17,488,382,5.41,0,67405,17,Humano,Neutro,3605,Exposicao_Face
67422,17,490,358,5.41,0,67422,17,Humano,Neutro,3622,Exposicao_Face
67438,17,488,363,5.44,0,67438,17,Humano,Neutro,3638,Exposicao_Face
67455,17,493,367,5.34,0,67455,17,Humano,Neutro,3655,Exposicao_Face
67472,17,489,372,5.45,0,67472,17,Humano,Neutro,3672,Exposicao_Face
67488,17,499,374,5.44,0,67488,17,Humano,Neutro,3688,Exposicao_Face
67505,17,489,386,5.44,0,67505,17,Humano,Neutro,3705,Exposicao_Face
67522,17,495,386,5.45,0,67522,17,Humano,Neutro,3722,Exposicao_Face
67538,17,492,371,5.41,0,67538,17,Humano,Neutro,3738,Exposicao_Face
67555,17,492,373,5.47,0,67555,17,Humano,Neutro,3755,Exposicao_Face
67572,17,461,367,5.45,0,67572,17,Humano,Neutro,3772,Exposicao_Face
67588,17,468,362,5.42,0,67588,17,Humano,Neutro,3788,Exposicao_Face
67605,17,467,372,5.41,0,67605,17,Humano,Neutro,3805,Exposicao_Face
67621,17,459,387,5.42,0,67621,17,Humano,Neutro,3821,Exposicao_Face
67638,17,459,349,5.39,0,67638,17,Humano,Neutro,3838,Exposicao_Face
67655,17,463,361,5.37,0,67655,17,Humano,Neutro,3855,Exposicao_Face
67671,17,467,358,5.42,0,67671,17,Humano,Neutro,3871,Exposicao_Face
67688,17,463,365,5.37,0,67688,17,Humano,Neutro,3888,Exposicao_Face
67705,17,466,368,5.37,0,67705,17,Humano,Neutro,3905,Exposicao_Face
67721,17,467,357,5.29,0,67721,17,Humano,Neutro,3921,Exposicao_Face
67738,17,464,349,5.31,0,67738,17,Humano,Neutro,3938,Exposicao_Face
67755,17,467,371,5.34,0,67755,17,Humano,Neutro,3955,Exposicao_Face
67771,17,459,357,5.33,0,67771,17,Humano,Neutro,3971,Exposicao_Face
67788,17,463,361,5.33,0,67788,17,Humano,Neutro,3988,Exposicao_Face
67804,17,468,348,5.37,0,67804,18,Humano,Raiva,4,Janela_Baseline
67821,17,457,365,5.36,0,67821,18,Humano,Raiva,21,Janela_Baseline
67838,17,465,369,5.36,0,67838,18,Humano,Raiva,38,Janela_Baseline
67854,17,461,362,5.33,0,67854,18,Humano,Raiva,54,Janela_Baseline
67871,17,464,350,5.28,0,67871,18,Humano,Raiva,71,Janela_Baseline
67888,17,472,361,5.29,0,67888,18,Humano,Raiva,88,Janela_Baseline
67904,17,460,354,5.31,0,67904,18,Humano,Raiva,104,Janela_Baseline
67921,17,463,362,5.33,0,67921,18,Humano,Raiva,121,Janela_Baseline
67938,17,463,343,5.26,0,67938,18,Humano,Raiva,138,Janela_Baseline
67954,17,463,359,5.29,0,67954,18,Humano,Raiva,154,Janela_Baseline
67971,17,459,344,5.25,0,67971,18,Humano,Raiva,171,Janela_Baseline
67987,17,467,350,5.28,0,67987,18,Humano,Raiva,187,Janela_Baseline
68004,17,462,337,5.29,0,68004,18,Humano,Raiva,204,Janela_Baseline
68021,17,460,337,5.17,0,68021,18,Humano,Raiva,221,Janela_Baseline
68037,17,466,348,5.28,0,68037,18,Humano,Raiva,237,Janela_Baseline
68054,17,468,338,5.29,0,68054,18,Humano,Raiva,254,Janela_Baseline
68071,17,465,364,5.37,0,68071,18,Humano,Raiva,271,Janela_Baseline
68087,17,460,356,5.34,0,68087,18,Humano,Raiva,287,Janela_Baseline
68104,17,462,356,5.37,0,68104,18,Humano,Raiva,304,Janela_Baseline
68121,17,456,367,5.34,0,68121,18,Humano,Raiva,321,Janela_Baseline
68137,17,466,356,5.37,0,68137,18,Humano,Raiva,337,Janela_Baseline
68154,17,462,337,5.31,0,68154,18,Humano,Raiva,354,Janela_Baseline
68170,17,464,343,5.34,0,68170,18,Humano,Raiva,370,Janela_Baseline
68187,17,468,335,5.41,0,68187,18,Humano,Raiva,387,Janela_Baseline
68204,17,467,347,5.36,0,68204,18,Humano,Raiva,404,Janela_Baseline
68220,17,465,356,5.47,0,68220,18,Humano,Raiva,420,Janela_Baseline
68237,17,447,352,5.42,0,68237,18,Humano,Raiva,437,Janela_Baseline
68254,17,457,368,5.52,0,68254,18,Humano,Raiva,454,Janela_Baseline
68270,17,453,369,5.45,0,68270,18,Humano,Raiva,470,Janela_Baseline
68287,17,447,363,5.45,0,68287,18,Humano,Raiva,487,Janela_Baseline
68304,17,462,356,5.41,0,68304,18,Humano,Raiva,504,Janela_Baseline
68320,17,446,398,5.5,0,68320,18,Humano,Raiva,520,Janela_Baseline
68337,17,452,364,5.5,0,68337,18,Humano,Raiva,537,Janela_Baseline
68353,17,461,380,5.63,0,68353,18,Humano,Raiva,553,Janela_Baseline
68370,17,456,362,5.52,0,68370,18,Humano,Raiva,570,Janela_Baseline
68387,17,448,372,5.55,0,68387,18,Humano,Raiva,587,Janela_Baseline
68403,17,454,374,5.58,0,68403,18,Humano,Raiva,603,Janela_Baseline
68420,17,448,362,5.42,0,68420,18,Humano,Raiva,620,Janela_Baseline
68437,17,474,400,5.6,0,68437,18,Humano,Raiva,637,Janela_Baseline
68453,17,529,466,5.66,0,68453,18,Humano,Raiva,653,Janela_Baseline
68470,17,510,472,5.71,0,68470,18,Humano,Raiva,670,Janela_Baseline
68486,17,527,488,5.76,0,68486,18,Humano,Raiva,686,Janela_Baseline
68503,17,520,468,5.73,0,68503,18,Humano,Raiva,703,Janela_Baseline
68520,17,529,455,5.65,0,68520,18,Humano,Raiva,720,Janela_Baseline
68536,17,513,453,5.58,0,68536,18,Humano,Raiva,736,Janela_Baseline
68553,17,532,479,5.66,0,68553,18,Humano,Raiva,753,Janela_Baseline
68570,17,529,469,5.66,0,68570,18,Humano,Raiva,770,Janela_Baseline
68586,17,523,465,5.69,0,68586,18,Humano,Raiva,786,Janela_Baseline
68603,17,529,479,5.61,0,68603,18,Humano,Raiva,803,Janela_Baseline
68620,17,524,465,5.6,0,68620,18,Humano,Raiva,820,Janela_Baseline
68636,17,529,458,5.57,0,68636,18,Humano,Raiva,836,Janela_Baseline
68653,17,523,476,5.63,0,68653,18,Humano,Raiva,853,Janela_Baseline
68669,17,527,468,5.6,0,68669,18,Humano,Raiva,869,Janela_Baseline
68686,17,528,460,5.63,0,68686,18,Humano,Raiva,886,Janela_Baseline
68703,17,525,475,5.55,0,68703,18,Humano,Raiva,903,Janela_Baseline
68719,17,516,471,5.55,0,68719,18,Humano,Raiva,919,Janela_Baseline
68736,17,518,473,5.52,0,68736,18,Humano,Raiva,936,Janela_Baseline
68753,17,526,470,5.66,0,68753,18,Humano,Raiva,953,Janela_Baseline
68769,17,527,453,5.53,0,68769,18,Humano,Raiva,969,Janela_Baseline
68786,17,529,468,5.55,0,68786,18,Humano,Raiva,986,Janela_Baseline
68803,17,516,471,5.45,0,68803,18,Humano,Raiva,1003,Janela_Baseline
68819,17,530,471,5.47,0,68819,18,Humano,Raiva,1019,Janela_Baseline
68836,17,523,457,5.5,0,68836,18,Humano,Raiva,1036,Janela_Baseline
68852,17,532,457,5.49,0,68852,18,Humano,Raiva,1052,Janela_Baseline
68869,17,518,477,5.53,0,68869,18,Humano,Raiva,1069,Janela_Baseline
68886,17,532,438,5.5,0,68886,18,Humano,Raiva,1086,Janela_Baseline
68902,17,545,379,5.47,0,68902,18,Humano,Raiva,1102,Janela_Baseline
68919,17,542,368,5.5,0,68919,18,Humano,Raiva,1119,Janela_Baseline
68936,17,550,384,5.45,0,68936,18,Humano,Raiva,1136,Janela_Baseline
68952,17,545,364,5.45,0,68952,18,Humano,Raiva,1152,Janela_Baseline
68969,17,545,371,5.44,0,68969,18,Humano,Raiva,1169,Janela_Baseline
68986,17,549,378,5.5,0,68986,18,Humano,Raiva,1186,Janela_Baseline
69002,17,546,363,5.41,0,69002,18,Humano,Raiva,1202,Janela_Baseline
69019,17,542,366,5.42,0,69019,18,Humano,Raiva,1219,Janela_Baseline
69035,17,549,363,5.44,0,69035,18,Humano,Raiva,1235,Janela_Baseline
69052,17,546,392,5.53,0,69052,18,Humano,Raiva,1252,Janela_Baseline
69069,17,542,378,5.49,0,69069,18,Humano,Raiva,1269,Janela_Baseline
69085,17,547,372,5.49,0,69085,18,Humano,Raiva,1285,Janela_Baseline
69102,17,543,391,5.57,0,69102,18,Humano,Raiva,1302,Exposicao_Face
69119,17,542,370,5.44,0,69119,18,Humano,Raiva,1319,Exposicao_Face
69135,17,541,364,5.47,0,69135,18,Humano,Raiva,1335,Exposicao_Face
69152,17,543,364,5.45,0,69152,18,Humano,Raiva,1352,Exposicao_Face
69169,17,543,352,5.44,0,69169,18,Humano,Raiva,1369,Exposicao_Face
69185,17,544,371,5.44,0,69185,18,Humano,Raiva,1385,Exposicao_Face
69202,17,547,368,5.55,0,69202,18,Humano,Raiva,1402,Exposicao_Face
69218,17,546,370,5.47,0,69218,18,Humano,Raiva,1418,Exposicao_Face
69235,17,548,348,5.52,0,69235,18,Humano,Raiva,1435,Exposicao_Face
69252,17,548,347,5.49,0,69252,18,Humano,Raiva,1452,Exposicao_Face
69268,17,542,368,5.5,0,69268,18,Humano,Raiva,1468,Exposicao_Face
69285,17,543,381,5.58,0,69285,18,Humano,Raiva,1485,Exposicao_Face
69302,17,546,345,5.45,0,69302,18,Humano,Raiva,1502,Exposicao_Face
69318,17,542,364,5.5,0,69318,18,Humano,Raiva,1518,Exposicao_Face
69335,17,546,350,5.5,0,69335,18,Humano,Raiva,1535,Exposicao_Face
69352,17,540,352,5.5,0,69352,18,Humano,Raiva,1552,Exposicao_Face
69368,17,546,360,5.57,0,69368,18,Humano,Raiva,1568,Exposicao_Face
69385,17,545,366,5.53,0,69385,18,Humano,Raiva,1585,Exposicao_Face
69401,17,549,368,5.55,0,69401,18,Humano,Raiva,1601,Exposicao_Face
69418,17,547,376,5.53,0,69418,18,Humano,Raiva,1618,Exposicao_Face
69435,17,547,366,5.58,0,69435,18,Humano,Raiva,1635,Exposicao_Face
69451,17,541,384,5.63,0,69451,18,Humano,Raiva,1651,Exposicao_Face
69468,17,547,368,5.61,0,69468,18,Humano,Raiva,1668,Exposicao_Face
69485,17,542,371,5.6,0,69485,18,Humano,Raiva,1685,Exposicao_Face
69501,17,544,385,5.65,0,69501,18,Humano,Raiva,1701,Exposicao_Face
69518,17,541,380,5.66,0,69518,18,Humano,Raiva,1718,Exposicao_Face
69535,17,548,357,5.6,0,69535,18,Humano,Raiva,1735,Exposicao_Face
69551,17,544,368,5.63,0,69551,18,Humano,Raiva,1751,Exposicao_Face
69568,17,546,376,5.6,0,69568,18,Humano,Raiva,1768,Exposicao_Face
69584,17,545,398,5.71,0,69584,18,Humano,Raiva,1784,Exposicao_Face
69601,17,545,379,5.66,0,69601,18,Humano,Raiva,1801,Exposicao_Face
69618,17,541,379,5.63,0,69618,18,Humano,Raiva,1818,Exposicao_Face
69634,17,541,380,5.63,0,69634,18,Humano,Raiva,1834,Exposicao_Face
69651,17,544,381,5.63,0,69651,18,Humano,Raiva,1851,Exposicao_Face
69668,17,547,368,5.6,0,69668,18,Humano,Raiva,1868,Exposicao_Face
69684,17,542,359,5.63,0,69684,18,Humano,Raiva,1884,Exposicao_Face
69701,17,545,370,5.61,0,69701,18,Humano,Raiva,1901,Exposicao_Face
69717,17,541,374,5.65,0,69717,18,Humano,Raiva,1917,Exposicao_Face
69734,17,549,363,5.65,0,69734,18,Humano,Raiva,1934,Exposicao_Face
69751,17,534,395,5.63,0,69751,18,Humano,Raiva,1951,Exposicao_Face
69767,17,499,369,5.65,0,69767,18,Humano,Raiva,1967,Exposicao_Face
69784,17,496,370,5.61,0,69784,18,Humano,Raiva,1984,Exposicao_Face
69801,17,481,381,5.66,0,69801,18,Humano,Raiva,2001,Exposicao_Face
69817,17,478,344,5.6,0,69817,18,Humano,Raiva,2017,Exposicao_Face
69834,17,486,372,5.73,0,69834,18,Humano,Raiva,2034,Exposicao_Face
69851,17,491,363,5.69,0,69851,18,Humano,Raiva,2051,Exposicao_Face
69867,17,482,360,5.69,0,69867,18,Humano,Raiva,2067,Exposicao_Face
69884,17,488,378,5.74,0,69884,18,Humano,Raiva,2084,Exposicao_Face
69900,17,488,378,5.74,0,69900,18,Humano,Raiva,2100,Exposicao_Face
69917,17,490,379,5.68,0,69917,18,Humano,Raiva,2117,Exposicao_Face
69934,17,479,352,5.68,0,69934,18,Humano,Raiva,2134,Exposicao_Face
69950,17,492,351,5.68,0,69950,18,Humano,Raiva,2150,Exposicao_Face
69967,17,490,350,5.65,0,69967,18,Humano,Raiva,2167,Exposicao_Face
69984,17,482,347,5.66,0,69984,18,Humano,Raiva,2184,Exposicao_Face
70000,17,494,343,5.61,0,70000,18,Humano,Raiva,2200,Exposicao_Face
70017,17,483,357,5.68,0,70017,18,Humano,Raiva,2217,Exposicao_Face
70034,17,486,367,5.73,0,70034,18,Humano,Raiva,2234,Exposicao_Face
70050,17,481,380,5.78,0,70050,18,Humano,Raiva,2250,Exposicao_Face
70067,17,497,374,5.68,0,70067,18,Humano,Raiva,2267,Exposicao_Face
70083,17,528,395,5.73,0,70083,18,Humano,Raiva,2283,Exposicao_Face
70100,17,506,401,5.78,0,70100,18,Humano,Raiva,2300,Exposicao_Face
70117,17,516,400,5.81,0,70117,18,Humano,Raiva,2317,Exposicao_Face
70133,17,515,398,5.79,0,70133,18,Humano,Raiva,2333,Exposicao_Face
70150,17,513,407,5.79,0,70150,18,Humano,Raiva,2350,Exposicao_Face
70167,17,523,396,5.74,0,70167,18,Humano,Raiva,2367,Exposicao_Face
70183,17,516,385,5.69,0,70183,18,Humano,Raiva,2383,Exposicao_Face
70200,17,508,398,5.78,0,70200,18,Humano,Raiva,2400,Exposicao_Face
70217,17,511,403,5.79,0,70217,18,Humano,Raiva,2417,Exposicao_Face
70233,17,516,403,5.81,0,70233,18,Humano,Raiva,2433,Exposicao_Face
70250,17,516,401,5.73,0,70250,18,Humano,Raiva,2450,Exposicao_Face
70266,17,515,411,5.84,0,70266,18,Humano,Raiva,2466,Exposicao_Face
70283,17,510,400,5.81,0,70283,18,Humano,Raiva,2483,Exposicao_Face
70300,17,518,398,5.76,0,70300,18,Humano,Raiva,2500,Exposicao_Face
70316,17,518,390,5.71,0,70316,18,Humano,Raiva,2516,Exposicao_Face
70333,17,512,404,5.79,0,70333,18,Humano,Raiva,2533,Exposicao_Face
70350,17,510,397,5.78,0,70350,18,Humano,Raiva,2550,Exposicao_Face
70366,17,507,401,5.81,0,70366,18,Humano,Raiva,2566,Exposicao_Face
70383,17,506,412,5.89,0,70383,18,Humano,Raiva,2583,Exposicao_Face
70400,17,509,399,5.74,0,70400,18,Humano,Raiva,2600,Exposicao_Face
70416,17,508,392,5.78,0,70416,18,Humano,Raiva,2616,Exposicao_Face
70433,17,511,420,5.74,0,70433,18,Humano,Raiva,2633,Exposicao_Face
70449,17,510,386,5.71,0,70449,18,Humano,Raiva,2649,Exposicao_Face
70466,17,510,394,5.66,0,70466,18,Humano,Raiva,2666,Exposicao_Face
70483,17,511,395,5.68,0,70483,18,Humano,Raiva,2683,Exposicao_Face
70499,17,513,403,5.76,0,70499,18,Humano,Raiva,2699,Exposicao_Face
70516,17,510,405,5.73,0,70516,18,Humano,Raiva,2716,Exposicao_Face
70533,17,510,405,5.73,0,70533,18,Humano,Raiva,2733,Exposicao_Face
70549,17,512,400,5.68,0,70549,18,Humano,Raiva,2749,Exposicao_Face
70566,17,508,384,5.71,0,70566,18,Humano,Raiva,2766,Exposicao_Face
70583,17,510,386,5.71,0,70583,18,Humano,Raiva,2783,Exposicao_Face
70599,17,510,391,5.71,0,70599,18,Humano,Raiva,2799,Exposicao_Face
70616,17,511,388,5.68,0,70616,18,Humano,Raiva,2816,Exposicao_Face
70632,17,505,400,5.76,0,70632,18,Humano,Raiva,2832,Exposicao_Face
70649,17,512,394,5.71,0,70649,18,Humano,Raiva,2849,Exposicao_Face
70666,17,509,418,5.79,0,70666,18,Humano,Raiva,2866,Exposicao_Face
70682,17,509,384,5.69,0,70682,18,Humano,Raiva,2882,Exposicao_Face
70699,17,515,413,5.79,0,70699,18,Humano,Raiva,2899,Exposicao_Face
70716,17,510,418,5.74,0,70716,18,Humano,Raiva,2916,Exposicao_Face
70732,17,507,393,5.78,0,70732,18,Humano,Raiva,2932,Exposicao_Face
70749,17,506,415,5.81,0,70749,18,Humano,Raiva,2949,Exposicao_Face
70765,17,472,481,5.71,0,70765,18,Humano,Raiva,2965,Exposicao_Face
70782,17,441,568,5.68,0,70782,18,Humano,Raiva,2982,Exposicao_Face
70799,17,426,664,5.76,0,70799,18,Humano,Raiva,2999,Exposicao_Face
70815,17,401,698,5.74,0,70815,18,Humano,Raiva,3015,Exposicao_Face
70832,17,413,686,5.66,0,70832,18,Humano,Raiva,3032,Exposicao_Face
70849,17,406,693,5.74,0,70849,18,Humano,Raiva,3049,Exposicao_Face
70865,17,404,730,5.76,0,70865,18,Humano,Raiva,3065,Exposicao_Face
70882,17,399,736,5.81,0,70882,18,Humano,Raiva,3082,Exposicao_Face
70899,17,400,716,5.74,0,70899,18,Humano,Raiva,3099,Exposicao_Face
70915,17,402,694,5.74,0,70915,18,Humano,Raiva,3115,Exposicao_Face
70932,17,404,692,5.84,0,70932,18,Humano,Raiva,3132,Exposicao_Face
70948,17,405,733,5.74,0,70948,18,Humano,Raiva,3148,Exposicao_Face
70965,17,401,751,5.86,0,70965,18,Humano,Raiva,3165,Exposicao_Face
70982,17,405,738,5.89,0,70982,18,Humano,Raiva,3182,Exposicao_Face
70998,17,398,743,5.78,0,70998,18,Humano,Raiva,3198,Exposicao_Face
71015,17,408,697,5.81,0,71015,18,Humano,Raiva,3215,Exposicao_Face
71032,17,406,688,5.87,0,71032,18,Humano,Raiva,3232,Exposicao_Face
71048,17,405,691,5.86,0,71048,18,Humano,Raiva,3248,Exposicao_Face
71065,17,405,688,5.82,0,71065,18,Humano,Raiva,3265,Exposicao_Face
71082,17,406,693,5.79,0,71082,18,Humano,Raiva,3282,Exposicao_Face
71098,17,452,636,5.92,0,71098,18,Humano,Raiva,3298,Exposicao_Face
71115,17,480,542,5.81,0,71115,18,Humano,Raiva,3315,Exposicao_Face
71131,17,503,481,5.86,0,71131,18,Humano,Raiva,3331,Exposicao_Face
71148,17,500,476,5.81,0,71148,18,Humano,Raiva,3348,Exposicao_Face
71165,17,508,467,5.79,0,71165,18,Humano,Raiva,3365,Exposicao_Face
71181,17,511,451,5.73,0,71181,18,Humano,Raiva,3381,Exposicao_Face
71198,17,514,453,5.71,0,71198,18,Humano,Raiva,3398,Exposicao_Face
71215,17,513,453,5.68,0,71215,18,Humano,Raiva,3415,Exposicao_Face
71231,17,516,476,5.76,0,71231,18,Humano,Raiva,3431,Exposicao_Face
71248,17,515,474,5.71,0,71248,18,Humano,Raiva,3448,Exposicao_Face
71265,17,515,467,5.68,0,71265,18,Humano,Raiva,3465,Exposicao_Face
71281,17,515,455,5.6,0,71281,18,Humano,Raiva,3481,Exposicao_Face
71298,17,510,475,5.71,0,71298,18,Humano,Raiva,3498,Exposicao_Face
71314,17,516,460,5.69,0,71314,18,Humano,Raiva,3514,Exposicao_Face
71331,17,516,460,5.63,0,71331,18,Humano,Raiva,3531,Exposicao_Face
71348,17,516,470,5.63,0,71348,18,Humano,Raiva,3548,Exposicao_Face
71364,17,516,439,5.5,0,71364,18,Humano,Raiva,3564,Exposicao_Face
71381,17,512,463,5.66,0,71381,18,Humano,Raiva,3581,Exposicao_Face
71398,17,505,466,5.61,0,71398,18,Humano,Raiva,3598,Exposicao_Face
71414,17,510,461,5.63,0,71414,18,Humano,Raiva,3614,Exposicao_Face
71431,17,514,460,5.58,0,71431,18,Humano,Raiva,3631,Exposicao_Face
71448,17,510,464,5.61,0,71448,18,Humano,Raiva,3648,Exposicao_Face
71464,17,510,459,5.58,0,71464,18,Humano,Raiva,3664,Exposicao_Face
71481,17,512,476,5.6,0,71481,18,Humano,Raiva,3681,Exposicao_Face
71497,17,512,441,5.65,0,71497,18,Humano,Raiva,3697,Exposicao_Face
71514,17,521,371,5.58,0,71514,18,Humano,Raiva,3714,Exposicao_Face
71531,17,535,371,5.69,0,71531,18,Humano,Raiva,3731,Exposicao_Face
71547,17,530,367,5.69,0,71547,18,Humano,Raiva,3747,Exposicao_Face
71564,17,537,364,5.69,0,71564,18,Humano,Raiva,3764,Exposicao_Face
71581,17,532,364,5.68,0,71581,18,Humano,Raiva,3781,Exposicao_Face
71597,17,534,369,5.69,0,71597,18,Humano,Raiva,3797,Exposicao_Face
71614,17,534,353,5.69,0,71614,18,Humano,Raiva,3814,Exposicao_Face
71631,17,530,362,5.71,0,71631,18,Humano,Raiva,3831,Exposicao_Face
71647,17,528,370,5.73,0,71647,18,Humano,Raiva,3847,Exposicao_Face
71664,17,529,363,5.71,0,71664,18,Humano,Raiva,3864,Exposicao_Face
71680,17,535,374,5.79,0,71680,18,Humano,Raiva,3880,Exposicao_Face
71697,17,536,364,5.69,0,71697,18,Humano,Raiva,3897,Exposicao_Face
71714,17,536,346,5.81,0,71714,18,Humano,Raiva,3914,Exposicao_Face
71730,17,538,375,5.71,0,71730,18,Humano,Raiva,3930,Exposicao_Face
71747,17,533,359,5.78,0,71747,18,Humano,Raiva,3947,Exposicao_Face
71764,17,533,350,5.78,0,71764,18,Humano,Raiva,3964,Exposicao_Face
71780,17,533,360,5.74,0,71780,18,Humano,Raiva,3980,Exposicao_Face
71797,17,530,359,5.73,0,71797,18,Humano,Raiva,3997,Exposicao_Face
71814,17,526,365,5.84,0,71814,19,Humano,Feliz,14,Janela_Baseline
71830,17,535,355,5.78,0,71830,19,Humano,Feliz,30,Janela_Baseline
71847,17,531,357,5.9,0,71847,19,Humano,Feliz,47,Janela_Baseline
71863,17,530,375,5.95,0,71863,19,Humano,Feliz,63,Janela_Baseline
71880,17,535,361,5.87,0,71880,19,Humano,Feliz,80,Janela_Baseline
71897,17,527,381,5.79,0,71897,19,Humano,Feliz,97,Janela_Baseline
71913,17,475,367,5.82,0,71913,19,Humano,Feliz,113,Janela_Baseline
71930,17,477,353,5.82,0,71930,19,Humano,Feliz,130,Janela_Baseline
71947,17,469,344,5.71,0,71947,19,Humano,Feliz,147,Janela_Baseline
71963,17,470,352,5.71,0,71963,19,Humano,Feliz,163,Janela_Baseline
71980,17,472,369,5.81,0,71980,19,Humano,Feliz,180,Janela_Baseline
71996,17,474,365,5.87,0,71996,19,Humano,Feliz,196,Janela_Baseline
72013,17,475,355,5.79,0,72013,19,Humano,Feliz,213,Janela_Baseline
72030,17,475,358,5.79,0,72030,19,Humano,Feliz,230,Janela_Baseline
72046,17,475,389,5.86,0,72046,19,Humano,Feliz,246,Janela_Baseline
72063,17,474,361,5.86,0,72063,19,Humano,Feliz,263,Janela_Baseline
72080,17,473,364,5.81,0,72080,19,Humano,Feliz,280,Janela_Baseline
72096,17,473,366,5.84,0,72096,19,Humano,Feliz,296,Janela_Baseline
72113,17,471,352,5.84,0,72113,19,Humano,Feliz,313,Janela_Baseline
72130,17,469,368,5.87,0,72130,19,Humano,Feliz,330,Janela_Baseline
72146,17,478,352,5.86,0,72146,19,Humano,Feliz,346,Janela_Baseline
72163,17,481,358,5.81,0,72163,19,Humano,Feliz,363,Janela_Baseline
72179,17,477,354,5.87,0,72179,19,Humano,Feliz,379,Janela_Baseline
72196,17,479,338,5.79,0,72196,19,Humano,Feliz,396,Janela_Baseline
72213,17,480,359,5.87,0,72213,19,Humano,Feliz,413,Janela_Baseline
72229,17,476,375,5.81,0,72229,19,Humano,Feliz,429,Janela_Baseline
72246,17,470,350,5.76,0,72246,19,Humano,Feliz,446,Janela_Baseline
72263,17,471,361,5.84,0,72263,19,Humano,Feliz,463,Janela_Baseline
72279,17,476,362,5.82,0,72279,19,Humano,Feliz,479,Janela_Baseline
72296,17,478,363,5.87,0,72296,19,Humano,Feliz,496,Janela_Baseline
72313,17,477,367,5.82,0,72313,19,Humano,Feliz,513,Janela_Baseline
72329,17,480,351,5.57,0,72329,19,Humano,Feliz,529,Janela_Baseline
72346,17,477,350,5.84,0,72346,19,Humano,Feliz,546,Janela_Baseline
72362,17,480,363,5.92,0,72362,19,Humano,Feliz,562,Janela_Baseline
72379,17,484,360,5.9,0,72379,19,Humano,Feliz,579,Janela_Baseline
72396,17,481,355,5.92,0,72396,19,Humano,Feliz,596,Janela_Baseline
72412,17,483,353,5.92,0,72412,19,Humano,Feliz,612,Janela_Baseline
72429,17,473,351,5.94,0,72429,19,Humano,Feliz,629,Janela_Baseline
72446,17,460,349,5.92,0,72446,19,Humano,Feliz,646,Janela_Baseline
72462,17,470,354,5.94,0,72462,19,Humano,Feliz,662,Janela_Baseline
72479,17,471,357,5.94,0,72479,19,Humano,Feliz,679,Janela_Baseline
72496,17,478,372,5.95,0,72496,19,Humano,Feliz,696,Janela_Baseline
72512,17,474,346,5.94,0,72512,19,Humano,Feliz,712,Janela_Baseline
72529,17,477,358,5.95,0,72529,19,Humano,Feliz,729,Janela_Baseline
72545,17,482,369,6.05,0,72545,19,Humano,Feliz,745,Janela_Baseline
72562,17,475,371,5.94,0,72562,19,Humano,Feliz,762,Janela_Baseline
72579,17,474,370,6.03,0,72579,19,Humano,Feliz,779,Janela_Baseline
72595,17,476,387,6.06,0,72595,19,Humano,Feliz,795,Janela_Baseline
72612,17,464,384,5.97,0,72612,19,Humano,Feliz,812,Janela_Baseline
72629,17,482,355,6.02,0,72629,19,Humano,Feliz,829,Janela_Baseline
72645,17,479,366,6.05,0,72645,19,Humano,Feliz,845,Janela_Baseline
72662,17,471,342,5.9,0,72662,19,Humano,Feliz,862,Janela_Baseline
72679,17,483,349,5.95,0,72679,19,Humano,Feliz,879,Janela_Baseline
72695,17,499,364,5.94,0,72695,19,Humano,Feliz,895,Janela_Baseline
72712,17,500,416,5.95,0,72712,19,Humano,Feliz,912,Janela_Baseline
72728,17,512,410,6.05,0,72728,19,Humano,Feliz,928,Janela_Baseline
72745,17,515,416,6.0,0,72745,19,Humano,Feliz,945,Janela_Baseline
72762,17,512,434,6.03,0,72762,19,Humano,Feliz,962,Janela_Baseline
72778,17,504,424,5.97,0,72778,19,Humano,Feliz,978,Janela_Baseline
72795,17,504,411,6.0,0,72795,19,Humano,Feliz,995,Janela_Baseline
72812,17,503,421,5.98,0,72812,19,Humano,Feliz,1012,Janela_Baseline
72828,17,519,408,5.97,0,72828,19,Humano,Feliz,1028,Janela_Baseline
72845,17,500,404,5.92,0,72845,19,Humano,Feliz,1045,Janela_Baseline
72862,17,517,410,5.95,0,72862,19,Humano,Feliz,1062,Janela_Baseline
72878,17,516,419,6.0,0,72878,19,Humano,Feliz,1078,Janela_Baseline
72895,17,505,413,5.97,0,72895,19,Humano,Feliz,1095,Janela_Baseline
72911,17,495,422,6.05,0,72911,19,Humano,Feliz,1111,Janela_Baseline
72928,17,508,427,6.08,0,72928,19,Humano,Feliz,1128,Janela_Baseline
72945,17,516,427,6.05,0,72945,19,Humano,Feliz,1145,Janela_Baseline
72961,17,508,406,6.0,0,72961,19,Humano,Feliz,1161,Janela_Baseline
72978,17,504,415,6.02,0,72978,19,Humano,Feliz,1178,Janela_Baseline
72995,17,500,428,6.06,0,72995,19,Humano,Feliz,1195,Janela_Baseline
73011,17,510,421,6.05,0,73011,19,Humano,Feliz,1211,Janela_Baseline
73028,17,523,426,6.06,0,73028,19,Humano,Feliz,1228,Janela_Baseline
73044,17,517,426,6.06,0,73044,19,Humano,Feliz,1244,Janela_Baseline
73061,17,503,409,6.05,0,73061,19,Humano,Feliz,1261,Janela_Baseline
73078,17,511,414,6.06,0,73078,19,Humano,Feliz,1278,Janela_Baseline
73094,17,519,422,6.06,0,73094,19,Humano,Feliz,1294,Janela_Baseline
73111,17,507,413,5.98,0,73111,19,Humano,Feliz,1311,Exposicao_Face
73128,17,523,404,6.02,0,73128,19,Humano,Feliz,1328,Exposicao_Face
73144,17,521,427,6.08,0,73144,19,Humano,Feliz,1344,Exposicao_Face
73161,17,526,432,6.06,0,73161,19,Humano,Feliz,1361,Exposicao_Face
73178,17,498,439,6.1,0,73178,19,Humano,Feliz,1378,Exposicao_Face
73194,17,520,410,6.08,0,73194,19,Humano,Feliz,1394,Exposicao_Face
73211,17,513,426,6.14,0,73211,19,Humano,Feliz,1411,Exposicao_Face
73227,17,517,431,6.14,0,73227,19,Humano,Feliz,1427,Exposicao_Face
73244,17,515,414,6.1,0,73244,19,Humano,Feliz,1444,Exposicao_Face
73261,17,495,422,6.11,0,73261,19,Humano,Feliz,1461,Exposicao_Face
73277,17,522,427,6.1,0,73277,19,Humano,Feliz,1477,Exposicao_Face
73294,17,516,456,6.08,0,73294,19,Humano,Feliz,1494,Exposicao_Face
73311,17,516,478,6.16,0,73311,19,Humano,Feliz,1511,Exposicao_Face
73327,17,506,464,6.08,0,73327,19,Humano,Feliz,1527,Exposicao_Face
73344,17,513,456,6.1,0,73344,19,Humano,Feliz,1544,Exposicao_Face
73361,17,517,482,6.13,0,73361,19,Humano,Feliz,1561,Exposicao_Face
73377,17,519,467,6.13,0,73377,19,Humano,Feliz,1577,Exposicao_Face
73394,17,518,462,6.18,0,73394,19,Humano,Feliz,1594,Exposicao_Face
73410,17,520,449,6.1,0,73410,19,Humano,Feliz,1610,Exposicao_Face
73427,17,522,472,6.11,0,73427,19,Humano,Feliz,1627,Exposicao_Face
73444,17,507,467,6.1,0,73444,19,Humano,Feliz,1644,Exposicao_Face
73460,17,522,477,6.16,0,73460,19,Humano,Feliz,1660,Exposicao_Face
73477,17,508,450,6.11,0,73477,19,Humano,Feliz,1677,Exposicao_Face
73494,17,522,446,6.08,0,73494,19,Humano,Feliz,1694,Exposicao_Face
73510,17,502,445,6.08,0,73510,19,Humano,Feliz,1710,Exposicao_Face
73527,17,519,463,6.16,0,73527,19,Humano,Feliz,1727,Exposicao_Face
73544,17,521,460,6.1,0,73544,19,Humano,Feliz,1744,Exposicao_Face
73560,17,506,456,6.05,0,73560,19,Humano,Feliz,1760,Exposicao_Face
73577,17,491,467,6.11,0,73577,19,Humano,Feliz,1777,Exposicao_Face
73593,17,518,471,6.13,0,73593,19,Humano,Feliz,1793,Exposicao_Face
73610,17,521,458,6.1,0,73610,19,Humano,Feliz,1810,Exposicao_Face
73627,17,522,458,6.02,0,73627,19,Humano,Feliz,1827,Exposicao_Face
73643,17,512,454,6.11,0,73643,19,Humano,Feliz,1843,Exposicao_Face
73660,17,516,459,6.08,0,73660,19,Humano,Feliz,1860,Exposicao_Face
73677,17,507,443,5.95,0,73677,19,Humano,Feliz,1877,Exposicao_Face
73693,17,518,454,6.03,0,73693,19,Humano,Feliz,1893,Exposicao_Face
73710,17,520,484,6.19,0,73710,19,Humano,Feliz,1910,Exposicao_Face
73727,17,508,452,6.1,0,73727,19,Humano,Feliz,1927,Exposicao_Face
73743,17,516,480,6.16,0,73743,19,Humano,Feliz,1943,Exposicao_Face
73760,17,521,471,6.18,0,73760,19,Humano,Feliz,1960,Exposicao_Face
73776,17,518,470,6.11,0,73776,19,Humano,Feliz,1976,Exposicao_Face
73793,17,522,463,6.18,0,73793,19,Humano,Feliz,1993,Exposicao_Face
73810,17,517,449,6.16,0,73810,19,Humano,Feliz,2010,Exposicao_Face
73826,17,548,428,6.16,0,73826,19,Humano,Feliz,2026,Exposicao_Face
73843,17,558,386,6.08,0,73843,19,Humano,Feliz,2043,Exposicao_Face
73860,17,558,384,6.11,0,73860,19,Humano,Feliz,2060,Exposicao_Face
73876,17,559,393,6.21,0,73876,19,Humano,Feliz,2076,Exposicao_Face
73893,17,560,374,6.06,0,73893,19,Humano,Feliz,2093,Exposicao_Face
73910,17,565,390,6.13,0,73910,19,Humano,Feliz,2110,Exposicao_Face
73926,17,562,393,6.18,0,73926,19,Humano,Feliz,2126,Exposicao_Face
73943,17,565,380,6.1,0,73943,19,Humano,Feliz,2143,Exposicao_Face
73959,17,563,373,6.11,0,73959,19,Humano,Feliz,2159,Exposicao_Face
73976,17,562,370,6.14,0,73976,19,Humano,Feliz,2176,Exposicao_Face
73993,17,562,374,6.18,0,73993,19,Humano,Feliz,2193,Exposicao_Face
74009,17,558,393,6.16,0,74009,19,Humano,Feliz,2209,Exposicao_Face
74026,17,564,387,6.13,0,74026,19,Humano,Feliz,2226,Exposicao_Face
74043,17,560,384,6.21,0,74043,19,Humano,Feliz,2243,Exposicao_Face
74059,17,561,383,6.16,0,74059,19,Humano,Feliz,2259,Exposicao_Face
74076,17,565,365,6.1,0,74076,19,Humano,Feliz,2276,Exposicao_Face
74093,17,566,360,6.11,0,74093,19,Humano,Feliz,2293,Exposicao_Face
74109,17,563,363,6.03,0,74109,19,Humano,Feliz,2309,Exposicao_Face
74126,17,562,374,6.1,0,74126,19,Humano,Feliz,2326,Exposicao_Face
74142,17,554,382,6.18,0,74142,19,Humano,Feliz,2342,Exposicao_Face
74159,17,563,381,6.19,0,74159,19,Humano,Feliz,2359,Exposicao_Face
74176,17,561,389,6.13,0,74176,19,Humano,Feliz,2376,Exposicao_Face
74192,17,565,373,6.11,0,74192,19,Humano,Feliz,2392,Exposicao_Face
74209,17,559,379,6.1,0,74209,19,Humano,Feliz,2409,Exposicao_Face
74226,17,555,390,6.16,0,74226,19,Humano,Feliz,2426,Exposicao_Face
74242,17,563,403,6.11,0,74242,19,Humano,Feliz,2442,Exposicao_Face
74259,17,566,373,6.08,0,74259,19,Humano,Feliz,2459,Exposicao_Face
74275,17,561,378,6.1,0,74275,19,Humano,Feliz,2475,Exposicao_Face
74292,17,562,359,5.97,0,74292,19,Humano,Feliz,2492,Exposicao_Face
74309,17,557,388,6.13,0,74309,19,Humano,Feliz,2509,Exposicao_Face
74325,17,617,425,6.06,0,74325,19,Humano,Feliz,2525,Exposicao_Face
74342,17,646,443,5.97,0,74342,19,Humano,Feliz,2542,Exposicao_Face
74359,17,697,369,5.98,0,74359,19,Humano,Feliz,2559,Exposicao_Face
74375,17,715,542,5.94,0,74375,19,Humano,Feliz,2575,Exposicao_Face
74392,17,724,657,5.9,0,74392,19,Humano,Feliz,2592,Exposicao_Face
74409,17,734,666,6.02,0,74409,19,Humano,Feliz,2609,Exposicao_Face
74425,17,742,723,5.92,0,74425,19,Humano,Feliz,2625,Exposicao_Face
74442,17,735,747,5.9,0,74442,19,Humano,Feliz,2642,Exposicao_Face
74458,17,736,796,5.89,0,74458,19,Humano,Feliz,2658,Exposicao_Face
74475,17,732,791,5.86,0,74475,19,Humano,Feliz,2675,Exposicao_Face
74492,17,732,791,5.94,0,74492,19,Humano,Feliz,2692,Exposicao_Face
74508,17,639,778,5.81,0,74508,19,Humano,Feliz,2708,Exposicao_Face
74525,17,725,795,5.81,0,74525,19,Humano,Feliz,2725,Exposicao_Face
74542,17,729,795,5.9,0,74542,19,Humano,Feliz,2742,Exposicao_Face
74558,17,726,791,5.89,0,74558,19,Humano,Feliz,2758,Exposicao_Face
74575,17,728,787,5.86,0,74575,19,Humano,Feliz,2775,Exposicao_Face
74592,17,726,785,5.87,0,74592,19,Humano,Feliz,2792,Exposicao_Face
74608,17,726,786,5.89,0,74608,19,Humano,Feliz,2808,Exposicao_Face
74625,17,725,785,5.84,0,74625,19,Humano,Feliz,2825,Exposicao_Face
74641,17,726,781,5.79,0,74641,19,Humano,Feliz,2841,Exposicao_Face
74658,17,728,789,5.89,0,74658,19,Humano,Feliz,2858,Exposicao_Face
74675,17,720,789,5.87,0,74675,19,Humano,Feliz,2875,Exposicao_Face
74691,17,727,790,5.89,0,74691,19,Humano,Feliz,2891,Exposicao_Face
74708,17,719,838,5.89,0,74708,19,Humano,Feliz,2908,Exposicao_Face
74725,17,695,941,5.86,0,74725,19,Humano,Feliz,2925,Exposicao_Face
74741,17,707,932,5.86,0,74741,19,Humano,Feliz,2941,Exposicao_Face
74758,17,695,963,5.9,0,74758,19,Humano,Feliz,2958,Exposicao_Face
74775,17,692,955,5.82,0,74775,19,Humano,Feliz,2975,Exposicao_Face
74791,17,699,958,5.82,0,74791,19,Humano,Feliz,2991,Exposicao_Face
74808,17,701,957,5.84,0,74808,19,Humano,Feliz,3008,Exposicao_Face
74824,17,704,956,5.82,0,74824,19,Humano,Feliz,3024,Exposicao_Face
74841,17,693,956,5.82,0,74841,19,Humano,Feliz,3041,Exposicao_Face
74858,17,704,959,5.89,0,74858,19,Humano,Feliz,3058,Exposicao_Face
74874,17,701,957,5.82,0,74874,19,Humano,Feliz,3074,Exposicao_Face
74891,17,699,960,5.76,0,74891,19,Humano,Feliz,3091,Exposicao_Face
74908,17,703,967,5.79,0,74908,19,Humano,Feliz,3108,Exposicao_Face
74924,17,702,957,5.9,0,74924,19,Humano,Feliz,3124,Exposicao_Face
74941,17,691,957,5.9,0,74941,19,Humano,Feliz,3141,Exposicao_Face
74958,17,697,953,5.86,0,74958,19,Humano,Feliz,3158,Exposicao_Face
74974,17,700,955,5.73,0,74974,19,Humano,Feliz,3174,Exposicao_Face
74991,17,703,955,5.81,0,74991,19,Humano,Feliz,3191,Exposicao_Face
75007,17,701,959,5.81,0,75007,19,Humano,Feliz,3207,Exposicao_Face
75024,17,693,954,5.84,0,75024,19,Humano,Feliz,3224,Exposicao_Face
75041,17,695,956,5.82,0,75041,19,Humano,Feliz,3241,Exposicao_Face
75057,17,699,963,5.81,0,75057,19,Humano,Feliz,3257,Exposicao_Face
75074,17,698,957,5.73,0,75074,19,Humano,Feliz,3274,Exposicao_Face
75091,17,644,737,5.86,0,75091,19,Humano,Feliz,3291,Exposicao_Face
75107,17,593,622,5.76,0,75107,19,Humano,Feliz,3307,Exposicao_Face
75124,17,566,482,5.79,0,75124,19,Humano,Feliz,3324,Exposicao_Face
75141,17,541,401,5.78,0,75141,19,Humano,Feliz,3341,Exposicao_Face
75157,17,531,355,5.76,0,75157,19,Humano,Feliz,3357,Exposicao_Face
75174,17,523,361,5.78,0,75174,19,Humano,Feliz,3374,Exposicao_Face
75190,17,526,355,5.76,0,75190,19,Humano,Feliz,3390,Exposicao_Face
75207,17,526,350,5.71,0,75207,19,Humano,Feliz,3407,Exposicao_Face
75224,17,527,355,5.76,0,75224,19,Humano,Feliz,3424,Exposicao_Face
75240,17,526,345,5.74,0,75240,19,Humano,Feliz,3440,Exposicao_Face
75257,17,530,370,5.86,0,75257,19,Humano,Feliz,3457,Exposicao_Face
75274,17,527,371,5.74,0,75274,19,Humano,Feliz,3474,Exposicao_Face
75290,17,526,351,5.84,0,75290,19,Humano,Feliz,3490,Exposicao_Face
75307,17,528,366,5.79,0,75307,19,Humano,Feliz,3507,Exposicao_Face
75324,17,528,344,5.79,0,75324,19,Humano,Feliz,3524,Exposicao_Face
75340,17,530,379,5.79,0,75340,19,Humano,Feliz,3540,Exposicao_Face
75357,17,529,363,5.79,0,75357,19,Humano,Feliz,3557,Exposicao_Face
75373,17,529,360,5.81,0,75373,19,Humano,Feliz,3573,Exposicao_Face
75390,17,526,380,5.79,0,75390,19,Humano,Feliz,3590,Exposicao_Face
75407,17,526,381,5.74,0,75407,19,Humano,Feliz,3607,Exposicao_Face
75423,17,531,350,5.74,0,75423,19,Humano,Feliz,3623,Exposicao_Face
75440,17,533,349,5.66,0,75440,19,Humano,Feliz,3640,Exposicao_Face
75457,17,526,358,5.71,0,75457,19,Humano,Feliz,3657,Exposicao_Face
75473,17,527,348,5.65,0,75473,19,Humano,Feliz,3673,Exposicao_Face
75490,17,527,355,5.73,0,75490,19,Humano,Feliz,3690,Exposicao_Face
75506,17,527,360,5.69,0,75506,19,Humano,Feliz,3706,Exposicao_Face
75523,17,531,341,5.6,0,75523,19,Humano,Feliz,3723,Exposicao_Face
75540,17,527,340,5.58,0,75540,19,Humano,Feliz,3740,Exposicao_Face
75556,17,530,330,5.58,0,75556,19,Humano,Feliz,3756,Exposicao_Face
75573,17,523,339,5.58,0,75573,19,Humano,Feliz,3773,Exposicao_Face
75590,17,564,355,5.57,0,75590,19,Humano,Feliz,3790,Exposicao_Face
75606,17,571,352,5.52,0,75606,19,Humano,Feliz,3806,Exposicao_Face
75623,17,577,357,5.57,0,75623,19,Humano,Feliz,3823,Exposicao_Face
75640,17,576,358,5.55,0,75640,19,Humano,Feliz,3840,Exposicao_Face
75656,17,572,345,5.53,0,75656,19,Humano,Feliz,3856,Exposicao_Face
75673,17,575,350,5.57,0,75673,19,Humano,Feliz,3873,Exposicao_Face
75689,17,573,354,5.57,0,75689,19,Humano,Feliz,3889,Exposicao_Face
75706,17,578,352,5.55,0,75706,19,Humano,Feliz,3906,Exposicao_Face
75723,17,577,357,5.55,0,75723,19,Humano,Feliz,3923,Exposicao_Face
75739,17,580,354,5.55,0,75739,19,Humano,Feliz,3939,Exposicao_Face
75756,17,577,362,5.58,0,75756,19,Humano,Feliz,3956,Exposicao_Face
75773,17,573,345,5.57,0,75773,19,Humano,Feliz,3973,Exposicao_Face
75789,17,574,353,5.55,0,75789,19,Humano,Feliz,3989,Exposicao_Face
75806,17,575,361,5.57,0,75806,20,Humano,Neutro,6,Janela_Baseline
75823,17,573,353,5.55,0,75823,20,Humano,Neutro,23,Janela_Baseline
75839,17,574,362,5.49,0,75839,20,Humano,Neutro,39,Janela_Baseline
75856,17,584,340,5.55,0,75856,20,Humano,Neutro,56,Janela_Baseline
75872,17,583,329,5.49,0,75872,20,Humano,Neutro,72,Janela_Baseline
75889,17,583,339,5.52,0,75889,20,Humano,Neutro,89,Janela_Baseline
75906,17,576,339,5.61,0,75906,20,Humano,Neutro,106,Janela_Baseline
75922,17,576,344,5.58,0,75922,20,Humano,Neutro,122,Janela_Baseline
75939,17,577,349,5.58,0,75939,20,Humano,Neutro,139,Janela_Baseline
75956,17,577,364,5.66,0,75956,20,Humano,Neutro,156,Janela_Baseline
75972,17,583,356,5.63,0,75972,20,Humano,Neutro,172,Janela_Baseline
75989,17,577,346,5.55,0,75989,20,Humano,Neutro,189,Janela_Baseline
76006,17,595,364,5.58,0,76006,20,Humano,Neutro,206,Janela_Baseline
76022,17,577,353,5.61,0,76022,20,Humano,Neutro,222,Janela_Baseline
76039,17,580,375,5.61,0,76039,20,Humano,Neutro,239,Janela_Baseline
76055,17,580,341,5.61,0,76055,20,Humano,Neutro,255,Janela_Baseline
76072,17,580,343,5.65,0,76072,20,Humano,Neutro,272,Janela_Baseline
76089,17,579,348,5.6,0,76089,20,Humano,Neutro,289,Janela_Baseline
76105,17,579,367,5.66,0,76105,20,Humano,Neutro,305,Janela_Baseline
76122,17,580,369,5.66,0,76122,20,Humano,Neutro,322,Janela_Baseline
76139,17,580,351,5.68,0,76139,20,Humano,Neutro,339,Janela_Baseline
76155,17,581,357,5.68,0,76155,20,Humano,Neutro,355,Janela_Baseline
76172,17,581,347,5.66,0,76172,20,Humano,Neutro,372,Janela_Baseline
76189,17,577,339,5.68,0,76189,20,Humano,Neutro,389,Janela_Baseline
76205,17,580,359,5.76,0,76205,20,Humano,Neutro,405,Janela_Baseline
76222,17,581,366,5.78,0,76222,20,Humano,Neutro,422,Janela_Baseline
76238,17,585,369,5.79,0,76238,20,Humano,Neutro,438,Janela_Baseline
76255,17,583,378,5.79,0,76255,20,Humano,Neutro,455,Janela_Baseline
76272,17,581,366,5.79,0,76272,20,Humano,Neutro,472,Janela_Baseline
76288,17,580,348,5.73,0,76288,20,Humano,Neutro,488,Janela_Baseline
76305,17,582,369,5.76,0,76305,20,Humano,Neutro,505,Janela_Baseline
76322,17,583,382,5.74,0,76322,20,Humano,Neutro,522,Janela_Baseline
76338,17,582,353,5.81,0,76338,20,Humano,Neutro,538,Janela_Baseline
76355,17,593,345,5.69,0,76355,20,Humano,Neutro,555,Janela_Baseline
76372,17,584,357,5.82,0,76372,20,Humano,Neutro,572,Janela_Baseline
76388,17,582,360,5.68,0,76388,20,Humano,Neutro,588,Janela_Baseline
76405,17,584,372,5.86,0,76405,20,Humano,Neutro,605,Janela_Baseline
76421,17,580,356,5.87,0,76421,20,Humano,Neutro,621,Janela_Baseline
76438,17,582,369,5.86,0,76438,20,Humano,Neutro,638,Janela_Baseline
76455,17,587,378,5.86,0,76455,20,Humano,Neutro,655,Janela_Baseline
76471,17,589,342,5.84,0,76471,20,Humano,Neutro,671,Janela_Baseline
76488,17,585,357,5.86,0,76488,20,Humano,Neutro,688,Janela_Baseline
76505,17,580,364,5.92,0,76505,20,Humano,Neutro,705,Janela_Baseline
76521,17,503,401,5.97,0,76521,20,Humano,Neutro,721,Janela_Baseline
76538,17,513,425,5.9,0,76538,20,Humano,Neutro,738,Janela_Baseline
76554,17,504,430,5.92,0,76554,20,Humano,Neutro,754,Janela_Baseline
76571,17,512,416,5.9,0,76571,20,Humano,Neutro,771,Janela_Baseline
76588,17,505,423,5.92,0,76588,20,Humano,Neutro,788,Janela_Baseline
76604,17,508,406,5.84,0,76604,20,Humano,Neutro,804,Janela_Baseline
76621,17,503,424,5.92,0,76621,20,Humano,Neutro,821,Janela_Baseline
76638,17,502,424,5.92,0,76638,20,Humano,Neutro,838,Janela_Baseline
76654,17,500,419,5.95,0,76654,20,Humano,Neutro,854,Janela_Baseline
76671,17,498,431,5.94,0,76671,20,Humano,Neutro,871,Janela_Baseline
76688,17,499,408,5.94,0,76688,20,Humano,Neutro,888,Janela_Baseline
76704,17,502,432,5.95,0,76704,20,Humano,Neutro,904,Janela_Baseline
76721,17,501,455,5.9,0,76721,20,Humano,Neutro,921,Janela_Baseline
76737,17,502,448,5.98,0,76737,20,Humano,Neutro,937,Janela_Baseline
76754,17,502,444,5.97,0,76754,20,Humano,Neutro,954,Janela_Baseline
76771,17,498,467,5.94,0,76771,20,Humano,Neutro,971,Janela_Baseline
76787,17,495,460,5.94,0,76787,20,Humano,Neutro,987,Janela_Baseline
76804,17,491,454,5.95,0,76804,20,Humano,Neutro,1004,Janela_Baseline
76821,17,497,470,6.0,0,76821,20,Humano,Neutro,1021,Janela_Baseline
76837,17,500,462,5.98,0,76837,20,Humano,Neutro,1037,Janela_Baseline
76854,17,490,472,6.02,0,76854,20,Humano,Neutro,1054,Janela_Baseline
76871,17,498,472,6.0,0,76871,20,Humano,Neutro,1071,Janela_Baseline
76887,17,500,460,6.02,0,76887,20,Humano,Neutro,1087,Janela_Baseline
76904,17,506,461,5.95,0,76904,20,Humano,Neutro,1104,Janela_Baseline
76920,17,499,449,5.98,0,76920,20,Humano,Neutro,1120,Janela_Baseline
76937,17,500,455,5.94,0,76937,20,Humano,Neutro,1137,Janela_Baseline
76954,17,506,448,5.92,0,76954,20,Humano,Neutro,1154,Janela_Baseline
76970,17,506,448,5.94,0,76970,20,Humano,Neutro,1170,Janela_Baseline
76987,17,499,465,5.98,0,76987,20,Humano,Neutro,1187,Janela_Baseline
77004,17,514,450,5.94,0,77004,20,Humano,Neutro,1204,Janela_Baseline
77020,17,499,450,5.95,0,77020,20,Humano,Neutro,1220,Janela_Baseline
77037,17,499,458,5.89,0,77037,20,Humano,Neutro,1237,Janela_Baseline
77054,17,502,470,5.97,0,77054,20,Humano,Neutro,1254,Janela_Baseline
77070,17,506,463,5.97,0,77070,20,Humano,Neutro,1270,Janela_Baseline
77087,17,510,444,5.92,0,77087,20,Humano,Neutro,1287,Janela_Baseline
77103,17,508,463,5.92,0,77103,20,Humano,Neutro,1303,Exposicao_Face
77120,17,496,462,5.92,0,77120,20,Humano,Neutro,1320,Exposicao_Face
77137,17,496,494,6.0,0,77137,20,Humano,Neutro,1337,Exposicao_Face
77153,17,500,450,5.84,0,77153,20,Humano,Neutro,1353,Exposicao_Face
77170,17,507,473,5.9,0,77170,20,Humano,Neutro,1370,Exposicao_Face
77187,17,500,459,5.94,0,77187,20,Humano,Neutro,1387,Exposicao_Face
77203,17,501,480,5.97,0,77203,20,Humano,Neutro,1403,Exposicao_Face
77220,17,515,453,5.95,0,77220,20,Humano,Neutro,1420,Exposicao_Face
77237,17,502,464,5.89,0,77237,20,Humano,Neutro,1437,Exposicao_Face
77253,17,516,480,6.0,0,77253,20,Humano,Neutro,1453,Exposicao_Face
77270,17,490,456,5.94,0,77270,20,Humano,Neutro,1470,Exposicao_Face
77286,17,498,476,6.0,0,77286,20,Humano,Neutro,1486,Exposicao_Face
77303,17,510,473,6.02,0,77303,20,Humano,Neutro,1503,Exposicao_Face
77320,17,502,478,6.03,0,77320,20,Humano,Neutro,1520,Exposicao_Face
77336,17,494,462,6.0,0,77336,20,Humano,Neutro,1536,Exposicao_Face
77353,17,505,466,5.98,0,77353,20,Humano,Neutro,1553,Exposicao_Face
77370,17,505,467,6.08,0,77370,20,Humano,Neutro,1570,Exposicao_Face
77386,17,503,469,5.95,0,77386,20,Humano,Neutro,1586,Exposicao_Face
77403,17,500,481,5.97,0,77403,20,Humano,Neutro,1603,Exposicao_Face
77420,17,491,469,6.0,0,77420,20,Humano,Neutro,1620,Exposicao_Face
77436,17,511,471,6.0,0,77436,20,Humano,Neutro,1636,Exposicao_Face
77453,17,511,457,5.98,0,77453,20,Humano,Neutro,1653,Exposicao_Face
77469,17,500,461,6.0,0,77469,20,Humano,Neutro,1669,Exposicao_Face
77486,17,513,455,5.98,0,77486,20,Humano,Neutro,1686,Exposicao_Face
77503,17,502,461,6.02,0,77503,20,Humano,Neutro,1703,Exposicao_Face
77519,17,510,474,6.03,0,77519,20,Humano,Neutro,1719,Exposicao_Face
77536,17,511,477,6.1,0,77536,20,Humano,Neutro,1736,Exposicao_Face
77553,17,510,478,6.11,0,77553,20,Humano,Neutro,1753,Exposicao_Face
77569,17,514,467,6.03,0,77569,20,Humano,Neutro,1769,Exposicao_Face
77586,17,497,467,5.98,0,77586,20,Humano,Neutro,1786,Exposicao_Face
77603,17,498,474,6.06,0,77603,20,Humano,Neutro,1803,Exposicao_Face
77619,17,498,478,6.03,0,77619,20,Humano,Neutro,1819,Exposicao_Face
77636,17,496,483,6.06,0,77636,20,Humano,Neutro,1836,Exposicao_Face
77652,17,499,462,5.98,0,77652,20,Humano,Neutro,1852,Exposicao_Face
77669,17,508,478,6.05,0,77669,20,Humano,Neutro,1869,Exposicao_Face
77686,17,513,469,6.1,0,77686,20,Humano,Neutro,1886,Exposicao_Face
77702,17,494,453,5.94,0,77702,20,Humano,Neutro,1902,Exposicao_Face
77719,17,495,481,6.05,0,77719,20,Humano,Neutro,1919,Exposicao_Face
77736,17,501,449,6.05,0,77736,20,Humano,Neutro,1936,Exposicao_Face
77752,17,498,456,6.05,0,77752,20,Humano,Neutro,1952,Exposicao_Face
77769,17,502,473,6.02,0,77769,20,Humano,Neutro,1969,Exposicao_Face
77785,17,507,472,5.98,0,77785,20,Humano,Neutro,1985,Exposicao_Face
77802,17,494,478,6.0,0,77802,20,Humano,Neutro,2002,Exposicao_Face
77819,17,499,449,5.95,0,77819,20,Humano,Neutro,2019,Exposicao_Face
77835,17,516,459,5.98,0,77835,20,Humano,Neutro,2035,Exposicao_Face
77852,17,509,464,6.02,0,77852,20,Humano,Neutro,2052,Exposicao_Face
77869,17,512,480,6.08,0,77869,20,Humano,Neutro,2069,Exposicao_Face
77885,17,491,477,6.05,0,77885,20,Humano,Neutro,2085,Exposicao_Face
77902,17,511,463,5.97,0,77902,20,Humano,Neutro,2102,Exposicao_Face
77919,17,509,485,6.03,0,77919,20,Humano,Neutro,2119,Exposicao_Face
77935,17,500,479,6.0,0,77935,20,Humano,Neutro,2135,Exposicao_Face
77952,17,505,469,5.97,0,77952,20,Humano,Neutro,2152,Exposicao_Face
77968,17,510,470,5.97,0,77968,20,Humano,Neutro,2168,Exposicao_Face
77985,17,499,466,6.0,0,77985,20,Humano,Neutro,2185,Exposicao_Face
78002,17,488,466,6.06,0,78002,20,Humano,Neutro,2202,Exposicao_Face
78018,17,515,474,6.06,0,78018,20,Humano,Neutro,2218,Exposicao_Face
78035,17,497,473,6.05,0,78035,20,Humano,Neutro,2235,Exposicao_Face
78052,17,496,484,6.03,0,78052,20,Humano,Neutro,2252,Exposicao_Face
78068,17,509,470,6.02,0,78068,20,Humano,Neutro,2268,Exposicao_Face
78085,17,510,475,6.02,0,78085,20,Humano,Neutro,2285,Exposicao_Face
78102,17,502,487,6.0,0,78102,20,Humano,Neutro,2302,Exposicao_Face
78118,17,500,485,6.0,0,78118,20,Humano,Neutro,2318,Exposicao_Face
78135,17,496,471,6.08,0,78135,20,Humano,Neutro,2335,Exposicao_Face
78151,17,509,469,6.03,0,78151,20,Humano,Neutro,2351,Exposicao_Face
78168,17,509,457,5.95,0,78168,20,Humano,Neutro,2368,Exposicao_Face
78185,17,499,454,5.98,0,78185,20,Humano,Neutro,2385,Exposicao_Face
78201,17,508,464,5.9,0,78201,20,Humano,Neutro,2401,Exposicao_Face
78218,17,500,477,5.92,0,78218,20,Humano,Neutro,2418,Exposicao_Face
78235,17,501,474,5.9,0,78235,20,Humano,Neutro,2435,Exposicao_Face
78251,17,496,483,5.9,0,78251,20,Humano,Neutro,2451,Exposicao_Face
78268,17,498,480,5.84,0,78268,20,Humano,Neutro,2468,Exposicao_Face
78285,17,500,478,5.78,0,78285,20,Humano,Neutro,2485,Exposicao_Face
78301,17,533,508,5.81,0,78301,20,Humano,Neutro,2501,Exposicao_Face
78318,17,596,562,5.82,0,78318,20,Humano,Neutro,2518,Exposicao_Face
78334,17,662,495,5.78,0,78334,20,Humano,Neutro,2534,Exposicao_Face
78351,17,685,629,5.74,0,78351,20,Humano,Neutro,2551,Exposicao_Face
78368,17,690,729,5.78,0,78368,20,Humano,Neutro,2568,Exposicao_Face
78384,17,695,782,5.73,0,78384,20,Humano,Neutro,2584,Exposicao_Face
78401,17,679,838,5.69,0,78401,20,Humano,Neutro,2601,Exposicao_Face
78418,17,674,826,5.63,0,78418,20,Humano,Neutro,2618,Exposicao_Face
78434,17,679,830,5.68,0,78434,20,Humano,Neutro,2634,Exposicao_Face
78451,17,675,830,5.6,0,78451,20,Humano,Neutro,2651,Exposicao_Face
78468,17,672,838,5.57,0,78468,20,Humano,Neutro,2668,Exposicao_Face
78484,17,673,840,5.57,0,78484,20,Humano,Neutro,2684,Exposicao_Face
78501,17,673,847,5.5,0,78501,20,Humano,Neutro,2701,Exposicao_Face
78517,17,672,835,5.57,0,78517,20,Humano,Neutro,2717,Exposicao_Face
78534,17,668,845,5.58,0,78534,20,Humano,Neutro,2734,Exposicao_Face
78551,17,666,842,5.57,0,78551,20,Humano,Neutro,2751,Exposicao_Face
78567,17,668,832,5.69,0,78567,20,Humano,Neutro,2767,Exposicao_Face
78584,17,667,843,5.58,0,78584,20,Humano,Neutro,2784,Exposicao_Face
78601,17,668,844,5.5,0,78601,20,Humano,Neutro,2801,Exposicao_Face
78617,17,665,844,5.53,0,78617,20,Humano,Neutro,2817,Exposicao_Face
78634,17,667,844,5.5,0,78634,20,Humano,Neutro,2834,Exposicao_Face
78651,17,668,839,5.45,0,78651,20,Humano,Neutro,2851,Exposicao_Face
78667,17,665,843,5.45,0,78667,20,Humano,Neutro,2867,Exposicao_Face
78684,17,667,843,5.49,0,78684,20,Humano,Neutro,2884,Exposicao_Face
78700,17,666,850,5.53,0,78700,20,Humano,Neutro,2900,Exposicao_Face
78717,17,669,841,5.47,0,78717,20,Humano,Neutro,2917,Exposicao_Face
78734,17,676,871,5.45,0,78734,20,Humano,Neutro,2934,Exposicao_Face
78750,17,706,961,5.41,0,78750,20,Humano,Neutro,2950,Exposicao_Face
78767,17,702,960,5.39,0,78767,20,Humano,Neutro,2967,Exposicao_Face
78784,17,702,966,5.44,0,78784,20,Humano,Neutro,2984,Exposicao_Face
78800,17,700,970,5.47,0,78800,20,Humano,Neutro,3000,Exposicao_Face
78817,17,694,978,5.39,0,78817,20,Humano,Neutro,3017,Exposicao_Face
78833,17,691,978,5.39,0,78833,20,Humano,Neutro,3033,Exposicao_Face
78850,17,690,982,5.41,0,78850,20,Humano,Neutro,3050,Exposicao_Face
78867,17,702,970,5.42,0,78867,20,Humano,Neutro,3067,Exposicao_Face
78883,17,701,970,5.42,0,78883,20,Humano,Neutro,3083,Exposicao_Face
78900,17,704,963,5.42,0,78900,20,Humano,Neutro,3100,Exposicao_Face
78917,17,694,966,5.47,0,78917,20,Humano,Neutro,3117,Exposicao_Face
78933,17,699,963,5.42,0,78933,20,Humano,Neutro,3133,Exposicao_Face
78950,17,701,989,5.49,0,78950,20,Humano,Neutro,3150,Exposicao_Face
78967,17,696,974,5.53,0,78967,20,Humano,Neutro,3167,Exposicao_Face
78983,17,698,974,5.49,0,78983,20,Humano,Neutro,3183,Exposicao_Face
79000,17,703,961,5.49,0,79000,20,Humano,Neutro,3200,Exposicao_Face
79016,17,703,975,5.49,0,79016,20,Humano,Neutro,3216,Exposicao_Face
79033,17,696,974,5.55,0,79033,20,Humano,Neutro,3233,Exposicao_Face
79050,17,701,967,5.53,0,79050,20,Humano,Neutro,3250,Exposicao_Face
79066,17,703,957,5.55,0,79066,20,Humano,Neutro,3266,Exposicao_Face
79083,17,699,969,5.58,0,79083,20,Humano,Neutro,3283,Exposicao_Face
79100,17,698,964,5.66,0,79100,20,Humano,Neutro,3300,Exposicao_Face
79116,17,699,961,5.63,0,79116,20,Humano,Neutro,3316,Exposicao_Face
79133,17,696,963,5.63,0,79133,20,Humano,Neutro,3333,Exposicao_Face
79150,17,691,954,5.65,0,79150,20,Humano,Neutro,3350,Exposicao_Face
79166,17,644,754,5.65,0,79166,20,Humano,Neutro,3366,Exposicao_Face
79183,17,592,694,5.63,0,79183,20,Humano,Neutro,3383,Exposicao_Face
79199,17,552,540,5.65,0,79199,20,Humano,Neutro,3399,Exposicao_Face
79216,17,526,454,5.65,0,79216,20,Humano,Neutro,3416,Exposicao_Face
79233,17,506,380,5.66,0,79233,20,Humano,Neutro,3433,Exposicao_Face
79249,17,507,356,5.68,0,79249,20,Humano,Neutro,3449,Exposicao_Face
79266,17,504,353,5.69,0,79266,20,Humano,Neutro,3466,Exposicao_Face
79283,17,509,350,5.73,0,79283,20,Humano,Neutro,3483,Exposicao_Face
79299,17,507,357,5.74,0,79299,20,Humano,Neutro,3499,Exposicao_Face
79316,17,511,361,5.68,0,79316,20,Humano,Neutro,3516,Exposicao_Face
79333,17,508,382,5.78,0,79333,20,Humano,Neutro,3533,Exposicao_Face
79349,17,512,351,5.68,0,79349,20,Humano,Neutro,3549,Exposicao_Face
79366,17,506,372,5.73,0,79366,20,Humano,Neutro,3566,Exposicao_Face
79382,17,510,376,5.81,0,79382,20,Humano,Neutro,3582,Exposicao_Face
79399,17,506,358,5.76,0,79399,20,Humano,Neutro,3599,Exposicao_Face
79416,17,507,349,5.78,0,79416,20,Humano,Neutro,3616,Exposicao_Face
79432,17,507,326,5.76,0,79432,20,Humano,Neutro,3632,Exposicao_Face
79449,17,509,356,5.81,0,79449,20,Humano,Neutro,3649,Exposicao_Face
79466,17,507,361,5.81,0,79466,20,Humano,Neutro,3666,Exposicao_Face
79482,17,507,353,5.81,0,79482,20,Humano,Neutro,3682,Exposicao_Face
79499,17,509,355,5.78,0,79499,20,Humano,Neutro,3699,Exposicao_Face
79516,17,505,360,5.86,0,79516,20,Humano,Neutro,3716,Exposicao_Face
79532,17,507,357,5.84,0,79532,20,Humano,Neutro,3732,Exposicao_Face
79549,17,511,339,5.81,0,79549,20,Humano,Neutro,3749,Exposicao_Face
79565,17,506,344,5.76,0,79565,20,Humano,Neutro,3765,Exposicao_Face
79582,17,506,344,5.82,0,79582,20,Humano,Neutro,3782,Exposicao_Face
79599,17,505,351,5.84,0,79599,20,Humano,Neutro,3799,Exposicao_Face
79615,17,502,341,5.81,0,79615,20,Humano,Neutro,3815,Exposicao_Face
79632,17,505,338,5.81,0,79632,20,Humano,Neutro,3832,Exposicao_Face
79649,17,502,370,5.84,0,79649,20,Humano,Neutro,3849,Exposicao_Face
79665,17,505,362,5.84,0,79665,20,Humano,Neutro,3865,Exposicao_Face
79682,17,512,373,5.89,0,79682,20,Humano,Neutro,3882,Exposicao_Face
79699,17,506,347,5.81,0,79699,20,Humano,Neutro,3899,Exposicao_Face
79715,17,505,355,5.73,0,79715,20,Humano,Neutro,3915,Exposicao_Face
79732,17,506,356,5.82,0,79732,20,Humano,Neutro,3932,Exposicao_Face
79748,17,506,358,5.81,0,79748,20,Humano,Neutro,3948,Exposicao_Face
79765,17,504,350,5.76,0,79765,20,Humano,Neutro,3965,Exposicao_Face
79782,17,504,356,5.76,0,79782,20,Humano,Neutro,3982,Exposicao_Face
79798,17,477,359,5.81,0,79798,20,Humano,Neutro,3998,Exposicao_Face
79815,17,465,356,5.76,0,79815,21,Humano,Raiva,15,Janela_Baseline
79832,17,462,360,5.81,0,79832,21,Humano,Raiva,32,Janela_Baseline
79848,17,461,378,5.78,0,79848,21,Humano,Raiva,48,Janela_Baseline
79865,17,465,375,5.76,0,79865,21,Humano,Raiva,65,Janela_Baseline
79882,17,461,341,5.74,0,79882,21,Humano,Raiva,82,Janela_Baseline
79898,17,457,367,5.87,0,79898,21,Humano,Raiva,98,Janela_Baseline
79915,17,471,353,5.74,0,79915,21,Humano,Raiva,115,Janela_Baseline
79931,17,462,348,5.74,0,79931,21,Humano,Raiva,131,Janela_Baseline
79948,17,462,363,5.78,0,79948,21,Humano,Raiva,148,Janela_Baseline
79965,17,465,367,5.81,0,79965,21,Humano,Raiva,165,Janela_Baseline
79981,17,467,363,5.82,0,79981,21,Humano,Raiva,181,Janela_Baseline
79998,17,466,353,5.79,0,79998,21,Humano,Raiva,198,Janela_Baseline
80015,17,467,385,5.78,0,80015,21,Humano,Raiva,215,Janela_Baseline
80031,17,472,366,5.84,0,80031,21,Humano,Raiva,231,Janela_Baseline
80048,17,467,363,5.89,0,80048,21,Humano,Raiva,248,Janela_Baseline
80064,17,463,359,5.82,0,80064,21,Humano,Raiva,264,Janela_Baseline
80081,17,465,369,5.87,0,80081,21,Humano,Raiva,281,Janela_Baseline
80098,17,469,376,5.9,0,80098,21,Humano,Raiva,298,Janela_Baseline
80114,17,519,419,5.9,0,80114,21,Humano,Raiva,314,Janela_Baseline
80131,17,509,460,5.95,0,80131,21,Humano,Raiva,331,Janela_Baseline
80148,17,528,451,5.95,0,80148,21,Humano,Raiva,348,Janela_Baseline
80164,17,523,448,5.95,0,80164,21,Humano,Raiva,364,Janela_Baseline
80181,17,536,468,5.94,0,80181,21,Humano,Raiva,381,Janela_Baseline
80198,17,523,456,6.05,0,80198,21,Humano,Raiva,398,Janela_Baseline
80214,17,515,459,6.02,0,80214,21,Humano,Raiva,414,Janela_Baseline
80231,17,523,466,6.05,0,80231,21,Humano,Raiva,431,Janela_Baseline
80247,17,526,467,6.0,0,80247,21,Humano,Raiva,447,Janela_Baseline
80264,17,513,474,6.02,0,80264,21,Humano,Raiva,464,Janela_Baseline
80281,17,525,484,6.11,0,80281,21,Humano,Raiva,481,Janela_Baseline
80297,17,508,465,6.02,0,80297,21,Humano,Raiva,497,Janela_Baseline
80314,17,426,477,6.02,0,80314,21,Humano,Raiva,514,Janela_Baseline
80331,17,426,466,5.95,0,80331,21,Humano,Raiva,531,Janela_Baseline
80347,17,399,494,6.05,0,80347,21,Humano,Raiva,547,Janela_Baseline
80364,17,418,480,5.97,0,80364,21,Humano,Raiva,564,Janela_Baseline
80381,17,411,491,5.98,0,80381,21,Humano,Raiva,581,Janela_Baseline
80397,17,425,500,6.05,0,80397,21,Humano,Raiva,597,Janela_Baseline
80414,17,425,489,6.05,0,80414,21,Humano,Raiva,614,Janela_Baseline
80430,17,421,501,6.0,0,80430,21,Humano,Raiva,630,Janela_Baseline
80447,17,403,493,6.02,0,80447,21,Humano,Raiva,647,Janela_Baseline
80464,17,403,477,5.89,0,80464,21,Humano,Raiva,664,Janela_Baseline
80480,17,396,468,5.95,0,80480,21,Humano,Raiva,680,Janela_Baseline
80497,17,392,496,5.92,0,80497,21,Humano,Raiva,697,Janela_Baseline
80514,17,390,504,5.9,0,80514,21,Humano,Raiva,714,Janela_Baseline
80530,17,392,517,5.94,0,80530,21,Humano,Raiva,730,Janela_Baseline
80547,17,391,517,5.89,0,80547,21,Humano,Raiva,747,Janela_Baseline
80564,17,384,507,5.92,0,80564,21,Humano,Raiva,764,Janela_Baseline
80580,17,387,494,5.86,0,80580,21,Humano,Raiva,780,Janela_Baseline
80597,17,395,486,5.79,0,80597,21,Humano,Raiva,797,Janela_Baseline
80613,17,392,494,5.81,0,80613,21,Humano,Raiva,813,Janela_Baseline
80630,17,400,489,5.81,0,80630,21,Humano,Raiva,830,Janela_Baseline
80647,17,387,487,5.79,0,80647,21,Humano,Raiva,847,Janela_Baseline
80663,17,392,498,5.81,0,80663,21,Humano,Raiva,863,Janela_Baseline
80680,17,391,497,5.79,0,80680,21,Humano,Raiva,880,Janela_Baseline
80697,17,388,514,5.9,0,80697,21,Humano,Raiva,897,Janela_Baseline
80713,17,388,513,5.9,0,80713,21,Humano,Raiva,913,Janela_Baseline
80730,17,385,487,5.81,0,80730,21,Humano,Raiva,930,Janela_Baseline
80747,17,381,508,5.86,0,80747,21,Humano,Raiva,947,Janela_Baseline
80763,17,385,511,5.82,0,80763,21,Humano,Raiva,963,Janela_Baseline
80780,17,391,512,5.84,0,80780,21,Humano,Raiva,980,Janela_Baseline
80796,17,398,514,5.78,0,80796,21,Humano,Raiva,996,Janela_Baseline
80813,17,395,517,5.82,0,80813,21,Humano,Raiva,1013,Janela_Baseline
80830,17,381,509,5.87,0,80830,21,Humano,Raiva,1030,Janela_Baseline
80846,17,391,505,5.89,0,80846,21,Humano,Raiva,1046,Janela_Baseline
80863,17,393,508,5.82,0,80863,21,Humano,Raiva,1063,Janela_Baseline
80880,17,387,493,5.82,0,80880,21,Humano,Raiva,1080,Janela_Baseline
80896,17,390,496,5.79,0,80896,21,Humano,Raiva,1096,Janela_Baseline
80913,17,389,511,5.86,0,80913,21,Humano,Raiva,1113,Janela_Baseline
80930,17,383,513,5.9,0,80930,21,Humano,Raiva,1130,Janela_Baseline
80946,17,386,498,5.86,0,80946,21,Humano,Raiva,1146,Janela_Baseline
80963,17,388,506,5.82,0,80963,21,Humano,Raiva,1163,Janela_Baseline
80979,17,398,484,5.81,0,80979,21,Humano,Raiva,1179,Janela_Baseline
80996,17,382,528,5.97,0,80996,21,Humano,Raiva,1196,Janela_Baseline
81013,17,391,500,5.86,0,81013,21,Humano,Raiva,1213,Janela_Baseline
81029,17,389,515,5.92,0,81029,21,Humano,Raiva,1229,Janela_Baseline
81046,17,390,515,5.89,0,81046,21,Humano,Raiva,1246,Janela_Baseline
81063,17,382,497,5.82,0,81063,21,Humano,Raiva,1263,Janela_Baseline
81079,17,394,503,5.89,0,81079,21,Humano,Raiva,1279,Janela_Baseline
81096,17,392,510,5.95,0,81096,21,Humano,Raiva,1296,Janela_Baseline
81112,17,387,492,5.87,0,81112,21,Humano,Raiva,1312,Exposicao_Face
81129,17,385,488,5.82,0,81129,21,Humano,Raiva,1329,Exposicao_Face
81146,17,381,511,5.98,0,81146,21,Humano,Raiva,1346,Exposicao_Face
81162,17,382,497,5.87,0,81162,21,Humano,Raiva,1362,Exposicao_Face
81179,17,389,505,5.92,0,81179,21,Humano,Raiva,1379,Exposicao_Face
81196,17,387,488,5.92,0,81196,21,Humano,Raiva,1396,Exposicao_Face
81212,17,386,494,5.87,0,81212,21,Humano,Raiva,1412,Exposicao_Face
81229,17,381,515,5.97,0,81229,21,Humano,Raiva,1429,Exposicao_Face
81246,17,395,501,5.92,0,81246,21,Humano,Raiva,1446,Exposicao_Face
81262,17,380,492,5.94,0,81262,21,Humano,Raiva,1462,Exposicao_Face
81279,17,380,502,5.87,0,81279,21,Humano,Raiva,1479,Exposicao_Face
81295,17,376,500,5.94,0,81295,21,Humano,Raiva,1495,Exposicao_Face
81312,17,383,504,5.9,0,81312,21,Humano,Raiva,1512,Exposicao_Face
81329,17,387,495,5.86,0,81329,21,Humano,Raiva,1529,Exposicao_Face
81345,17,396,499,5.92,0,81345,21,Humano,Raiva,1545,Exposicao_Face
81362,17,389,517,6.0,0,81362,21,Humano,Raiva,1562,Exposicao_Face
81379,17,385,495,5.9,0,81379,21,Humano,Raiva,1579,Exposicao_Face
81395,17,387,500,5.94,0,81395,21,Humano,Raiva,1595,Exposicao_Face
81412,17,396,489,5.9,0,81412,21,Humano,Raiva,1612,Exposicao_Face
81429,17,392,502,5.86,0,81429,21,Humano,Raiva,1629,Exposicao_Face
81445,17,390,484,5.92,0,81445,21,Humano,Raiva,1645,Exposicao_Face
81462,17,388,498,5.9,0,81462,21,Humano,Raiva,1662,Exposicao_Face
81478,17,383,494,5.9,0,81478,21,Humano,Raiva,1678,Exposicao_Face
81495,17,387,503,5.92,0,81495,21,Humano,Raiva,1695,Exposicao_Face
81512,17,398,492,5.92,0,81512,21,Humano,Raiva,1712,Exposicao_Face
81528,17,397,481,5.84,0,81528,21,Humano,Raiva,1728,Exposicao_Face
81545,17,376,479,5.86,0,81545,21,Humano,Raiva,1745,Exposicao_Face
81562,17,387,499,5.9,0,81562,21,Humano,Raiva,1762,Exposicao_Face
81578,17,392,487,5.86,0,81578,21,Humano,Raiva,1778,Exposicao_Face
81595,17,395,475,5.9,0,81595,21,Humano,Raiva,1795,Exposicao_Face
81612,17,402,497,5.81,0,81612,21,Humano,Raiva,1812,Exposicao_Face
81628,17,386,487,5.94,0,81628,21,Humano,Raiva,1828,Exposicao_Face
81645,17,390,494,5.89,0,81645,21,Humano,Raiva,1845,Exposicao_Face
81661,17,379,486,5.9,0,81661,21,Humano,Raiva,1861,Exposicao_Face
81678,17,394,485,5.94,0,81678,21,Humano,Raiva,1878,Exposicao_Face
81695,17,380,491,5.92,0,81695,21,Humano,Raiva,1895,Exposicao_Face
81711,17,389,490,5.74,0,81711,21,Humano,Raiva,1911,Exposicao_Face
81728,17,375,489,5.84,0,81728,21,Humano,Raiva,1928,Exposicao_Face
81745,17,376,496,5.9,0,81745,21,Humano,Raiva,1945,Exposicao_Face
81761,17,379,497,5.92,0,81761,21,Humano,Raiva,1961,Exposicao_Face
81778,17,388,497,5.89,0,81778,21,Humano,Raiva,1978,Exposicao_Face
81795,17,384,480,5.94,0,81795,21,Humano,Raiva,1995,Exposicao_Face
81811,17,374,482,5.92,0,81811,21,Humano,Raiva,2011,Exposicao_Face
81828,17,370,476,5.9,0,81828,21,Humano,Raiva,2028,Exposicao_Face
81844,17,370,477,5.9,0,81844,21,Humano,Raiva,2044,Exposicao_Face
81861,17,379,485,5.94,0,81861,21,Humano,Raiva,2061,Exposicao_Face
81878,17,378,479,5.94,0,81878,21,Humano,Raiva,2078,Exposicao_Face
81894,17,373,496,5.9,0,81894,21,Humano,Raiva,2094,Exposicao_Face
81911,17,381,472,5.87,0,81911,21,Humano,Raiva,2111,Exposicao_Face
81928,17,382,488,5.95,0,81928,21,Humano,Raiva,2128,Exposicao_Face
81944,17,397,494,5.94,0,81944,21,Humano,Raiva,2144,Exposicao_Face
81961,17,395,480,5.9,0,81961,21,Humano,Raiva,2161,Exposicao_Face
81978,17,393,478,5.95,0,81978,21,Humano,Raiva,2178,Exposicao_Face
81994,17,382,480,5.95,0,81994,21,Humano,Raiva,2194,Exposicao_Face
82011,17,387,493,5.89,0,82011,21,Humano,Raiva,2211,Exposicao_Face
82027,17,371,488,5.95,0,82027,21,Humano,Raiva,2227,Exposicao_Face
82044,17,387,491,5.94,0,82044,21,Humano,Raiva,2244,Exposicao_Face
82061,17,414,461,5.95,0,82061,21,Humano,Raiva,2261,Exposicao_Face
82077,17,505,428,6.06,0,82077,21,Humano,Raiva,2277,Exposicao_Face
82094,17,500,428,6.06,0,82094,21,Humano,Raiva,2294,Exposicao_Face
82111,17,501,417,6.02,0,82111,21,Humano,Raiva,2311,Exposicao_Face
82127,17,509,413,6.05,0,82127,21,Humano,Raiva,2327,Exposicao_Face
82144,17,511,394,6.02,0,82144,21,Humano,Raiva,2344,Exposicao_Face
82161,17,503,429,6.03,0,82161,21,Humano,Raiva,2361,Exposicao_Face
82177,17,510,423,6.03,0,82177,21,Humano,Raiva,2377,Exposicao_Face
82194,17,497,409,5.97,0,82194,21,Humano,Raiva,2394,Exposicao_Face
82210,17,507,421,6.0,0,82210,21,Humano,Raiva,2410,Exposicao_Face
82227,17,515,398,5.97,0,82227,21,Humano,Raiva,2427,Exposicao_Face
82244,17,504,421,5.92,0,82244,21,Humano,Raiva,2444,Exposicao_Face
82260,17,516,423,5.95,0,82260,21,Humano,Raiva,2460,Exposicao_Face
82277,17,508,418,5.97,0,82277,21,Humano,Raiva,2477,Exposicao_Face
82294,17,503,421,5.98,0,82294,21,Humano,Raiva,2494,Exposicao_Face
82310,17,503,405,5.97,0,82310,21,Humano,Raiva,2510,Exposicao_Face
82327,17,507,419,5.97,0,82327,21,Humano,Raiva,2527,Exposicao_Face
82343,17,510,411,5.94,0,82343,21,Humano,Raiva,2543,Exposicao_Face
82360,17,506,420,5.89,0,82360,21,Humano,Raiva,2560,Exposicao_Face
82377,17,558,430,5.87,0,82377,21,Humano,Raiva,2577,Exposicao_Face
82393,17,619,402,5.84,0,82393,21,Humano,Raiva,2593,Exposicao_Face
82410,17,673,442,5.82,0,82410,21,Humano,Raiva,2610,Exposicao_Face
82427,17,705,605,5.71,0,82427,21,Humano,Raiva,2627,Exposicao_Face
82443,17,696,731,5.78,0,82443,21,Humano,Raiva,2643,Exposicao_Face
82460,17,685,786,5.81,0,82460,21,Humano,Raiva,2660,Exposicao_Face
82477,17,667,741,5.79,0,82477,21,Humano,Raiva,2677,Exposicao_Face
82493,17,652,645,5.73,0,82493,21,Humano,Raiva,2693,Exposicao_Face
82510,17,630,598,5.74,0,82510,21,Humano,Raiva,2710,Exposicao_Face
82526,17,623,462,5.71,0,82526,21,Humano,Raiva,2726,Exposicao_Face
82543,17,623,446,5.78,0,82543,21,Humano,Raiva,2743,Exposicao_Face
82560,17,624,426,5.71,0,82560,21,Humano,Raiva,2760,Exposicao_Face
82576,17,622,450,5.68,0,82576,21,Humano,Raiva,2776,Exposicao_Face
82593,17,621,503,5.73,0,82593,21,Humano,Raiva,2793,Exposicao_Face
82610,17,620,500,5.6,0,82610,21,Humano,Raiva,2810,Exposicao_Face
82626,17,623,524,5.6,0,82626,21,Humano,Raiva,2826,Exposicao_Face
82643,17,623,543,5.66,0,82643,21,Humano,Raiva,2843,Exposicao_Face
82660,17,619,524,5.55,0,82660,21,Humano,Raiva,2860,Exposicao_Face
82676,17,623,509,5.58,0,82676,21,Humano,Raiva,2876,Exposicao_Face
82693,17,619,508,5.61,0,82693,21,Humano,Raiva,2893,Exposicao_Face
82709,17,624,535,5.68,0,82709,21,Humano,Raiva,2909,Exposicao_Face
82726,17,619,525,5.66,0,82726,21,Humano,Raiva,2926,Exposicao_Face
82743,17,621,536,5.65,0,82743,21,Humano,Raiva,2943,Exposicao_Face
82759,17,621,531,5.63,0,82759,21,Humano,Raiva,2959,Exposicao_Face
82776,17,627,587,5.61,0,82776,21,Humano,Raiva,2976,Exposicao_Face
82793,17,601,693,5.63,0,82793,21,Humano,Raiva,2993,Exposicao_Face
82809,17,568,784,5.65,0,82809,21,Humano,Raiva,3009,Exposicao_Face
82826,17,551,845,5.69,0,82826,21,Humano,Raiva,3026,Exposicao_Face
82843,17,542,858,5.6,0,82843,21,Humano,Raiva,3043,Exposicao_Face
82859,17,539,853,5.63,0,82859,21,Humano,Raiva,3059,Exposicao_Face
82876,17,539,854,5.63,0,82876,21,Humano,Raiva,3076,Exposicao_Face
82892,17,536,849,5.66,0,82892,21,Humano,Raiva,3092,Exposicao_Face
82909,17,532,850,5.61,0,82909,21,Humano,Raiva,3109,Exposicao_Face
82926,17,537,845,5.65,0,82926,21,Humano,Raiva,3126,Exposicao_Face
82942,17,535,851,5.66,0,82942,21,Humano,Raiva,3142,Exposicao_Face
82959,17,532,846,5.66,0,82959,21,Humano,Raiva,3159,Exposicao_Face
82976,17,533,848,5.65,0,82976,21,Humano,Raiva,3176,Exposicao_Face
82992,17,533,844,5.58,0,82992,21,Humano,Raiva,3192,Exposicao_Face
83009,17,536,850,5.61,0,83009,21,Humano,Raiva,3209,Exposicao_Face
83026,17,531,850,5.71,0,83026,21,Humano,Raiva,3226,Exposicao_Face
83042,17,536,844,5.65,0,83042,21,Humano,Raiva,3242,Exposicao_Face
83059,17,536,845,5.66,0,83059,21,Humano,Raiva,3259,Exposicao_Face
83075,17,530,848,5.68,0,83075,21,Humano,Raiva,3275,Exposicao_Face
83092,17,534,841,5.58,0,83092,21,Humano,Raiva,3292,Exposicao_Face
83109,17,540,835,5.61,0,83109,21,Humano,Raiva,3309,Exposicao_Face
83125,17,530,653,5.6,0,83125,21,Humano,Raiva,3325,Exposicao_Face
83142,17,517,517,5.6,0,83142,21,Humano,Raiva,3342,Exposicao_Face
83159,17,520,427,5.57,0,83159,21,Humano,Raiva,3359,Exposicao_Face
83175,17,520,392,5.55,0,83175,21,Humano,Raiva,3375,Exposicao_Face
83192,17,518,365,5.55,0,83192,21,Humano,Raiva,3392,Exposicao_Face
83209,17,527,379,5.52,0,83209,21,Humano,Raiva,3409,Exposicao_Face
83225,17,530,410,5.65,0,83225,21,Humano,Raiva,3425,Exposicao_Face
83242,17,525,402,5.66,0,83242,21,Humano,Raiva,3442,Exposicao_Face
83258,17,526,409,5.66,0,83258,21,Humano,Raiva,3458,Exposicao_Face
83275,17,523,405,5.65,0,83275,21,Humano,Raiva,3475,Exposicao_Face
83292,17,530,391,5.6,0,83292,21,Humano,Raiva,3492,Exposicao_Face
83308,17,523,362,5.53,0,83308,21,Humano,Raiva,3508,Exposicao_Face
83325,17,527,386,5.61,0,83325,21,Humano,Raiva,3525,Exposicao_Face
83342,17,527,379,5.61,0,83342,21,Humano,Raiva,3542,Exposicao_Face
83358,17,527,371,5.57,0,83358,21,Humano,Raiva,3558,Exposicao_Face
83375,17,530,381,5.58,0,83375,21,Humano,Raiva,3575,Exposicao_Face
83392,17,530,381,5.6,0,83392,21,Humano,Raiva,3592,Exposicao_Face
83408,17,527,383,5.63,0,83408,21,Humano,Raiva,3608,Exposicao_Face
83425,17,526,373,5.57,0,83425,21,Humano,Raiva,3625,Exposicao_Face
83441,17,530,379,5.61,0,83441,21,Humano,Raiva,3641,Exposicao_Face
83458,17,530,371,5.58,0,83458,21,Humano,Raiva,3658,Exposicao_Face
83475,17,531,386,5.57,0,83475,21,Humano,Raiva,3675,Exposicao_Face
83491,17,527,376,5.63,0,83491,21,Humano,Raiva,3691,Exposicao_Face
83508,17,528,374,5.6,0,83508,21,Humano,Raiva,3708,Exposicao_Face
83525,17,529,381,5.65,0,83525,21,Humano,Raiva,3725,Exposicao_Face
83541,17,528,395,5.63,0,83541,21,Humano,Raiva,3741,Exposicao_Face
83558,17,525,381,5.6,0,83558,21,Humano,Raiva,3758,Exposicao_Face
83574,17,527,389,5.63,0,83574,21,Humano,Raiva,3774,Exposicao_Face
83591,17,525,379,5.63,0,83591,21,Humano,Raiva,3791,Exposicao_Face
83608,17,534,378,5.61,0,83608,21,Humano,Raiva,3808,Exposicao_Face
83624,17,533,400,5.61,0,83624,21,Humano,Raiva,3824,Exposicao_Face
83641,17,528,389,5.63,0,83641,21,Humano,Raiva,3841,Exposicao_Face
83658,17,526,377,5.58,0,83658,21,Humano,Raiva,3858,Exposicao_Face
83674,17,528,369,5.57,0,83674,21,Humano,Raiva,3874,Exposicao_Face
83691,17,526,389,5.71,0,83691,21,Humano,Raiva,3891,Exposicao_Face
83708,17,530,349,5.53,0,83708,21,Humano,Raiva,3908,Exposicao_Face
83724,17,514,385,5.61,0,83724,21,Humano,Raiva,3924,Exposicao_Face
83741,17,528,379,5.57,0,83741,21,Humano,Raiva,3941,Exposicao_Face
83757,17,528,373,5.61,0,83757,21,Humano,Raiva,3957,Exposicao_Face
83774,17,525,377,5.61,0,83774,21,Humano,Raiva,3974,Exposicao_Face
83791,17,526,359,5.68,0,83791,21,Humano,Raiva,3991,Exposicao_Face
83807,17,532,374,5.68,0,83807,22,Humano,Feliz,7,Janela_Baseline
83824,17,491,382,5.69,0,83824,22,Humano,Feliz,24,Janela_Baseline
83841,17,487,348,5.68,0,83841,22,Humano,Feliz,41,Janela_Baseline
83857,17,480,340,5.68,0,83857,22,Humano,Feliz,57,Janela_Baseline
83874,17,479,359,5.68,0,83874,22,Humano,Feliz,74,Janela_Baseline
83891,17,480,343,5.66,0,83891,22,Humano,Feliz,91,Janela_Baseline
83907,17,479,353,5.71,0,83907,22,Humano,Feliz,107,Janela_Baseline
83924,17,484,365,5.79,0,83924,22,Humano,Feliz,124,Janela_Baseline
83940,17,478,366,5.76,0,83940,22,Humano,Feliz,140,Janela_Baseline
83957,17,478,358,5.73,0,83957,22,Humano,Feliz,157,Janela_Baseline
83974,17,478,343,5.78,0,83974,22,Humano,Feliz,174,Janela_Baseline
83990,17,478,348,5.79,0,83990,22,Humano,Feliz,190,Janela_Baseline
84007,17,478,359,5.76,0,84007,22,Humano,Feliz,207,Janela_Baseline
84024,17,481,349,5.78,0,84024,22,Humano,Feliz,224,Janela_Baseline
84040,17,481,350,5.74,0,84040,22,Humano,Feliz,240,Janela_Baseline
84057,17,483,351,5.74,0,84057,22,Humano,Feliz,257,Janela_Baseline
84074,17,483,361,5.81,0,84074,22,Humano,Feliz,274,Janela_Baseline
84090,17,482,343,5.78,0,84090,22,Humano,Feliz,290,Janela_Baseline
84107,17,476,335,5.81,0,84107,22,Humano,Feliz,307,Janela_Baseline
84123,17,485,353,5.82,0,84123,22,Humano,Feliz,323,Janela_Baseline
84140,17,479,337,5.78,0,84140,22,Humano,Feliz,340,Janela_Baseline
84157,17,484,368,5.9,0,84157,22,Humano,Feliz,357,Janela_Baseline
84173,17,474,361,5.89,0,84173,22,Humano,Feliz,373,Janela_Baseline
84190,17,484,349,5.87,0,84190,22,Humano,Feliz,390,Janela_Baseline
84207,17,480,363,5.97,0,84207,22,Humano,Feliz,407,Janela_Baseline
84223,17,485,364,5.89,0,84223,22,Humano,Feliz,423,Janela_Baseline
84240,17,479,362,5.92,0,84240,22,Humano,Feliz,440,Janela_Baseline
84257,17,479,357,5.87,0,84257,22,Humano,Feliz,457,Janela_Baseline
84273,17,486,358,5.9,0,84273,22,Humano,Feliz,473,Janela_Baseline
84290,17,480,342,5.87,0,84290,22,Humano,Feliz,490,Janela_Baseline
84306,17,485,377,5.81,0,84306,22,Humano,Feliz,506,Janela_Baseline
84323,17,485,357,5.82,0,84323,22,Humano,Feliz,523,Janela_Baseline
84340,17,485,344,5.82,0,84340,22,Humano,Feliz,540,Janela_Baseline
84356,17,481,355,5.86,0,84356,22,Humano,Feliz,556,Janela_Baseline
84373,17,487,362,5.82,0,84373,22,Humano,Feliz,573,Janela_Baseline
84390,17,581,382,5.95,0,84390,22,Humano,Feliz,590,Janela_Baseline
84406,17,635,373,5.81,0,84406,22,Humano,Feliz,606,Janela_Baseline
84423,17,629,379,5.9,0,84423,22,Humano,Feliz,623,Janela_Baseline
84440,17,638,365,5.82,0,84440,22,Humano,Feliz,640,Janela_Baseline
84456,17,630,386,5.89,0,84456,22,Humano,Feliz,656,Janela_Baseline
84473,17,638,376,5.87,0,84473,22,Humano,Feliz,673,Janela_Baseline
84489,17,637,392,5.9,0,84489,22,Humano,Feliz,689,Janela_Baseline
84506,17,633,388,5.9,0,84506,22,Humano,Feliz,706,Janela_Baseline
84523,17,631,375,5.81,0,84523,22,Humano,Feliz,723,Janela_Baseline
84539,17,636,378,5.9,0,84539,22,Humano,Feliz,739,Janela_Baseline
84556,17,635,391,5.94,0,84556,22,Humano,Feliz,756,Janela_Baseline
84573,17,634,390,5.9,0,84573,22,Humano,Feliz,773,Janela_Baseline
84589,17,648,382,5.87,0,84589,22,Humano,Feliz,789,Janela_Baseline
84606,17,637,386,5.87,0,84606,22,Humano,Feliz,806,Janela_Baseline
84622,17,638,387,5.92,0,84622,22,Humano,Feliz,822,Janela_Baseline
84639,17,633,367,5.87,0,84639,22,Humano,Feliz,839,Janela_Baseline
84656,17,627,373,5.92,0,84656,22,Humano,Feliz,856,Janela_Baseline
84672,17,635,364,5.87,0,84672,22,Humano,Feliz,872,Janela_Baseline
84689,17,635,389,5.9,0,84689,22,Humano,Feliz,889,Janela_Baseline
84706,17,634,388,5.9,0,84706,22,Humano,Feliz,906,Janela_Baseline
84722,17,632,363,5.94,0,84722,22,Humano,Feliz,922,Janela_Baseline
84739,17,634,397,5.84,0,84739,22,Humano,Feliz,939,Janela_Baseline
84756,17,637,367,5.92,0,84756,22,Humano,Feliz,956,Janela_Baseline
84772,17,638,385,6.0,0,84772,22,Humano,Feliz,972,Janela_Baseline
84789,17,638,362,5.86,0,84789,22,Humano,Feliz,989,Janela_Baseline
84805,17,632,375,5.92,0,84805,22,Humano,Feliz,1005,Janela_Baseline
84822,17,636,382,5.92,0,84822,22,Humano,Feliz,1022,Janela_Baseline
84839,17,626,369,5.94,0,84839,22,Humano,Feliz,1039,Janela_Baseline
84855,17,631,384,5.95,0,84855,22,Humano,Feliz,1055,Janela_Baseline
84872,17,632,364,5.87,0,84872,22,Humano,Feliz,1072,Janela_Baseline
84889,17,629,361,6.0,0,84889,22,Humano,Feliz,1089,Janela_Baseline
84905,17,631,397,5.95,0,84905,22,Humano,Feliz,1105,Janela_Baseline
84922,17,629,380,5.95,0,84922,22,Humano,Feliz,1122,Janela_Baseline
84939,17,661,351,5.92,0,84939,22,Humano,Feliz,1139,Janela_Baseline
84955,17,696,341,5.94,0,84955,22,Humano,Feliz,1155,Janela_Baseline
84972,17,685,351,5.97,0,84972,22,Humano,Feliz,1172,Janela_Baseline
84988,17,689,346,5.94,0,84988,22,Humano,Feliz,1188,Janela_Baseline
85005,17,672,358,5.9,0,85005,22,Humano,Feliz,1205,Janela_Baseline
85022,17,695,370,5.97,0,85022,22,Humano,Feliz,1222,Janela_Baseline
85038,17,702,350,5.97,0,85038,22,Humano,Feliz,1238,Janela_Baseline
85055,17,667,353,5.95,0,85055,22,Humano,Feliz,1255,Janela_Baseline
85072,17,680,353,5.98,0,85072,22,Humano,Feliz,1272,Janela_Baseline
85088,17,686,327,5.97,0,85088,22,Humano,Feliz,1288,Janela_Baseline
85105,17,680,354,5.97,0,85105,22,Humano,Feliz,1305,Exposicao_Face
85122,17,679,356,5.97,0,85122,22,Humano,Feliz,1322,Exposicao_Face
85138,17,688,355,5.95,0,85138,22,Humano,Feliz,1338,Exposicao_Face
85155,17,693,359,5.87,0,85155,22,Humano,Feliz,1355,Exposicao_Face
85171,17,692,369,6.0,0,85171,22,Humano,Feliz,1371,Exposicao_Face
85188,17,690,346,5.98,0,85188,22,Humano,Feliz,1388,Exposicao_Face
85205,17,691,361,5.95,0,85205,22,Humano,Feliz,1405,Exposicao_Face
85221,17,680,337,5.9,0,85221,22,Humano,Feliz,1421,Exposicao_Face
85238,17,693,363,6.02,0,85238,22,Humano,Feliz,1438,Exposicao_Face
85255,17,699,356,5.95,0,85255,22,Humano,Feliz,1455,Exposicao_Face
85271,17,704,338,5.97,0,85271,22,Humano,Feliz,1471,Exposicao_Face
85288,17,694,346,5.98,0,85288,22,Humano,Feliz,1488,Exposicao_Face
85305,17,690,343,5.95,0,85305,22,Humano,Feliz,1505,Exposicao_Face
85321,17,684,341,5.97,0,85321,22,Humano,Feliz,1521,Exposicao_Face
85338,17,696,343,5.95,0,85338,22,Humano,Feliz,1538,Exposicao_Face
85354,17,696,343,5.84,0,85354,22,Humano,Feliz,1554,Exposicao_Face
85371,17,703,354,5.95,0,85371,22,Humano,Feliz,1571,Exposicao_Face
85388,17,688,355,5.97,0,85388,22,Humano,Feliz,1588,Exposicao_Face
85404,17,704,338,5.97,0,85404,22,Humano,Feliz,1604,Exposicao_Face
85421,17,682,357,6.03,0,85421,22,Humano,Feliz,1621,Exposicao_Face
85438,17,701,335,5.92,0,85438,22,Humano,Feliz,1638,Exposicao_Face
85454,17,690,367,5.94,0,85454,22,Humano,Feliz,1654,Exposicao_Face
85471,17,698,351,5.95,0,85471,22,Humano,Feliz,1671,Exposicao_Face
85488,17,691,353,5.97,0,85488,22,Humano,Feliz,1688,Exposicao_Face
85504,17,705,350,5.97,0,85504,22,Humano,Feliz,1704,Exposicao_Face
85521,17,719,351,5.95,0,85521,22,Humano,Feliz,1721,Exposicao_Face
85537,17,698,378,6.05,0,85537,22,Humano,Feliz,1737,Exposicao_Face
85554,17,702,352,5.92,0,85554,22,Humano,Feliz,1754,Exposicao_Face
85571,17,689,371,6.03,0,85571,22,Humano,Feliz,1771,Exposicao_Face
85587,17,703,373,6.03,0,85587,22,Humano,Feliz,1787,Exposicao_Face
85604,17,701,362,6.0,0,85604,22,Humano,Feliz,1804,Exposicao_Face
85621,17,698,371,6.03,0,85621,22,Humano,Feliz,1821,Exposicao_Face
85637,17,710,354,5.92,0,85637,22,Humano,Feliz,1837,Exposicao_Face
85654,17,605,343,6.08,0,85654,22,Humano,Feliz,1854,Exposicao_Face
85671,17,525,335,5.98,0,85671,22,Humano,Feliz,1871,Exposicao_Face
85687,17,501,326,5.95,0,85687,22,Humano,Feliz,1887,Exposicao_Face
85704,17,498,350,6.06,0,85704,22,Humano,Feliz,1904,Exposicao_Face
85720,17,501,350,6.03,0,85720,22,Humano,Feliz,1920,Exposicao_Face
85737,17,508,346,5.98,0,85737,22,Humano,Feliz,1937,Exposicao_Face
85754,17,498,344,6.0,0,85754,22,Humano,Feliz,1954,Exposicao_Face
85770,17,506,354,6.08,0,85770,22,Humano,Feliz,1970,Exposicao_Face
85787,17,505,340,6.0,0,85787,22,Humano,Feliz,1987,Exposicao_Face
85804,17,502,351,6.03,0,85804,22,Humano,Feliz,2004,Exposicao_Face
85820,17,505,348,6.02,0,85820,22,Humano,Feliz,2020,Exposicao_Face
85837,17,504,349,6.08,0,85837,22,Humano,Feliz,2037,Exposicao_Face
85853,17,503,346,6.05,0,85853,22,Humano,Feliz,2053,Exposicao_Face
85870,17,503,336,6.03,0,85870,22,Humano,Feliz,2070,Exposicao_Face
85887,17,506,346,6.05,0,85887,22,Humano,Feliz,2087,Exposicao_Face
85903,17,507,360,6.1,0,85903,22,Humano,Feliz,2103,Exposicao_Face
85920,17,504,339,6.08,0,85920,22,Humano,Feliz,2120,Exposicao_Face
85937,17,504,360,6.05,0,85937,22,Humano,Feliz,2137,Exposicao_Face
85953,17,505,341,6.14,0,85953,22,Humano,Feliz,2153,Exposicao_Face
85970,17,498,347,6.05,0,85970,22,Humano,Feliz,2170,Exposicao_Face
85987,17,439,399,6.06,0,85987,22,Humano,Feliz,2187,Exposicao_Face
86003,17,455,416,6.1,0,86003,22,Humano,Feliz,2203,Exposicao_Face
86020,17,431,410,6.02,0,86020,22,Humano,Feliz,2220,Exposicao_Face
86036,17,448,435,6.14,0,86036,22,Humano,Feliz,2236,Exposicao_Face
86053,17,445,417,6.11,0,86053,22,Humano,Feliz,2253,Exposicao_Face
86070,17,447,418,6.06,0,86070,22,Humano,Feliz,2270,Exposicao_Face
86086,17,446,418,6.08,0,86086,22,Humano,Feliz,2286,Exposicao_Face
86103,17,448,422,6.02,0,86103,22,Humano,Feliz,2303,Exposicao_Face
86120,17,448,417,6.06,0,86120,22,Humano,Feliz,2320,Exposicao_Face
86136,17,438,406,6.05,0,86136,22,Humano,Feliz,2336,Exposicao_Face
86153,17,430,404,6.06,0,86153,22,Humano,Feliz,2353,Exposicao_Face
86170,17,447,417,6.03,0,86170,22,Humano,Feliz,2370,Exposicao_Face
86186,17,432,414,6.06,0,86186,22,Humano,Feliz,2386,Exposicao_Face
86203,17,450,420,6.05,0,86203,22,Humano,Feliz,2403,Exposicao_Face
86219,17,449,428,6.11,0,86219,22,Humano,Feliz,2419,Exposicao_Face
86236,17,498,426,6.11,0,86236,22,Humano,Feliz,2436,Exposicao_Face
86253,17,513,436,6.18,0,86253,22,Humano,Feliz,2453,Exposicao_Face
86269,17,518,402,6.05,0,86269,22,Humano,Feliz,2469,Exposicao_Face
86286,17,515,403,6.02,0,86286,22,Humano,Feliz,2486,Exposicao_Face
86303,17,512,415,6.05,0,86303,22,Humano,Feliz,2503,Exposicao_Face
86319,17,518,405,6.06,0,86319,22,Humano,Feliz,2519,Exposicao_Face
86336,17,517,419,6.08,0,86336,22,Humano,Feliz,2536,Exposicao_Face
86353,17,513,428,6.08,0,86353,22,Humano,Feliz,2553,Exposicao_Face
86369,17,516,432,6.08,0,86369,22,Humano,Feliz,2569,Exposicao_Face
86386,17,528,396,5.94,0,86386,22,Humano,Feliz,2586,Exposicao_Face
86402,17,507,425,5.95,0,86402,22,Humano,Feliz,2602,Exposicao_Face
86419,17,510,422,5.92,0,86419,22,Humano,Feliz,2619,Exposicao_Face
86436,17,519,421,5.92,0,86436,22,Humano,Feliz,2636,Exposicao_Face
86452,17,511,437,5.92,0,86452,22,Humano,Feliz,2652,Exposicao_Face
86469,17,504,437,5.89,0,86469,22,Humano,Feliz,2669,Exposicao_Face
86486,17,510,425,5.84,0,86486,22,Humano,Feliz,2686,Exposicao_Face
86502,17,506,426,5.84,0,86502,22,Humano,Feliz,2702,Exposicao_Face
86519,17,511,410,5.76,0,86519,22,Humano,Feliz,2719,Exposicao_Face
86536,17,505,423,5.78,0,86536,22,Humano,Feliz,2736,Exposicao_Face
86552,17,505,433,5.76,0,86552,22,Humano,Feliz,2752,Exposicao_Face
86569,17,510,438,5.71,0,86569,22,Humano,Feliz,2769,Exposicao_Face
86585,17,509,445,5.74,0,86585,22,Humano,Feliz,2785,Exposicao_Face
86602,17,510,431,5.71,0,86602,22,Humano,Feliz,2802,Exposicao_Face
86619,17,510,440,5.74,0,86619,22,Humano,Feliz,2819,Exposicao_Face
86635,17,504,434,5.73,0,86635,22,Humano,Feliz,2835,Exposicao_Face
86652,17,503,431,5.74,0,86652,22,Humano,Feliz,2852,Exposicao_Face
86669,17,508,414,5.61,0,86669,22,Humano,Feliz,2869,Exposicao_Face
86685,17,509,424,5.73,0,86685,22,Humano,Feliz,2885,Exposicao_Face
86702,17,510,440,5.68,0,86702,22,Humano,Feliz,2902,Exposicao_Face
86719,17,509,425,5.66,0,86719,22,Humano,Feliz,2919,Exposicao_Face
86735,17,510,424,5.71,0,86735,22,Humano,Feliz,2935,Exposicao_Face
86752,17,507,437,5.73,0,86752,22,Humano,Feliz,2952,Exposicao_Face
86768,17,508,436,5.73,0,86768,22,Humano,Feliz,2968,Exposicao_Face
86785,17,506,462,5.73,0,86785,22,Humano,Feliz,2985,Exposicao_Face
86802,17,507,443,5.73,0,86802,22,Humano,Feliz,3002,Exposicao_Face
86818,17,500,423,5.71,0,86818,22,Humano,Feliz,3018,Exposicao_Face
86835,17,507,435,5.71,0,86835,22,Humano,Feliz,3035,Exposicao_Face
86852,17,509,430,5.73,0,86852,22,Humano,Feliz,3052,Exposicao_Face
86868,17,504,435,5.69,0,86868,22,Humano,Feliz,3068,Exposicao_Face
86885,17,509,439,5.69,0,86885,22,Humano,Feliz,3085,Exposicao_Face
86901,17,507,441,5.73,0,86901,22,Humano,Feliz,3101,Exposicao_Face
86918,17,507,426,5.69,0,86918,22,Humano,Feliz,3118,Exposicao_Face
86935,17,506,429,5.71,0,86935,22,Humano,Feliz,3135,Exposicao_Face
86951,17,506,441,5.81,0,86951,22,Humano,Feliz,3151,Exposicao_Face
86968,17,505,441,5.76,0,86968,22,Humano,Feliz,3168,Exposicao_Face
86985,17,509,442,5.76,0,86985,22,Humano,Feliz,3185,Exposicao_Face
87001,17,507,438,5.79,0,87001,22,Humano,Feliz,3201,Exposicao_Face
87018,17,507,434,5.78,0,87018,22,Humano,Feliz,3218,Exposicao_Face
87035,17,508,441,5.81,0,87035,22,Humano,Feliz,3235,Exposicao_Face
87051,17,508,463,5.84,0,87051,22,Humano,Feliz,3251,Exposicao_Face
87068,17,506,452,5.84,0,87068,22,Humano,Feliz,3268,Exposicao_Face
87084,17,508,437,5.79,0,87084,22,Humano,Feliz,3284,Exposicao_Face
87101,17,505,450,5.78,0,87101,22,Humano,Feliz,3301,Exposicao_Face
87118,17,499,440,5.82,0,87118,22,Humano,Feliz,3318,Exposicao_Face
87134,17,509,441,5.79,0,87134,22,Humano,Feliz,3334,Exposicao_Face
87151,17,509,438,5.82,0,87151,22,Humano,Feliz,3351,Exposicao_Face
87168,17,503,463,5.92,0,87168,22,Humano,Feliz,3368,Exposicao_Face
87184,17,504,444,5.79,0,87184,22,Humano,Feliz,3384,Exposicao_Face
87201,17,507,444,5.82,0,87201,22,Humano,Feliz,3401,Exposicao_Face
87218,17,505,449,5.89,0,87218,22,Humano,Feliz,3418,Exposicao_Face
87234,17,505,445,5.84,0,87234,22,Humano,Feliz,3434,Exposicao_Face
87251,17,510,453,5.82,0,87251,22,Humano,Feliz,3451,Exposicao_Face
87267,17,514,423,5.87,0,87267,22,Humano,Feliz,3467,Exposicao_Face
87284,17,510,447,5.9,0,87284,22,Humano,Feliz,3484,Exposicao_Face
87301,17,510,449,5.87,0,87301,22,Humano,Feliz,3501,Exposicao_Face
87317,17,513,448,5.87,0,87317,22,Humano,Feliz,3517,Exposicao_Face
87334,17,517,419,5.79,0,87334,22,Humano,Feliz,3534,Exposicao_Face
87351,17,510,443,5.86,0,87351,22,Humano,Feliz,3551,Exposicao_Face
87367,17,506,450,5.84,0,87367,22,Humano,Feliz,3567,Exposicao_Face
87384,17,512,443,5.82,0,87384,22,Humano,Feliz,3584,Exposicao_Face
87401,17,518,459,5.92,0,87401,22,Humano,Feliz,3601,Exposicao_Face
87417,17,473,429,5.9,0,87417,22,Humano,Feliz,3617,Exposicao_Face
87434,17,464,417,5.87,0,87434,22,Humano,Feliz,3634,Exposicao_Face
87450,17,450,417,5.9,0,87450,22,Humano,Feliz,3650,Exposicao_Face
87467,17,462,411,5.89,0,87467,22,Humano,Feliz,3667,Exposicao_Face
87484,17,458,409,5.9,0,87484,22,Humano,Feliz,3684,Exposicao_Face
87500,17,461,418,5.92,0,87500,22,Humano,Feliz,3700,Exposicao_Face
87517,17,457,397,5.9,0,87517,22,Humano,Feliz,3717,Exposicao_Face
87534,17,463,420,5.9,0,87534,22,Humano,Feliz,3734,Exposicao_Face
87550,17,458,398,5.89,0,87550,22,Humano,Feliz,3750,Exposicao_Face
87567,17,467,411,5.92,0,87567,22,Humano,Feliz,3767,Exposicao_Face
87584,17,463,401,5.94,0,87584,22,Humano,Feliz,3784,Exposicao_Face
87600,17,460,414,5.9,0,87600,22,Humano,Feliz,3800,Exposicao_Face
87617,17,463,402,5.87,0,87617,22,Humano,Feliz,3817,Exposicao_Face
87633,17,462,406,5.92,0,87633,22,Humano,Feliz,3833,Exposicao_Face
87650,17,454,426,5.92,0,87650,22,Humano,Feliz,3850,Exposicao_Face
87667,17,465,407,5.92,0,87667,22,Humano,Feliz,3867,Exposicao_Face
87683,17,383,434,5.92,0,87683,22,Humano,Feliz,3883,Exposicao_Face
87700,17,337,454,5.92,0,87700,22,Humano,Feliz,3900,Exposicao_Face
87717,17,294,467,5.84,0,87717,22,Humano,Feliz,3917,Exposicao_Face
87733,17,286,461,5.78,0,87733,22,Humano,Feliz,3933,Exposicao_Face
87750,17,290,451,5.78,0,87750,22,Humano,Feliz,3950,Exposicao_Face
87767,17,300,466,5.86,0,87767,22,Humano,Feliz,3967,Exposicao_Face
87783,17,278,467,5.84,0,87783,22,Humano,Feliz,3983,Exposicao_Face
87800,17,308,447,5.79,0,87800,23,Humano,Neutro,0,Janela_Baseline
87816,17,285,471,5.79,0,87816,23,Humano,Neutro,16,Janela_Baseline
87833,17,286,451,5.74,0,87833,23,Humano,Neutro,33,Janela_Baseline
87850,17,304,450,5.84,0,87850,23,Humano,Neutro,50,Janela_Baseline
87866,17,298,458,5.82,0,87866,23,Humano,Neutro,66,Janela_Baseline
87883,17,287,458,5.82,0,87883,23,Humano,Neutro,83,Janela_Baseline
87900,17,284,458,5.84,0,87900,23,Humano,Neutro,100,Janela_Baseline
87916,17,285,463,5.81,0,87916,23,Humano,Neutro,116,Janela_Baseline
87933,17,313,462,5.87,0,87933,23,Humano,Neutro,133,Janela_Baseline
87950,17,297,462,5.89,0,87950,23,Humano,Neutro,150,Janela_Baseline
87966,17,310,477,5.89,0,87966,23,Humano,Neutro,166,Janela_Baseline
87983,17,422,481,5.94,0,87983,23,Humano,Neutro,183,Janela_Baseline
87999,17,475,467,5.89,0,87999,23,Humano,Neutro,199,Janela_Baseline
88016,17,471,437,5.89,0,88016,23,Humano,Neutro,216,Janela_Baseline
88033,17,478,458,5.89,0,88033,23,Humano,Neutro,233,Janela_Baseline
88049,17,471,445,5.87,0,88049,23,Humano,Neutro,249,Janela_Baseline
88066,17,480,448,5.92,0,88066,23,Humano,Neutro,266,Janela_Baseline
88083,17,484,461,5.79,0,88083,23,Humano,Neutro,283,Janela_Baseline
88099,17,483,446,5.87,0,88099,23,Humano,Neutro,299,Janela_Baseline
88116,17,494,434,5.87,0,88116,23,Humano,Neutro,316,Janela_Baseline
88132,17,493,470,5.92,0,88132,23,Humano,Neutro,332,Janela_Baseline
88149,17,488,431,5.89,0,88149,23,Humano,Neutro,349,Janela_Baseline
88166,17,480,461,5.87,0,88166,23,Humano,Neutro,366,Janela_Baseline
88182,17,477,459,5.92,0,88182,23,Humano,Neutro,382,Janela_Baseline
88199,17,485,435,5.84,0,88199,23,Humano,Neutro,399,Janela_Baseline
88216,17,482,453,5.87,0,88216,23,Humano,Neutro,416,Janela_Baseline
88232,17,492,440,5.79,0,88232,23,Humano,Neutro,432,Janela_Baseline
88249,17,480,443,5.86,0,88249,23,Humano,Neutro,449,Janela_Baseline
88266,17,483,440,5.82,0,88266,23,Humano,Neutro,466,Janela_Baseline
88282,17,483,442,5.81,0,88282,23,Humano,Neutro,482,Janela_Baseline
88299,17,497,436,5.78,0,88299,23,Humano,Neutro,499,Janela_Baseline
88315,17,495,454,5.87,0,88315,23,Humano,Neutro,515,Janela_Baseline
88332,17,516,423,5.84,0,88332,23,Humano,Neutro,532,Janela_Baseline
88349,17,537,382,5.81,0,88349,23,Humano,Neutro,549,Janela_Baseline
88365,17,543,381,5.78,0,88365,23,Humano,Neutro,565,Janela_Baseline
88382,17,552,369,5.79,0,88382,23,Humano,Neutro,582,Janela_Baseline
88399,17,544,372,5.78,0,88399,23,Humano,Neutro,599,Janela_Baseline
88415,17,546,375,5.79,0,88415,23,Humano,Neutro,615,Janela_Baseline
88432,17,544,386,5.82,0,88432,23,Humano,Neutro,632,Janela_Baseline
88449,17,550,395,5.78,0,88449,23,Humano,Neutro,649,Janela_Baseline
88465,17,548,393,5.94,0,88465,23,Humano,Neutro,665,Janela_Baseline
88482,17,543,376,5.87,0,88482,23,Humano,Neutro,682,Janela_Baseline
88498,17,544,361,5.79,0,88498,23,Humano,Neutro,698,Janela_Baseline
88515,17,549,388,5.89,0,88515,23,Humano,Neutro,715,Janela_Baseline
88532,17,544,359,5.84,0,88532,23,Humano,Neutro,732,Janela_Baseline
88548,17,549,360,5.81,0,88548,23,Humano,Neutro,748,Janela_Baseline
88565,17,550,375,5.87,0,88565,23,Humano,Neutro,765,Janela_Baseline
88582,17,550,365,5.73,0,88582,23,Humano,Neutro,782,Janela_Baseline
88598,17,547,388,5.81,0,88598,23,Humano,Neutro,798,Janela_Baseline
88615,17,551,393,5.9,0,88615,23,Humano,Neutro,815,Janela_Baseline
88632,17,543,384,5.89,0,88632,23,Humano,Neutro,832,Janela_Baseline
88648,17,545,365,5.84,0,88648,23,Humano,Neutro,848,Janela_Baseline
88665,17,547,381,5.84,0,88665,23,Humano,Neutro,865,Janela_Baseline
88681,17,544,387,5.92,0,88681,23,Humano,Neutro,881,Janela_Baseline
88698,17,549,383,5.9,0,88698,23,Humano,Neutro,898,Janela_Baseline
88715,17,544,383,5.94,0,88715,23,Humano,Neutro,915,Janela_Baseline
88731,17,542,384,5.81,0,88731,23,Humano,Neutro,931,Janela_Baseline
88748,17,463,386,5.92,0,88748,23,Humano,Neutro,948,Janela_Baseline
88765,17,464,388,5.84,0,88765,23,Humano,Neutro,965,Janela_Baseline
88781,17,458,385,5.92,0,88781,23,Humano,Neutro,981,Janela_Baseline
88798,17,458,373,5.89,0,88798,23,Humano,Neutro,998,Janela_Baseline
88815,17,458,381,5.82,0,88815,23,Humano,Neutro,1015,Janela_Baseline
88831,17,449,382,5.86,0,88831,23,Humano,Neutro,1031,Janela_Baseline
88848,17,456,380,5.9,0,88848,23,Humano,Neutro,1048,Janela_Baseline
88864,17,460,389,5.86,0,88864,23,Humano,Neutro,1064,Janela_Baseline
88881,17,458,387,5.86,0,88881,23,Humano,Neutro,1081,Janela_Baseline
88898,17,460,372,5.9,0,88898,23,Humano,Neutro,1098,Janela_Baseline
88914,17,460,370,5.9,0,88914,23,Humano,Neutro,1114,Janela_Baseline
88931,17,462,392,5.92,0,88931,23,Humano,Neutro,1131,Janela_Baseline
88948,17,464,398,5.95,0,88948,23,Humano,Neutro,1148,Janela_Baseline
88964,17,460,400,5.89,0,88964,23,Humano,Neutro,1164,Janela_Baseline
88981,17,438,404,5.94,0,88981,23,Humano,Neutro,1181,Janela_Baseline
88998,17,437,387,5.89,0,88998,23,Humano,Neutro,1198,Janela_Baseline
89014,17,439,385,5.9,0,89014,23,Humano,Neutro,1214,Janela_Baseline
89031,17,440,375,5.97,0,89031,23,Humano,Neutro,1231,Janela_Baseline
89047,17,440,388,5.97,0,89047,23,Humano,Neutro,1247,Janela_Baseline
89064,17,444,379,5.97,0,89064,23,Humano,Neutro,1264,Janela_Baseline
89081,17,451,409,5.95,0,89081,23,Humano,Neutro,1281,Janela_Baseline
89097,17,450,378,5.86,0,89097,23,Humano,Neutro,1297,Janela_Baseline
89114,17,449,405,5.9,0,89114,23,Humano,Neutro,1314,Exposicao_Face
89131,17,448,391,5.9,0,89131,23,Humano,Neutro,1331,Exposicao_Face
89147,17,445,414,5.9,0,89147,23,Humano,Neutro,1347,Exposicao_Face
89164,17,443,406,5.97,0,89164,23,Humano,Neutro,1364,Exposicao_Face
89180,17,451,403,5.94,0,89180,23,Humano,Neutro,1380,Exposicao_Face
89197,17,451,398,5.95,0,89197,23,Humano,Neutro,1397,Exposicao_Face
89214,17,444,399,5.94,0,89214,23,Humano,Neutro,1414,Exposicao_Face
89230,17,447,391,5.89,0,89230,23,Humano,Neutro,1430,Exposicao_Face
89247,17,449,400,5.94,0,89247,23,Humano,Neutro,1447,Exposicao_Face
89264,17,435,394,5.86,0,89264,23,Humano,Neutro,1464,Exposicao_Face
89280,17,443,394,5.92,0,89280,23,Humano,Neutro,1480,Exposicao_Face
89297,17,450,401,5.87,0,89297,23,Humano,Neutro,1497,Exposicao_Face
89314,17,449,400,5.86,0,89314,23,Humano,Neutro,1514,Exposicao_Face
89330,17,447,403,5.9,0,89330,23,Humano,Neutro,1530,Exposicao_Face
89347,17,452,423,5.95,0,89347,23,Humano,Neutro,1547,Exposicao_Face
89363,17,451,394,5.87,0,89363,23,Humano,Neutro,1563,Exposicao_Face
89380,17,441,390,5.9,0,89380,23,Humano,Neutro,1580,Exposicao_Face
89397,17,450,406,5.9,0,89397,23,Humano,Neutro,1597,Exposicao_Face
89413,17,443,420,5.9,0,89413,23,Humano,Neutro,1613,Exposicao_Face
89430,17,437,418,5.89,0,89430,23,Humano,Neutro,1630,Exposicao_Face
89447,17,447,393,5.86,0,89447,23,Humano,Neutro,1647,Exposicao_Face
89463,17,510,475,5.84,0,89463,23,Humano,Neutro,1663,Exposicao_Face
89480,17,507,493,5.92,0,89480,23,Humano,Neutro,1680,Exposicao_Face
89497,17,515,515,5.89,0,89497,23,Humano,Neutro,1697,Exposicao_Face
89513,17,509,496,5.9,0,89513,23,Humano,Neutro,1713,Exposicao_Face
89530,17,507,483,5.9,0,89530,23,Humano,Neutro,1730,Exposicao_Face
89546,17,504,494,5.79,0,89546,23,Humano,Neutro,1746,Exposicao_Face
89563,17,512,507,5.84,0,89563,23,Humano,Neutro,1763,Exposicao_Face
89580,17,507,516,5.84,0,89580,23,Humano,Neutro,1780,Exposicao_Face
89596,17,510,504,5.87,0,89596,23,Humano,Neutro,1796,Exposicao_Face
89613,17,507,489,5.82,0,89613,23,Humano,Neutro,1813,Exposicao_Face
89630,17,504,489,5.87,0,89630,23,Humano,Neutro,1830,Exposicao_Face
89646,17,520,498,5.92,0,89646,23,Humano,Neutro,1846,Exposicao_Face
89663,17,505,504,5.98,0,89663,23,Humano,Neutro,1863,Exposicao_Face
89680,17,506,511,6.02,0,89680,23,Humano,Neutro,1880,Exposicao_Face
89696,17,502,500,6.05,0,89696,23,Humano,Neutro,1896,Exposicao_Face
89713,17,513,526,5.95,0,89713,23,Humano,Neutro,1913,Exposicao_Face
89729,17,516,508,5.95,0,89729,23,Humano,Neutro,1929,Exposicao_Face
89746,17,498,495,5.98,0,89746,23,Humano,Neutro,1946,Exposicao_Face
89763,17,510,491,5.87,0,89763,23,Humano,Neutro,1963,Exposicao_Face
89779,17,509,514,5.89,0,89779,23,Humano,Neutro,1979,Exposicao_Face
89796,17,503,492,5.95,0,89796,23,Humano,Neutro,1996,Exposicao_Face
89813,17,514,516,6.06,0,89813,23,Humano,Neutro,2013,Exposicao_Face
89829,17,511,486,5.97,0,89829,23,Humano,Neutro,2029,Exposicao_Face
89846,17,507,509,6.0,0,89846,23,Humano,Neutro,2046,Exposicao_Face
89863,17,510,488,6.02,0,89863,23,Humano,Neutro,2063,Exposicao_Face
89879,17,512,522,6.0,0,89879,23,Humano,Neutro,2079,Exposicao_Face
89896,17,504,510,6.0,0,89896,23,Humano,Neutro,2096,Exposicao_Face
89912,17,512,511,6.03,0,89912,23,Humano,Neutro,2112,Exposicao_Face
89929,17,521,487,5.89,0,89929,23,Humano,Neutro,2129,Exposicao_Face
89946,17,503,489,5.95,0,89946,23,Humano,Neutro,2146,Exposicao_Face
89962,17,514,495,5.95,0,89962,23,Humano,Neutro,2162,Exposicao_Face
89979,17,512,510,5.94,0,89979,23,Humano,Neutro,2179,Exposicao_Face
89996,17,510,500,5.95,0,89996,23,Humano,Neutro,2196,Exposicao_Face
90012,17,504,496,5.94,0,90012,23,Humano,Neutro,2212,Exposicao_Face
90029,17,511,517,5.94,0,90029,23,Humano,Neutro,2229,Exposicao_Face
90046,17,515,493,5.9,0,90046,23,Humano,Neutro,2246,Exposicao_Face
90062,17,514,495,5.81,0,90062,23,Humano,Neutro,2262,Exposicao_Face
90079,17,504,511,5.94,0,90079,23,Humano,Neutro,2279,Exposicao_Face
90095,17,504,507,5.87,0,90095,23,Humano,Neutro,2295,Exposicao_Face
90112,17,509,504,5.89,0,90112,23,Humano,Neutro,2312,Exposicao_Face
90129,17,506,493,5.78,0,90129,23,Humano,Neutro,2329,Exposicao_Face
90145,17,507,512,5.94,0,90145,23,Humano,Neutro,2345,Exposicao_Face
90162,17,517,516,5.89,0,90162,23,Humano,Neutro,2362,Exposicao_Face
90179,17,505,506,5.9,0,90179,23,Humano,Neutro,2379,Exposicao_Face
90195,17,517,432,5.86,0,90195,23,Humano,Neutro,2395,Exposicao_Face
90212,17,514,445,5.89,0,90212,23,Humano,Neutro,2412,Exposicao_Face
90229,17,516,430,5.81,0,90229,23,Humano,Neutro,2429,Exposicao_Face
90245,17,521,429,5.84,0,90245,23,Humano,Neutro,2445,Exposicao_Face
90262,17,520,446,5.89,0,90262,23,Humano,Neutro,2462,Exposicao_Face
90278,17,517,447,5.84,0,90278,23,Humano,Neutro,2478,Exposicao_Face
90295,17,517,422,5.81,0,90295,23,Humano,Neutro,2495,Exposicao_Face
90312,17,518,427,5.81,0,90312,23,Humano,Neutro,2512,Exposicao_Face
90328,17,517,448,5.84,0,90328,23,Humano,Neutro,2528,Exposicao_Face
90345,17,524,424,5.71,0,90345,23,Humano,Neutro,2545,Exposicao_Face
90362,17,527,446,5.78,0,90362,23,Humano,Neutro,2562,Exposicao_Face
90378,17,526,438,5.69,0,90378,23,Humano,Neutro,2578,Exposicao_Face
90395,17,524,431,5.68,0,90395,23,Humano,Neutro,2595,Exposicao_Face
90411,17,520,420,5.71,0,90411,23,Humano,Neutro,2611,Exposicao_Face
90428,17,540,448,5.63,0,90428,23,Humano,Neutro,2628,Exposicao_Face
90445,17,554,427,5.66,0,90445,23,Humano,Neutro,2645,Exposicao_Face
90461,17,591,566,5.63,0,90461,23,Humano,Neutro,2661,Exposicao_Face
90478,17,598,803,5.55,0,90478,23,Humano,Neutro,2678,Exposicao_Face
90495,17,676,819,0.0,0,90495,23,Humano,Neutro,2695,Exposicao_Face
90511,17,698,937,0.0,0,90511,23,Humano,Neutro,2711,Exposicao_Face
90528,17,693,1026,0.0,0,90528,23,Humano,Neutro,2728,Exposicao_Face
90561,33,729,1079,0.0,0,90561,23,Humano,Neutro,2761,Exposicao_Face
90578,17,728,1059,0.0,0,90578,23,Humano,Neutro,2778,Exposicao_Face
90594,17,700,1008,0.0,0,90594,23,Humano,Neutro,2794,Exposicao_Face
90611,17,660,972,0.0,0,90611,23,Humano,Neutro,2811,Exposicao_Face
90628,17,661,962,0.0,0,90628,23,Humano,Neutro,2828,Exposicao_Face
90644,17,612,897,0.0,0,90644,23,Humano,Neutro,2844,Exposicao_Face
90661,17,615,854,0.0,0,90661,23,Humano,Neutro,2861,Exposicao_Face
90678,17,575,772,0.0,0,90678,23,Humano,Neutro,2878,Exposicao_Face
90694,17,501,914,5.26,0,90694,23,Humano,Neutro,2894,Exposicao_Face
90711,17,504,838,5.42,0,90711,23,Humano,Neutro,2911,Exposicao_Face
90728,17,512,696,5.2,0,90728,23,Humano,Neutro,2928,Exposicao_Face
90744,17,507,580,5.18,0,90744,23,Humano,Neutro,2944,Exposicao_Face
90761,17,507,515,5.17,0,90761,23,Humano,Neutro,2961,Exposicao_Face
90777,17,508,414,5.17,0,90777,23,Humano,Neutro,2977,Exposicao_Face
90794,17,513,370,5.18,0,90794,23,Humano,Neutro,2994,Exposicao_Face
90811,17,520,428,5.15,0,90811,23,Humano,Neutro,3011,Exposicao_Face
90827,17,508,478,5.2,0,90827,23,Humano,Neutro,3027,Exposicao_Face
90844,17,511,483,5.15,0,90844,23,Humano,Neutro,3044,Exposicao_Face
90861,17,512,466,5.15,0,90861,23,Humano,Neutro,3061,Exposicao_Face
90877,17,513,465,5.15,0,90877,23,Humano,Neutro,3077,Exposicao_Face
90894,17,511,477,5.15,0,90894,23,Humano,Neutro,3094,Exposicao_Face
90911,17,513,492,5.15,0,90911,23,Humano,Neutro,3111,Exposicao_Face
90927,17,525,510,5.17,0,90927,23,Humano,Neutro,3127,Exposicao_Face
90944,17,586,578,5.18,0,90944,23,Humano,Neutro,3144,Exposicao_Face
90960,17,615,651,5.25,0,90960,23,Humano,Neutro,3160,Exposicao_Face
90977,17,621,721,5.17,0,90977,23,Humano,Neutro,3177,Exposicao_Face
90994,17,623,721,5.28,0,90994,23,Humano,Neutro,3194,Exposicao_Face
91010,17,618,716,5.23,0,91010,23,Humano,Neutro,3210,Exposicao_Face
91027,17,618,714,5.21,0,91027,23,Humano,Neutro,3227,Exposicao_Face
91044,17,620,706,5.21,0,91044,23,Humano,Neutro,3244,Exposicao_Face
91060,17,617,714,5.25,0,91060,23,Humano,Neutro,3260,Exposicao_Face
91077,17,614,716,5.25,0,91077,23,Humano,Neutro,3277,Exposicao_Face
91094,17,612,729,5.29,0,91094,23,Humano,Neutro,3294,Exposicao_Face
91110,17,611,722,5.25,0,91110,23,Humano,Neutro,3310,Exposicao_Face
91127,17,609,721,5.21,0,91127,23,Humano,Neutro,3327,Exposicao_Face
91143,17,607,702,5.15,0,91143,23,Humano,Neutro,3343,Exposicao_Face
91160,17,611,721,5.15,0,91160,23,Humano,Neutro,3360,Exposicao_Face
91177,17,615,739,5.18,0,91177,23,Humano,Neutro,3377,Exposicao_Face
91193,17,605,729,5.17,0,91193,23,Humano,Neutro,3393,Exposicao_Face
91210,17,607,698,5.13,0,91210,23,Humano,Neutro,3410,Exposicao_Face
91227,17,555,522,5.1,0,91227,23,Humano,Neutro,3427,Exposicao_Face
91243,17,536,457,5.04,0,91243,23,Humano,Neutro,3443,Exposicao_Face
91260,17,537,451,5.07,0,91260,23,Humano,Neutro,3460,Exposicao_Face
91277,17,529,455,5.12,0,91277,23,Humano,Neutro,3477,Exposicao_Face
91293,17,536,439,5.07,0,91293,23,Humano,Neutro,3493,Exposicao_Face
91310,17,537,472,5.01,0,91310,23,Humano,Neutro,3510,Exposicao_Face
91326,17,536,432,5.02,0,91326,23,Humano,Neutro,3526,Exposicao_Face
91343,17,536,438,4.99,0,91343,23,Humano,Neutro,3543,Exposicao_Face
91360,17,537,440,5.07,0,91360,23,Humano,Neutro,3560,Exposicao_Face
91376,17,538,452,5.07,0,91376,23,Humano,Neutro,3576,Exposicao_Face
91393,17,535,438,5.05,0,91393,23,Humano,Neutro,3593,Exposicao_Face
91410,17,533,453,5.07,0,91410,23,Humano,Neutro,3610,Exposicao_Face
91426,17,538,461,5.07,0,91426,23,Humano,Neutro,3626,Exposicao_Face
91443,17,536,464,5.1,0,91443,23,Humano,Neutro,3643,Exposicao_Face
91459,17,537,449,5.05,0,91459,23,Humano,Neutro,3659,Exposicao_Face
91476,17,538,435,5.01,0,91476,23,Humano,Neutro,3676,Exposicao_Face
91493,17,534,367,5.05,0,91493,23,Humano,Neutro,3693,Exposicao_Face
91509,17,537,361,5.1,0,91509,23,Humano,Neutro,3709,Exposicao_Face
91526,17,539,361,5.02,0,91526,23,Humano,Neutro,3726,Exposicao_Face
91543,17,540,367,5.1,0,91543,23,Humano,Neutro,3743,Exposicao_Face
91559,17,537,363,5.07,0,91559,23,Humano,Neutro,3759,Exposicao_Face
91576,17,540,361,5.05,0,91576,23,Humano,Neutro,3776,Exposicao_Face
91593,17,535,346,5.17,0,91593,23,Humano,Neutro,3793,Exposicao_Face
91609,17,535,342,5.04,0,91609,23,Humano,Neutro,3809,Exposicao_Face
91626,17,538,372,5.18,0,91626,23,Humano,Neutro,3826,Exposicao_Face
91642,17,535,386,5.2,0,91642,23,Humano,Neutro,3842,Exposicao_Face
91659,17,542,350,5.05,0,91659,23,Humano,Neutro,3859,Exposicao_Face
91676,17,539,353,5.18,0,91676,23,Humano,Neutro,3876,Exposicao_Face
91692,17,544,357,5.17,0,91692,23,Humano,Neutro,3892,Exposicao_Face
91709,17,541,387,5.29,0,91709,23,Humano,Neutro,3909,Exposicao_Face
91726,17,538,357,5.2,0,91726,23,Humano,Neutro,3926,Exposicao_Face
91742,17,541,372,5.23,0,91742,23,Humano,Neutro,3942,Exposicao_Face
91759,17,495,350,5.28,0,91759,23,Humano,Neutro,3959,Exposicao_Face
91776,17,485,356,5.28,0,91776,23,Humano,Neutro,3976,Exposicao_Face
91792,17,477,329,5.17,0,91792,23,Humano,Neutro,3992,Exposicao_Face
91809,17,483,345,5.13,0,91809,24,Humano,Raiva,9,Janela_Baseline
91825,17,484,333,5.17,0,91825,24,Humano,Raiva,25,Janela_Baseline
91842,17,489,344,5.28,0,91842,24,Humano,Raiva,42,Janela_Baseline
91859,17,485,354,5.28,0,91859,24,Humano,Raiva,59,Janela_Baseline
91875,17,483,369,5.33,0,91875,24,Humano,Raiva,75,Janela_Baseline
91892,17,484,366,5.34,0,91892,24,Humano,Raiva,92,Janela_Baseline
91909,17,488,362,5.31,0,91909,24,Humano,Raiva,109,Janela_Baseline
91925,17,482,380,5.41,0,91925,24,Humano,Raiva,125,Janela_Baseline
91942,17,485,362,5.42,0,91942,24,Humano,Raiva,142,Janela_Baseline
91959,17,486,342,5.39,0,91959,24,Humano,Raiva,159,Janela_Baseline
91975,17,484,361,5.44,0,91975,24,Humano,Raiva,175,Janela_Baseline
91992,17,484,359,5.44,0,91992,24,Humano,Raiva,192,Janela_Baseline
92008,17,481,368,5.47,0,92008,24,Humano,Raiva,208,Janela_Baseline
92025,17,486,365,5.45,0,92025,24,Humano,Raiva,225,Janela_Baseline
92042,17,486,347,5.41,0,92042,24,Humano,Raiva,242,Janela_Baseline
92058,17,488,343,5.33,0,92058,24,Humano,Raiva,258,Janela_Baseline
92075,17,482,347,5.42,0,92075,24,Humano,Raiva,275,Janela_Baseline
92092,17,481,356,5.47,0,92092,24,Humano,Raiva,292,Janela_Baseline
92108,17,486,339,5.45,0,92108,24,Humano,Raiva,308,Janela_Baseline
92125,17,487,356,5.45,0,92125,24,Humano,Raiva,325,Janela_Baseline
92142,17,483,353,5.47,0,92142,24,Humano,Raiva,342,Janela_Baseline
92158,17,482,363,5.49,0,92158,24,Humano,Raiva,358,Janela_Baseline
92175,17,487,359,5.49,0,92175,24,Humano,Raiva,375,Janela_Baseline
92191,17,482,357,5.53,0,92191,24,Humano,Raiva,391,Janela_Baseline
92208,17,489,356,5.44,0,92208,24,Humano,Raiva,408,Janela_Baseline
92225,17,483,380,5.61,0,92225,24,Humano,Raiva,425,Janela_Baseline
92241,17,489,346,5.61,0,92241,24,Humano,Raiva,441,Janela_Baseline
92258,17,479,356,5.57,0,92258,24,Humano,Raiva,458,Janela_Baseline
92275,17,486,349,5.53,0,92275,24,Humano,Raiva,475,Janela_Baseline
92291,17,480,364,5.49,0,92291,24,Humano,Raiva,491,Janela_Baseline
92308,17,487,352,5.52,0,92308,24,Humano,Raiva,508,Janela_Baseline
92325,17,526,394,5.63,0,92325,24,Humano,Raiva,525,Janela_Baseline
92341,17,542,426,5.63,0,92341,24,Humano,Raiva,541,Janela_Baseline
92358,17,547,417,5.58,0,92358,24,Humano,Raiva,558,Janela_Baseline
92374,17,549,427,5.53,0,92374,24,Humano,Raiva,574,Janela_Baseline
92391,17,551,426,5.55,0,92391,24,Humano,Raiva,591,Janela_Baseline
92408,17,546,426,5.55,0,92408,24,Humano,Raiva,608,Janela_Baseline
92424,17,550,422,5.55,0,92424,24,Humano,Raiva,624,Janela_Baseline
92441,17,549,419,5.6,0,92441,24,Humano,Raiva,641,Janela_Baseline
92458,17,543,431,5.55,0,92458,24,Humano,Raiva,658,Janela_Baseline
92474,17,554,431,5.55,0,92474,24,Humano,Raiva,674,Janela_Baseline
92491,17,548,416,5.53,0,92491,24,Humano,Raiva,691,Janela_Baseline
92508,17,537,421,5.5,0,92508,24,Humano,Raiva,708,Janela_Baseline
92524,17,548,437,5.61,0,92524,24,Humano,Raiva,724,Janela_Baseline
92541,17,556,451,5.61,0,92541,24,Humano,Raiva,741,Janela_Baseline
92557,17,534,456,5.6,0,92557,24,Humano,Raiva,757,Janela_Baseline
92574,17,553,450,5.66,0,92574,24,Humano,Raiva,774,Janela_Baseline
92591,17,551,438,5.61,0,92591,24,Humano,Raiva,791,Janela_Baseline
92607,17,537,439,5.63,0,92607,24,Humano,Raiva,807,Janela_Baseline
92624,17,546,448,5.68,0,92624,24,Humano,Raiva,824,Janela_Baseline
92641,17,543,450,5.68,0,92641,24,Humano,Raiva,841,Janela_Baseline
92657,17,541,427,5.65,0,92657,24,Humano,Raiva,857,Janela_Baseline
92674,17,551,439,5.65,0,92674,24,Humano,Raiva,874,Janela_Baseline
92690,17,543,433,5.63,0,92690,24,Humano,Raiva,890,Janela_Baseline
92707,17,546,427,5.63,0,92707,24,Humano,Raiva,907,Janela_Baseline
92724,17,543,444,5.66,0,92724,24,Humano,Raiva,924,Janela_Baseline
92740,17,545,441,5.66,0,92740,24,Humano,Raiva,940,Janela_Baseline
92757,17,541,436,5.73,0,92757,24,Humano,Raiva,957,Janela_Baseline
92774,17,541,462,5.74,0,92774,24,Humano,Raiva,974,Janela_Baseline
92790,17,550,449,5.74,0,92790,24,Humano,Raiva,990,Janela_Baseline
92807,17,544,419,5.73,0,92807,24,Humano,Raiva,1007,Janela_Baseline
92824,17,543,408,5.66,0,92824,24,Humano,Raiva,1024,Janela_Baseline
92840,17,542,433,5.71,0,92840,24,Humano,Raiva,1040,Janela_Baseline
92857,17,549,439,5.76,0,92857,24,Humano,Raiva,1057,Janela_Baseline
92873,17,547,432,5.69,0,92873,24,Humano,Raiva,1073,Janela_Baseline
92890,17,549,434,5.78,0,92890,24,Humano,Raiva,1090,Janela_Baseline
92907,17,543,429,5.78,0,92907,24,Humano,Raiva,1107,Janela_Baseline
92923,17,546,434,5.71,0,92923,24,Humano,Raiva,1123,Janela_Baseline
92940,17,551,436,5.73,0,92940,24,Humano,Raiva,1140,Janela_Baseline
92957,17,544,438,5.78,0,92957,24,Humano,Raiva,1157,Janela_Baseline
92973,17,544,451,5.82,0,92973,24,Humano,Raiva,1173,Janela_Baseline
92990,17,554,458,5.84,0,92990,24,Humano,Raiva,1190,Janela_Baseline
93007,17,543,440,5.86,0,93007,24,Humano,Raiva,1207,Janela_Baseline
93023,17,538,452,5.84,0,93023,24,Humano,Raiva,1223,Janela_Baseline
93040,17,538,434,5.82,0,93040,24,Humano,Raiva,1240,Janela_Baseline
93056,17,541,446,5.81,0,93056,24,Humano,Raiva,1256,Janela_Baseline
93073,17,556,443,5.79,0,93073,24,Humano,Raiva,1273,Janela_Baseline
93090,17,542,440,5.84,0,93090,24,Humano,Raiva,1290,Janela_Baseline
93106,17,540,460,5.81,0,93106,24,Humano,Raiva,1306,Exposicao_Face
93123,17,541,433,5.76,0,93123,24,Humano,Raiva,1323,Exposicao_Face
93140,17,539,441,5.86,0,93140,24,Humano,Raiva,1340,Exposicao_Face
93156,17,544,447,5.89,0,93156,24,Humano,Raiva,1356,Exposicao_Face
93173,17,534,448,5.86,0,93173,24,Humano,Raiva,1373,Exposicao_Face
93190,17,546,447,5.82,0,93190,24,Humano,Raiva,1390,Exposicao_Face
93206,17,536,444,5.89,0,93206,24,Humano,Raiva,1406,Exposicao_Face
93223,17,546,444,5.89,0,93223,24,Humano,Raiva,1423,Exposicao_Face
93239,17,542,439,5.87,0,93239,24,Humano,Raiva,1439,Exposicao_Face
93256,17,540,449,5.81,0,93256,24,Humano,Raiva,1456,Exposicao_Face
93273,17,538,443,5.81,0,93273,24,Humano,Raiva,1473,Exposicao_Face
93289,17,541,441,5.86,0,93289,24,Humano,Raiva,1489,Exposicao_Face
93306,17,544,431,5.86,0,93306,24,Humano,Raiva,1506,Exposicao_Face
93323,17,539,439,5.84,0,93323,24,Humano,Raiva,1523,Exposicao_Face
93339,17,591,493,5.86,0,93339,24,Humano,Raiva,1539,Exposicao_Face
93356,17,663,544,5.86,0,93356,24,Humano,Raiva,1556,Exposicao_Face
93373,17,724,634,5.81,0,93373,24,Humano,Raiva,1573,Exposicao_Face
93389,17,782,668,5.9,0,93389,24,Humano,Raiva,1589,Exposicao_Face
93406,17,818,683,5.82,0,93406,24,Humano,Raiva,1606,Exposicao_Face
93422,17,804,676,5.9,0,93422,24,Humano,Raiva,1622,Exposicao_Face
93439,17,813,667,5.9,0,93439,24,Humano,Raiva,1639,Exposicao_Face
93456,17,814,671,5.86,0,93456,24,Humano,Raiva,1656,Exposicao_Face
93472,17,808,678,5.87,0,93472,24,Humano,Raiva,1672,Exposicao_Face
93489,17,810,721,5.92,0,93489,24,Humano,Raiva,1689,Exposicao_Face
93506,17,803,675,5.9,0,93506,24,Humano,Raiva,1706,Exposicao_Face
93522,17,800,681,5.9,0,93522,24,Humano,Raiva,1722,Exposicao_Face
93539,17,809,676,5.9,0,93539,24,Humano,Raiva,1739,Exposicao_Face
93556,17,810,679,5.92,0,93556,24,Humano,Raiva,1756,Exposicao_Face
93572,17,812,675,5.82,0,93572,24,Humano,Raiva,1772,Exposicao_Face
93589,17,811,655,5.84,0,93589,24,Humano,Raiva,1789,Exposicao_Face
93605,17,812,721,5.79,0,93605,24,Humano,Raiva,1805,Exposicao_Face
93622,17,807,663,5.81,0,93622,24,Humano,Raiva,1822,Exposicao_Face
93639,17,807,719,5.78,0,93639,24,Humano,Raiva,1839,Exposicao_Face
93655,17,812,673,5.69,0,93655,24,Humano,Raiva,1855,Exposicao_Face
93672,17,804,680,5.73,0,93672,24,Humano,Raiva,1872,Exposicao_Face
93689,17,808,730,5.58,0,93689,24,Humano,Raiva,1889,Exposicao_Face
93705,17,900,721,5.55,0,93705,24,Humano,Raiva,1905,Exposicao_Face
93722,17,986,761,5.33,0,93722,24,Humano,Raiva,1922,Exposicao_Face
93739,17,1048,828,5.17,0,93739,24,Humano,Raiva,1939,Exposicao_Face
93755,17,1081,840,5.1,0,93755,24,Humano,Raiva,1955,Exposicao_Face
93772,17,1080,834,5.09,0,93772,24,Humano,Raiva,1972,Exposicao_Face
93788,17,1082,844,4.99,0,93788,24,Humano,Raiva,1988,Exposicao_Face
93805,17,1093,835,4.96,0,93805,24,Humano,Raiva,2005,Exposicao_Face
93822,17,1092,851,4.97,0,93822,24,Humano,Raiva,2022,Exposicao_Face
93838,17,1087,837,4.89,0,93838,24,Humano,Raiva,2038,Exposicao_Face
93855,17,1093,842,4.92,0,93855,24,Humano,Raiva,2055,Exposicao_Face
93872,17,1088,841,4.94,0,93872,24,Humano,Raiva,2072,Exposicao_Face
93888,17,1089,833,4.89,0,93888,24,Humano,Raiva,2088,Exposicao_Face
93905,17,1095,836,4.84,0,93905,24,Humano,Raiva,2105,Exposicao_Face
93921,17,1092,832,4.8,0,93921,24,Humano,Raiva,2121,Exposicao_Face
93938,17,1097,836,4.78,0,93938,24,Humano,Raiva,2138,Exposicao_Face
93955,17,1098,846,4.78,0,93955,24,Humano,Raiva,2155,Exposicao_Face
93971,17,1094,817,4.81,0,93971,24,Humano,Raiva,2171,Exposicao_Face
93988,17,1093,798,4.81,0,93988,24,Humano,Raiva,2188,Exposicao_Face
94005,17,1047,781,4.84,0,94005,24,Humano,Raiva,2205,Exposicao_Face
94021,17,1000,762,4.94,0,94021,24,Humano,Raiva,2221,Exposicao_Face
94038,17,996,756,4.86,0,94038,24,Humano,Raiva,2238,Exposicao_Face
94055,17,991,759,4.91,0,94055,24,Humano,Raiva,2255,Exposicao_Face
94071,17,995,761,4.88,0,94071,24,Humano,Raiva,2271,Exposicao_Face
94088,17,998,764,4.89,0,94088,24,Humano,Raiva,2288,Exposicao_Face
94104,17,997,758,4.96,0,94104,24,Humano,Raiva,2304,Exposicao_Face
94121,17,993,755,4.84,0,94121,24,Humano,Raiva,2321,Exposicao_Face
94138,17,1000,758,4.84,0,94138,24,Humano,Raiva,2338,Exposicao_Face
94154,17,998,757,4.89,0,94154,24,Humano,Raiva,2354,Exposicao_Face
94171,17,999,762,4.86,0,94171,24,Humano,Raiva,2371,Exposicao_Face
94188,17,1001,758,4.92,0,94188,24,Humano,Raiva,2388,Exposicao_Face
94204,17,1000,758,4.91,0,94204,24,Humano,Raiva,2404,Exposicao_Face
94221,17,998,753,4.92,0,94221,24,Humano,Raiva,2421,Exposicao_Face
94238,17,997,757,4.81,0,94238,24,Humano,Raiva,2438,Exposicao_Face
94254,17,993,753,4.84,0,94254,24,Humano,Raiva,2454,Exposicao_Face
94271,17,994,758,4.99,0,94271,24,Humano,Raiva,2471,Exposicao_Face
94287,17,1000,757,4.96,0,94287,24,Humano,Raiva,2487,Exposicao_Face
94304,17,997,752,4.91,0,94304,24,Humano,Raiva,2504,Exposicao_Face
94321,17,967,721,5.12,0,94321,24,Humano,Raiva,2521,Exposicao_Face
94337,17,838,609,5.17,0,94337,24,Humano,Raiva,2537,Exposicao_Face
94354,17,735,525,5.17,0,94354,24,Humano,Raiva,2554,Exposicao_Face
94371,17,633,474,5.18,0,94371,24,Humano,Raiva,2571,Exposicao_Face
94387,17,564,420,5.2,0,94387,24,Humano,Raiva,2587,Exposicao_Face
94404,17,550,431,5.25,0,94404,24,Humano,Raiva,2604,Exposicao_Face
94421,17,545,416,5.28,0,94421,24,Humano,Raiva,2621,Exposicao_Face
94437,17,546,414,5.25,0,94437,24,Humano,Raiva,2637,Exposicao_Face
94454,17,543,420,5.28,0,94454,24,Humano,Raiva,2654,Exposicao_Face
94470,17,540,400,5.23,0,94470,24,Humano,Raiva,2670,Exposicao_Face
94487,17,542,411,5.25,0,94487,24,Humano,Raiva,2687,Exposicao_Face
94504,17,540,405,5.31,0,94504,24,Humano,Raiva,2704,Exposicao_Face
94520,17,544,428,5.31,0,94520,24,Humano,Raiva,2720,Exposicao_Face
94537,17,539,401,5.23,0,94537,24,Humano,Raiva,2737,Exposicao_Face
94554,17,545,406,5.18,0,94554,24,Humano,Raiva,2754,Exposicao_Face
94570,17,544,411,5.21,0,94570,24,Humano,Raiva,2770,Exposicao_Face
94587,17,545,409,5.26,0,94587,24,Humano,Raiva,2787,Exposicao_Face
94604,17,543,411,5.26,0,94604,24,Humano,Raiva,2804,Exposicao_Face
94620,17,548,415,5.26,0,94620,24,Humano,Raiva,2820,Exposicao_Face
94637,17,545,424,5.25,0,94637,24,Humano,Raiva,2837,Exposicao_Face
94653,17,549,413,5.26,0,94653,24,Humano,Raiva,2853,Exposicao_Face
94670,17,549,401,5.23,0,94670,24,Humano,Raiva,2870,Exposicao_Face
94687,17,546,413,5.23,0,94687,24,Humano,Raiva,2887,Exposicao_Face
94703,17,548,418,5.18,0,94703,24,Humano,Raiva,2903,Exposicao_Face
94720,17,545,418,5.28,0,94720,24,Humano,Raiva,2920,Exposicao_Face
94737,17,545,424,5.25,0,94737,24,Humano,Raiva,2937,Exposicao_Face
94753,17,539,406,5.25,0,94753,24,Humano,Raiva,2953,Exposicao_Face
94770,17,538,420,5.23,0,94770,24,Humano,Raiva,2970,Exposicao_Face
94787,17,549,426,5.25,0,94787,24,Humano,Raiva,2987,Exposicao_Face
94803,17,530,479,5.26,0,94803,24,Humano,Raiva,3003,Exposicao_Face
94820,17,518,552,5.33,0,94820,24,Humano,Raiva,3020,Exposicao_Face
94836,17,550,616,5.28,0,94836,24,Humano,Raiva,3036,Exposicao_Face
94853,17,531,703,5.31,0,94853,24,Humano,Raiva,3053,Exposicao_Face
94870,17,545,707,5.31,0,94870,24,Humano,Raiva,3070,Exposicao_Face
94886,17,538,706,5.29,0,94886,24,Humano,Raiva,3086,Exposicao_Face
94903,17,542,712,5.34,0,94903,24,Humano,Raiva,3103,Exposicao_Face
94920,17,543,706,5.39,0,94920,24,Humano,Raiva,3120,Exposicao_Face
94936,17,541,701,5.34,0,94936,24,Humano,Raiva,3136,Exposicao_Face
94953,17,545,700,5.36,0,94953,24,Humano,Raiva,3153,Exposicao_Face
94969,17,546,693,5.44,0,94969,24,Humano,Raiva,3169,Exposicao_Face
94986,17,535,712,5.34,0,94986,24,Humano,Raiva,3186,Exposicao_Face
95003,17,535,710,5.41,0,95003,24,Humano,Raiva,3203,Exposicao_Face
95019,17,539,712,5.47,0,95019,24,Humano,Raiva,3219,Exposicao_Face
95036,17,539,700,5.49,0,95036,24,Humano,Raiva,3236,Exposicao_Face
95053,17,545,696,5.49,0,95053,24,Humano,Raiva,3253,Exposicao_Face
95069,17,546,719,5.42,0,95069,24,Humano,Raiva,3269,Exposicao_Face
95086,17,507,616,5.53,0,95086,24,Humano,Raiva,3286,Exposicao_Face
95103,17,507,534,5.44,0,95103,24,Humano,Raiva,3303,Exposicao_Face
95119,17,507,475,5.55,0,95119,24,Humano,Raiva,3319,Exposicao_Face
95136,17,510,456,5.44,0,95136,24,Humano,Raiva,3336,Exposicao_Face
95152,17,508,464,5.47,0,95152,24,Humano,Raiva,3352,Exposicao_Face
95169,17,510,456,5.47,0,95169,24,Humano,Raiva,3369,Exposicao_Face
95186,17,497,467,5.55,0,95186,24,Humano,Raiva,3386,Exposicao_Face
95202,17,494,470,5.57,0,95202,24,Humano,Raiva,3402,Exposicao_Face
95219,17,509,454,5.5,0,95219,24,Humano,Raiva,3419,Exposicao_Face
95236,17,509,460,5.55,0,95236,24,Humano,Raiva,3436,Exposicao_Face
95252,17,513,457,5.55,0,95252,24,Humano,Raiva,3452,Exposicao_Face
95269,17,508,453,5.55,0,95269,24,Humano,Raiva,3469,Exposicao_Face
95286,17,512,459,5.55,0,95286,24,Humano,Raiva,3486,Exposicao_Face
95302,17,511,468,5.61,0,95302,24,Humano,Raiva,3502,Exposicao_Face
95319,17,517,461,5.58,0,95319,24,Humano,Raiva,3519,Exposicao_Face
95335,17,513,434,5.53,0,95335,24,Humano,Raiva,3535,Exposicao_Face
95352,17,508,465,5.57,0,95352,24,Humano,Raiva,3552,Exposicao_Face
95369,17,516,431,5.5,0,95369,24,Humano,Raiva,3569,Exposicao_Face
95385,17,518,454,5.57,0,95385,24,Humano,Raiva,3585,Exposicao_Face
95402,17,508,464,5.57,0,95402,24,Humano,Raiva,3602,Exposicao_Face
95419,17,512,468,5.58,0,95419,24,Humano,Raiva,3619,Exposicao_Face
95435,17,515,454,5.57,0,95435,24,Humano,Raiva,3635,Exposicao_Face
95452,17,511,459,5.55,0,95452,24,Humano,Raiva,3652,Exposicao_Face
95469,17,498,449,5.53,0,95469,24,Humano,Raiva,3669,Exposicao_Face
95485,17,508,472,5.58,0,95485,24,Humano,Raiva,3685,Exposicao_Face
95502,17,512,472,5.6,0,95502,24,Humano,Raiva,3702,Exposicao_Face
95518,17,508,476,5.65,0,95518,24,Humano,Raiva,3718,Exposicao_Face
95535,17,508,468,5.58,0,95535,24,Humano,Raiva,3735,Exposicao_Face
95552,17,504,467,5.6,0,95552,24,Humano,Raiva,3752,Exposicao_Face
95568,17,495,468,5.63,0,95568,24,Humano,Raiva,3768,Exposicao_Face
95585,17,507,464,5.57,0,95585,24,Humano,Raiva,3785,Exposicao_Face
95602,17,511,470,5.61,0,95602,24,Humano,Raiva,3802,Exposicao_Face
95618,17,510,458,5.66,0,95618,24,Humano,Raiva,3818,Exposicao_Face
95635,17,509,456,5.68,0,95635,24,Humano,Raiva,3835,Exposicao_Face
95652,17,508,447,5.66,0,95652,24,Humano,Raiva,3852,Exposicao_Face
95668,17,506,452,5.65,0,95668,24,Humano,Raiva,3868,Exposicao_Face
95685,17,511,477,5.68,0,95685,24,Humano,Raiva,3885,Exposicao_Face
95701,17,510,444,5.71,0,95701,24,Humano,Raiva,3901,Exposicao_Face
95718,17,512,463,5.66,0,95718,24,Humano,Raiva,3918,Exposicao_Face
95735,17,508,460,5.66,0,95735,24,Humano,Raiva,3935,Exposicao_Face
95751,17,510,452,5.65,0,95751,24,Humano,Raiva,3951,Exposicao_Face
95768,17,497,431,5.68,0,95768,24,Humano,Raiva,3968,Exposicao_Face
95785,17,490,362,5.76,0,95785,24,Humano,Raiva,3985,Exposicao_Face
95801,17,494,375,5.73,0,95801,25,Humano,Feliz,1,Janela_Baseline
95818,17,491,382,5.61,0,95818,25,Humano,Feliz,18,Janela_Baseline
95835,17,490,384,5.71,0,95835,25,Humano,Feliz,35,Janela_Baseline
95851,17,487,380,5.71,0,95851,25,Humano,Feliz,51,Janela_Baseline
95868,17,485,396,5.78,0,95868,25,Humano,Feliz,68,Janela_Baseline
95884,17,491,388,5.76,0,95884,25,Humano,Feliz,84,Janela_Baseline
95901,17,485,368,5.73,0,95901,25,Humano,Feliz,101,Janela_Baseline
95918,17,486,388,5.79,0,95918,25,Humano,Feliz,118,Janela_Baseline
95934,17,493,396,5.76,0,95934,25,Humano,Feliz,134,Janela_Baseline
95951,17,488,384,5.74,0,95951,25,Humano,Feliz,151,Janela_Baseline
95968,17,485,372,5.79,0,95968,25,Humano,Feliz,168,Janela_Baseline
95984,17,455,359,5.69,0,95984,25,Humano,Feliz,184,Janela_Baseline
96001,17,467,349,5.71,0,96001,25,Humano,Feliz,201,Janela_Baseline
96018,17,460,367,5.76,0,96018,25,Humano,Feliz,218,Janela_Baseline
96034,17,460,349,5.71,0,96034,25,Humano,Feliz,234,Janela_Baseline
96051,17,431,364,5.76,0,96051,25,Humano,Feliz,251,Janela_Baseline
96067,17,455,359,5.71,0,96067,25,Humano,Feliz,267,Janela_Baseline
96084,17,454,353,5.78,0,96084,25,Humano,Feliz,284,Janela_Baseline
96101,17,459,369,5.74,0,96101,25,Humano,Feliz,301,Janela_Baseline
96117,17,467,356,5.73,0,96117,25,Humano,Feliz,317,Janela_Baseline
96134,17,464,358,5.73,0,96134,25,Humano,Feliz,334,Janela_Baseline
96151,17,459,353,5.74,0,96151,25,Humano,Feliz,351,Janela_Baseline
96167,17,466,364,5.73,0,96167,25,Humano,Feliz,367,Janela_Baseline
96184,17,462,342,5.74,0,96184,25,Humano,Feliz,384,Janela_Baseline
96200,17,466,353,5.74,0,96200,25,Humano,Feliz,400,Janela_Baseline
96217,17,459,369,5.69,0,96217,25,Humano,Feliz,417,Janela_Baseline
96234,17,461,373,5.79,0,96234,25,Humano,Feliz,434,Janela_Baseline
96250,17,556,364,5.84,0,96250,25,Humano,Feliz,450,Janela_Baseline
96267,17,570,376,5.78,0,96267,25,Humano,Feliz,467,Janela_Baseline
96284,17,584,365,5.79,0,96284,25,Humano,Feliz,484,Janela_Baseline
96300,17,580,370,5.79,0,96300,25,Humano,Feliz,500,Janela_Baseline
96317,17,580,361,5.78,0,96317,25,Humano,Feliz,517,Janela_Baseline
96334,17,584,349,5.76,0,96334,25,Humano,Feliz,534,Janela_Baseline
96350,17,583,371,5.81,0,96350,25,Humano,Feliz,550,Janela_Baseline
96367,17,587,378,5.86,0,96367,25,Humano,Feliz,567,Janela_Baseline
96383,17,581,366,5.74,0,96383,25,Humano,Feliz,583,Janela_Baseline
96400,17,581,360,5.79,0,96400,25,Humano,Feliz,600,Janela_Baseline
96417,17,579,371,5.82,0,96417,25,Humano,Feliz,617,Janela_Baseline
96433,17,587,353,5.84,0,96433,25,Humano,Feliz,633,Janela_Baseline
96450,17,581,367,5.84,0,96450,25,Humano,Feliz,650,Janela_Baseline
96467,17,585,343,5.76,0,96467,25,Humano,Feliz,667,Janela_Baseline
96483,17,584,361,5.82,0,96483,25,Humano,Feliz,683,Janela_Baseline
96500,17,580,357,5.81,0,96500,25,Humano,Feliz,700,Janela_Baseline
96517,17,578,360,5.81,0,96517,25,Humano,Feliz,717,Janela_Baseline
96533,17,583,348,5.79,0,96533,25,Humano,Feliz,733,Janela_Baseline
96550,17,581,356,5.82,0,96550,25,Humano,Feliz,750,Janela_Baseline
96566,17,578,353,5.81,0,96566,25,Humano,Feliz,766,Janela_Baseline
96583,17,581,352,5.73,0,96583,25,Humano,Feliz,783,Janela_Baseline
96600,17,577,358,5.82,0,96600,25,Humano,Feliz,800,Janela_Baseline
96616,17,579,365,5.87,0,96616,25,Humano,Feliz,816,Janela_Baseline
96633,17,576,367,5.86,0,96633,25,Humano,Feliz,833,Janela_Baseline
96650,17,581,368,5.87,0,96650,25,Humano,Feliz,850,Janela_Baseline
96666,17,573,353,5.89,0,96666,25,Humano,Feliz,866,Janela_Baseline
96683,17,577,360,5.84,0,96683,25,Humano,Feliz,883,Janela_Baseline
96700,17,573,367,5.89,0,96700,25,Humano,Feliz,900,Janela_Baseline
96716,17,579,368,5.89,0,96716,25,Humano,Feliz,916,Janela_Baseline
96733,17,576,357,5.84,0,96733,25,Humano,Feliz,933,Janela_Baseline
96749,17,584,354,5.86,0,96749,25,Humano,Feliz,949,Janela_Baseline
96766,17,578,351,5.92,0,96766,25,Humano,Feliz,966,Janela_Baseline
96783,17,586,354,5.92,0,96783,25,Humano,Feliz,983,Janela_Baseline
96799,17,579,346,5.89,0,96799,25,Humano,Feliz,999,Janela_Baseline
96816,17,583,358,5.92,0,96816,25,Humano,Feliz,1016,Janela_Baseline
96833,17,587,347,5.87,0,96833,25,Humano,Feliz,1033,Janela_Baseline
96849,17,574,367,5.92,0,96849,25,Humano,Feliz,1049,Janela_Baseline
96866,17,582,364,5.94,0,96866,25,Humano,Feliz,1066,Janela_Baseline
96883,17,574,359,5.92,0,96883,25,Humano,Feliz,1083,Janela_Baseline
96899,17,585,350,5.92,0,96899,25,Humano,Feliz,1099,Janela_Baseline
96916,17,571,358,5.92,0,96916,25,Humano,Feliz,1116,Janela_Baseline
96932,17,571,345,5.84,0,96932,25,Humano,Feliz,1132,Janela_Baseline
96949,17,570,354,6.0,0,96949,25,Humano,Feliz,1149,Janela_Baseline
96966,17,586,340,5.87,0,96966,25,Humano,Feliz,1166,Janela_Baseline
96982,17,579,358,5.94,0,96982,25,Humano,Feliz,1182,Janela_Baseline
96999,17,577,351,5.94,0,96999,25,Humano,Feliz,1199,Janela_Baseline
97016,17,577,347,5.92,0,97016,25,Humano,Feliz,1216,Janela_Baseline
97032,17,582,339,5.92,0,97032,25,Humano,Feliz,1232,Janela_Baseline
97049,17,584,332,5.94,0,97049,25,Humano,Feliz,1249,Janela_Baseline
97066,17,572,363,5.95,0,97066,25,Humano,Feliz,1266,Janela_Baseline
97082,17,588,339,5.97,0,97082,25,Humano,Feliz,1282,Janela_Baseline
97099,17,576,340,5.97,0,97099,25,Humano,Feliz,1299,Janela_Baseline
97115,17,578,350,5.97,0,97115,25,Humano,Feliz,1315,Exposicao_Face
97132,17,583,349,5.95,0,97132,25,Humano,Feliz,1332,Exposicao_Face
97149,17,526,347,5.95,0,97149,25,Humano,Feliz,1349,Exposicao_Face
97165,17,538,352,6.0,0,97165,25,Humano,Feliz,1365,Exposicao_Face
97182,17,519,353,5.92,0,97182,25,Humano,Feliz,1382,Exposicao_Face
97199,17,527,366,5.94,0,97199,25,Humano,Feliz,1399,Exposicao_Face
97215,17,530,359,5.94,0,97215,25,Humano,Feliz,1415,Exposicao_Face
97232,17,519,361,5.92,0,97232,25,Humano,Feliz,1432,Exposicao_Face
97248,17,523,376,5.94,0,97248,25,Humano,Feliz,1448,Exposicao_Face
97265,17,516,382,5.95,0,97265,25,Humano,Feliz,1465,Exposicao_Face
97282,17,515,384,5.95,0,97282,25,Humano,Feliz,1482,Exposicao_Face
97298,17,534,376,5.98,0,97298,25,Humano,Feliz,1498,Exposicao_Face
97315,17,532,366,5.95,0,97315,25,Humano,Feliz,1515,Exposicao_Face
97332,17,529,375,5.94,0,97332,25,Humano,Feliz,1532,Exposicao_Face
97348,17,521,375,5.97,0,97348,25,Humano,Feliz,1548,Exposicao_Face
97365,17,523,369,5.9,0,97365,25,Humano,Feliz,1565,Exposicao_Face
97382,17,520,364,5.92,0,97382,25,Humano,Feliz,1582,Exposicao_Face
97398,17,524,395,6.0,0,97398,25,Humano,Feliz,1598,Exposicao_Face
97415,17,523,367,5.9,0,97415,25,Humano,Feliz,1615,Exposicao_Face
97431,17,531,362,5.94,0,97431,25,Humano,Feliz,1631,Exposicao_Face
97448,17,534,365,5.95,0,97448,25,Humano,Feliz,1648,Exposicao_Face
97465,17,530,383,5.97,0,97465,25,Humano,Feliz,1665,Exposicao_Face
97481,17,534,362,5.97,0,97481,25,Humano,Feliz,1681,Exposicao_Face
97498,17,516,369,5.92,0,97498,25,Humano,Feliz,1698,Exposicao_Face
97515,17,534,365,5.97,0,97515,25,Humano,Feliz,1715,Exposicao_Face
97531,17,522,390,5.94,0,97531,25,Humano,Feliz,1731,Exposicao_Face
97548,17,530,389,5.98,0,97548,25,Humano,Feliz,1748,Exposicao_Face
97565,17,532,379,5.95,0,97565,25,Humano,Feliz,1765,Exposicao_Face
97581,17,519,380,6.05,0,97581,25,Humano,Feliz,1781,Exposicao_Face
97598,17,501,378,5.98,0,97598,25,Humano,Feliz,1798,Exposicao_Face
97614,17,485,378,6.02,0,97614,25,Humano,Feliz,1814,Exposicao_Face
97631,17,454,400,6.03,0,97631,25,Humano,Feliz,1831,Exposicao_Face
97648,17,482,376,5.98,0,97648,25,Humano,Feliz,1848,Exposicao_Face
97664,17,478,368,5.94,0,97664,25,Humano,Feliz,1864,Exposicao_Face
97681,17,484,364,5.97,0,97681,25,Humano,Feliz,1881,Exposicao_Face
97698,17,481,368,5.92,0,97698,25,Humano,Feliz,1898,Exposicao_Face
97714,17,481,356,5.92,0,97714,25,Humano,Feliz,1914,Exposicao_Face
97731,17,484,358,5.9,0,97731,25,Humano,Feliz,1931,Exposicao_Face
97748,17,484,376,6.0,0,97748,25,Humano,Feliz,1948,Exposicao_Face
97764,17,472,362,5.92,0,97764,25,Humano,Feliz,1964,Exposicao_Face
97781,17,479,372,6.02,0,97781,25,Humano,Feliz,1981,Exposicao_Face
97797,17,481,363,6.0,0,97797,25,Humano,Feliz,1997,Exposicao_Face
97814,17,480,361,5.97,0,97814,25,Humano,Feliz,2014,Exposicao_Face
97831,17,483,367,5.98,0,97831,25,Humano,Feliz,2031,Exposicao_Face
97847,17,483,373,6.02,0,97847,25,Humano,Feliz,2047,Exposicao_Face
97864,17,468,369,5.86,0,97864,25,Humano,Feliz,2064,Exposicao_Face
97881,17,470,388,5.92,0,97881,25,Humano,Feliz,2081,Exposicao_Face
97897,17,483,355,5.95,0,97897,25,Humano,Feliz,2097,Exposicao_Face
97914,17,472,379,6.0,0,97914,25,Humano,Feliz,2114,Exposicao_Face
97931,17,481,381,5.98,0,97931,25,Humano,Feliz,2131,Exposicao_Face
97947,17,482,375,5.9,0,97947,25,Humano,Feliz,2147,Exposicao_Face
97964,17,467,381,5.9,0,97964,25,Humano,Feliz,2164,Exposicao_Face
97980,17,468,384,5.92,0,97980,25,Humano,Feliz,2180,Exposicao_Face
97997,17,476,383,5.9,0,97997,25,Humano,Feliz,2197,Exposicao_Face
98014,17,483,361,5.87,0,98014,25,Humano,Feliz,2214,Exposicao_Face
98030,17,474,388,5.94,0,98030,25,Humano,Feliz,2230,Exposicao_Face
98047,17,487,376,5.9,0,98047,25,Humano,Feliz,2247,Exposicao_Face
98064,17,466,386,5.89,0,98064,25,Humano,Feliz,2264,Exposicao_Face
98080,17,477,379,5.89,0,98080,25,Humano,Feliz,2280,Exposicao_Face
98097,17,469,384,5.92,0,98097,25,Humano,Feliz,2297,Exposicao_Face
98114,17,481,368,5.89,0,98114,25,Humano,Feliz,2314,Exposicao_Face
98130,17,489,377,5.92,0,98130,25,Humano,Feliz,2330,Exposicao_Face
98147,17,477,357,5.81,0,98147,25,Humano,Feliz,2347,Exposicao_Face
98163,17,482,377,5.87,0,98163,25,Humano,Feliz,2363,Exposicao_Face
98180,17,481,371,5.82,0,98180,25,Humano,Feliz,2380,Exposicao_Face
98197,17,487,402,5.86,0,98197,25,Humano,Feliz,2397,Exposicao_Face
98213,17,521,412,5.81,0,98213,25,Humano,Feliz,2413,Exposicao_Face
98230,17,507,427,5.95,0,98230,25,Humano,Feliz,2430,Exposicao_Face
98247,17,512,423,5.89,0,98247,25,Humano,Feliz,2447,Exposicao_Face
98263,17,512,431,5.89,0,98263,25,Humano,Feliz,2463,Exposicao_Face
98280,17,517,423,5.89,0,98280,25,Humano,Feliz,2480,Exposicao_Face
98297,17,514,425,5.87,0,98297,25,Humano,Feliz,2497,Exposicao_Face
98313,17,514,438,5.94,0,98313,25,Humano,Feliz,2513,Exposicao_Face
98330,17,520,422,5.87,0,98330,25,Humano,Feliz,2530,Exposicao_Face
98346,17,516,424,5.86,0,98346,25,Humano,Feliz,2546,Exposicao_Face
98363,17,516,431,5.9,0,98363,25,Humano,Feliz,2563,Exposicao_Face
98380,17,512,431,5.87,0,98380,25,Humano,Feliz,2580,Exposicao_Face
98396,17,516,429,5.9,0,98396,25,Humano,Feliz,2596,Exposicao_Face
98413,17,511,427,5.92,0,98413,25,Humano,Feliz,2613,Exposicao_Face
98430,17,516,431,5.89,0,98430,25,Humano,Feliz,2630,Exposicao_Face
98446,17,523,424,5.87,0,98446,25,Humano,Feliz,2646,Exposicao_Face
98463,17,521,413,5.86,0,98463,25,Humano,Feliz,2663,Exposicao_Face
98479,17,511,397,5.86,0,98479,25,Humano,Feliz,2679,Exposicao_Face
98496,17,512,442,5.82,0,98496,25,Humano,Feliz,2696,Exposicao_Face
98513,17,514,438,5.9,0,98513,25,Humano,Feliz,2713,Exposicao_Face
98529,17,519,413,5.78,0,98529,25,Humano,Feliz,2729,Exposicao_Face
98546,17,515,412,5.74,0,98546,25,Humano,Feliz,2746,Exposicao_Face
98563,17,517,423,5.78,0,98563,25,Humano,Feliz,2763,Exposicao_Face
98579,17,513,411,5.68,0,98579,25,Humano,Feliz,2779,Exposicao_Face
98596,17,520,422,5.73,0,98596,25,Humano,Feliz,2796,Exposicao_Face
98613,17,517,441,5.74,0,98613,25,Humano,Feliz,2813,Exposicao_Face
98629,17,508,416,5.63,0,98629,25,Humano,Feliz,2829,Exposicao_Face
98646,17,504,438,5.65,0,98646,25,Humano,Feliz,2846,Exposicao_Face
98662,17,517,442,5.66,0,98662,25,Humano,Feliz,2862,Exposicao_Face
98679,17,518,428,5.6,0,98679,25,Humano,Feliz,2879,Exposicao_Face
98696,17,522,415,5.6,0,98696,25,Humano,Feliz,2896,Exposicao_Face
98712,17,517,429,5.61,0,98712,25,Humano,Feliz,2912,Exposicao_Face
98729,17,518,434,5.58,0,98729,25,Humano,Feliz,2929,Exposicao_Face
98746,17,518,426,5.6,0,98746,25,Humano,Feliz,2946,Exposicao_Face
98762,17,523,417,5.6,0,98762,25,Humano,Feliz,2962,Exposicao_Face
98779,17,522,432,5.6,0,98779,25,Humano,Feliz,2979,Exposicao_Face
98796,17,521,432,5.6,0,98796,25,Humano,Feliz,2996,Exposicao_Face
98812,17,519,424,5.55,0,98812,25,Humano,Feliz,3012,Exposicao_Face
98829,17,517,411,5.55,0,98829,25,Humano,Feliz,3029,Exposicao_Face
98845,17,518,418,5.53,0,98845,25,Humano,Feliz,3045,Exposicao_Face
98862,17,516,422,5.57,0,98862,25,Humano,Feliz,3062,Exposicao_Face
98879,17,507,420,5.55,0,98879,25,Humano,Feliz,3079,Exposicao_Face
98895,17,509,425,5.55,0,98895,25,Humano,Feliz,3095,Exposicao_Face
98912,17,520,420,5.52,0,98912,25,Humano,Feliz,3112,Exposicao_Face
98929,17,519,420,5.53,0,98929,25,Humano,Feliz,3129,Exposicao_Face
98945,17,509,422,5.57,0,98945,25,Humano,Feliz,3145,Exposicao_Face
98962,17,513,403,5.6,0,98962,25,Humano,Feliz,3162,Exposicao_Face
98979,17,517,419,5.55,0,98979,25,Humano,Feliz,3179,Exposicao_Face
98995,17,519,410,5.53,0,98995,25,Humano,Feliz,3195,Exposicao_Face
99012,17,523,387,5.52,0,99012,25,Humano,Feliz,3212,Exposicao_Face
99028,17,522,403,5.6,0,99028,25,Humano,Feliz,3228,Exposicao_Face
99045,17,521,403,5.6,0,99045,25,Humano,Feliz,3245,Exposicao_Face
99062,17,515,399,5.55,0,99062,25,Humano,Feliz,3262,Exposicao_Face
99078,17,520,413,5.61,0,99078,25,Humano,Feliz,3278,Exposicao_Face
99095,17,522,415,5.65,0,99095,25,Humano,Feliz,3295,Exposicao_Face
99112,17,524,409,5.66,0,99112,25,Humano,Feliz,3312,Exposicao_Face
99128,17,517,416,5.71,0,99128,25,Humano,Feliz,3328,Exposicao_Face
99145,17,512,419,5.69,0,99145,25,Humano,Feliz,3345,Exposicao_Face
99162,17,516,415,5.68,0,99162,25,Humano,Feliz,3362,Exposicao_Face
99178,17,521,414,5.65,0,99178,25,Humano,Feliz,3378,Exposicao_Face
99195,17,517,419,5.74,0,99195,25,Humano,Feliz,3395,Exposicao_Face
99211,17,518,430,5.73,0,99211,25,Humano,Feliz,3411,Exposicao_Face
99228,17,517,423,5.78,0,99228,25,Humano,Feliz,3428,Exposicao_Face
99245,17,516,417,5.68,0,99245,25,Humano,Feliz,3445,Exposicao_Face
99261,17,516,426,5.73,0,99261,25,Humano,Feliz,3461,Exposicao_Face
99278,17,515,431,5.73,0,99278,25,Humano,Feliz,3478,Exposicao_Face
99295,17,517,395,5.71,0,99295,25,Humano,Feliz,3495,Exposicao_Face
99311,17,517,428,5.79,0,99311,25,Humano,Feliz,3511,Exposicao_Face
99328,17,518,427,5.69,0,99328,25,Humano,Feliz,3528,Exposicao_Face
99345,17,521,421,5.74,0,99345,25,Humano,Feliz,3545,Exposicao_Face
99361,17,521,420,5.69,0,99361,25,Humano,Feliz,3561,Exposicao_Face
99378,17,514,417,5.66,0,99378,25,Humano,Feliz,3578,Exposicao_Face
99394,17,521,421,5.71,0,99394,25,Humano,Feliz,3594,Exposicao_Face
99411,17,517,418,5.69,0,99411,25,Humano,Feliz,3611,Exposicao_Face
99428,17,518,409,5.66,0,99428,25,Humano,Feliz,3628,Exposicao_Face
99444,17,517,428,5.65,0,99444,25,Humano,Feliz,3644,Exposicao_Face
99461,17,520,435,5.63,0,99461,25,Humano,Feliz,3661,Exposicao_Face
99478,17,521,437,5.57,0,99478,25,Humano,Feliz,3678,Exposicao_Face
99494,17,517,477,5.6,0,99494,25,Humano,Feliz,3694,Exposicao_Face
99511,17,514,468,5.58,0,99511,25,Humano,Feliz,3711,Exposicao_Face
99527,17,519,458,5.49,0,99527,25,Humano,Feliz,3727,Exposicao_Face
99544,17,518,475,5.5,0,99544,25,Humano,Feliz,3744,Exposicao_Face
99561,17,517,466,5.44,0,99561,25,Humano,Feliz,3761,Exposicao_Face
99577,17,508,468,5.45,0,99577,25,Humano,Feliz,3777,Exposicao_Face
99594,17,507,440,5.26,0,99594,25,Humano,Feliz,3794,Exposicao_Face
99611,17,521,453,5.33,0,99611,25,Humano,Feliz,3811,Exposicao_Face
99627,17,513,442,5.28,0,99627,25,Humano,Feliz,3827,Exposicao_Face
99644,17,511,447,5.29,0,99644,25,Humano,Feliz,3844,Exposicao_Face
99661,17,517,440,5.31,0,99661,25,Humano,Feliz,3861,Exposicao_Face
99677,17,508,456,5.29,0,99677,25,Humano,Feliz,3877,Exposicao_Face
99694,17,512,441,5.17,0,99694,25,Humano,Feliz,3894,Exposicao_Face
99710,17,511,441,5.23,0,99710,25,Humano,Feliz,3910,Exposicao_Face
99727,17,512,459,5.29,0,99727,25,Humano,Feliz,3927,Exposicao_Face
99744,17,545,375,5.26,0,99744,25,Humano,Feliz,3944,Exposicao_Face
99760,17,546,366,5.21,0,99760,25,Humano,Feliz,3960,Exposicao_Face
99777,17,548,351,5.26,0,99777,25,Humano,Feliz,3977,Exposicao_Face
99794,17,552,350,5.25,0,99794,25,Humano,Feliz,3994,Exposicao_Face
99810,17,552,354,5.25,0,99810,26,Humano,Neutro,10,Janela_Baseline
99827,17,553,360,5.28,0,99827,26,Humano,Neutro,27,Janela_Baseline
99844,17,553,377,5.29,0,99844,26,Humano,Neutro,44,Janela_Baseline
99860,17,552,371,5.29,0,99860,26,Humano,Neutro,60,Janela_Baseline
99877,17,554,360,5.34,0,99877,26,Humano,Neutro,77,Janela_Baseline
99893,17,550,362,5.28,0,99893,26,Humano,Neutro,93,Janela_Baseline
99910,17,555,385,5.34,0,99910,26,Humano,Neutro,110,Janela_Baseline
99927,17,551,372,5.28,0,99927,26,Humano,Neutro,127,Janela_Baseline
99943,17,556,381,5.31,0,99943,26,Humano,Neutro,143,Janela_Baseline
99960,17,558,377,5.34,0,99960,26,Humano,Neutro,160,Janela_Baseline
99977,17,558,364,5.26,0,99977,26,Humano,Neutro,177,Janela_Baseline
99993,17,560,373,5.31,0,99993,26,Humano,Neutro,193,Janela_Baseline
100010,17,563,375,5.29,0,100010,26,Humano,Neutro,210,Janela_Baseline
100027,17,558,371,5.26,0,100027,26,Humano,Neutro,227,Janela_Baseline
100043,17,557,365,5.28,0,100043,26,Humano,Neutro,243,Janela_Baseline
100060,17,559,349,5.2,0,100060,26,Humano,Neutro,260,Janela_Baseline
100076,17,560,377,5.21,0,100076,26,Humano,Neutro,276,Janela_Baseline
100093,17,550,354,5.26,0,100093,26,Humano,Neutro,293,Janela_Baseline
100110,17,504,363,5.25,0,100110,26,Humano,Neutro,310,Janela_Baseline
100126,17,476,368,5.23,0,100126,26,Humano,Neutro,326,Janela_Baseline
100143,17,482,351,5.2,0,100143,26,Humano,Neutro,343,Janela_Baseline
100160,17,478,343,5.21,0,100160,26,Humano,Neutro,360,Janela_Baseline
100176,17,483,351,5.15,0,100176,26,Humano,Neutro,376,Janela_Baseline
100193,17,478,355,5.18,0,100193,26,Humano,Neutro,393,Janela_Baseline
100210,17,481,349,5.15,0,100210,26,Humano,Neutro,410,Janela_Baseline
100226,17,479,341,5.13,0,100226,26,Humano,Neutro,426,Janela_Baseline
100243,17,482,343,5.18,0,100243,26,Humano,Neutro,443,Janela_Baseline
100259,17,475,364,5.23,0,100259,26,Humano,Neutro,459,Janela_Baseline
100276,17,479,341,5.18,0,100276,26,Humano,Neutro,476,Janela_Baseline
100293,17,479,358,5.21,0,100293,26,Humano,Neutro,493,Janela_Baseline
100309,17,477,326,5.15,0,100309,26,Humano,Neutro,509,Janela_Baseline
100326,17,483,358,5.21,0,100326,26,Humano,Neutro,526,Janela_Baseline
100343,17,479,355,5.29,0,100343,26,Humano,Neutro,543,Janela_Baseline
100359,17,475,353,5.28,0,100359,26,Humano,Neutro,559,Janela_Baseline
100376,17,482,355,5.28,0,100376,26,Humano,Neutro,576,Janela_Baseline
100393,17,477,351,5.25,0,100393,26,Humano,Neutro,593,Janela_Baseline
100409,17,477,364,5.36,0,100409,26,Humano,Neutro,609,Janela_Baseline
100426,17,485,334,5.34,0,100426,26,Humano,Neutro,626,Janela_Baseline
100442,17,477,352,5.36,0,100442,26,Humano,Neutro,642,Janela_Baseline
100459,17,480,350,5.34,0,100459,26,Humano,Neutro,659,Janela_Baseline
100476,17,478,372,5.42,0,100476,26,Humano,Neutro,676,Janela_Baseline
100492,17,486,358,5.42,0,100492,26,Humano,Neutro,692,Janela_Baseline
100509,17,483,343,5.42,0,100509,26,Humano,Neutro,709,Janela_Baseline
100526,17,485,360,5.44,0,100526,26,Humano,Neutro,726,Janela_Baseline
100542,17,480,365,5.41,0,100542,26,Humano,Neutro,742,Janela_Baseline
100559,17,482,358,5.45,0,100559,26,Humano,Neutro,759,Janela_Baseline
100576,17,486,368,5.49,0,100576,26,Humano,Neutro,776,Janela_Baseline
100592,17,486,370,5.52,0,100592,26,Humano,Neutro,792,Janela_Baseline
100609,17,482,367,5.44,0,100609,26,Humano,Neutro,809,Janela_Baseline
100625,17,484,365,5.5,0,100625,26,Humano,Neutro,825,Janela_Baseline
100642,17,491,358,5.5,0,100642,26,Humano,Neutro,842,Janela_Baseline
100659,17,488,360,5.52,0,100659,26,Humano,Neutro,859,Janela_Baseline
100675,17,483,367,5.52,0,100675,26,Humano,Neutro,875,Janela_Baseline
100692,17,481,361,5.52,0,100692,26,Humano,Neutro,892,Janela_Baseline
100709,17,488,362,5.53,0,100709,26,Humano,Neutro,909,Janela_Baseline
100725,17,481,385,5.53,0,100725,26,Humano,Neutro,925,Janela_Baseline
100742,17,484,370,5.53,0,100742,26,Humano,Neutro,942,Janela_Baseline
100758,17,486,381,5.55,0,100758,26,Humano,Neutro,958,Janela_Baseline
100775,17,489,381,5.53,0,100775,26,Humano,Neutro,975,Janela_Baseline
100792,17,483,375,5.45,0,100792,26,Humano,Neutro,992,Janela_Baseline
100808,17,483,367,5.44,0,100808,26,Humano,Neutro,1008,Janela_Baseline
100825,17,485,381,5.44,0,100825,26,Humano,Neutro,1025,Janela_Baseline
100842,17,487,374,5.47,0,100842,26,Humano,Neutro,1042,Janela_Baseline
100858,17,492,390,5.49,0,100858,26,Humano,Neutro,1058,Janela_Baseline
100875,17,488,358,5.41,0,100875,26,Humano,Neutro,1075,Janela_Baseline
100892,17,487,370,5.42,0,100892,26,Humano,Neutro,1092,Janela_Baseline
100908,17,485,370,5.49,0,100908,26,Humano,Neutro,1108,Janela_Baseline
100925,17,489,375,5.49,0,100925,26,Humano,Neutro,1125,Janela_Baseline
100941,17,493,389,5.55,0,100941,26,Humano,Neutro,1141,Janela_Baseline
100958,17,491,388,5.49,0,100958,26,Humano,Neutro,1158,Janela_Baseline
100975,17,488,366,5.52,0,100975,26,Humano,Neutro,1175,Janela_Baseline
100991,17,492,382,5.5,0,100991,26,Humano,Neutro,1191,Janela_Baseline
101008,17,489,379,5.52,0,101008,26,Humano,Neutro,1208,Janela_Baseline
101025,17,496,382,5.58,0,101025,26,Humano,Neutro,1225,Janela_Baseline
101041,17,490,374,5.5,0,101041,26,Humano,Neutro,1241,Janela_Baseline
101058,17,494,378,5.52,0,101058,26,Humano,Neutro,1258,Janela_Baseline
101075,17,494,379,5.55,0,101075,26,Humano,Neutro,1275,Janela_Baseline
101091,17,492,383,5.6,0,101091,26,Humano,Neutro,1291,Janela_Baseline
101108,17,499,384,5.57,0,101108,26,Humano,Neutro,1308,Exposicao_Face
101124,17,489,391,5.58,0,101124,26,Humano,Neutro,1324,Exposicao_Face
101141,17,481,373,5.61,0,101141,26,Humano,Neutro,1341,Exposicao_Face
101158,17,488,385,5.6,0,101158,26,Humano,Neutro,1358,Exposicao_Face
101174,17,489,392,5.65,0,101174,26,Humano,Neutro,1374,Exposicao_Face
101191,17,492,370,5.61,0,101191,26,Humano,Neutro,1391,Exposicao_Face
101208,17,491,372,5.58,0,101208,26,Humano,Neutro,1408,Exposicao_Face
101224,17,492,364,5.68,0,101224,26,Humano,Neutro,1424,Exposicao_Face
101241,17,492,390,5.65,0,101241,26,Humano,Neutro,1441,Exposicao_Face
101258,17,486,371,5.58,0,101258,26,Humano,Neutro,1458,Exposicao_Face
101274,17,493,361,5.63,0,101274,26,Humano,Neutro,1474,Exposicao_Face
101291,17,486,398,5.68,0,101291,26,Humano,Neutro,1491,Exposicao_Face
101307,17,493,386,5.66,0,101307,26,Humano,Neutro,1507,Exposicao_Face
101324,17,490,382,5.61,0,101324,26,Humano,Neutro,1524,Exposicao_Face
101341,17,489,377,5.65,0,101341,26,Humano,Neutro,1541,Exposicao_Face
101357,17,488,389,5.73,0,101357,26,Humano,Neutro,1557,Exposicao_Face
101374,17,492,385,5.66,0,101374,26,Humano,Neutro,1574,Exposicao_Face
101391,17,490,401,5.74,0,101391,26,Humano,Neutro,1591,Exposicao_Face
101407,17,488,401,5.76,0,101407,26,Humano,Neutro,1607,Exposicao_Face
101424,17,490,393,5.71,0,101424,26,Humano,Neutro,1624,Exposicao_Face
101441,17,497,378,5.68,0,101441,26,Humano,Neutro,1641,Exposicao_Face
101457,17,489,394,5.79,0,101457,26,Humano,Neutro,1657,Exposicao_Face
101474,17,493,388,5.68,0,101474,26,Humano,Neutro,1674,Exposicao_Face
101490,17,491,363,5.69,0,101490,26,Humano,Neutro,1690,Exposicao_Face
101507,17,495,363,5.74,0,101507,26,Humano,Neutro,1707,Exposicao_Face
101524,17,490,363,5.69,0,101524,26,Humano,Neutro,1724,Exposicao_Face
101540,17,488,379,5.68,0,101540,26,Humano,Neutro,1740,Exposicao_Face
101557,17,492,371,5.73,0,101557,26,Humano,Neutro,1757,Exposicao_Face
101574,17,484,366,5.74,0,101574,26,Humano,Neutro,1774,Exposicao_Face
101590,17,553,393,5.84,0,101590,26,Humano,Neutro,1790,Exposicao_Face
101607,17,592,389,5.78,0,101607,26,Humano,Neutro,1807,Exposicao_Face
101624,17,584,419,5.89,0,101624,26,Humano,Neutro,1824,Exposicao_Face
101640,17,593,397,5.74,0,101640,26,Humano,Neutro,1840,Exposicao_Face
101657,17,597,400,5.81,0,101657,26,Humano,Neutro,1857,Exposicao_Face
101673,17,596,420,5.87,0,101673,26,Humano,Neutro,1873,Exposicao_Face
101690,17,592,402,5.82,0,101690,26,Humano,Neutro,1890,Exposicao_Face
101707,17,589,391,5.82,0,101707,26,Humano,Neutro,1907,Exposicao_Face
101723,17,595,402,5.81,0,101723,26,Humano,Neutro,1923,Exposicao_Face
101740,17,589,391,5.87,0,101740,26,Humano,Neutro,1940,Exposicao_Face
101757,17,593,402,5.82,0,101757,26,Humano,Neutro,1957,Exposicao_Face
101773,17,596,399,5.79,0,101773,26,Humano,Neutro,1973,Exposicao_Face
101790,17,591,400,5.78,0,101790,26,Humano,Neutro,1990,Exposicao_Face
101806,17,590,394,5.87,0,101806,26,Humano,Neutro,2006,Exposicao_Face
101823,17,589,397,5.9,0,101823,26,Humano,Neutro,2023,Exposicao_Face
101840,17,592,419,5.9,0,101840,26,Humano,Neutro,2040,Exposicao_Face
101856,17,594,412,5.87,0,101856,26,Humano,Neutro,2056,Exposicao_Face
101873,17,586,416,5.94,0,101873,26,Humano,Neutro,2073,Exposicao_Face
101890,17,584,397,5.86,0,101890,26,Humano,Neutro,2090,Exposicao_Face
101906,17,594,405,5.9,0,101906,26,Humano,Neutro,2106,Exposicao_Face
101923,17,592,402,5.86,0,101923,26,Humano,Neutro,2123,Exposicao_Face
101940,17,588,403,5.81,0,101940,26,Humano,Neutro,2140,Exposicao_Face
101956,17,587,411,5.82,0,101956,26,Humano,Neutro,2156,Exposicao_Face
101973,17,586,427,5.89,0,101973,26,Humano,Neutro,2173,Exposicao_Face
101989,17,585,414,5.86,0,101989,26,Humano,Neutro,2189,Exposicao_Face
102006,17,584,407,5.79,0,102006,26,Humano,Neutro,2206,Exposicao_Face
102023,17,586,404,5.87,0,102023,26,Humano,Neutro,2223,Exposicao_Face
102039,17,589,385,5.78,0,102039,26,Humano,Neutro,2239,Exposicao_Face
102056,17,590,415,5.78,0,102056,26,Humano,Neutro,2256,Exposicao_Face
102073,17,591,409,5.78,0,102073,26,Humano,Neutro,2273,Exposicao_Face
102089,17,593,431,5.79,0,102089,26,Humano,Neutro,2289,Exposicao_Face
102106,17,595,397,5.74,0,102106,26,Humano,Neutro,2306,Exposicao_Face
102123,17,593,386,5.74,0,102123,26,Humano,Neutro,2323,Exposicao_Face
102139,17,594,409,5.76,0,102139,26,Humano,Neutro,2339,Exposicao_Face
102156,17,595,408,5.73,0,102156,26,Humano,Neutro,2356,Exposicao_Face
102172,17,592,404,5.76,0,102172,26,Humano,Neutro,2372,Exposicao_Face
102189,17,592,423,5.74,0,102189,26,Humano,Neutro,2389,Exposicao_Face
102206,17,595,386,5.68,0,102206,26,Humano,Neutro,2406,Exposicao_Face
102222,17,595,393,5.76,0,102222,26,Humano,Neutro,2422,Exposicao_Face
102239,17,595,394,5.69,0,102239,26,Humano,Neutro,2439,Exposicao_Face
102256,17,594,408,5.76,0,102256,26,Humano,Neutro,2456,Exposicao_Face
102272,17,596,399,5.69,0,102272,26,Humano,Neutro,2472,Exposicao_Face
102289,17,526,438,5.71,0,102289,26,Humano,Neutro,2489,Exposicao_Face
102306,17,533,427,5.68,0,102306,26,Humano,Neutro,2506,Exposicao_Face
102322,17,520,424,5.68,0,102322,26,Humano,Neutro,2522,Exposicao_Face
102339,17,521,411,5.63,0,102339,26,Humano,Neutro,2539,Exposicao_Face
102355,17,521,421,5.69,0,102355,26,Humano,Neutro,2555,Exposicao_Face
102372,17,523,435,5.66,0,102372,26,Humano,Neutro,2572,Exposicao_Face
102389,17,523,429,5.63,0,102389,26,Humano,Neutro,2589,Exposicao_Face
102405,17,521,441,5.65,0,102405,26,Humano,Neutro,2605,Exposicao_Face
102422,17,521,410,5.61,0,102422,26,Humano,Neutro,2622,Exposicao_Face
102439,17,518,420,5.61,0,102439,26,Humano,Neutro,2639,Exposicao_Face
102455,17,525,426,5.63,0,102455,26,Humano,Neutro,2655,Exposicao_Face
102472,17,518,416,5.66,0,102472,26,Humano,Neutro,2672,Exposicao_Face
102489,17,519,411,5.66,0,102489,26,Humano,Neutro,2689,Exposicao_Face
102505,17,517,425,5.66,0,102505,26,Humano,Neutro,2705,Exposicao_Face
102522,17,520,429,5.69,0,102522,26,Humano,Neutro,2722,Exposicao_Face
102538,17,519,418,5.69,0,102538,26,Humano,Neutro,2738,Exposicao_Face
102555,17,523,417,5.66,0,102555,26,Humano,Neutro,2755,Exposicao_Face
102572,17,521,415,5.73,0,102572,26,Humano,Neutro,2772,Exposicao_Face
102588,17,521,412,5.65,0,102588,26,Humano,Neutro,2788,Exposicao_Face
102605,17,516,423,5.73,0,102605,26,Humano,Neutro,2805,Exposicao_Face
102622,17,520,412,5.68,0,102622,26,Humano,Neutro,2822,Exposicao_Face
102638,17,515,422,5.71,0,102638,26,Humano,Neutro,2838,Exposicao_Face
102655,17,520,426,5.69,0,102655,26,Humano,Neutro,2855,Exposicao_Face
102672,17,525,414,5.65,0,102672,26,Humano,Neutro,2872,Exposicao_Face
102688,17,522,411,5.61,0,102688,26,Humano,Neutro,2888,Exposicao_Face
102705,17,519,419,5.68,0,102705,26,Humano,Neutro,2905,Exposicao_Face
102721,17,520,433,5.57,0,102721,26,Humano,Neutro,2921,Exposicao_Face
102738,17,525,425,5.55,0,102738,26,Humano,Neutro,2938,Exposicao_Face
102755,17,524,396,5.5,0,102755,26,Humano,Neutro,2955,Exposicao_Face
102771,17,524,405,5.45,0,102771,26,Humano,Neutro,2971,Exposicao_Face
102788,17,513,424,5.52,0,102788,26,Humano,Neutro,2988,Exposicao_Face
102805,17,516,428,5.47,0,102805,26,Humano,Neutro,3005,Exposicao_Face
102821,17,525,425,5.47,0,102821,26,Humano,Neutro,3021,Exposicao_Face
102838,17,527,422,5.42,0,102838,26,Humano,Neutro,3038,Exposicao_Face
102855,17,528,409,5.36,0,102855,26,Humano,Neutro,3055,Exposicao_Face
102871,17,526,414,5.37,0,102871,26,Humano,Neutro,3071,Exposicao_Face
102888,17,528,409,5.33,0,102888,26,Humano,Neutro,3088,Exposicao_Face
102904,17,528,414,5.37,0,102904,26,Humano,Neutro,3104,Exposicao_Face
102921,17,529,413,5.36,0,102921,26,Humano,Neutro,3121,Exposicao_Face
102938,17,535,412,5.34,0,102938,26,Humano,Neutro,3138,Exposicao_Face
102954,17,530,418,5.33,0,102954,26,Humano,Neutro,3154,Exposicao_Face
102971,17,527,411,5.25,0,102971,26,Humano,Neutro,3171,Exposicao_Face
102988,17,533,417,5.25,0,102988,26,Humano,Neutro,3188,Exposicao_Face
103004,17,527,408,5.23,0,103004,26,Humano,Neutro,3204,Exposicao_Face
103021,17,528,417,5.18,0,103021,26,Humano,Neutro,3221,Exposicao_Face
103037,17,531,436,5.28,0,103037,26,Humano,Neutro,3237,Exposicao_Face
103054,17,534,426,5.26,0,103054,26,Humano,Neutro,3254,Exposicao_Face
103071,17,530,427,5.25,0,103071,26,Humano,Neutro,3271,Exposicao_Face
103087,17,533,421,5.21,0,103087,26,Humano,Neutro,3287,Exposicao_Face
103104,17,531,411,5.15,0,103104,26,Humano,Neutro,3304,Exposicao_Face
103121,17,533,412,5.21,0,103121,26,Humano,Neutro,3321,Exposicao_Face
103137,17,529,418,5.21,0,103137,26,Humano,Neutro,3337,Exposicao_Face
103154,17,533,427,5.21,0,103154,26,Humano,Neutro,3354,Exposicao_Face
103171,17,529,411,5.17,0,103171,26,Humano,Neutro,3371,Exposicao_Face
103187,17,532,424,5.2,0,103187,26,Humano,Neutro,3387,Exposicao_Face
103204,17,530,416,5.23,0,103204,26,Humano,Neutro,3404,Exposicao_Face
103220,17,528,429,5.17,0,103220,26,Humano,Neutro,3420,Exposicao_Face
103237,17,528,402,5.15,0,103237,26,Humano,Neutro,3437,Exposicao_Face
103254,17,528,420,5.17,0,103254,26,Humano,Neutro,3454,Exposicao_Face
103270,17,529,430,5.13,0,103270,26,Humano,Neutro,3470,Exposicao_Face
103287,17,527,410,5.18,0,103287,26,Humano,Neutro,3487,Exposicao_Face
103304,17,532,418,5.12,0,103304,26,Humano,Neutro,3504,Exposicao_Face
103320,17,531,420,5.29,0,103320,26,Humano,Neutro,3520,Exposicao_Face
103337,17,530,419,5.25,0,103337,26,Humano,Neutro,3537,Exposicao_Face
103354,17,532,409,5.28,0,103354,26,Humano,Neutro,3554,Exposicao_Face
103370,17,529,396,5.18,0,103370,26,Humano,Neutro,3570,Exposicao_Face
103387,17,528,407,5.13,0,103387,26,Humano,Neutro,3587,Exposicao_Face
103403,17,528,408,5.2,0,103403,26,Humano,Neutro,3603,Exposicao_Face
103420,17,530,420,5.21,0,103420,26,Humano,Neutro,3620,Exposicao_Face
103437,17,530,409,5.2,0,103437,26,Humano,Neutro,3637,Exposicao_Face
103453,17,529,408,5.2,0,103453,26,Humano,Neutro,3653,Exposicao_Face
103470,17,530,404,5.26,0,103470,26,Humano,Neutro,3670,Exposicao_Face
103487,17,528,407,5.28,0,103487,26,Humano,Neutro,3687,Exposicao_Face
103503,17,536,410,5.23,0,103503,26,Humano,Neutro,3703,Exposicao_Face
103520,17,529,421,5.31,0,103520,26,Humano,Neutro,3720,Exposicao_Face
103537,17,528,406,5.31,0,103537,26,Humano,Neutro,3737,Exposicao_Face
103553,17,529,410,5.28,0,103553,26,Humano,Neutro,3753,Exposicao_Face
103570,17,538,418,5.29,0,103570,26,Humano,Neutro,3770,Exposicao_Face
103586,17,528,415,5.23,0,103586,26,Humano,Neutro,3786,Exposicao_Face
103603,17,535,425,5.34,0,103603,26,Humano,Neutro,3803,Exposicao_Face
103620,17,534,414,5.39,0,103620,26,Humano,Neutro,3820,Exposicao_Face
103636,17,528,408,5.33,0,103636,26,Humano,Neutro,3836,Exposicao_Face
103653,17,531,408,5.28,0,103653,26,Humano,Neutro,3853,Exposicao_Face
103670,17,528,402,5.31,0,103670,26,Humano,Neutro,3870,Exposicao_Face
103686,17,534,431,5.34,0,103686,26,Humano,Neutro,3886,Exposicao_Face
103703,17,531,431,5.44,0,103703,26,Humano,Neutro,3903,Exposicao_Face
103720,17,523,459,5.5,0,103720,26,Humano,Neutro,3920,Exposicao_Face
103736,17,529,450,5.41,0,103736,26,Humano,Neutro,3936,Exposicao_Face
103753,17,529,445,5.39,0,103753,26,Humano,Neutro,3953,Exposicao_Face
103769,17,532,464,5.58,0,103769,26,Humano,Neutro,3969,Exposicao_Face
103786,17,528,472,5.5,0,103786,26,Humano,Neutro,3986,Exposicao_Face
103803,17,527,456,5.6,0,103803,27,Humano,Raiva,3,Janela_Baseline
103819,17,517,479,5.58,0,103819,27,Humano,Raiva,19,Janela_Baseline
103836,17,530,473,5.55,0,103836,27,Humano,Raiva,36,Janela_Baseline
103853,17,532,470,5.55,0,103853,27,Humano,Raiva,53,Janela_Baseline
103869,17,531,480,5.58,0,103869,27,Humano,Raiva,69,Janela_Baseline
103886,17,527,479,5.63,0,103886,27,Humano,Raiva,86,Janela_Baseline
103903,17,531,464,5.63,0,103903,27,Humano,Raiva,103,Janela_Baseline
103919,17,531,466,5.68,0,103919,27,Humano,Raiva,119,Janela_Baseline
103936,17,532,463,5.63,0,103936,27,Humano,Raiva,136,Janela_Baseline
103952,17,528,457,5.61,0,103952,27,Humano,Raiva,152,Janela_Baseline
103969,17,527,455,5.63,0,103969,27,Humano,Raiva,169,Janela_Baseline
103986,17,530,461,5.68,0,103986,27,Humano,Raiva,186,Janela_Baseline
104002,17,526,454,5.68,0,104002,27,Humano,Raiva,202,Janela_Baseline
104019,17,525,483,5.76,0,104019,27,Humano,Raiva,219,Janela_Baseline
104036,17,528,483,5.71,0,104036,27,Humano,Raiva,236,Janela_Baseline
104052,17,526,475,5.71,0,104052,27,Humano,Raiva,252,Janela_Baseline
104069,17,527,474,5.73,0,104069,27,Humano,Raiva,269,Janela_Baseline
104086,17,524,465,5.76,0,104086,27,Humano,Raiva,286,Janela_Baseline
104102,17,518,465,5.76,0,104102,27,Humano,Raiva,302,Janela_Baseline
104119,17,522,487,5.78,0,104119,27,Humano,Raiva,319,Janela_Baseline
104135,17,528,483,5.87,0,104135,27,Humano,Raiva,335,Janela_Baseline
104152,17,518,461,5.86,0,104152,27,Humano,Raiva,352,Janela_Baseline
104169,17,526,487,5.84,0,104169,27,Humano,Raiva,369,Janela_Baseline
104185,17,526,464,5.84,0,104185,27,Humano,Raiva,385,Janela_Baseline
104202,17,527,480,5.87,0,104202,27,Humano,Raiva,402,Janela_Baseline
104219,17,524,465,5.81,0,104219,27,Humano,Raiva,419,Janela_Baseline
104235,17,524,472,5.82,0,104235,27,Humano,Raiva,435,Janela_Baseline
104252,17,522,469,5.74,0,104252,27,Humano,Raiva,452,Janela_Baseline
104268,17,519,468,5.79,0,104268,27,Humano,Raiva,468,Janela_Baseline
104285,17,520,491,5.82,0,104285,27,Humano,Raiva,485,Janela_Baseline
104302,17,523,478,5.82,0,104302,27,Humano,Raiva,502,Janela_Baseline
104318,17,522,482,5.84,0,104318,27,Humano,Raiva,518,Janela_Baseline
104335,17,525,491,5.82,0,104335,27,Humano,Raiva,535,Janela_Baseline
104352,17,519,472,5.78,0,104352,27,Humano,Raiva,552,Janela_Baseline
104368,17,524,475,5.74,0,104368,27,Humano,Raiva,568,Janela_Baseline
104385,17,522,482,5.79,0,104385,27,Humano,Raiva,585,Janela_Baseline
104402,17,526,474,5.78,0,104402,27,Humano,Raiva,602,Janela_Baseline
104418,17,522,491,5.74,0,104418,27,Humano,Raiva,618,Janela_Baseline
104435,17,522,469,5.73,0,104435,27,Humano,Raiva,635,Janela_Baseline
104451,17,523,481,5.74,0,104451,27,Humano,Raiva,651,Janela_Baseline
104468,17,527,467,5.69,0,104468,27,Humano,Raiva,668,Janela_Baseline
104485,17,533,465,5.74,0,104485,27,Humano,Raiva,685,Janela_Baseline
104501,17,531,391,5.71,0,104501,27,Humano,Raiva,701,Janela_Baseline
104518,17,540,400,5.73,0,104518,27,Humano,Raiva,718,Janela_Baseline
104535,17,540,384,5.66,0,104535,27,Humano,Raiva,735,Janela_Baseline
104551,17,545,368,5.66,0,104551,27,Humano,Raiva,751,Janela_Baseline
104568,17,529,367,5.69,0,104568,27,Humano,Raiva,768,Janela_Baseline
104585,17,535,368,5.71,0,104585,27,Humano,Raiva,785,Janela_Baseline
104601,17,537,425,5.73,0,104601,27,Humano,Raiva,801,Janela_Baseline
104618,17,532,425,5.66,0,104618,27,Humano,Raiva,818,Janela_Baseline
104634,17,538,425,5.73,0,104634,27,Humano,Raiva,834,Janela_Baseline
104651,17,534,420,5.69,0,104651,27,Humano,Raiva,851,Janela_Baseline
104668,17,533,427,5.73,0,104668,27,Humano,Raiva,868,Janela_Baseline
104684,17,535,414,5.68,0,104684,27,Humano,Raiva,884,Janela_Baseline
104701,17,534,417,5.71,0,104701,27,Humano,Raiva,901,Janela_Baseline
104718,17,531,413,5.69,0,104718,27,Humano,Raiva,918,Janela_Baseline
104734,17,538,406,5.66,0,104734,27,Humano,Raiva,934,Janela_Baseline
104751,17,533,426,5.74,0,104751,27,Humano,Raiva,951,Janela_Baseline
104768,17,536,422,5.69,0,104768,27,Humano,Raiva,968,Janela_Baseline
104784,17,545,437,5.73,0,104784,27,Humano,Raiva,984,Janela_Baseline
104801,17,541,420,5.69,0,104801,27,Humano,Raiva,1001,Janela_Baseline
104817,17,541,417,5.74,0,104817,27,Humano,Raiva,1017,Janela_Baseline
104834,17,538,414,5.71,0,104834,27,Humano,Raiva,1034,Janela_Baseline
104851,17,546,426,5.68,0,104851,27,Humano,Raiva,1051,Janela_Baseline
104867,17,541,431,5.71,0,104867,27,Humano,Raiva,1067,Janela_Baseline
104884,17,542,446,5.74,0,104884,27,Humano,Raiva,1084,Janela_Baseline
104901,17,542,437,5.71,0,104901,27,Humano,Raiva,1101,Janela_Baseline
104917,17,541,425,5.66,0,104917,27,Humano,Raiva,1117,Janela_Baseline
104934,17,546,428,5.69,0,104934,27,Humano,Raiva,1134,Janela_Baseline
104951,17,540,428,5.71,0,104951,27,Humano,Raiva,1151,Janela_Baseline
104967,17,541,423,5.69,0,104967,27,Humano,Raiva,1167,Janela_Baseline
104984,17,545,405,5.57,0,104984,27,Humano,Raiva,1184,Janela_Baseline
105000,17,546,415,5.63,0,105000,27,Humano,Raiva,1200,Janela_Baseline
105017,17,529,417,5.6,0,105017,27,Humano,Raiva,1217,Janela_Baseline
105034,17,540,405,5.6,0,105034,27,Humano,Raiva,1234,Janela_Baseline
105050,17,538,434,5.52,0,105050,27,Humano,Raiva,1250,Janela_Baseline
105067,17,547,443,5.6,0,105067,27,Humano,Raiva,1267,Janela_Baseline
105084,17,548,431,5.55,0,105084,27,Humano,Raiva,1284,Janela_Baseline
105100,17,534,423,5.52,0,105100,27,Humano,Raiva,1300,Exposicao_Face
105117,17,549,434,5.55,0,105117,27,Humano,Raiva,1317,Exposicao_Face
105134,17,541,437,5.49,0,105134,27,Humano,Raiva,1334,Exposicao_Face
105150,17,534,444,5.55,0,105150,27,Humano,Raiva,1350,Exposicao_Face
105167,17,542,427,5.42,0,105167,27,Humano,Raiva,1367,Exposicao_Face
105183,17,536,424,5.39,0,105183,27,Humano,Raiva,1383,Exposicao_Face
105200,17,546,428,5.45,0,105200,27,Humano,Raiva,1400,Exposicao_Face
105217,17,545,416,5.45,0,105217,27,Humano,Raiva,1417,Exposicao_Face
105233,17,545,420,5.41,0,105233,27,Humano,Raiva,1433,Exposicao_Face
105250,17,540,422,5.39,0,105250,27,Humano,Raiva,1450,Exposicao_Face
105267,17,542,430,5.36,0,105267,27,Humano,Raiva,1467,Exposicao_Face
105283,17,542,434,5.36,0,105283,27,Humano,Raiva,1483,Exposicao_Face
105300,17,532,444,5.44,0,105300,27,Humano,Raiva,1500,Exposicao_Face
105316,17,534,428,5.37,0,105316,27,Humano,Raiva,1516,Exposicao_Face
105333,17,540,443,5.37,0,105333,27,Humano,Raiva,1533,Exposicao_Face
105350,17,543,427,5.37,0,105350,27,Humano,Raiva,1550,Exposicao_Face
105366,17,536,429,5.37,0,105366,27,Humano,Raiva,1566,Exposicao_Face
105383,17,535,469,5.37,0,105383,27,Humano,Raiva,1583,Exposicao_Face
105400,17,531,467,5.36,0,105400,27,Humano,Raiva,1600,Exposicao_Face
105416,17,527,480,5.47,0,105416,27,Humano,Raiva,1616,Exposicao_Face
105433,17,538,461,5.36,0,105433,27,Humano,Raiva,1633,Exposicao_Face
105450,17,529,455,5.33,0,105450,27,Humano,Raiva,1650,Exposicao_Face
105466,17,518,452,5.39,0,105466,27,Humano,Raiva,1666,Exposicao_Face
105483,17,533,455,5.37,0,105483,27,Humano,Raiva,1683,Exposicao_Face
105499,17,530,447,5.37,0,105499,27,Humano,Raiva,1699,Exposicao_Face
105516,17,529,455,5.33,0,105516,27,Humano,Raiva,1716,Exposicao_Face
105533,17,539,454,5.34,0,105533,27,Humano,Raiva,1733,Exposicao_Face
105549,17,536,452,5.41,0,105549,27,Humano,Raiva,1749,Exposicao_Face
105566,17,534,467,5.39,0,105566,27,Humano,Raiva,1766,Exposicao_Face
105583,17,527,450,5.37,0,105583,27,Humano,Raiva,1783,Exposicao_Face
105599,17,529,469,5.36,0,105599,27,Humano,Raiva,1799,Exposicao_Face
105616,17,534,444,5.36,0,105616,27,Humano,Raiva,1816,Exposicao_Face
105633,17,540,464,5.39,0,105633,27,Humano,Raiva,1833,Exposicao_Face
105649,17,540,463,5.36,0,105649,27,Humano,Raiva,1849,Exposicao_Face
105666,17,529,455,5.39,0,105666,27,Humano,Raiva,1866,Exposicao_Face
105682,17,525,442,5.36,0,105682,27,Humano,Raiva,1882,Exposicao_Face
105699,17,527,486,5.39,0,105699,27,Humano,Raiva,1899,Exposicao_Face
105716,17,537,463,5.39,0,105716,27,Humano,Raiva,1916,Exposicao_Face
105732,17,538,449,5.41,0,105732,27,Humano,Raiva,1932,Exposicao_Face
105749,17,526,464,5.37,0,105749,27,Humano,Raiva,1949,Exposicao_Face
105766,17,516,469,5.37,0,105766,27,Humano,Raiva,1966,Exposicao_Face
105782,17,539,456,5.36,0,105782,27,Humano,Raiva,1982,Exposicao_Face
105799,17,526,437,5.31,0,105799,27,Humano,Raiva,1999,Exposicao_Face
105816,17,523,458,5.31,0,105816,27,Humano,Raiva,2016,Exposicao_Face
105832,17,539,454,5.31,0,105832,27,Humano,Raiva,2032,Exposicao_Face
105849,17,521,481,5.41,0,105849,27,Humano,Raiva,2049,Exposicao_Face
105865,17,538,455,5.36,0,105865,27,Humano,Raiva,2065,Exposicao_Face
105882,17,528,443,5.25,0,105882,27,Humano,Raiva,2082,Exposicao_Face
105899,17,506,444,5.36,0,105899,27,Humano,Raiva,2099,Exposicao_Face
105915,17,495,402,5.31,0,105915,27,Humano,Raiva,2115,Exposicao_Face
105932,17,488,413,5.33,0,105932,27,Humano,Raiva,2132,Exposicao_Face
105949,17,491,404,5.33,0,105949,27,Humano,Raiva,2149,Exposicao_Face
105965,17,492,424,5.36,0,105965,27,Humano,Raiva,2165,Exposicao_Face
105982,17,487,412,5.34,0,105982,27,Humano,Raiva,2182,Exposicao_Face
105999,17,481,399,5.31,0,105999,27,Humano,Raiva,2199,Exposicao_Face
106015,17,486,410,5.36,0,106015,27,Humano,Raiva,2215,Exposicao_Face
106032,17,492,400,5.36,0,106032,27,Humano,Raiva,2232,Exposicao_Face
106048,17,489,401,5.36,0,106048,27,Humano,Raiva,2248,Exposicao_Face
106065,17,490,397,5.29,0,106065,27,Humano,Raiva,2265,Exposicao_Face
106082,17,496,402,5.36,0,106082,27,Humano,Raiva,2282,Exposicao_Face
106098,17,491,396,5.28,0,106098,27,Humano,Raiva,2298,Exposicao_Face
106115,17,490,417,5.39,0,106115,27,Humano,Raiva,2315,Exposicao_Face
106132,17,485,386,5.23,0,106132,27,Humano,Raiva,2332,Exposicao_Face
106148,17,488,389,5.31,0,106148,27,Humano,Raiva,2348,Exposicao_Face
106165,17,491,403,5.31,0,106165,27,Humano,Raiva,2365,Exposicao_Face
106182,17,487,407,5.31,0,106182,27,Humano,Raiva,2382,Exposicao_Face
106198,17,495,399,5.34,0,106198,27,Humano,Raiva,2398,Exposicao_Face
106215,17,494,398,5.34,0,106215,27,Humano,Raiva,2415,Exposicao_Face
106231,17,496,400,5.31,0,106231,27,Humano,Raiva,2431,Exposicao_Face
106248,17,492,395,5.31,0,106248,27,Humano,Raiva,2448,Exposicao_Face
106265,17,496,412,5.33,0,106265,27,Humano,Raiva,2465,Exposicao_Face
106281,17,487,418,5.36,0,106281,27,Humano,Raiva,2481,Exposicao_Face
106298,17,498,400,5.33,0,106298,27,Humano,Raiva,2498,Exposicao_Face
106315,17,492,408,5.26,0,106315,27,Humano,Raiva,2515,Exposicao_Face
106331,17,495,406,5.29,0,106331,27,Humano,Raiva,2531,Exposicao_Face
106348,17,492,399,5.33,0,106348,27,Humano,Raiva,2548,Exposicao_Face
106365,17,490,391,5.29,0,106365,27,Humano,Raiva,2565,Exposicao_Face
106381,17,493,397,5.23,0,106381,27,Humano,Raiva,2581,Exposicao_Face
106398,17,491,399,5.26,0,106398,27,Humano,Raiva,2598,Exposicao_Face
106414,17,488,394,5.36,0,106414,27,Humano,Raiva,2614,Exposicao_Face
106431,17,485,412,5.26,0,106431,27,Humano,Raiva,2631,Exposicao_Face
106448,17,493,391,5.29,0,106448,27,Humano,Raiva,2648,Exposicao_Face
106464,17,493,401,5.28,0,106464,27,Humano,Raiva,2664,Exposicao_Face
106481,17,486,408,5.23,0,106481,27,Humano,Raiva,2681,Exposicao_Face
106498,17,491,405,5.18,0,106498,27,Humano,Raiva,2698,Exposicao_Face
106514,17,485,415,5.28,0,106514,27,Humano,Raiva,2714,Exposicao_Face
106531,17,481,410,5.28,0,106531,27,Humano,Raiva,2731,Exposicao_Face
106547,17,494,402,5.18,0,106547,27,Humano,Raiva,2747,Exposicao_Face
106564,17,486,386,5.13,0,106564,27,Humano,Raiva,2764,Exposicao_Face
106581,17,494,383,5.15,0,106581,27,Humano,Raiva,2781,Exposicao_Face
106597,17,492,411,5.18,0,106597,27,Humano,Raiva,2797,Exposicao_Face
106614,17,490,380,5.17,0,106614,27,Humano,Raiva,2814,Exposicao_Face
106631,17,490,393,5.15,0,106631,27,Humano,Raiva,2831,Exposicao_Face
106647,17,493,398,5.15,0,106647,27,Humano,Raiva,2847,Exposicao_Face
106664,17,488,390,5.07,0,106664,27,Humano,Raiva,2864,Exposicao_Face
106681,17,489,387,5.05,0,106681,27,Humano,Raiva,2881,Exposicao_Face
106697,17,489,405,5.15,0,106697,27,Humano,Raiva,2897,Exposicao_Face
106714,17,483,397,5.07,0,106714,27,Humano,Raiva,2914,Exposicao_Face
106730,17,489,416,5.07,0,106730,27,Humano,Raiva,2930,Exposicao_Face
106747,17,491,384,5.07,0,106747,27,Humano,Raiva,2947,Exposicao_Face
106764,17,489,395,5.18,0,106764,27,Humano,Raiva,2964,Exposicao_Face
106780,17,495,383,5.09,0,106780,27,Humano,Raiva,2980,Exposicao_Face
106797,17,486,397,5.12,0,106797,27,Humano,Raiva,2997,Exposicao_Face
106814,17,476,387,5.12,0,106814,27,Humano,Raiva,3014,Exposicao_Face
106830,17,487,393,5.13,0,106830,27,Humano,Raiva,3030,Exposicao_Face
106847,17,493,408,5.17,0,106847,27,Humano,Raiva,3047,Exposicao_Face
106864,17,482,384,5.13,0,106864,27,Humano,Raiva,3064,Exposicao_Face
106880,17,494,400,5.15,0,106880,27,Humano,Raiva,3080,Exposicao_Face
106897,17,488,401,5.21,0,106897,27,Humano,Raiva,3097,Exposicao_Face
106913,17,484,386,5.13,0,106913,27,Humano,Raiva,3113,Exposicao_Face
106930,17,491,389,5.2,0,106930,27,Humano,Raiva,3130,Exposicao_Face
106947,17,488,411,5.29,0,106947,27,Humano,Raiva,3147,Exposicao_Face
106963,17,485,428,5.26,0,106963,27,Humano,Raiva,3163,Exposicao_Face
106980,17,493,401,5.28,0,106980,27,Humano,Raiva,3180,Exposicao_Face
106997,17,495,399,5.21,0,106997,27,Humano,Raiva,3197,Exposicao_Face
107013,17,491,427,5.33,0,107013,27,Humano,Raiva,3213,Exposicao_Face
107030,17,495,420,5.36,0,107030,27,Humano,Raiva,3230,Exposicao_Face
107047,17,488,397,5.29,0,107047,27,Humano,Raiva,3247,Exposicao_Face
107063,17,494,406,5.39,0,107063,27,Humano,Raiva,3263,Exposicao_Face
107080,17,493,432,5.37,0,107080,27,Humano,Raiva,3280,Exposicao_Face
107096,17,495,421,5.37,0,107096,27,Humano,Raiva,3296,Exposicao_Face
107113,17,489,404,5.37,0,107113,27,Humano,Raiva,3313,Exposicao_Face
107130,17,494,414,5.39,0,107130,27,Humano,Raiva,3330,Exposicao_Face
107146,17,486,436,5.42,0,107146,27,Humano,Raiva,3346,Exposicao_Face
107163,17,492,420,5.41,0,107163,27,Humano,Raiva,3363,Exposicao_Face
107180,17,491,419,5.41,0,107180,27,Humano,Raiva,3380,Exposicao_Face
107196,17,495,394,5.41,0,107196,27,Humano,Raiva,3396,Exposicao_Face
107213,17,488,399,5.42,0,107213,27,Humano,Raiva,3413,Exposicao_Face
107230,17,492,398,5.44,0,107230,27,Humano,Raiva,3430,Exposicao_Face
107246,17,491,396,5.45,0,107246,27,Humano,Raiva,3446,Exposicao_Face
107263,17,489,402,5.45,0,107263,27,Humano,Raiva,3463,Exposicao_Face
107279,17,483,390,5.41,0,107279,27,Humano,Raiva,3479,Exposicao_Face
107296,17,488,391,5.41,0,107296,27,Humano,Raiva,3496,Exposicao_Face
107313,17,491,399,5.47,0,107313,27,Humano,Raiva,3513,Exposicao_Face
107329,17,488,400,5.52,0,107329,27,Humano,Raiva,3529,Exposicao_Face
107346,17,487,401,5.47,0,107346,27,Humano,Raiva,3546,Exposicao_Face
107363,17,490,413,5.57,0,107363,27,Humano,Raiva,3563,Exposicao_Face
107379,17,485,421,5.61,0,107379,27,Humano,Raiva,3579,Exposicao_Face
107396,17,485,414,5.6,0,107396,27,Humano,Raiva,3596,Exposicao_Face
107413,17,490,415,5.6,0,107413,27,Humano,Raiva,3613,Exposicao_Face
107429,17,486,401,5.57,0,107429,27,Humano,Raiva,3629,Exposicao_Face
107446,17,488,404,5.53,0,107446,27,Humano,Raiva,3646,Exposicao_Face
107462,17,487,412,5.5,0,107462,27,Humano,Raiva,3662,Exposicao_Face
107479,17,486,415,5.5,0,107479,27,Humano,Raiva,3679,Exposicao_Face
107496,17,485,411,5.44,0,107496,27,Humano,Raiva,3696,Exposicao_Face
107512,17,490,422,5.53,0,107512,27,Humano,Raiva,3712,Exposicao_Face
107529,17,485,427,5.57,0,107529,27,Humano,Raiva,3729,Exposicao_Face
107546,17,490,404,5.52,0,107546,27,Humano,Raiva,3746,Exposicao_Face
107562,17,521,393,5.55,0,107562,27,Humano,Raiva,3762,Exposicao_Face
107579,17,530,394,5.55,0,107579,27,Humano,Raiva,3779,Exposicao_Face
107595,17,525,364,5.47,0,107595,27,Humano,Raiva,3795,Exposicao_Face
107612,17,534,377,5.47,0,107612,27,Humano,Raiva,3812,Exposicao_Face
107629,17,535,379,5.47,0,107629,27,Humano,Raiva,3829,Exposicao_Face
107645,17,534,369,5.52,0,107645,27,Humano,Raiva,3845,Exposicao_Face
107662,17,536,385,5.47,0,107662,27,Humano,Raiva,3862,Exposicao_Face
107679,17,533,372,5.5,0,107679,27,Humano,Raiva,3879,Exposicao_Face
107695,17,533,375,5.45,0,107695,27,Humano,Raiva,3895,Exposicao_Face
107712,17,532,383,5.47,0,107712,27,Humano,Raiva,3912,Exposicao_Face
107729,17,533,399,5.55,0,107729,27,Humano,Raiva,3929,Exposicao_Face
107745,17,534,390,5.53,0,107745,27,Humano,Raiva,3945,Exposicao_Face
107762,17,535,374,5.45,0,107762,27,Humano,Raiva,3962,Exposicao_Face
107778,17,532,370,5.55,0,107778,27,Humano,Raiva,3978,Exposicao_Face
107795,17,531,380,5.47,0,107795,27,Humano,Raiva,3995,Exposicao_Face
107812,17,577,373,5.45,0,107812,28,Humano,Feliz,12,Janela_Baseline
107828,17,561,374,5.55,0,107828,28,Humano,Feliz,28,Janela_Baseline
107845,17,568,355,5.41,0,107845,28,Humano,Feliz,45,Janela_Baseline
107862,17,569,371,5.53,0,107862,28,Humano,Feliz,62,Janela_Baseline
107878,17,569,372,5.6,0,107878,28,Humano,Feliz,78,Janela_Baseline
107895,17,569,391,5.57,0,107895,28,Humano,Feliz,95,Janela_Baseline
107912,17,565,392,5.61,0,107912,28,Humano,Feliz,112,Janela_Baseline
107928,17,569,389,5.65,0,107928,28,Humano,Feliz,128,Janela_Baseline
107945,17,564,374,5.57,0,107945,28,Humano,Feliz,145,Janela_Baseline
107961,17,567,394,5.66,0,107961,28,Humano,Feliz,161,Janela_Baseline
107978,17,569,381,5.6,0,107978,28,Humano,Feliz,178,Janela_Baseline
107995,17,568,360,5.61,0,107995,28,Humano,Feliz,195,Janela_Baseline
108011,17,569,360,5.53,0,108011,28,Humano,Feliz,211,Janela_Baseline
108028,17,573,366,5.58,0,108028,28,Humano,Feliz,228,Janela_Baseline
108045,17,573,368,5.58,0,108045,28,Humano,Feliz,245,Janela_Baseline
108061,17,565,386,5.68,0,108061,28,Humano,Feliz,261,Janela_Baseline
108078,17,567,374,5.63,0,108078,28,Humano,Feliz,278,Janela_Baseline
108095,17,571,371,5.63,0,108095,28,Humano,Feliz,295,Janela_Baseline
108111,17,568,376,5.66,0,108111,28,Humano,Feliz,311,Janela_Baseline
108128,17,564,377,5.65,0,108128,28,Humano,Feliz,328,Janela_Baseline
108144,17,567,366,5.58,0,108144,28,Humano,Feliz,344,Janela_Baseline
108161,17,570,360,5.55,0,108161,28,Humano,Feliz,361,Janela_Baseline
108178,17,567,358,5.55,0,108178,28,Humano,Feliz,378,Janela_Baseline
108194,17,564,376,5.68,0,108194,28,Humano,Feliz,394,Janela_Baseline
108211,17,563,372,5.65,0,108211,28,Humano,Feliz,411,Janela_Baseline
108228,17,563,376,5.6,0,108228,28,Humano,Feliz,428,Janela_Baseline
108244,17,566,384,5.69,0,108244,28,Humano,Feliz,444,Janela_Baseline
108261,17,563,378,5.66,0,108261,28,Humano,Feliz,461,Janela_Baseline
108278,17,564,365,5.68,0,108278,28,Humano,Feliz,478,Janela_Baseline
108294,17,568,367,5.66,0,108294,28,Humano,Feliz,494,Janela_Baseline
108311,17,568,368,5.68,0,108311,28,Humano,Feliz,511,Janela_Baseline
108327,17,565,371,5.68,0,108327,28,Humano,Feliz,527,Janela_Baseline
108344,17,569,385,5.69,0,108344,28,Humano,Feliz,544,Janela_Baseline
108361,17,564,392,5.76,0,108361,28,Humano,Feliz,561,Janela_Baseline
108377,17,562,369,5.73,0,108377,28,Humano,Feliz,577,Janela_Baseline
108394,17,565,379,5.78,0,108394,28,Humano,Feliz,594,Janela_Baseline
108411,17,563,368,5.74,0,108411,28,Humano,Feliz,611,Janela_Baseline
108427,17,564,381,5.73,0,108427,28,Humano,Feliz,627,Janela_Baseline
108444,17,563,384,5.74,0,108444,28,Humano,Feliz,644,Janela_Baseline
108461,17,563,365,5.74,0,108461,28,Humano,Feliz,661,Janela_Baseline
108477,17,517,394,5.79,0,108477,28,Humano,Feliz,677,Janela_Baseline
108494,17,508,375,5.69,0,108494,28,Humano,Feliz,694,Janela_Baseline
108510,17,504,399,5.79,0,108510,28,Humano,Feliz,710,Janela_Baseline
108527,17,504,396,5.76,0,108527,28,Humano,Feliz,727,Janela_Baseline
108544,17,499,387,5.78,0,108544,28,Humano,Feliz,744,Janela_Baseline
108560,17,501,397,5.81,0,108560,28,Humano,Feliz,760,Janela_Baseline
108577,17,497,397,5.81,0,108577,28,Humano,Feliz,777,Janela_Baseline
108594,17,503,389,5.81,0,108594,28,Humano,Feliz,794,Janela_Baseline
108610,17,501,402,5.82,0,108610,28,Humano,Feliz,810,Janela_Baseline
108627,17,500,390,5.82,0,108627,28,Humano,Feliz,827,Janela_Baseline
108644,17,503,403,5.84,0,108644,28,Humano,Feliz,844,Janela_Baseline
108660,17,500,401,5.82,0,108660,28,Humano,Feliz,860,Janela_Baseline
108677,17,507,401,5.89,0,108677,28,Humano,Feliz,877,Janela_Baseline
108693,17,500,401,5.86,0,108693,28,Humano,Feliz,893,Janela_Baseline
108710,17,494,415,5.92,0,108710,28,Humano,Feliz,910,Janela_Baseline
108727,17,503,397,5.86,0,108727,28,Humano,Feliz,927,Janela_Baseline
108743,17,501,383,5.9,0,108743,28,Humano,Feliz,943,Janela_Baseline
108760,17,491,435,5.84,0,108760,28,Humano,Feliz,960,Janela_Baseline
108777,17,493,453,5.86,0,108777,28,Humano,Feliz,977,Janela_Baseline
108793,17,483,447,5.9,0,108793,28,Humano,Feliz,993,Janela_Baseline
108810,17,506,457,5.86,0,108810,28,Humano,Feliz,1010,Janela_Baseline
108826,17,491,462,5.89,0,108826,28,Humano,Feliz,1026,Janela_Baseline
108843,17,483,483,5.94,0,108843,28,Humano,Feliz,1043,Janela_Baseline
108860,17,491,462,5.84,0,108860,28,Humano,Feliz,1060,Janela_Baseline
108876,17,498,458,5.86,0,108876,28,Humano,Feliz,1076,Janela_Baseline
108893,17,488,461,5.92,0,108893,28,Humano,Feliz,1093,Janela_Baseline
108910,17,486,451,5.87,0,108910,28,Humano,Feliz,1110,Janela_Baseline
108926,17,489,446,5.86,0,108926,28,Humano,Feliz,1126,Janela_Baseline
108943,17,504,450,5.94,0,108943,28,Humano,Feliz,1143,Janela_Baseline
108960,17,491,445,5.87,0,108960,28,Humano,Feliz,1160,Janela_Baseline
108976,17,492,460,5.9,0,108976,28,Humano,Feliz,1176,Janela_Baseline
108993,17,484,475,5.87,0,108993,28,Humano,Feliz,1193,Janela_Baseline
109009,17,488,467,5.9,0,109009,28,Humano,Feliz,1209,Janela_Baseline
109026,17,486,450,5.86,0,109026,28,Humano,Feliz,1226,Janela_Baseline
109043,17,501,479,5.95,0,109043,28,Humano,Feliz,1243,Janela_Baseline
109059,17,493,444,5.89,0,109059,28,Humano,Feliz,1259,Janela_Baseline
109076,17,489,470,5.89,0,109076,28,Humano,Feliz,1276,Janela_Baseline
109093,17,497,478,5.89,0,109093,28,Humano,Feliz,1293,Janela_Baseline
109109,17,483,489,6.03,0,109109,28,Humano,Feliz,1309,Exposicao_Face
109126,17,484,467,5.92,0,109126,28,Humano,Feliz,1326,Exposicao_Face
109143,17,481,474,5.89,0,109143,28,Humano,Feliz,1343,Exposicao_Face
109159,17,486,486,5.92,0,109159,28,Humano,Feliz,1359,Exposicao_Face
109176,17,495,481,5.94,0,109176,28,Humano,Feliz,1376,Exposicao_Face
109192,17,494,470,5.89,0,109192,28,Humano,Feliz,1392,Exposicao_Face
109209,17,496,458,5.97,0,109209,28,Humano,Feliz,1409,Exposicao_Face
109226,17,491,464,5.97,0,109226,28,Humano,Feliz,1426,Exposicao_Face
109242,17,485,476,5.92,0,109242,28,Humano,Feliz,1442,Exposicao_Face
109259,17,495,472,5.87,0,109259,28,Humano,Feliz,1459,Exposicao_Face
109276,17,483,430,5.97,0,109276,28,Humano,Feliz,1476,Exposicao_Face
109292,17,474,409,5.84,0,109292,28,Humano,Feliz,1492,Exposicao_Face
109309,17,473,383,5.86,0,109309,28,Humano,Feliz,1509,Exposicao_Face
109326,17,480,370,5.84,0,109326,28,Humano,Feliz,1526,Exposicao_Face
109342,17,480,398,5.97,0,109342,28,Humano,Feliz,1542,Exposicao_Face
109359,17,479,391,5.92,0,109359,28,Humano,Feliz,1559,Exposicao_Face
109375,17,483,387,5.89,0,109375,28,Humano,Feliz,1575,Exposicao_Face
109392,17,484,413,5.94,0,109392,28,Humano,Feliz,1592,Exposicao_Face
109409,17,484,379,5.9,0,109409,28,Humano,Feliz,1609,Exposicao_Face
109425,17,478,406,5.92,0,109425,28,Humano,Feliz,1625,Exposicao_Face
109442,17,473,387,5.95,0,109442,28,Humano,Feliz,1642,Exposicao_Face
109459,17,465,403,5.98,0,109459,28,Humano,Feliz,1659,Exposicao_Face
109475,17,473,391,5.89,0,109475,28,Humano,Feliz,1675,Exposicao_Face
109492,17,482,411,5.98,0,109492,28,Humano,Feliz,1692,Exposicao_Face
109509,17,482,388,5.86,0,109509,28,Humano,Feliz,1709,Exposicao_Face
109525,17,470,410,5.97,0,109525,28,Humano,Feliz,1725,Exposicao_Face
109542,17,458,386,5.89,0,109542,28,Humano,Feliz,1742,Exposicao_Face
109558,17,470,365,5.9,0,109558,28,Humano,Feliz,1758,Exposicao_Face
109575,17,457,386,5.87,0,109575,28,Humano,Feliz,1775,Exposicao_Face
109592,17,459,383,5.92,0,109592,28,Humano,Feliz,1792,Exposicao_Face
109608,17,462,384,5.92,0,109608,28,Humano,Feliz,1808,Exposicao_Face
109625,17,456,377,5.9,0,109625,28,Humano,Feliz,1825,Exposicao_Face
109642,17,462,381,5.89,0,109642,28,Humano,Feliz,1842,Exposicao_Face
109658,17,461,420,5.98,0,109658,28,Humano,Feliz,1858,Exposicao_Face
109675,17,461,365,5.84,0,109675,28,Humano,Feliz,1875,Exposicao_Face
109692,17,465,394,5.89,0,109692,28,Humano,Feliz,1892,Exposicao_Face
109708,17,457,404,5.89,0,109708,28,Humano,Feliz,1908,Exposicao_Face
109725,17,458,383,5.89,0,109725,28,Humano,Feliz,1925,Exposicao_Face
109741,17,462,375,5.79,0,109741,28,Humano,Feliz,1941,Exposicao_Face
109758,17,463,387,5.87,0,109758,28,Humano,Feliz,1958,Exposicao_Face
109775,17,460,392,5.92,0,109775,28,Humano,Feliz,1975,Exposicao_Face
109791,17,463,383,5.82,0,109791,28,Humano,Feliz,1991,Exposicao_Face
109808,17,460,392,5.81,0,109808,28,Humano,Feliz,2008,Exposicao_Face
109825,17,463,406,5.9,0,109825,28,Humano,Feliz,2025,Exposicao_Face
109841,17,459,398,5.87,0,109841,28,Humano,Feliz,2041,Exposicao_Face
109858,17,458,393,5.86,0,109858,28,Humano,Feliz,2058,Exposicao_Face
109874,17,535,386,5.9,0,109874,28,Humano,Feliz,2074,Exposicao_Face
109891,17,552,381,5.87,0,109891,28,Humano,Feliz,2091,Exposicao_Face
109908,17,555,389,5.86,0,109908,28,Humano,Feliz,2108,Exposicao_Face
109924,17,559,373,5.9,0,109924,28,Humano,Feliz,2124,Exposicao_Face
109941,17,555,373,5.86,0,109941,28,Humano,Feliz,2141,Exposicao_Face
109958,17,560,384,5.9,0,109958,28,Humano,Feliz,2158,Exposicao_Face
109974,17,561,396,5.87,0,109974,28,Humano,Feliz,2174,Exposicao_Face
109991,17,560,386,5.86,0,109991,28,Humano,Feliz,2191,Exposicao_Face
110008,17,560,377,5.84,0,110008,28,Humano,Feliz,2208,Exposicao_Face
110024,17,561,382,5.86,0,110024,28,Humano,Feliz,2224,Exposicao_Face
110041,17,565,366,5.81,0,110041,28,Humano,Feliz,2241,Exposicao_Face
110057,17,561,381,5.84,0,110057,28,Humano,Feliz,2257,Exposicao_Face
110074,17,558,366,5.84,0,110074,28,Humano,Feliz,2274,Exposicao_Face
110091,17,561,392,5.9,0,110091,28,Humano,Feliz,2291,Exposicao_Face
110107,17,563,377,5.86,0,110107,28,Humano,Feliz,2307,Exposicao_Face
110124,17,594,373,5.89,0,110124,28,Humano,Feliz,2324,Exposicao_Face
110141,17,576,371,5.86,0,110141,28,Humano,Feliz,2341,Exposicao_Face
110157,17,583,370,5.81,0,110157,28,Humano,Feliz,2357,Exposicao_Face
110174,17,581,373,5.9,0,110174,28,Humano,Feliz,2374,Exposicao_Face
110191,17,582,371,5.84,0,110191,28,Humano,Feliz,2391,Exposicao_Face
110207,17,578,379,5.86,0,110207,28,Humano,Feliz,2407,Exposicao_Face
110224,17,578,378,5.89,0,110224,28,Humano,Feliz,2424,Exposicao_Face
110240,17,585,379,5.86,0,110240,28,Humano,Feliz,2440,Exposicao_Face
110257,17,589,372,5.89,0,110257,28,Humano,Feliz,2457,Exposicao_Face
110274,17,580,373,5.86,0,110274,28,Humano,Feliz,2474,Exposicao_Face
110290,17,579,381,5.9,0,110290,28,Humano,Feliz,2490,Exposicao_Face
110307,17,579,370,5.84,0,110307,28,Humano,Feliz,2507,Exposicao_Face
110324,17,580,392,5.95,0,110324,28,Humano,Feliz,2524,Exposicao_Face
110340,17,586,371,5.87,0,110340,28,Humano,Feliz,2540,Exposicao_Face
110357,17,584,360,5.79,0,110357,28,Humano,Feliz,2557,Exposicao_Face
110374,17,578,369,5.84,0,110374,28,Humano,Feliz,2574,Exposicao_Face
110390,17,581,374,5.95,0,110390,28,Humano,Feliz,2590,Exposicao_Face
110407,17,579,365,5.84,0,110407,28,Humano,Feliz,2607,Exposicao_Face
110423,17,581,376,5.87,0,110423,28,Humano,Feliz,2623,Exposicao_Face
110440,17,577,381,5.92,0,110440,28,Humano,Feliz,2640,Exposicao_Face
110457,17,583,379,5.94,0,110457,28,Humano,Feliz,2657,Exposicao_Face
110473,17,578,374,5.9,0,110473,28,Humano,Feliz,2673,Exposicao_Face
110490,17,581,365,5.92,0,110490,28,Humano,Feliz,2690,Exposicao_Face
110507,17,579,384,5.94,0,110507,28,Humano,Feliz,2707,Exposicao_Face
110523,17,574,372,5.92,0,110523,28,Humano,Feliz,2723,Exposicao_Face
110540,17,584,387,5.94,0,110540,28,Humano,Feliz,2740,Exposicao_Face
110557,17,584,360,5.82,0,110557,28,Humano,Feliz,2757,Exposicao_Face
110573,17,580,374,5.98,0,110573,28,Humano,Feliz,2773,Exposicao_Face
110590,17,583,384,5.87,0,110590,28,Humano,Feliz,2790,Exposicao_Face
110606,17,580,397,5.97,0,110606,28,Humano,Feliz,2806,Exposicao_Face
110623,17,579,384,5.9,0,110623,28,Humano,Feliz,2823,Exposicao_Face
110640,17,554,371,5.95,0,110640,28,Humano,Feliz,2840,Exposicao_Face
110656,17,577,370,5.94,0,110656,28,Humano,Feliz,2856,Exposicao_Face
110673,17,557,534,5.92,0,110673,28,Humano,Feliz,2873,Exposicao_Face
110690,17,553,535,5.86,0,110690,28,Humano,Feliz,2890,Exposicao_Face
110706,17,542,523,5.9,0,110706,28,Humano,Feliz,2906,Exposicao_Face
110723,17,528,451,5.92,0,110723,28,Humano,Feliz,2923,Exposicao_Face
110740,17,546,352,5.9,0,110740,28,Humano,Feliz,2940,Exposicao_Face
110756,17,535,405,5.9,0,110756,28,Humano,Feliz,2956,Exposicao_Face
110773,17,537,421,5.95,0,110773,28,Humano,Feliz,2973,Exposicao_Face
110789,17,542,411,5.92,0,110789,28,Humano,Feliz,2989,Exposicao_Face
110806,17,541,417,5.92,0,110806,28,Humano,Feliz,3006,Exposicao_Face
110823,17,539,418,5.97,0,110823,28,Humano,Feliz,3023,Exposicao_Face
110839,17,537,392,5.95,0,110839,28,Humano,Feliz,3039,Exposicao_Face
110856,17,541,408,5.92,0,110856,28,Humano,Feliz,3056,Exposicao_Face
110873,17,536,403,5.98,0,110873,28,Humano,Feliz,3073,Exposicao_Face
110889,17,539,409,6.0,0,110889,28,Humano,Feliz,3089,Exposicao_Face
110906,17,529,391,5.98,0,110906,28,Humano,Feliz,3106,Exposicao_Face
110923,17,540,404,5.98,0,110923,28,Humano,Feliz,3123,Exposicao_Face
110939,17,536,417,6.05,0,110939,28,Humano,Feliz,3139,Exposicao_Face
110956,17,544,424,5.97,0,110956,28,Humano,Feliz,3156,Exposicao_Face
110972,17,542,394,5.95,0,110972,28,Humano,Feliz,3172,Exposicao_Face
110989,17,540,436,6.03,0,110989,28,Humano,Feliz,3189,Exposicao_Face
111006,17,534,422,5.97,0,111006,28,Humano,Feliz,3206,Exposicao_Face
111022,17,538,427,6.03,0,111022,28,Humano,Feliz,3222,Exposicao_Face
111039,17,536,412,5.97,0,111039,28,Humano,Feliz,3239,Exposicao_Face
111056,17,542,401,6.03,0,111056,28,Humano,Feliz,3256,Exposicao_Face
111072,17,539,417,6.03,0,111072,28,Humano,Feliz,3272,Exposicao_Face
111089,17,539,406,6.08,0,111089,28,Humano,Feliz,3289,Exposicao_Face
111105,17,536,428,6.13,0,111105,28,Humano,Feliz,3305,Exposicao_Face
111122,17,535,417,6.03,0,111122,28,Humano,Feliz,3322,Exposicao_Face
111139,17,541,409,6.05,0,111139,28,Humano,Feliz,3339,Exposicao_Face
111155,17,533,415,5.97,0,111155,28,Humano,Feliz,3355,Exposicao_Face
111172,17,540,399,6.0,0,111172,28,Humano,Feliz,3372,Exposicao_Face
111189,17,542,406,6.0,0,111189,28,Humano,Feliz,3389,Exposicao_Face
111205,17,541,419,6.0,0,111205,28,Humano,Feliz,3405,Exposicao_Face
111222,17,540,418,6.02,0,111222,28,Humano,Feliz,3422,Exposicao_Face
111239,17,547,419,6.03,0,111239,28,Humano,Feliz,3439,Exposicao_Face
111255,17,537,421,6.02,0,111255,28,Humano,Feliz,3455,Exposicao_Face
111272,17,547,430,6.1,0,111272,28,Humano,Feliz,3472,Exposicao_Face
111288,17,534,406,6.0,0,111288,28,Humano,Feliz,3488,Exposicao_Face
111305,17,544,413,6.05,0,111305,28,Humano,Feliz,3505,Exposicao_Face
111322,17,545,394,6.0,0,111322,28,Humano,Feliz,3522,Exposicao_Face
111338,17,547,404,5.95,0,111338,28,Humano,Feliz,3538,Exposicao_Face
111355,17,543,430,5.97,0,111355,28,Humano,Feliz,3555,Exposicao_Face
111372,17,544,408,5.95,0,111372,28,Humano,Feliz,3572,Exposicao_Face
111388,17,545,414,5.94,0,111388,28,Humano,Feliz,3588,Exposicao_Face
111405,17,544,398,5.95,0,111405,28,Humano,Feliz,3605,Exposicao_Face
111422,17,547,399,5.92,0,111422,28,Humano,Feliz,3622,Exposicao_Face
111438,17,538,406,5.92,0,111438,28,Humano,Feliz,3638,Exposicao_Face
111455,17,551,408,5.94,0,111455,28,Humano,Feliz,3655,Exposicao_Face
111471,17,545,413,5.9,0,111471,28,Humano,Feliz,3671,Exposicao_Face
111488,17,546,426,5.94,0,111488,28,Humano,Feliz,3688,Exposicao_Face
111505,17,545,415,5.86,0,111505,28,Humano,Feliz,3705,Exposicao_Face
111521,17,543,404,5.82,0,111521,28,Humano,Feliz,3721,Exposicao_Face
111538,17,546,404,5.84,0,111538,28,Humano,Feliz,3738,Exposicao_Face
111555,17,536,421,5.9,0,111555,28,Humano,Feliz,3755,Exposicao_Face
111571,17,547,417,5.84,0,111571,28,Humano,Feliz,3771,Exposicao_Face
111588,17,551,405,5.86,0,111588,28,Humano,Feliz,3788,Exposicao_Face
111605,17,536,428,5.86,0,111605,28,Humano,Feliz,3805,Exposicao_Face
111621,17,542,402,5.87,0,111621,28,Humano,Feliz,3821,Exposicao_Face
111638,17,545,408,5.87,0,111638,28,Humano,Feliz,3838,Exposicao_Face
111654,17,536,405,5.81,0,111654,28,Humano,Feliz,3854,Exposicao_Face
111671,17,540,403,5.79,0,111671,28,Humano,Feliz,3871,Exposicao_Face
111688,17,543,433,5.82,0,111688,28,Humano,Feliz,3888,Exposicao_Face
111704,17,540,424,5.82,0,111704,28,Humano,Feliz,3904,Exposicao_Face
111721,17,491,420,5.82,0,111721,28,Humano,Feliz,3921,Exposicao_Face
111738,17,508,404,5.78,0,111738,28,Humano,Feliz,3938,Exposicao_Face
111754,17,495,409,5.74,0,111754,28,Humano,Feliz,3954,Exposicao_Face
111771,17,492,420,5.79,0,111771,28,Humano,Feliz,3971,Exposicao_Face
111788,17,495,406,5.73,0,111788,28,Humano,Feliz,3988,Exposicao_Face
111804,17,500,416,5.81,0,111804,29,Humano,Neutro,4,Janela_Baseline
111821,17,502,430,5.81,0,111821,29,Humano,Neutro,21,Janela_Baseline
111837,17,494,421,5.81,0,111837,29,Humano,Neutro,37,Janela_Baseline
111854,17,497,426,5.82,0,111854,29,Humano,Neutro,54,Janela_Baseline
111871,17,498,440,5.84,0,111871,29,Humano,Neutro,71,Janela_Baseline
111887,17,500,441,5.82,0,111887,29,Humano,Neutro,87,Janela_Baseline
111904,17,494,446,5.86,0,111904,29,Humano,Neutro,104,Janela_Baseline
111921,17,496,448,5.87,0,111921,29,Humano,Neutro,121,Janela_Baseline
111937,17,492,460,5.82,0,111937,29,Humano,Neutro,137,Janela_Baseline
111954,17,496,420,5.87,0,111954,29,Humano,Neutro,154,Janela_Baseline
111971,17,490,427,5.86,0,111971,29,Humano,Neutro,171,Janela_Baseline
111987,17,501,442,5.79,0,111987,29,Humano,Neutro,187,Janela_Baseline
112004,17,489,465,5.9,0,112004,29,Humano,Neutro,204,Janela_Baseline
112020,17,500,444,5.87,0,112020,29,Humano,Neutro,220,Janela_Baseline
112037,17,492,445,5.82,0,112037,29,Humano,Neutro,237,Janela_Baseline
112054,17,495,444,5.87,0,112054,29,Humano,Neutro,254,Janela_Baseline
112070,17,497,442,5.92,0,112070,29,Humano,Neutro,270,Janela_Baseline
112087,17,492,438,5.87,0,112087,29,Humano,Neutro,287,Janela_Baseline
112104,17,502,439,5.87,0,112104,29,Humano,Neutro,304,Janela_Baseline
112120,17,496,445,5.89,0,112120,29,Humano,Neutro,320,Janela_Baseline
112137,17,492,453,5.94,0,112137,29,Humano,Neutro,337,Janela_Baseline
112154,17,487,438,5.84,0,112154,29,Humano,Neutro,354,Janela_Baseline
112170,17,501,452,5.87,0,112170,29,Humano,Neutro,370,Janela_Baseline
112187,17,489,419,5.87,0,112187,29,Humano,Neutro,387,Janela_Baseline
112203,17,505,433,5.82,0,112203,29,Humano,Neutro,403,Janela_Baseline
112220,17,498,439,5.87,0,112220,29,Humano,Neutro,420,Janela_Baseline
112237,17,503,444,5.87,0,112237,29,Humano,Neutro,437,Janela_Baseline
112253,17,489,454,5.86,0,112253,29,Humano,Neutro,453,Janela_Baseline
112270,17,494,451,5.9,0,112270,29,Humano,Neutro,470,Janela_Baseline
112287,17,494,452,5.87,0,112287,29,Humano,Neutro,487,Janela_Baseline
112303,17,499,438,5.84,0,112303,29,Humano,Neutro,503,Janela_Baseline
112320,17,497,438,5.86,0,112320,29,Humano,Neutro,520,Janela_Baseline
112336,17,503,430,5.82,0,112336,29,Humano,Neutro,536,Janela_Baseline
112353,17,495,434,5.84,0,112353,29,Humano,Neutro,553,Janela_Baseline
112370,17,501,434,5.86,0,112370,29,Humano,Neutro,570,Janela_Baseline
112386,17,489,444,5.82,0,112386,29,Humano,Neutro,586,Janela_Baseline
112403,17,501,455,5.87,0,112403,29,Humano,Neutro,603,Janela_Baseline
112420,17,496,440,5.81,0,112420,29,Humano,Neutro,620,Janela_Baseline
112436,17,505,445,5.76,0,112436,29,Humano,Neutro,636,Janela_Baseline
112453,17,498,440,5.78,0,112453,29,Humano,Neutro,653,Janela_Baseline
112470,17,497,426,5.84,0,112470,29,Humano,Neutro,670,Janela_Baseline
112486,17,497,425,5.81,0,112486,29,Humano,Neutro,686,Janela_Baseline
112503,17,501,436,5.81,0,112503,29,Humano,Neutro,703,Janela_Baseline
112519,17,496,432,5.78,0,112519,29,Humano,Neutro,719,Janela_Baseline
112536,17,499,439,5.78,0,112536,29,Humano,Neutro,736,Janela_Baseline
112553,17,498,443,5.81,0,112553,29,Humano,Neutro,753,Janela_Baseline
112569,17,503,443,5.81,0,112569,29,Humano,Neutro,769,Janela_Baseline
112586,17,496,434,5.82,0,112586,29,Humano,Neutro,786,Janela_Baseline
112603,17,503,432,5.82,0,112603,29,Humano,Neutro,803,Janela_Baseline
112619,17,499,438,5.82,0,112619,29,Humano,Neutro,819,Janela_Baseline
112636,17,492,456,5.89,0,112636,29,Humano,Neutro,836,Janela_Baseline
112653,17,496,442,5.82,0,112653,29,Humano,Neutro,853,Janela_Baseline
112669,17,494,457,5.87,0,112669,29,Humano,Neutro,869,Janela_Baseline
112686,17,504,438,5.82,0,112686,29,Humano,Neutro,886,Janela_Baseline
112702,17,497,455,5.89,0,112702,29,Humano,Neutro,902,Janela_Baseline
112719,17,496,442,5.81,0,112719,29,Humano,Neutro,919,Janela_Baseline
112736,17,502,441,5.82,0,112736,29,Humano,Neutro,936,Janela_Baseline
112752,17,499,444,5.84,0,112752,29,Humano,Neutro,952,Janela_Baseline
112769,17,500,430,5.74,0,112769,29,Humano,Neutro,969,Janela_Baseline
112786,17,500,428,5.76,0,112786,29,Humano,Neutro,986,Janela_Baseline
112802,17,499,439,5.86,0,112802,29,Humano,Neutro,1002,Janela_Baseline
112819,17,494,441,5.79,0,112819,29,Humano,Neutro,1019,Janela_Baseline
112836,17,503,439,5.84,0,112836,29,Humano,Neutro,1036,Janela_Baseline
112852,17,505,448,5.82,0,112852,29,Humano,Neutro,1052,Janela_Baseline
112869,17,500,461,5.86,0,112869,29,Humano,Neutro,1069,Janela_Baseline
112885,17,501,461,5.86,0,112885,29,Humano,Neutro,1085,Janela_Baseline
112902,17,501,449,5.86,0,112902,29,Humano,Neutro,1102,Janela_Baseline
112919,17,499,432,5.84,0,112919,29,Humano,Neutro,1119,Janela_Baseline
112935,17,500,456,5.89,0,112935,29,Humano,Neutro,1135,Janela_Baseline
112952,17,501,432,5.87,0,112952,29,Humano,Neutro,1152,Janela_Baseline
112969,17,498,457,5.84,0,112969,29,Humano,Neutro,1169,Janela_Baseline
112985,17,495,444,5.9,0,112985,29,Humano,Neutro,1185,Janela_Baseline
113002,17,510,445,5.9,0,113002,29,Humano,Neutro,1202,Janela_Baseline
113019,17,507,440,5.87,0,113019,29,Humano,Neutro,1219,Janela_Baseline
113035,17,497,445,5.9,0,113035,29,Humano,Neutro,1235,Janela_Baseline
113052,17,508,434,5.9,0,113052,29,Humano,Neutro,1252,Janela_Baseline
113068,17,508,440,5.92,0,113068,29,Humano,Neutro,1268,Janela_Baseline
113085,17,500,429,5.84,0,113085,29,Humano,Neutro,1285,Janela_Baseline
113102,17,508,437,5.87,0,113102,29,Humano,Neutro,1302,Exposicao_Face
113118,17,508,446,5.9,0,113118,29,Humano,Neutro,1318,Exposicao_Face
113135,17,508,441,5.92,0,113135,29,Humano,Neutro,1335,Exposicao_Face
113152,17,509,451,5.97,0,113152,29,Humano,Neutro,1352,Exposicao_Face
113168,17,500,436,5.9,0,113168,29,Humano,Neutro,1368,Exposicao_Face
113185,17,500,452,5.9,0,113185,29,Humano,Neutro,1385,Exposicao_Face
113202,17,506,438,5.94,0,113202,29,Humano,Neutro,1402,Exposicao_Face
113218,17,510,460,5.92,0,113218,29,Humano,Neutro,1418,Exposicao_Face
113235,17,505,425,5.92,0,113235,29,Humano,Neutro,1435,Exposicao_Face
113251,17,489,442,5.97,0,113251,29,Humano,Neutro,1451,Exposicao_Face
113268,17,499,436,5.95,0,113268,29,Humano,Neutro,1468,Exposicao_Face
113285,17,509,433,5.95,0,113285,29,Humano,Neutro,1485,Exposicao_Face
113301,17,508,451,6.06,0,113301,29,Humano,Neutro,1501,Exposicao_Face
113318,17,511,439,5.97,0,113318,29,Humano,Neutro,1518,Exposicao_Face
113335,17,506,436,5.89,0,113335,29,Humano,Neutro,1535,Exposicao_Face
113351,17,509,444,5.95,0,113351,29,Humano,Neutro,1551,Exposicao_Face
113368,17,506,450,5.98,0,113368,29,Humano,Neutro,1568,Exposicao_Face
113384,17,507,439,5.97,0,113384,29,Humano,Neutro,1584,Exposicao_Face
113401,17,507,458,5.97,0,113401,29,Humano,Neutro,1601,Exposicao_Face
113418,17,504,448,5.92,0,113418,29,Humano,Neutro,1618,Exposicao_Face
113434,17,500,451,5.94,0,113434,29,Humano,Neutro,1634,Exposicao_Face
113451,17,499,454,5.95,0,113451,29,Humano,Neutro,1651,Exposicao_Face
113468,17,506,443,5.94,0,113468,29,Humano,Neutro,1668,Exposicao_Face
113484,17,509,440,5.95,0,113484,29,Humano,Neutro,1684,Exposicao_Face
113501,17,509,456,5.97,0,113501,29,Humano,Neutro,1701,Exposicao_Face
113518,17,507,434,5.92,0,113518,29,Humano,Neutro,1718,Exposicao_Face
113534,17,505,460,5.9,0,113534,29,Humano,Neutro,1734,Exposicao_Face
113551,17,500,448,5.92,0,113551,29,Humano,Neutro,1751,Exposicao_Face
113567,17,508,451,5.92,0,113567,29,Humano,Neutro,1767,Exposicao_Face
113584,17,500,460,5.94,0,113584,29,Humano,Neutro,1784,Exposicao_Face
113601,17,498,445,5.87,0,113601,29,Humano,Neutro,1801,Exposicao_Face
113617,17,509,444,5.94,0,113617,29,Humano,Neutro,1817,Exposicao_Face
113634,17,504,444,5.9,0,113634,29,Humano,Neutro,1834,Exposicao_Face
113651,17,502,459,5.87,0,113651,29,Humano,Neutro,1851,Exposicao_Face
113667,17,509,438,5.95,0,113667,29,Humano,Neutro,1867,Exposicao_Face
113684,17,497,451,5.92,0,113684,29,Humano,Neutro,1884,Exposicao_Face
113701,17,495,440,5.94,0,113701,29,Humano,Neutro,1901,Exposicao_Face
113717,17,511,442,5.94,0,113717,29,Humano,Neutro,1917,Exposicao_Face
113734,17,515,441,5.94,0,113734,29,Humano,Neutro,1934,Exposicao_Face
113750,17,513,451,5.92,0,113750,29,Humano,Neutro,1950,Exposicao_Face
113767,17,541,500,5.89,0,113767,29,Humano,Neutro,1967,Exposicao_Face
113784,17,544,516,5.94,0,113784,29,Humano,Neutro,1984,Exposicao_Face
113800,17,546,495,5.94,0,113800,29,Humano,Neutro,2000,Exposicao_Face
113817,17,543,520,5.92,0,113817,29,Humano,Neutro,2017,Exposicao_Face
113834,17,554,493,5.92,0,113834,29,Humano,Neutro,2034,Exposicao_Face
113850,17,554,498,5.97,0,113850,29,Humano,Neutro,2050,Exposicao_Face
113867,17,553,485,5.94,0,113867,29,Humano,Neutro,2067,Exposicao_Face
113884,17,549,507,5.95,0,113884,29,Humano,Neutro,2084,Exposicao_Face
113900,17,548,499,5.97,0,113900,29,Humano,Neutro,2100,Exposicao_Face
113917,17,553,507,6.0,0,113917,29,Humano,Neutro,2117,Exposicao_Face
113933,17,552,498,6.02,0,113933,29,Humano,Neutro,2133,Exposicao_Face
113950,17,552,509,5.97,0,113950,29,Humano,Neutro,2150,Exposicao_Face
113967,17,555,491,6.03,0,113967,29,Humano,Neutro,2167,Exposicao_Face
113983,17,544,515,6.03,0,113983,29,Humano,Neutro,2183,Exposicao_Face
114000,17,546,508,6.05,0,114000,29,Humano,Neutro,2200,Exposicao_Face
114017,17,547,503,6.02,0,114017,29,Humano,Neutro,2217,Exposicao_Face
114033,17,545,500,5.95,0,114033,29,Humano,Neutro,2233,Exposicao_Face
114050,17,551,486,6.02,0,114050,29,Humano,Neutro,2250,Exposicao_Face
114067,17,546,516,5.95,0,114067,29,Humano,Neutro,2267,Exposicao_Face
114083,17,550,504,5.94,0,114083,29,Humano,Neutro,2283,Exposicao_Face
114100,17,540,523,6.03,0,114100,29,Humano,Neutro,2300,Exposicao_Face
114116,17,540,500,5.86,0,114116,29,Humano,Neutro,2316,Exposicao_Face
114133,17,542,512,5.89,0,114133,29,Humano,Neutro,2333,Exposicao_Face
114150,17,548,499,5.81,0,114150,29,Humano,Neutro,2350,Exposicao_Face
114166,17,540,496,5.82,0,114166,29,Humano,Neutro,2366,Exposicao_Face
114183,17,545,506,5.78,0,114183,29,Humano,Neutro,2383,Exposicao_Face
114200,17,547,504,5.79,0,114200,29,Humano,Neutro,2400,Exposicao_Face
114216,17,546,520,5.78,0,114216,29,Humano,Neutro,2416,Exposicao_Face
114233,17,542,527,5.79,0,114233,29,Humano,Neutro,2433,Exposicao_Face
114250,17,545,493,5.65,0,114250,29,Humano,Neutro,2450,Exposicao_Face
114266,17,549,514,5.68,0,114266,29,Humano,Neutro,2466,Exposicao_Face
114283,17,547,501,5.63,0,114283,29,Humano,Neutro,2483,Exposicao_Face
114299,17,542,511,5.66,0,114299,29,Humano,Neutro,2499,Exposicao_Face
114316,17,546,519,5.66,0,114316,29,Humano,Neutro,2516,Exposicao_Face
114333,17,548,513,5.66,0,114333,29,Humano,Neutro,2533,Exposicao_Face
114349,17,544,504,5.69,0,114349,29,Humano,Neutro,2549,Exposicao_Face
114366,17,535,477,5.61,0,114366,29,Humano,Neutro,2566,Exposicao_Face
114383,17,523,442,5.61,0,114383,29,Humano,Neutro,2583,Exposicao_Face
114399,17,521,453,5.65,0,114399,29,Humano,Neutro,2599,Exposicao_Face
114416,17,527,442,5.68,0,114416,29,Humano,Neutro,2616,Exposicao_Face
114433,17,524,451,5.66,0,114433,29,Humano,Neutro,2633,Exposicao_Face
114449,17,526,450,5.68,0,114449,29,Humano,Neutro,2649,Exposicao_Face
114466,17,522,438,5.68,0,114466,29,Humano,Neutro,2666,Exposicao_Face
114482,17,524,446,5.66,0,114482,29,Humano,Neutro,2682,Exposicao_Face
114499,17,524,435,5.68,0,114499,29,Humano,Neutro,2699,Exposicao_Face
114516,17,522,447,5.74,0,114516,29,Humano,Neutro,2716,Exposicao_Face
114532,17,526,434,5.68,0,114532,29,Humano,Neutro,2732,Exposicao_Face
114549,17,524,435,5.71,0,114549,29,Humano,Neutro,2749,Exposicao_Face
114566,17,524,455,5.82,0,114566,29,Humano,Neutro,2766,Exposicao_Face
114582,17,524,438,5.73,0,114582,29,Humano,Neutro,2782,Exposicao_Face
114599,17,523,456,5.79,0,114599,29,Humano,Neutro,2799,Exposicao_Face
114615,17,524,421,5.78,0,114615,29,Humano,Neutro,2815,Exposicao_Face
114632,17,515,433,5.82,0,114632,29,Humano,Neutro,2832,Exposicao_Face
114649,17,522,435,5.86,0,114649,29,Humano,Neutro,2849,Exposicao_Face
114665,17,518,442,5.9,0,114665,29,Humano,Neutro,2865,Exposicao_Face
114682,17,525,446,5.86,0,114682,29,Humano,Neutro,2882,Exposicao_Face
114699,17,521,454,5.94,0,114699,29,Humano,Neutro,2899,Exposicao_Face
114715,17,548,497,5.92,0,114715,29,Humano,Neutro,2915,Exposicao_Face
114732,17,592,608,5.89,0,114732,29,Humano,Neutro,2932,Exposicao_Face
114749,17,593,707,5.98,0,114749,29,Humano,Neutro,2949,Exposicao_Face
114765,17,589,725,5.95,0,114765,29,Humano,Neutro,2965,Exposicao_Face
114782,17,592,734,5.97,0,114782,29,Humano,Neutro,2982,Exposicao_Face
114798,17,596,733,5.9,0,114798,29,Humano,Neutro,2998,Exposicao_Face
114815,17,593,733,5.9,0,114815,29,Humano,Neutro,3015,Exposicao_Face
114832,17,593,736,5.94,0,114832,29,Humano,Neutro,3032,Exposicao_Face
114848,17,594,734,5.94,0,114848,29,Humano,Neutro,3048,Exposicao_Face
114865,17,592,731,5.89,0,114865,29,Humano,Neutro,3065,Exposicao_Face
114882,17,590,726,5.98,0,114882,29,Humano,Neutro,3082,Exposicao_Face
114898,17,586,739,6.0,0,114898,29,Humano,Neutro,3098,Exposicao_Face
114915,17,584,729,5.95,0,114915,29,Humano,Neutro,3115,Exposicao_Face
114932,17,598,730,5.92,0,114932,29,Humano,Neutro,3132,Exposicao_Face
114948,17,585,732,6.0,0,114948,29,Humano,Neutro,3148,Exposicao_Face
114965,17,589,732,6.02,0,114965,29,Humano,Neutro,3165,Exposicao_Face
114981,17,594,729,6.03,0,114981,29,Humano,Neutro,3181,Exposicao_Face
114998,17,594,731,6.03,0,114998,29,Humano,Neutro,3198,Exposicao_Face
115015,17,594,732,5.95,0,115015,29,Humano,Neutro,3215,Exposicao_Face
115031,17,592,756,6.02,0,115031,29,Humano,Neutro,3231,Exposicao_Face
115048,17,640,848,5.98,0,115048,29,Humano,Neutro,3248,Exposicao_Face
115065,17,659,942,5.95,0,115065,29,Humano,Neutro,3265,Exposicao_Face
115081,17,669,932,5.94,0,115081,29,Humano,Neutro,3281,Exposicao_Face
115098,17,663,943,5.95,0,115098,29,Humano,Neutro,3298,Exposicao_Face
115115,17,671,941,5.95,0,115115,29,Humano,Neutro,3315,Exposicao_Face
115131,17,664,939,5.98,0,115131,29,Humano,Neutro,3331,Exposicao_Face
115148,17,676,941,6.02,0,115148,29,Humano,Neutro,3348,Exposicao_Face
115164,17,661,939,5.9,0,115164,29,Humano,Neutro,3364,Exposicao_Face
115181,17,670,938,5.9,0,115181,29,Humano,Neutro,3381,Exposicao_Face
115198,17,663,942,5.86,0,115198,29,Humano,Neutro,3398,Exposicao_Face
115214,17,662,947,5.9,0,115214,29,Humano,Neutro,3414,Exposicao_Face
115231,17,663,950,5.94,0,115231,29,Humano,Neutro,3431,Exposicao_Face
115248,17,662,946,5.89,0,115248,29,Humano,Neutro,3448,Exposicao_Face
115264,17,665,950,5.87,0,115264,29,Humano,Neutro,3464,Exposicao_Face
115281,17,669,945,5.81,0,115281,29,Humano,Neutro,3481,Exposicao_Face
115298,17,667,949,5.82,0,115298,29,Humano,Neutro,3498,Exposicao_Face
115314,17,665,944,5.87,0,115314,29,Humano,Neutro,3514,Exposicao_Face
115331,17,666,945,5.82,0,115331,29,Humano,Neutro,3531,Exposicao_Face
115347,17,667,944,5.89,0,115347,29,Humano,Neutro,3547,Exposicao_Face
115364,17,661,948,5.76,0,115364,29,Humano,Neutro,3564,Exposicao_Face
115381,17,664,948,5.79,0,115381,29,Humano,Neutro,3581,Exposicao_Face
115397,17,668,939,5.89,0,115397,29,Humano,Neutro,3597,Exposicao_Face
115414,17,664,917,5.89,0,115414,29,Humano,Neutro,3614,Exposicao_Face
115431,17,618,724,5.82,0,115431,29,Humano,Neutro,3631,Exposicao_Face
115447,17,570,594,5.84,0,115447,29,Humano,Neutro,3647,Exposicao_Face
115464,17,545,483,5.86,0,115464,29,Humano,Neutro,3664,Exposicao_Face
115481,17,541,417,5.79,0,115481,29,Humano,Neutro,3681,Exposicao_Face
115497,17,530,390,5.81,0,115497,29,Humano,Neutro,3697,Exposicao_Face
115514,17,526,393,5.81,0,115514,29,Humano,Neutro,3714,Exposicao_Face
115530,17,533,386,5.78,0,115530,29,Humano,Neutro,3730,Exposicao_Face
115547,17,527,391,5.9,0,115547,29,Humano,Neutro,3747,Exposicao_Face
115564,17,534,402,5.86,0,115564,29,Humano,Neutro,3764,Exposicao_Face
115580,17,536,394,5.84,0,115580,29,Humano,Neutro,3780,Exposicao_Face
115597,17,532,405,5.92,0,115597,29,Humano,Neutro,3797,Exposicao_Face
115614,17,537,382,5.81,0,115614,29,Humano,Neutro,3814,Exposicao_Face
115630,17,535,412,5.87,0,115630,29,Humano,Neutro,3830,Exposicao_Face
115647,17,536,410,5.9,0,115647,29,Humano,Neutro,3847,Exposicao_Face
115663,17,539,393,5.9,0,115663,29,Humano,Neutro,3863,Exposicao_Face
115680,17,534,394,5.86,0,115680,29,Humano,Neutro,3880,Exposicao_Face
115697,17,540,373,5.84,0,115697,29,Humano,Neutro,3897,Exposicao_Face
115713,17,536,395,5.81,0,115713,29,Humano,Neutro,3913,Exposicao_Face
115730,17,542,416,5.94,0,115730,29,Humano,Neutro,3930,Exposicao_Face
115747,17,537,383,5.81,0,115747,29,Humano,Neutro,3947,Exposicao_Face
115763,17,536,386,5.9,0,115763,29,Humano,Neutro,3963,Exposicao_Face
115780,17,508,397,5.81,0,115780,29,Humano,Neutro,3980,Exposicao_Face
115797,17,476,374,5.86,0,115797,29,Humano,Neutro,3997,Exposicao_Face
115813,17,492,360,5.79,0,115813,30,Humano,Raiva,13,Janela_Baseline
115830,17,482,385,5.82,0,115830,30,Humano,Raiva,30,Janela_Baseline
115846,17,483,374,5.78,0,115846,30,Humano,Raiva,46,Janela_Baseline
115863,17,480,377,5.81,0,115863,30,Humano,Raiva,63,Janela_Baseline
115880,17,481,394,5.86,0,115880,30,Humano,Raiva,80,Janela_Baseline
115896,17,481,390,5.82,0,115896,30,Humano,Raiva,96,Janela_Baseline
115913,17,474,372,5.78,0,115913,30,Humano,Raiva,113,Janela_Baseline
115930,17,480,392,5.82,0,115930,30,Humano,Raiva,130,Janela_Baseline
115946,17,483,359,5.79,0,115946,30,Humano,Raiva,146,Janela_Baseline
115963,17,480,380,5.79,0,115963,30,Humano,Raiva,163,Janela_Baseline
115980,17,478,378,5.82,0,115980,30,Humano,Raiva,180,Janela_Baseline
115996,17,489,380,5.84,0,115996,30,Humano,Raiva,196,Janela_Baseline
116013,17,479,379,5.82,0,116013,30,Humano,Raiva,213,Janela_Baseline
116029,17,486,389,5.78,0,116029,30,Humano,Raiva,229,Janela_Baseline
116046,17,488,361,5.74,0,116046,30,Humano,Raiva,246,Janela_Baseline
116063,17,484,375,5.76,0,116063,30,Humano,Raiva,263,Janela_Baseline
116079,17,482,398,5.79,0,116079,30,Humano,Raiva,279,Janela_Baseline
116096,17,481,401,5.82,0,116096,30,Humano,Raiva,296,Janela_Baseline
116113,17,479,389,5.78,0,116113,30,Humano,Raiva,313,Janela_Baseline
116129,17,485,362,5.69,0,116129,30,Humano,Raiva,329,Janela_Baseline
116146,17,480,399,5.82,0,116146,30,Humano,Raiva,346,Janela_Baseline
116163,17,477,394,5.79,0,116163,30,Humano,Raiva,363,Janela_Baseline
116179,17,480,393,5.79,0,116179,30,Humano,Raiva,379,Janela_Baseline
116196,17,478,380,5.76,0,116196,30,Humano,Raiva,396,Janela_Baseline
116212,17,476,379,5.76,0,116212,30,Humano,Raiva,412,Janela_Baseline
116229,17,488,378,5.76,0,116229,30,Humano,Raiva,429,Janela_Baseline
116246,17,485,387,5.82,0,116246,30,Humano,Raiva,446,Janela_Baseline
116262,17,478,398,5.82,0,116262,30,Humano,Raiva,462,Janela_Baseline
116279,17,485,387,5.81,0,116279,30,Humano,Raiva,479,Janela_Baseline
116296,17,477,389,5.87,0,116296,30,Humano,Raiva,496,Janela_Baseline
116312,17,476,374,5.82,0,116312,30,Humano,Raiva,512,Janela_Baseline
116329,17,479,397,5.87,0,116329,30,Humano,Raiva,529,Janela_Baseline
116346,17,477,389,5.92,0,116346,30,Humano,Raiva,546,Janela_Baseline
116362,17,486,382,5.94,0,116362,30,Humano,Raiva,562,Janela_Baseline
116379,17,473,382,6.0,0,116379,30,Humano,Raiva,579,Janela_Baseline
116395,17,475,392,5.92,0,116395,30,Humano,Raiva,595,Janela_Baseline
116412,17,474,387,5.94,0,116412,30,Humano,Raiva,612,Janela_Baseline
116429,17,467,393,6.0,0,116429,30,Humano,Raiva,629,Janela_Baseline
116445,17,480,398,6.03,0,116445,30,Humano,Raiva,645,Janela_Baseline
116462,17,479,396,6.0,0,116462,30,Humano,Raiva,662,Janela_Baseline
116479,17,474,393,5.97,0,116479,30,Humano,Raiva,679,Janela_Baseline
116495,17,478,382,6.0,0,116495,30,Humano,Raiva,695,Janela_Baseline
116512,17,477,386,5.97,0,116512,30,Humano,Raiva,712,Janela_Baseline
116529,17,484,383,5.95,0,116529,30,Humano,Raiva,729,Janela_Baseline
116545,17,482,389,5.98,0,116545,30,Humano,Raiva,745,Janela_Baseline
116562,17,474,397,6.08,0,116562,30,Humano,Raiva,762,Janela_Baseline
116578,17,481,396,6.14,0,116578,30,Humano,Raiva,778,Janela_Baseline
116595,17,481,392,6.08,0,116595,30,Humano,Raiva,795,Janela_Baseline
116612,17,467,387,5.97,0,116612,30,Humano,Raiva,812,Janela_Baseline
116628,17,486,373,6.05,0,116628,30,Humano,Raiva,828,Janela_Baseline
116645,17,473,337,6.1,0,116645,30,Humano,Raiva,845,Janela_Baseline
116662,17,473,304,6.06,0,116662,30,Humano,Raiva,862,Janela_Baseline
116678,17,480,296,5.94,0,116678,30,Humano,Raiva,878,Janela_Baseline
116695,17,480,272,6.0,0,116695,30,Humano,Raiva,895,Janela_Baseline
116712,17,481,265,6.0,0,116712,30,Humano,Raiva,912,Janela_Baseline
116728,17,475,302,5.98,0,116728,30,Humano,Raiva,928,Janela_Baseline
116745,17,478,286,6.02,0,116745,30,Humano,Raiva,945,Janela_Baseline
116761,17,475,296,6.03,0,116761,30,Humano,Raiva,961,Janela_Baseline
116778,17,471,285,5.98,0,116778,30,Humano,Raiva,978,Janela_Baseline
116795,17,479,284,6.06,0,116795,30,Humano,Raiva,995,Janela_Baseline
116811,17,482,297,5.97,0,116811,30,Humano,Raiva,1011,Janela_Baseline
116828,17,481,291,6.02,0,116828,30,Humano,Raiva,1028,Janela_Baseline
116845,17,480,288,6.06,0,116845,30,Humano,Raiva,1045,Janela_Baseline
116861,17,479,278,6.05,0,116861,30,Humano,Raiva,1061,Janela_Baseline
116878,17,477,286,6.03,0,116878,30,Humano,Raiva,1078,Janela_Baseline
116894,17,477,307,6.1,0,116894,30,Humano,Raiva,1094,Janela_Baseline
116911,17,470,304,6.11,0,116911,30,Humano,Raiva,1111,Janela_Baseline
116928,17,466,254,6.03,0,116928,30,Humano,Raiva,1128,Janela_Baseline
116944,17,475,245,6.0,0,116944,30,Humano,Raiva,1144,Janela_Baseline
116961,17,471,240,6.02,0,116961,30,Humano,Raiva,1161,Janela_Baseline
116978,17,472,253,6.03,0,116978,30,Humano,Raiva,1178,Janela_Baseline
116994,17,456,253,6.02,0,116994,30,Humano,Raiva,1194,Janela_Baseline
117011,17,468,256,6.11,0,117011,30,Humano,Raiva,1211,Janela_Baseline
117028,17,463,258,5.98,0,117028,30,Humano,Raiva,1228,Janela_Baseline
117044,17,474,252,5.98,0,117044,30,Humano,Raiva,1244,Janela_Baseline
117061,17,473,218,5.98,0,117061,30,Humano,Raiva,1261,Janela_Baseline
117077,17,469,222,5.98,0,117077,30,Humano,Raiva,1277,Janela_Baseline
117094,17,476,236,6.03,0,117094,30,Humano,Raiva,1294,Janela_Baseline
117111,17,472,239,5.94,0,117111,30,Humano,Raiva,1311,Exposicao_Face
117127,17,470,236,6.05,0,117127,30,Humano,Raiva,1327,Exposicao_Face
117144,17,472,242,5.95,0,117144,30,Humano,Raiva,1344,Exposicao_Face
117161,17,474,234,6.03,0,117161,30,Humano,Raiva,1361,Exposicao_Face
117177,17,478,245,5.98,0,117177,30,Humano,Raiva,1377,Exposicao_Face
117194,17,465,231,6.03,0,117194,30,Humano,Raiva,1394,Exposicao_Face
117211,17,466,236,6.02,0,117211,30,Humano,Raiva,1411,Exposicao_Face
117227,17,476,255,6.05,0,117227,30,Humano,Raiva,1427,Exposicao_Face
117244,17,494,306,6.06,0,117244,30,Humano,Raiva,1444,Exposicao_Face
117260,17,493,377,5.92,0,117260,30,Humano,Raiva,1460,Exposicao_Face
117277,17,483,364,6.08,0,117277,30,Humano,Raiva,1477,Exposicao_Face
117294,17,494,380,5.98,0,117294,30,Humano,Raiva,1494,Exposicao_Face
117310,17,489,390,6.08,0,117310,30,Humano,Raiva,1510,Exposicao_Face
117327,17,490,379,6.03,0,117327,30,Humano,Raiva,1527,Exposicao_Face
117344,17,486,363,6.0,0,117344,30,Humano,Raiva,1544,Exposicao_Face
117360,17,486,368,6.0,0,117360,30,Humano,Raiva,1560,Exposicao_Face
117377,17,494,367,6.08,0,117377,30,Humano,Raiva,1577,Exposicao_Face
117394,17,485,369,6.05,0,117394,30,Humano,Raiva,1594,Exposicao_Face
117410,17,494,374,6.0,0,117410,30,Humano,Raiva,1610,Exposicao_Face
117427,17,493,373,6.03,0,117427,30,Humano,Raiva,1627,Exposicao_Face
117443,17,488,382,6.03,0,117443,30,Humano,Raiva,1643,Exposicao_Face
117460,17,492,373,6.0,0,117460,30,Humano,Raiva,1660,Exposicao_Face
117477,17,484,395,6.05,0,117477,30,Humano,Raiva,1677,Exposicao_Face
117493,17,488,375,5.97,0,117493,30,Humano,Raiva,1693,Exposicao_Face
117510,17,488,378,6.0,0,117510,30,Humano,Raiva,1710,Exposicao_Face
117527,17,492,373,6.05,0,117527,30,Humano,Raiva,1727,Exposicao_Face
117543,17,488,380,6.05,0,117543,30,Humano,Raiva,1743,Exposicao_Face
117560,17,487,362,6.05,0,117560,30,Humano,Raiva,1760,Exposicao_Face
117577,17,493,366,6.08,0,117577,30,Humano,Raiva,1777,Exposicao_Face
117593,17,488,363,6.1,0,117593,30,Humano,Raiva,1793,Exposicao_Face
117610,17,496,381,6.11,0,117610,30,Humano,Raiva,1810,Exposicao_Face
117626,17,494,364,6.11,0,117626,30,Humano,Raiva,1826,Exposicao_Face
117643,17,495,359,6.08,0,117643,30,Humano,Raiva,1843,Exposicao_Face
117660,17,484,361,6.1,0,117660,30,Humano,Raiva,1860,Exposicao_Face
117676,17,491,360,6.08,0,117676,30,Humano,Raiva,1876,Exposicao_Face
117693,17,493,367,6.05,0,117693,30,Humano,Raiva,1893,Exposicao_Face
117710,17,493,369,6.08,0,117710,30,Humano,Raiva,1910,Exposicao_Face
117726,17,495,373,6.14,0,117726,30,Humano,Raiva,1926,Exposicao_Face
117743,17,492,362,6.13,0,117743,30,Humano,Raiva,1943,Exposicao_Face
117760,17,491,369,6.1,0,117760,30,Humano,Raiva,1960,Exposicao_Face
117776,17,477,386,6.16,0,117776,30,Humano,Raiva,1976,Exposicao_Face
117793,17,490,343,6.02,0,117793,30,Humano,Raiva,1993,Exposicao_Face
117809,17,492,366,6.11,0,117809,30,Humano,Raiva,2009,Exposicao_Face
117826,17,518,414,6.13,0,117826,30,Humano,Raiva,2026,Exposicao_Face
117843,17,508,480,6.14,0,117843,30,Humano,Raiva,2043,Exposicao_Face
117859,17,501,485,6.21,0,117859,30,Humano,Raiva,2059,Exposicao_Face
117876,17,510,494,6.13,0,117876,30,Humano,Raiva,2076,Exposicao_Face
117893,17,509,492,6.18,0,117893,30,Humano,Raiva,2093,Exposicao_Face
117909,17,505,498,6.18,0,117909,30,Humano,Raiva,2109,Exposicao_Face
117926,17,506,491,6.13,0,117926,30,Humano,Raiva,2126,Exposicao_Face
117942,17,507,500,6.13,0,117942,30,Humano,Raiva,2142,Exposicao_Face
117959,17,507,504,6.19,0,117959,30,Humano,Raiva,2159,Exposicao_Face
117976,17,502,492,6.11,0,117976,30,Humano,Raiva,2176,Exposicao_Face
117992,17,507,486,6.13,0,117992,30,Humano,Raiva,2192,Exposicao_Face
118009,17,504,491,6.16,0,118009,30,Humano,Raiva,2209,Exposicao_Face
118026,17,498,489,6.18,0,118026,30,Humano,Raiva,2226,Exposicao_Face
118042,17,502,487,6.06,0,118042,30,Humano,Raiva,2242,Exposicao_Face
118059,17,507,483,6.18,0,118059,30,Humano,Raiva,2259,Exposicao_Face
118076,17,510,498,6.11,0,118076,30,Humano,Raiva,2276,Exposicao_Face
118092,17,503,481,6.05,0,118092,30,Humano,Raiva,2292,Exposicao_Face
118109,17,506,495,6.03,0,118109,30,Humano,Raiva,2309,Exposicao_Face
118125,17,504,506,6.1,0,118125,30,Humano,Raiva,2325,Exposicao_Face
118142,17,506,493,6.19,0,118142,30,Humano,Raiva,2342,Exposicao_Face
118159,17,506,492,6.11,0,118159,30,Humano,Raiva,2359,Exposicao_Face
118175,17,509,497,6.1,0,118175,30,Humano,Raiva,2375,Exposicao_Face
118192,17,508,498,6.1,0,118192,30,Humano,Raiva,2392,Exposicao_Face
118209,17,510,477,6.02,0,118209,30,Humano,Raiva,2409,Exposicao_Face
118225,17,512,492,6.1,0,118225,30,Humano,Raiva,2425,Exposicao_Face
118242,17,510,480,6.1,0,118242,30,Humano,Raiva,2442,Exposicao_Face
118259,17,509,486,6.08,0,118259,30,Humano,Raiva,2459,Exposicao_Face
118275,17,514,490,6.16,0,118275,30,Humano,Raiva,2475,Exposicao_Face
118292,17,503,479,6.03,0,118292,30,Humano,Raiva,2492,Exposicao_Face
118308,17,509,479,6.06,0,118308,30,Humano,Raiva,2508,Exposicao_Face
118325,17,512,476,6.05,0,118325,30,Humano,Raiva,2525,Exposicao_Face
118342,17,510,488,6.1,0,118342,30,Humano,Raiva,2542,Exposicao_Face
118358,17,511,478,6.05,0,118358,30,Humano,Raiva,2558,Exposicao_Face
118375,17,513,468,5.98,0,118375,30,Humano,Raiva,2575,Exposicao_Face
118392,17,513,481,6.05,0,118392,30,Humano,Raiva,2592,Exposicao_Face
118408,17,505,477,6.05,0,118408,30,Humano,Raiva,2608,Exposicao_Face
118425,17,504,507,6.1,0,118425,30,Humano,Raiva,2625,Exposicao_Face
118442,17,513,482,6.1,0,118442,30,Humano,Raiva,2642,Exposicao_Face
118458,17,509,486,6.0,0,118458,30,Humano,Raiva,2658,Exposicao_Face
118475,17,508,465,6.05,0,118475,30,Humano,Raiva,2675,Exposicao_Face
118491,17,513,477,6.06,0,118491,30,Humano,Raiva,2691,Exposicao_Face
118508,17,514,465,6.02,0,118508,30,Humano,Raiva,2708,Exposicao_Face
118525,17,505,472,6.0,0,118525,30,Humano,Raiva,2725,Exposicao_Face
118541,17,515,488,6.0,0,118541,30,Humano,Raiva,2741,Exposicao_Face
118558,17,514,500,6.03,0,118558,30,Humano,Raiva,2758,Exposicao_Face
118575,17,506,508,6.03,0,118575,30,Humano,Raiva,2775,Exposicao_Face
118591,17,540,483,5.97,0,118591,30,Humano,Raiva,2791,Exposicao_Face
118608,17,535,467,5.98,0,118608,30,Humano,Raiva,2808,Exposicao_Face
118625,17,554,535,5.98,0,118625,30,Humano,Raiva,2825,Exposicao_Face
118641,17,573,665,5.97,0,118641,30,Humano,Raiva,2841,Exposicao_Face
118658,17,579,764,6.0,0,118658,30,Humano,Raiva,2858,Exposicao_Face
118674,17,589,847,6.08,0,118674,30,Humano,Raiva,2874,Exposicao_Face
118691,17,599,894,6.0,0,118691,30,Humano,Raiva,2891,Exposicao_Face
118708,17,606,1024,6.0,0,118708,30,Humano,Raiva,2908,Exposicao_Face
118741,33,661,732,0.0,0,118741,30,Humano,Raiva,2941,Exposicao_Face
118758,17,660,741,0.0,0,118758,30,Humano,Raiva,2958,Exposicao_Face
118774,17,655,772,0.0,0,118774,30,Humano,Raiva,2974,Exposicao_Face
118791,17,660,785,0.0,0,118791,30,Humano,Raiva,2991,Exposicao_Face
118808,17,653,766,0.0,0,118808,30,Humano,Raiva,3008,Exposicao_Face
118824,17,646,765,0.0,0,118824,30,Humano,Raiva,3024,Exposicao_Face
118841,17,650,750,0.0,0,118841,30,Humano,Raiva,3041,Exposicao_Face
118857,17,635,739,0.0,0,118857,30,Humano,Raiva,3057,Exposicao_Face
118874,17,574,521,6.27,0,118874,30,Humano,Raiva,3074,Exposicao_Face
118891,17,586,514,6.08,0,118891,30,Humano,Raiva,3091,Exposicao_Face
118907,17,704,570,5.97,0,118907,30,Humano,Raiva,3107,Exposicao_Face
118924,17,702,572,5.94,0,118924,30,Humano,Raiva,3124,Exposicao_Face
118941,17,584,577,5.94,0,118941,30,Humano,Raiva,3141,Exposicao_Face
118957,17,592,899,5.92,0,118957,30,Humano,Raiva,3157,Exposicao_Face
118974,17,592,1040,7.11,0,118974,30,Humano,Raiva,3174,Exposicao_Face
118991,17,629,607,5.87,0,118991,30,Humano,Raiva,3191,Exposicao_Face
119007,17,669,742,5.92,0,119007,30,Humano,Raiva,3207,Exposicao_Face
119024,17,687,831,5.86,0,119024,30,Humano,Raiva,3224,Exposicao_Face
119040,17,717,967,5.69,0,119040,30,Humano,Raiva,3240,Exposicao_Face
119057,17,724,946,5.79,0,119057,30,Humano,Raiva,3257,Exposicao_Face
119074,17,732,921,5.81,0,119074,30,Humano,Raiva,3274,Exposicao_Face
119090,17,720,901,5.79,0,119090,30,Humano,Raiva,3290,Exposicao_Face
119107,17,723,901,5.79,0,119107,30,Humano,Raiva,3307,Exposicao_Face
119124,17,728,909,5.78,0,119124,30,Humano,Raiva,3324,Exposicao_Face
119140,17,720,912,5.73,0,119140,30,Humano,Raiva,3340,Exposicao_Face
119157,17,719,900,5.68,0,119157,30,Humano,Raiva,3357,Exposicao_Face
119173,17,729,913,5.74,0,119173,30,Humano,Raiva,3373,Exposicao_Face
119190,17,714,947,5.71,0,119190,30,Humano,Raiva,3390,Exposicao_Face
119207,17,717,936,5.78,0,119207,30,Humano,Raiva,3407,Exposicao_Face
119223,17,722,939,5.78,0,119223,30,Humano,Raiva,3423,Exposicao_Face
119240,17,719,948,5.86,0,119240,30,Humano,Raiva,3440,Exposicao_Face
119257,17,721,940,5.82,0,119257,30,Humano,Raiva,3457,Exposicao_Face
119273,17,717,943,5.73,0,119273,30,Humano,Raiva,3473,Exposicao_Face
119290,17,718,941,5.76,0,119290,30,Humano,Raiva,3490,Exposicao_Face
119307,17,720,942,5.74,0,119307,30,Humano,Raiva,3507,Exposicao_Face
119323,17,721,941,5.74,0,119323,30,Humano,Raiva,3523,Exposicao_Face
119340,17,721,943,5.69,0,119340,30,Humano,Raiva,3540,Exposicao_Face
119356,17,718,939,5.69,0,119356,30,Humano,Raiva,3556,Exposicao_Face
119373,17,724,942,5.69,0,119373,30,Humano,Raiva,3573,Exposicao_Face
119390,17,727,937,5.63,0,119390,30,Humano,Raiva,3590,Exposicao_Face
119406,17,722,936,5.63,0,119406,30,Humano,Raiva,3606,Exposicao_Face
119423,17,722,938,5.57,0,119423,30,Humano,Raiva,3623,Exposicao_Face
119440,17,723,938,5.6,0,119440,30,Humano,Raiva,3640,Exposicao_Face
119456,17,725,949,5.5,0,119456,30,Humano,Raiva,3656,Exposicao_Face
119473,17,710,893,5.55,0,119473,30,Humano,Raiva,3673,Exposicao_Face
119490,17,650,617,5.57,0,119490,30,Humano,Raiva,3690,Exposicao_Face
119506,17,600,493,5.47,0,119506,30,Humano,Raiva,3706,Exposicao_Face
119523,17,550,488,5.47,0,119523,30,Humano,Raiva,3723,Exposicao_Face
119539,17,531,424,5.55,0,119539,30,Humano,Raiva,3739,Exposicao_Face
119556,17,526,400,5.53,0,119556,30,Humano,Raiva,3756,Exposicao_Face
119573,17,528,422,5.52,0,119573,30,Humano,Raiva,3773,Exposicao_Face
119589,17,526,408,5.61,0,119589,30,Humano,Raiva,3789,Exposicao_Face
119606,17,535,389,5.53,0,119606,30,Humano,Raiva,3806,Exposicao_Face
119623,17,532,406,5.53,0,119623,30,Humano,Raiva,3823,Exposicao_Face
119639,17,533,406,5.58,0,119639,30,Humano,Raiva,3839,Exposicao_Face
119656,17,530,407,5.53,0,119656,30,Humano,Raiva,3856,Exposicao_Face
119673,17,531,404,5.52,0,119673,30,Humano,Raiva,3873,Exposicao_Face
119689,17,531,386,5.47,0,119689,30,Humano,Raiva,3889,Exposicao_Face
119706,17,528,404,5.53,0,119706,30,Humano,Raiva,3906,Exposicao_Face
119722,17,531,398,5.55,0,119722,30,Humano,Raiva,3922,Exposicao_Face
119739,17,524,398,5.58,0,119739,30,Humano,Raiva,3939,Exposicao_Face
119756,17,532,392,5.52,0,119756,30,Humano,Raiva,3956,Exposicao_Face
119772,17,532,406,5.52,0,119772,30,Humano,Raiva,3972,Exposicao_Face
119789,17,533,392,5.52,0,119789,30,Humano,Raiva,3989,Exposicao_Face
119806,17,531,391,5.47,0,119806,31,Desenho,Feliz,6,Janela_Baseline
119822,17,532,400,5.57,0,119822,31,Desenho,Feliz,22,Janela_Baseline
119839,17,533,387,5.47,0,119839,31,Desenho,Feliz,39,Janela_Baseline
119856,17,528,396,5.49,0,119856,31,Desenho,Feliz,56,Janela_Baseline
119872,17,533,398,5.49,0,119872,31,Desenho,Feliz,72,Janela_Baseline
119889,17,531,388,5.44,0,119889,31,Desenho,Feliz,89,Janela_Baseline
119905,17,536,429,5.47,0,119905,31,Desenho,Feliz,105,Janela_Baseline
119922,17,510,401,5.34,0,119922,31,Desenho,Feliz,122,Janela_Baseline
119939,17,519,436,5.44,0,119939,31,Desenho,Feliz,139,Janela_Baseline
119955,17,511,430,5.37,0,119955,31,Desenho,Feliz,155,Janela_Baseline
119972,17,504,455,5.45,0,119972,31,Desenho,Feliz,172,Janela_Baseline
119989,17,511,442,5.41,0,119989,31,Desenho,Feliz,189,Janela_Baseline
120005,17,506,459,5.45,0,120005,31,Desenho,Feliz,205,Janela_Baseline
120022,17,510,441,5.45,0,120022,31,Desenho,Feliz,222,Janela_Baseline
120039,17,514,438,5.44,0,120039,31,Desenho,Feliz,239,Janela_Baseline
120055,17,511,416,5.39,0,120055,31,Desenho,Feliz,255,Janela_Baseline
120072,17,514,429,5.44,0,120072,31,Desenho,Feliz,272,Janela_Baseline
120088,17,511,440,5.42,0,120088,31,Desenho,Feliz,288,Janela_Baseline
120105,17,502,433,5.47,0,120105,31,Desenho,Feliz,305,Janela_Baseline
120122,17,510,449,5.44,0,120122,31,Desenho,Feliz,322,Janela_Baseline
120138,17,513,454,5.47,0,120138,31,Desenho,Feliz,338,Janela_Baseline
120155,17,509,440,5.53,0,120155,31,Desenho,Feliz,355,Janela_Baseline
120172,17,512,454,5.55,0,120172,31,Desenho,Feliz,372,Janela_Baseline
120188,17,505,455,5.58,0,120188,31,Desenho,Feliz,388,Janela_Baseline
120205,17,507,446,5.53,0,120205,31,Desenho,Feliz,405,Janela_Baseline
120221,17,512,442,5.57,0,120221,31,Desenho,Feliz,421,Janela_Baseline
120238,17,511,439,5.57,0,120238,31,Desenho,Feliz,438,Janela_Baseline
120255,17,515,466,5.65,0,120255,31,Desenho,Feliz,455,Janela_Baseline
120271,17,511,438,5.68,0,120271,31,Desenho,Feliz,471,Janela_Baseline
120288,17,504,435,5.69,0,120288,31,Desenho,Feliz,488,Janela_Baseline
120305,17,514,443,5.69,0,120305,31,Desenho,Feliz,505,Janela_Baseline
120321,17,511,437,5.69,0,120321,31,Desenho,Feliz,521,Janela_Baseline
120338,17,490,536,5.73,0,120338,31,Desenho,Feliz,538,Janela_Baseline
120355,17,490,560,5.76,0,120355,31,Desenho,Feliz,555,Janela_Baseline
120371,17,487,535,5.76,0,120371,31,Desenho,Feliz,571,Janela_Baseline
120388,17,489,537,5.74,0,120388,31,Desenho,Feliz,588,Janela_Baseline
120404,17,483,531,5.78,0,120404,31,Desenho,Feliz,604,Janela_Baseline
120421,17,490,542,5.79,0,120421,31,Desenho,Feliz,621,Janela_Baseline
120438,17,480,537,5.79,0,120438,31,Desenho,Feliz,638,Janela_Baseline
120454,17,488,535,5.78,0,120454,31,Desenho,Feliz,654,Janela_Baseline
120471,17,485,530,5.81,0,120471,31,Desenho,Feliz,671,Janela_Baseline
120488,17,484,536,5.79,0,120488,31,Desenho,Feliz,688,Janela_Baseline
120504,17,486,533,5.78,0,120504,31,Desenho,Feliz,704,Janela_Baseline
120521,17,480,539,5.79,0,120521,31,Desenho,Feliz,721,Janela_Baseline
120538,17,494,528,5.78,0,120538,31,Desenho,Feliz,738,Janela_Baseline
120554,17,481,517,5.81,0,120554,31,Desenho,Feliz,754,Janela_Baseline
120571,17,487,543,5.87,0,120571,31,Desenho,Feliz,771,Janela_Baseline
120587,17,487,524,5.81,0,120587,31,Desenho,Feliz,787,Janela_Baseline
120604,17,487,524,5.87,0,120604,31,Desenho,Feliz,804,Janela_Baseline
120621,17,486,550,5.89,0,120621,31,Desenho,Feliz,821,Janela_Baseline
120637,17,476,530,5.87,0,120637,31,Desenho,Feliz,837,Janela_Baseline
120654,17,493,539,5.9,0,120654,31,Desenho,Feliz,854,Janela_Baseline
120671,17,493,510,5.89,0,120671,31,Desenho,Feliz,871,Janela_Baseline
120687,17,482,533,5.94,0,120687,31,Desenho,Feliz,887,Janela_Baseline
120704,17,489,533,5.79,0,120704,31,Desenho,Feliz,904,Janela_Baseline
120721,17,484,522,5.9,0,120721,31,Desenho,Feliz,921,Janela_Baseline
120737,17,488,521,5.9,0,120737,31,Desenho,Feliz,937,Janela_Baseline
120754,17,482,547,6.0,0,120754,31,Desenho,Feliz,954,Janela_Baseline
120770,17,497,534,5.94,0,120770,31,Desenho,Feliz,970,Janela_Baseline
120787,17,497,535,5.97,0,120787,31,Desenho,Feliz,987,Janela_Baseline
120804,17,487,537,5.94,0,120804,31,Desenho,Feliz,1004,Janela_Baseline
120820,17,495,529,6.03,0,120820,31,Desenho,Feliz,1020,Janela_Baseline
120837,17,497,529,5.97,0,120837,31,Desenho,Feliz,1037,Janela_Baseline
120854,17,494,527,5.98,0,120854,31,Desenho,Feliz,1054,Janela_Baseline
120870,17,484,534,5.95,0,120870,31,Desenho,Feliz,1070,Janela_Baseline
120887,17,486,523,5.94,0,120887,31,Desenho,Feliz,1087,Janela_Baseline
120904,17,494,476,6.03,0,120904,31,Desenho,Feliz,1104,Janela_Baseline
120920,17,496,432,5.98,0,120920,31,Desenho,Feliz,1120,Janela_Baseline
120937,17,515,423,6.02,0,120937,31,Desenho,Feliz,1137,Janela_Baseline
120953,17,509,429,6.02,0,120953,31,Desenho,Feliz,1153,Janela_Baseline
120970,17,516,424,6.03,0,120970,31,Desenho,Feliz,1170,Janela_Baseline
120987,17,506,429,6.02,0,120987,31,Desenho,Feliz,1187,Janela_Baseline
121003,17,506,435,6.06,0,121003,31,Desenho,Feliz,1203,Janela_Baseline
121020,17,495,442,6.08,0,121020,31,Desenho,Feliz,1220,Janela_Baseline
121037,17,518,415,6.03,0,121037,31,Desenho,Feliz,1237,Janela_Baseline
121053,17,516,439,6.1,0,121053,31,Desenho,Feliz,1253,Janela_Baseline
121070,17,519,445,6.1,0,121070,31,Desenho,Feliz,1270,Janela_Baseline
121087,17,516,435,6.06,0,121087,31,Desenho,Feliz,1287,Janela_Baseline
121103,17,516,442,6.1,0,121103,31,Desenho,Feliz,1303,Exposicao_Face
121120,17,508,430,6.1,0,121120,31,Desenho,Feliz,1320,Exposicao_Face
121136,17,517,415,6.13,0,121136,31,Desenho,Feliz,1336,Exposicao_Face
121153,17,519,429,6.08,0,121153,31,Desenho,Feliz,1353,Exposicao_Face
121170,17,519,450,6.13,0,121170,31,Desenho,Feliz,1370,Exposicao_Face
121186,17,510,426,6.08,0,121186,31,Desenho,Feliz,1386,Exposicao_Face
121203,17,519,445,6.13,0,121203,31,Desenho,Feliz,1403,Exposicao_Face
121220,17,516,428,6.08,0,121220,31,Desenho,Feliz,1420,Exposicao_Face
121236,17,493,444,6.14,0,121236,31,Desenho,Feliz,1436,Exposicao_Face
121253,17,502,432,6.05,0,121253,31,Desenho,Feliz,1453,Exposicao_Face
121270,17,520,418,6.11,0,121270,31,Desenho,Feliz,1470,Exposicao_Face
121286,17,500,428,6.1,0,121286,31,Desenho,Feliz,1486,Exposicao_Face
121303,17,520,381,6.08,0,121303,31,Desenho,Feliz,1503,Exposicao_Face
121319,17,519,384,6.08,0,121319,31,Desenho,Feliz,1519,Exposicao_Face
121336,17,521,388,6.08,0,121336,31,Desenho,Feliz,1536,Exposicao_Face
121353,17,521,400,6.08,0,121353,31,Desenho,Feliz,1553,Exposicao_Face
121369,17,509,386,6.05,0,121369,31,Desenho,Feliz,1569,Exposicao_Face
121386,17,515,373,6.03,0,121386,31,Desenho,Feliz,1586,Exposicao_Face
121403,17,508,394,6.08,0,121403,31,Desenho,Feliz,1603,Exposicao_Face
121419,17,517,375,6.0,0,121419,31,Desenho,Feliz,1619,Exposicao_Face
121436,17,514,387,5.94,0,121436,31,Desenho,Feliz,1636,Exposicao_Face
121452,17,510,389,5.97,0,121452,31,Desenho,Feliz,1652,Exposicao_Face
121469,17,514,377,5.98,0,121469,31,Desenho,Feliz,1669,Exposicao_Face
121486,17,500,380,5.97,0,121486,31,Desenho,Feliz,1686,Exposicao_Face
121502,17,514,371,5.94,0,121502,31,Desenho,Feliz,1702,Exposicao_Face
121519,17,569,369,6.02,0,121519,31,Desenho,Feliz,1719,Exposicao_Face
121536,17,555,352,5.89,0,121536,31,Desenho,Feliz,1736,Exposicao_Face
121552,17,562,358,5.89,0,121552,31,Desenho,Feliz,1752,Exposicao_Face
121569,17,560,384,5.97,0,121569,31,Desenho,Feliz,1769,Exposicao_Face
121586,17,559,380,5.95,0,121586,31,Desenho,Feliz,1786,Exposicao_Face
121602,17,561,377,5.9,0,121602,31,Desenho,Feliz,1802,Exposicao_Face
121619,17,562,364,5.86,0,121619,31,Desenho,Feliz,1819,Exposicao_Face
121635,17,563,366,5.84,0,121635,31,Desenho,Feliz,1835,Exposicao_Face
121652,17,562,372,5.81,0,121652,31,Desenho,Feliz,1852,Exposicao_Face
121669,17,573,373,5.81,0,121669,31,Desenho,Feliz,1869,Exposicao_Face
121685,17,563,380,5.78,0,121685,31,Desenho,Feliz,1885,Exposicao_Face
121702,17,566,381,5.86,0,121702,31,Desenho,Feliz,1902,Exposicao_Face
121719,17,565,379,5.81,0,121719,31,Desenho,Feliz,1919,Exposicao_Face
121735,17,562,385,5.89,0,121735,31,Desenho,Feliz,1935,Exposicao_Face
121752,17,563,379,5.79,0,121752,31,Desenho,Feliz,1952,Exposicao_Face
121769,17,565,379,5.87,0,121769,31,Desenho,Feliz,1969,Exposicao_Face
121785,17,569,374,5.76,0,121785,31,Desenho,Feliz,1985,Exposicao_Face
121802,17,566,371,5.76,0,121802,31,Desenho,Feliz,2002,Exposicao_Face
121818,17,564,369,5.82,0,121818,31,Desenho,Feliz,2018,Exposicao_Face
121835,17,567,359,5.82,0,121835,31,Desenho,Feliz,2035,Exposicao_Face
121852,17,567,364,5.76,0,121852,31,Desenho,Feliz,2052,Exposicao_Face
121868,17,569,383,5.81,0,121868,31,Desenho,Feliz,2068,Exposicao_Face
121885,17,568,381,5.86,0,121885,31,Desenho,Feliz,2085,Exposicao_Face
121902,17,569,371,5.79,0,121902,31,Desenho,Feliz,2102,Exposicao_Face
121918,17,567,389,5.84,0,121918,31,Desenho,Feliz,2118,Exposicao_Face
121935,17,566,382,5.82,0,121935,31,Desenho,Feliz,2135,Exposicao_Face
121952,17,568,371,5.79,0,121952,31,Desenho,Feliz,2152,Exposicao_Face
121968,17,573,371,5.74,0,121968,31,Desenho,Feliz,2168,Exposicao_Face
121985,17,560,365,5.76,0,121985,31,Desenho,Feliz,2185,Exposicao_Face
122001,17,563,376,5.79,0,122001,31,Desenho,Feliz,2201,Exposicao_Face
122018,17,565,366,5.89,0,122018,31,Desenho,Feliz,2218,Exposicao_Face
122035,17,562,367,5.89,0,122035,31,Desenho,Feliz,2235,Exposicao_Face
122051,17,562,357,5.86,0,122051,31,Desenho,Feliz,2251,Exposicao_Face
122068,17,569,337,5.84,0,122068,31,Desenho,Feliz,2268,Exposicao_Face
122085,17,565,341,5.82,0,122085,31,Desenho,Feliz,2285,Exposicao_Face
122101,17,565,366,5.82,0,122101,31,Desenho,Feliz,2301,Exposicao_Face
122118,17,564,371,5.87,0,122118,31,Desenho,Feliz,2318,Exposicao_Face
122135,17,567,373,5.86,0,122135,31,Desenho,Feliz,2335,Exposicao_Face
122151,17,568,383,5.89,0,122151,31,Desenho,Feliz,2351,Exposicao_Face
122168,17,566,343,5.9,0,122168,31,Desenho,Feliz,2368,Exposicao_Face
122184,17,566,349,5.82,0,122184,31,Desenho,Feliz,2384,Exposicao_Face
122201,17,565,376,5.89,0,122201,31,Desenho,Feliz,2401,Exposicao_Face
122218,17,566,365,5.94,0,122218,31,Desenho,Feliz,2418,Exposicao_Face
122234,17,517,389,5.84,0,122234,31,Desenho,Feliz,2434,Exposicao_Face
122251,17,523,401,5.89,0,122251,31,Desenho,Feliz,2451,Exposicao_Face
122268,17,520,389,5.87,0,122268,31,Desenho,Feliz,2468,Exposicao_Face
122284,17,525,387,5.87,0,122284,31,Desenho,Feliz,2484,Exposicao_Face
122301,17,521,408,5.95,0,122301,31,Desenho,Feliz,2501,Exposicao_Face
122318,17,514,397,5.87,0,122318,31,Desenho,Feliz,2518,Exposicao_Face
122334,17,513,384,5.95,0,122334,31,Desenho,Feliz,2534,Exposicao_Face
122351,17,514,362,5.92,0,122351,31,Desenho,Feliz,2551,Exposicao_Face
122367,17,525,395,5.95,0,122367,31,Desenho,Feliz,2567,Exposicao_Face
122384,17,523,407,5.95,0,122384,31,Desenho,Feliz,2584,Exposicao_Face
122401,17,519,411,5.95,0,122401,31,Desenho,Feliz,2601,Exposicao_Face
122417,17,518,406,5.98,0,122417,31,Desenho,Feliz,2617,Exposicao_Face
122434,17,515,411,5.92,0,122434,31,Desenho,Feliz,2634,Exposicao_Face
122451,17,517,381,5.95,0,122451,31,Desenho,Feliz,2651,Exposicao_Face
122467,17,520,397,6.0,0,122467,31,Desenho,Feliz,2667,Exposicao_Face
122484,17,513,409,5.94,0,122484,31,Desenho,Feliz,2684,Exposicao_Face
122501,17,520,401,5.95,0,122501,31,Desenho,Feliz,2701,Exposicao_Face
122517,17,524,389,5.98,0,122517,31,Desenho,Feliz,2717,Exposicao_Face
122534,17,524,399,5.98,0,122534,31,Desenho,Feliz,2734,Exposicao_Face
122550,17,515,391,5.94,0,122550,31,Desenho,Feliz,2750,Exposicao_Face
122567,17,523,394,5.94,0,122567,31,Desenho,Feliz,2767,Exposicao_Face
122584,17,513,401,5.92,0,122584,31,Desenho,Feliz,2784,Exposicao_Face
122600,17,507,394,5.9,0,122600,31,Desenho,Feliz,2800,Exposicao_Face
122617,17,525,393,5.9,0,122617,31,Desenho,Feliz,2817,Exposicao_Face
122634,17,515,383,5.87,0,122634,31,Desenho,Feliz,2834,Exposicao_Face
122650,17,519,390,5.86,0,122650,31,Desenho,Feliz,2850,Exposicao_Face
122667,17,519,385,5.82,0,122667,31,Desenho,Feliz,2867,Exposicao_Face
122683,17,519,381,5.76,0,122683,31,Desenho,Feliz,2883,Exposicao_Face
122700,17,515,399,5.69,0,122700,31,Desenho,Feliz,2900,Exposicao_Face
122717,17,516,398,5.71,0,122717,31,Desenho,Feliz,2917,Exposicao_Face
122733,17,522,399,5.73,0,122733,31,Desenho,Feliz,2933,Exposicao_Face
122750,17,516,391,5.66,0,122750,31,Desenho,Feliz,2950,Exposicao_Face
122767,17,524,392,5.68,0,122767,31,Desenho,Feliz,2967,Exposicao_Face
122783,17,519,396,5.68,0,122783,31,Desenho,Feliz,2983,Exposicao_Face
122800,17,523,388,5.65,0,122800,31,Desenho,Feliz,3000,Exposicao_Face
122817,17,519,379,5.58,0,122817,31,Desenho,Feliz,3017,Exposicao_Face
122833,17,518,387,5.6,0,122833,31,Desenho,Feliz,3033,Exposicao_Face
122850,17,524,385,5.57,0,122850,31,Desenho,Feliz,3050,Exposicao_Face
122866,17,524,407,5.58,0,122866,31,Desenho,Feliz,3066,Exposicao_Face
122883,17,526,414,5.55,0,122883,31,Desenho,Feliz,3083,Exposicao_Face
122900,17,527,397,5.5,0,122900,31,Desenho,Feliz,3100,Exposicao_Face
122916,17,525,385,5.49,0,122916,31,Desenho,Feliz,3116,Exposicao_Face
122933,17,527,408,5.47,0,122933,31,Desenho,Feliz,3133,Exposicao_Face
122950,17,528,398,5.5,0,122950,31,Desenho,Feliz,3150,Exposicao_Face
122966,17,526,393,5.49,0,122966,31,Desenho,Feliz,3166,Exposicao_Face
122983,17,526,394,5.52,0,122983,31,Desenho,Feliz,3183,Exposicao_Face
123000,17,528,395,5.5,0,123000,31,Desenho,Feliz,3200,Exposicao_Face
123016,17,526,419,5.55,0,123016,31,Desenho,Feliz,3216,Exposicao_Face
123033,17,522,405,5.55,0,123033,31,Desenho,Feliz,3233,Exposicao_Face
123049,17,527,391,5.47,0,123049,31,Desenho,Feliz,3249,Exposicao_Face
123066,17,516,409,5.52,0,123066,31,Desenho,Feliz,3266,Exposicao_Face
123083,17,525,418,5.5,0,123083,31,Desenho,Feliz,3283,Exposicao_Face
123099,17,527,413,5.55,0,123099,31,Desenho,Feliz,3299,Exposicao_Face
123116,17,529,409,5.55,0,123116,31,Desenho,Feliz,3316,Exposicao_Face
123133,17,523,408,5.53,0,123133,31,Desenho,Feliz,3333,Exposicao_Face
123149,17,526,396,5.5,0,123149,31,Desenho,Feliz,3349,Exposicao_Face
123166,17,523,397,5.55,0,123166,31,Desenho,Feliz,3366,Exposicao_Face
123183,17,526,405,5.52,0,123183,31,Desenho,Feliz,3383,Exposicao_Face
123199,17,518,400,5.52,0,123199,31,Desenho,Feliz,3399,Exposicao_Face
123216,17,528,407,5.58,0,123216,31,Desenho,Feliz,3416,Exposicao_Face
123232,17,526,417,5.6,0,123232,31,Desenho,Feliz,3432,Exposicao_Face
123249,17,522,420,5.61,0,123249,31,Desenho,Feliz,3449,Exposicao_Face
123266,17,528,403,5.61,0,123266,31,Desenho,Feliz,3466,Exposicao_Face
123282,17,520,395,5.58,0,123282,31,Desenho,Feliz,3482,Exposicao_Face
123299,17,519,396,5.58,0,123299,31,Desenho,Feliz,3499,Exposicao_Face
123316,17,527,416,5.68,0,123316,31,Desenho,Feliz,3516,Exposicao_Face
123332,17,527,407,5.65,0,123332,31,Desenho,Feliz,3532,Exposicao_Face
123349,17,527,403,5.61,0,123349,31,Desenho,Feliz,3549,Exposicao_Face
123366,17,528,397,5.63,0,123366,31,Desenho,Feliz,3566,Exposicao_Face
123382,17,525,391,5.66,0,123382,31,Desenho,Feliz,3582,Exposicao_Face
123399,17,526,385,5.6,0,123399,31,Desenho,Feliz,3599,Exposicao_Face
123415,17,533,402,5.66,0,123415,31,Desenho,Feliz,3615,Exposicao_Face
123432,17,524,407,5.66,0,123432,31,Desenho,Feliz,3632,Exposicao_Face
123449,17,528,400,5.6,0,123449,31,Desenho,Feliz,3649,Exposicao_Face
123465,17,529,403,5.66,0,123465,31,Desenho,Feliz,3665,Exposicao_Face
123482,17,527,400,5.63,0,123482,31,Desenho,Feliz,3682,Exposicao_Face
123499,17,524,393,5.66,0,123499,31,Desenho,Feliz,3699,Exposicao_Face
123515,17,527,410,5.63,0,123515,31,Desenho,Feliz,3715,Exposicao_Face
123532,17,524,386,5.61,0,123532,31,Desenho,Feliz,3732,Exposicao_Face
123549,17,528,390,5.6,0,123549,31,Desenho,Feliz,3749,Exposicao_Face
123565,17,529,420,5.66,0,123565,31,Desenho,Feliz,3765,Exposicao_Face
123582,17,526,404,5.66,0,123582,31,Desenho,Feliz,3782,Exposicao_Face
123598,17,527,392,5.65,0,123598,31,Desenho,Feliz,3798,Exposicao_Face
123615,17,530,389,5.61,0,123615,31,Desenho,Feliz,3815,Exposicao_Face
123632,17,529,392,5.65,0,123632,31,Desenho,Feliz,3832,Exposicao_Face
123648,17,527,398,5.65,0,123648,31,Desenho,Feliz,3848,Exposicao_Face
123665,17,530,414,5.63,0,123665,31,Desenho,Feliz,3865,Exposicao_Face
123682,17,533,409,5.68,0,123682,31,Desenho,Feliz,3882,Exposicao_Face
123698,17,528,403,5.66,0,123698,31,Desenho,Feliz,3898,Exposicao_Face
123715,17,526,396,5.65,0,123715,31,Desenho,Feliz,3915,Exposicao_Face
123731,17,500,384,5.65,0,123731,31,Desenho,Feliz,3931,Exposicao_Face
123748,17,507,382,5.66,0,123748,31,Desenho,Feliz,3948,Exposicao_Face
123765,17,504,385,5.68,0,123765,31,Desenho,Feliz,3965,Exposicao_Face
123781,17,504,383,5.66,0,123781,31,Desenho,Feliz,3981,Exposicao_Face
123798,17,503,367,5.66,0,123798,31,Desenho,Feliz,3998,Exposicao_Face
123815,17,504,392,5.68,0,123815,32,Desenho,Neutro,15,Janela_Baseline
123831,17,503,385,5.66,0,123831,32,Desenho,Neutro,31,Janela_Baseline
123848,17,503,381,5.66,0,123848,32,Desenho,Neutro,48,Janela_Baseline
123865,17,506,365,5.68,0,123865,32,Desenho,Neutro,65,Janela_Baseline
123881,17,504,379,5.68,0,123881,32,Desenho,Neutro,81,Janela_Baseline
123898,17,501,395,5.71,0,123898,32,Desenho,Neutro,98,Janela_Baseline
123914,17,511,392,5.74,0,123914,32,Desenho,Neutro,114,Janela_Baseline
123931,17,509,389,5.73,0,123931,32,Desenho,Neutro,131,Janela_Baseline
123948,17,501,372,5.78,0,123948,32,Desenho,Neutro,148,Janela_Baseline
123964,17,504,386,5.74,0,123964,32,Desenho,Neutro,164,Janela_Baseline
123981,17,506,385,5.74,0,123981,32,Desenho,Neutro,181,Janela_Baseline
123998,17,498,380,5.81,0,123998,32,Desenho,Neutro,198,Janela_Baseline
124014,17,500,384,5.79,0,124014,32,Desenho,Neutro,214,Janela_Baseline
124031,17,507,380,5.74,0,124031,32,Desenho,Neutro,231,Janela_Baseline
124048,17,506,382,5.71,0,124048,32,Desenho,Neutro,248,Janela_Baseline
124064,17,506,374,5.81,0,124064,32,Desenho,Neutro,264,Janela_Baseline
124081,17,506,371,5.78,0,124081,32,Desenho,Neutro,281,Janela_Baseline
124097,17,499,389,5.84,0,124097,32,Desenho,Neutro,297,Janela_Baseline
124114,17,500,395,5.86,0,124114,32,Desenho,Neutro,314,Janela_Baseline
124131,17,502,391,5.86,0,124131,32,Desenho,Neutro,331,Janela_Baseline
124147,17,504,406,5.89,0,124147,32,Desenho,Neutro,347,Janela_Baseline
124164,17,495,398,5.89,0,124164,32,Desenho,Neutro,364,Janela_Baseline
124181,17,500,402,5.89,0,124181,32,Desenho,Neutro,381,Janela_Baseline
124197,17,501,396,5.86,0,124197,32,Desenho,Neutro,397,Janela_Baseline
124214,17,501,401,5.89,0,124214,32,Desenho,Neutro,414,Janela_Baseline
124231,17,499,404,5.9,0,124231,32,Desenho,Neutro,431,Janela_Baseline
124247,17,495,394,5.86,0,124247,32,Desenho,Neutro,447,Janela_Baseline
124264,17,449,408,5.9,0,124264,32,Desenho,Neutro,464,Janela_Baseline
124280,17,465,403,5.92,0,124280,32,Desenho,Neutro,480,Janela_Baseline
124297,17,457,398,5.9,0,124297,32,Desenho,Neutro,497,Janela_Baseline
124314,17,466,401,5.9,0,124314,32,Desenho,Neutro,514,Janela_Baseline
124330,17,472,384,5.89,0,124330,32,Desenho,Neutro,530,Janela_Baseline
124347,17,454,403,5.9,0,124347,32,Desenho,Neutro,547,Janela_Baseline
124364,17,460,404,5.87,0,124364,32,Desenho,Neutro,564,Janela_Baseline
124380,17,455,398,5.9,0,124380,32,Desenho,Neutro,580,Janela_Baseline
124397,17,463,394,5.92,0,124397,32,Desenho,Neutro,597,Janela_Baseline
124414,17,463,399,5.84,0,124414,32,Desenho,Neutro,614,Janela_Baseline
124430,17,455,390,5.89,0,124430,32,Desenho,Neutro,630,Janela_Baseline
124447,17,465,386,5.89,0,124447,32,Desenho,Neutro,647,Janela_Baseline
124463,17,468,362,5.81,0,124463,32,Desenho,Neutro,663,Janela_Baseline
124480,17,461,381,5.89,0,124480,32,Desenho,Neutro,680,Janela_Baseline
124497,17,461,417,5.89,0,124497,32,Desenho,Neutro,697,Janela_Baseline
124513,17,465,382,5.89,0,124513,32,Desenho,Neutro,713,Janela_Baseline
124530,17,461,387,5.92,0,124530,32,Desenho,Neutro,730,Janela_Baseline
124547,17,456,394,5.97,0,124547,32,Desenho,Neutro,747,Janela_Baseline
124563,17,462,407,6.03,0,124563,32,Desenho,Neutro,763,Janela_Baseline
124580,17,462,402,5.98,0,124580,32,Desenho,Neutro,780,Janela_Baseline
124597,17,464,392,5.95,0,124597,32,Desenho,Neutro,797,Janela_Baseline
124613,17,468,408,6.03,0,124613,32,Desenho,Neutro,813,Janela_Baseline
124630,17,454,416,6.02,0,124630,32,Desenho,Neutro,830,Janela_Baseline
124646,17,452,385,5.94,0,124646,32,Desenho,Neutro,846,Janela_Baseline
124663,17,455,398,5.95,0,124663,32,Desenho,Neutro,863,Janela_Baseline
124680,17,459,380,5.94,0,124680,32,Desenho,Neutro,880,Janela_Baseline
124696,17,462,377,5.97,0,124696,32,Desenho,Neutro,896,Janela_Baseline
124713,17,450,407,6.05,0,124713,32,Desenho,Neutro,913,Janela_Baseline
124730,17,461,402,6.06,0,124730,32,Desenho,Neutro,930,Janela_Baseline
124746,17,452,378,5.94,0,124746,32,Desenho,Neutro,946,Janela_Baseline
124763,17,460,403,6.05,0,124763,32,Desenho,Neutro,963,Janela_Baseline
124780,17,460,392,6.0,0,124780,32,Desenho,Neutro,980,Janela_Baseline
124796,17,462,396,6.06,0,124796,32,Desenho,Neutro,996,Janela_Baseline
124813,17,464,413,6.03,0,124813,32,Desenho,Neutro,1013,Janela_Baseline
124829,17,433,395,6.02,0,124829,32,Desenho,Neutro,1029,Janela_Baseline
124846,17,438,392,5.98,0,124846,32,Desenho,Neutro,1046,Janela_Baseline
124863,17,435,385,6.03,0,124863,32,Desenho,Neutro,1063,Janela_Baseline
124879,17,435,385,6.02,0,124879,32,Desenho,Neutro,1079,Janela_Baseline
124896,17,438,374,5.95,0,124896,32,Desenho,Neutro,1096,Janela_Baseline
124913,17,434,382,6.03,0,124913,32,Desenho,Neutro,1113,Janela_Baseline
124929,17,416,390,6.0,0,124929,32,Desenho,Neutro,1129,Janela_Baseline
124946,17,437,384,5.97,0,124946,32,Desenho,Neutro,1146,Janela_Baseline
124962,17,434,395,6.03,0,124962,32,Desenho,Neutro,1162,Janela_Baseline
124979,17,439,395,6.1,0,124979,32,Desenho,Neutro,1179,Janela_Baseline
124996,17,439,372,6.05,0,124996,32,Desenho,Neutro,1196,Janela_Baseline
125012,17,438,377,6.06,0,125012,32,Desenho,Neutro,1212,Janela_Baseline
125029,17,436,389,6.1,0,125029,32,Desenho,Neutro,1229,Janela_Baseline
125046,17,439,385,6.03,0,125046,32,Desenho,Neutro,1246,Janela_Baseline
125062,17,439,380,6.11,0,125062,32,Desenho,Neutro,1262,Janela_Baseline
125079,17,437,385,6.08,0,125079,32,Desenho,Neutro,1279,Janela_Baseline
125096,17,437,381,6.11,0,125096,32,Desenho,Neutro,1296,Janela_Baseline
125112,17,438,382,6.11,0,125112,32,Desenho,Neutro,1312,Exposicao_Face
125129,17,436,369,6.06,0,125129,32,Desenho,Neutro,1329,Exposicao_Face
125145,17,441,376,6.11,0,125145,32,Desenho,Neutro,1345,Exposicao_Face
125162,17,439,377,6.1,0,125162,32,Desenho,Neutro,1362,Exposicao_Face
125179,17,442,362,6.06,0,125179,32,Desenho,Neutro,1379,Exposicao_Face
125195,17,439,388,6.13,0,125195,32,Desenho,Neutro,1395,Exposicao_Face
125212,17,433,376,6.06,0,125212,32,Desenho,Neutro,1412,Exposicao_Face
125229,17,439,377,6.1,0,125229,32,Desenho,Neutro,1429,Exposicao_Face
125245,17,509,414,6.11,0,125245,32,Desenho,Neutro,1445,Exposicao_Face
125262,17,512,451,6.18,0,125262,32,Desenho,Neutro,1462,Exposicao_Face
125279,17,522,434,6.11,0,125279,32,Desenho,Neutro,1479,Exposicao_Face
125295,17,509,433,6.1,0,125295,32,Desenho,Neutro,1495,Exposicao_Face
125312,17,522,434,6.08,0,125312,32,Desenho,Neutro,1512,Exposicao_Face
125328,17,523,424,6.21,0,125328,32,Desenho,Neutro,1528,Exposicao_Face
125345,17,520,450,6.14,0,125345,32,Desenho,Neutro,1545,Exposicao_Face
125362,17,518,446,6.16,0,125362,32,Desenho,Neutro,1562,Exposicao_Face
125378,17,514,435,6.16,0,125378,32,Desenho,Neutro,1578,Exposicao_Face
125395,17,516,421,6.06,0,125395,32,Desenho,Neutro,1595,Exposicao_Face
125412,17,522,456,6.18,0,125412,32,Desenho,Neutro,1612,Exposicao_Face
125428,17,525,423,6.14,0,125428,32,Desenho,Neutro,1628,Exposicao_Face
125445,17,519,425,6.14,0,125445,32,Desenho,Neutro,1645,Exposicao_Face
125462,17,517,417,6.08,0,125462,32,Desenho,Neutro,1662,Exposicao_Face
125478,17,523,447,6.18,0,125478,32,Desenho,Neutro,1678,Exposicao_Face
125495,17,509,442,6.14,0,125495,32,Desenho,Neutro,1695,Exposicao_Face
125511,17,522,427,6.11,0,125511,32,Desenho,Neutro,1711,Exposicao_Face
125528,17,521,413,6.08,0,125528,32,Desenho,Neutro,1728,Exposicao_Face
125545,17,513,433,6.14,0,125545,32,Desenho,Neutro,1745,Exposicao_Face
125561,17,524,420,6.11,0,125561,32,Desenho,Neutro,1761,Exposicao_Face
125578,17,522,429,6.11,0,125578,32,Desenho,Neutro,1778,Exposicao_Face
125595,17,521,426,6.16,0,125595,32,Desenho,Neutro,1795,Exposicao_Face
125611,17,525,431,6.18,0,125611,32,Desenho,Neutro,1811,Exposicao_Face
125628,17,522,427,6.22,0,125628,32,Desenho,Neutro,1828,Exposicao_Face
125645,17,524,414,6.11,0,125645,32,Desenho,Neutro,1845,Exposicao_Face
125661,17,520,444,6.16,0,125661,32,Desenho,Neutro,1861,Exposicao_Face
125678,17,527,526,6.16,0,125678,32,Desenho,Neutro,1878,Exposicao_Face
125694,17,520,502,6.16,0,125694,32,Desenho,Neutro,1894,Exposicao_Face
125711,17,524,513,6.19,0,125711,32,Desenho,Neutro,1911,Exposicao_Face
125728,17,514,540,6.21,0,125728,32,Desenho,Neutro,1928,Exposicao_Face
125744,17,522,518,6.11,0,125744,32,Desenho,Neutro,1944,Exposicao_Face
125761,17,521,517,6.27,0,125761,32,Desenho,Neutro,1961,Exposicao_Face
125778,17,518,516,6.16,0,125778,32,Desenho,Neutro,1978,Exposicao_Face
125794,17,518,542,6.26,0,125794,32,Desenho,Neutro,1994,Exposicao_Face
125811,17,518,529,6.26,0,125811,32,Desenho,Neutro,2011,Exposicao_Face
125828,17,519,527,6.21,0,125828,32,Desenho,Neutro,2028,Exposicao_Face
125844,17,515,515,6.26,0,125844,32,Desenho,Neutro,2044,Exposicao_Face
125861,17,518,524,6.18,0,125861,32,Desenho,Neutro,2061,Exposicao_Face
125877,17,519,508,6.29,0,125877,32,Desenho,Neutro,2077,Exposicao_Face
125894,17,515,526,6.19,0,125894,32,Desenho,Neutro,2094,Exposicao_Face
125911,17,503,537,6.16,0,125911,32,Desenho,Neutro,2111,Exposicao_Face
125927,17,507,512,5.94,0,125927,32,Desenho,Neutro,2127,Exposicao_Face
125944,17,506,525,6.18,0,125944,32,Desenho,Neutro,2144,Exposicao_Face
125961,17,503,538,6.1,0,125961,32,Desenho,Neutro,2161,Exposicao_Face
125977,17,500,530,6.11,0,125977,32,Desenho,Neutro,2177,Exposicao_Face
125994,17,507,522,6.05,0,125994,32,Desenho,Neutro,2194,Exposicao_Face
126010,17,506,535,6.24,0,126010,32,Desenho,Neutro,2210,Exposicao_Face
126027,17,504,528,6.19,0,126027,32,Desenho,Neutro,2227,Exposicao_Face
126044,17,501,545,6.22,0,126044,32,Desenho,Neutro,2244,Exposicao_Face
126060,17,509,534,6.11,0,126060,32,Desenho,Neutro,2260,Exposicao_Face
126077,17,505,526,6.19,0,126077,32,Desenho,Neutro,2277,Exposicao_Face
126094,17,503,518,6.18,0,126094,32,Desenho,Neutro,2294,Exposicao_Face
126110,17,504,540,6.19,0,126110,32,Desenho,Neutro,2310,Exposicao_Face
126127,17,503,542,6.26,0,126127,32,Desenho,Neutro,2327,Exposicao_Face
126144,17,501,537,6.05,0,126144,32,Desenho,Neutro,2344,Exposicao_Face
126160,17,506,529,6.19,0,126160,32,Desenho,Neutro,2360,Exposicao_Face
126177,17,508,541,6.03,0,126177,32,Desenho,Neutro,2377,Exposicao_Face
126193,17,507,528,6.08,0,126193,32,Desenho,Neutro,2393,Exposicao_Face
126210,17,505,523,6.18,0,126210,32,Desenho,Neutro,2410,Exposicao_Face
126227,17,509,527,6.13,0,126227,32,Desenho,Neutro,2427,Exposicao_Face
126243,17,506,541,6.14,0,126243,32,Desenho,Neutro,2443,Exposicao_Face
126260,17,470,542,6.13,0,126260,32,Desenho,Neutro,2460,Exposicao_Face
126277,17,373,526,6.13,0,126277,32,Desenho,Neutro,2477,Exposicao_Face
126293,17,358,519,6.13,0,126293,32,Desenho,Neutro,2493,Exposicao_Face
126310,17,348,504,6.05,0,126310,32,Desenho,Neutro,2510,Exposicao_Face
126327,17,356,524,6.11,0,126327,32,Desenho,Neutro,2527,Exposicao_Face
126343,17,375,538,6.13,0,126343,32,Desenho,Neutro,2543,Exposicao_Face
126360,17,381,512,6.05,0,126360,32,Desenho,Neutro,2560,Exposicao_Face
126376,17,373,523,6.06,0,126376,32,Desenho,Neutro,2576,Exposicao_Face
126393,17,346,526,6.1,0,126393,32,Desenho,Neutro,2593,Exposicao_Face
126410,17,375,514,6.06,0,126410,32,Desenho,Neutro,2610,Exposicao_Face
126426,17,379,512,6.05,0,126426,32,Desenho,Neutro,2626,Exposicao_Face
126443,17,360,532,6.14,0,126443,32,Desenho,Neutro,2643,Exposicao_Face
126460,17,369,515,6.08,0,126460,32,Desenho,Neutro,2660,Exposicao_Face
126476,17,353,526,6.11,0,126476,32,Desenho,Neutro,2676,Exposicao_Face
126493,17,377,494,6.03,0,126493,32,Desenho,Neutro,2693,Exposicao_Face
126510,17,380,501,6.02,0,126510,32,Desenho,Neutro,2710,Exposicao_Face
126526,17,456,440,6.13,0,126526,32,Desenho,Neutro,2726,Exposicao_Face
126543,17,500,440,6.14,0,126543,32,Desenho,Neutro,2743,Exposicao_Face
126559,17,505,417,6.05,0,126559,32,Desenho,Neutro,2759,Exposicao_Face
126576,17,501,418,6.06,0,126576,32,Desenho,Neutro,2776,Exposicao_Face
126593,17,506,428,6.05,0,126593,32,Desenho,Neutro,2793,Exposicao_Face
126609,17,502,418,6.03,0,126609,32,Desenho,Neutro,2809,Exposicao_Face
126626,17,510,445,6.03,0,126626,32,Desenho,Neutro,2826,Exposicao_Face
126643,17,501,448,5.97,0,126643,32,Desenho,Neutro,2843,Exposicao_Face
126659,17,504,430,5.92,0,126659,32,Desenho,Neutro,2859,Exposicao_Face
126676,17,501,426,5.92,0,126676,32,Desenho,Neutro,2876,Exposicao_Face
126693,17,507,409,5.86,0,126693,32,Desenho,Neutro,2893,Exposicao_Face
126709,17,503,434,5.82,0,126709,32,Desenho,Neutro,2909,Exposicao_Face
126892,183,698,933,5.58,0,126892,32,Desenho,Neutro,3092,Exposicao_Face
126892,0,698,933,5.58,0,126892,32,Desenho,Neutro,3092,Exposicao_Face
126909,17,639,699,-1.0,0,126909,32,Desenho,Neutro,3109,Exposicao_Face
126925,17,704,810,5.58,0,126925,32,Desenho,Neutro,3125,Exposicao_Face
126942,17,703,743,5.53,0,126942,32,Desenho,Neutro,3142,Exposicao_Face
126959,17,705,646,5.55,0,126959,32,Desenho,Neutro,3159,Exposicao_Face
126975,17,711,611,5.58,0,126975,32,Desenho,Neutro,3175,Exposicao_Face
126992,17,708,573,5.55,0,126992,32,Desenho,Neutro,3192,Exposicao_Face
127009,17,703,570,5.44,0,127009,32,Desenho,Neutro,3209,Exposicao_Face
127025,17,715,593,5.49,0,127025,32,Desenho,Neutro,3225,Exposicao_Face
127042,17,697,580,5.49,0,127042,32,Desenho,Neutro,3242,Exposicao_Face
127059,17,703,560,5.52,0,127059,32,Desenho,Neutro,3259,Exposicao_Face
127075,17,707,579,5.44,0,127075,32,Desenho,Neutro,3275,Exposicao_Face
127092,17,687,795,5.39,0,127092,32,Desenho,Neutro,3292,Exposicao_Face
127108,17,658,912,5.53,0,127108,32,Desenho,Neutro,3308,Exposicao_Face
127125,17,662,935,5.5,0,127125,32,Desenho,Neutro,3325,Exposicao_Face
127142,17,650,941,5.44,0,127142,32,Desenho,Neutro,3342,Exposicao_Face
127158,17,650,934,5.53,0,127158,32,Desenho,Neutro,3358,Exposicao_Face
127175,17,648,941,5.44,0,127175,32,Desenho,Neutro,3375,Exposicao_Face
127192,17,648,934,5.39,0,127192,32,Desenho,Neutro,3392,Exposicao_Face
127208,17,646,946,5.52,0,127208,32,Desenho,Neutro,3408,Exposicao_Face
127225,17,647,939,5.49,0,127225,32,Desenho,Neutro,3425,Exposicao_Face
127241,17,646,939,5.5,0,127241,32,Desenho,Neutro,3441,Exposicao_Face
127258,17,644,931,5.57,0,127258,32,Desenho,Neutro,3458,Exposicao_Face
127275,17,644,940,5.45,0,127275,32,Desenho,Neutro,3475,Exposicao_Face
127291,17,650,934,5.42,0,127291,32,Desenho,Neutro,3491,Exposicao_Face
127308,17,645,931,5.55,0,127308,32,Desenho,Neutro,3508,Exposicao_Face
127325,17,646,943,5.47,0,127325,32,Desenho,Neutro,3525,Exposicao_Face
127341,17,644,923,5.53,0,127341,32,Desenho,Neutro,3541,Exposicao_Face
127358,17,645,935,5.53,0,127358,32,Desenho,Neutro,3558,Exposicao_Face
127375,17,641,931,5.55,0,127375,32,Desenho,Neutro,3575,Exposicao_Face
127391,17,703,976,5.55,0,127391,32,Desenho,Neutro,3591,Exposicao_Face
127408,17,686,965,5.55,0,127408,32,Desenho,Neutro,3608,Exposicao_Face
127424,17,695,970,5.49,0,127424,32,Desenho,Neutro,3624,Exposicao_Face
127441,17,699,960,5.6,0,127441,32,Desenho,Neutro,3641,Exposicao_Face
127458,17,693,972,5.5,0,127458,32,Desenho,Neutro,3658,Exposicao_Face
127474,17,697,975,5.61,0,127474,32,Desenho,Neutro,3674,Exposicao_Face
127491,17,698,974,5.6,0,127491,32,Desenho,Neutro,3691,Exposicao_Face
127508,17,693,975,5.58,0,127508,32,Desenho,Neutro,3708,Exposicao_Face
127524,17,669,879,5.58,0,127524,32,Desenho,Neutro,3724,Exposicao_Face
127541,17,618,647,5.71,0,127541,32,Desenho,Neutro,3741,Exposicao_Face
127558,17,573,538,5.63,0,127558,32,Desenho,Neutro,3758,Exposicao_Face
127574,17,559,447,5.61,0,127574,32,Desenho,Neutro,3774,Exposicao_Face
127591,17,555,444,5.61,0,127591,32,Desenho,Neutro,3791,Exposicao_Face
127607,17,553,424,5.61,0,127607,32,Desenho,Neutro,3807,Exposicao_Face
127624,17,554,449,5.63,0,127624,32,Desenho,Neutro,3824,Exposicao_Face
127641,17,557,435,5.68,0,127641,32,Desenho,Neutro,3841,Exposicao_Face
127657,17,554,430,5.57,0,127657,32,Desenho,Neutro,3857,Exposicao_Face
127674,17,554,456,5.66,0,127674,32,Desenho,Neutro,3874,Exposicao_Face
127691,17,553,450,5.65,0,127691,32,Desenho,Neutro,3891,Exposicao_Face
127707,17,557,443,5.58,0,127707,32,Desenho,Neutro,3907,Exposicao_Face
127724,17,554,450,5.66,0,127724,32,Desenho,Neutro,3924,Exposicao_Face
127741,17,556,440,5.6,0,127741,32,Desenho,Neutro,3941,Exposicao_Face
127757,17,553,437,5.63,0,127757,32,Desenho,Neutro,3957,Exposicao_Face
127774,17,555,433,5.63,0,127774,32,Desenho,Neutro,3974,Exposicao_Face
127790,17,560,451,5.66,0,127790,32,Desenho,Neutro,3990,Exposicao_Face
127807,17,559,434,5.71,0,127807,33,Desenho,Raiva,7,Janela_Baseline
127824,17,555,448,5.73,0,127824,33,Desenho,Raiva,24,Janela_Baseline
127840,17,557,447,5.66,0,127840,33,Desenho,Raiva,40,Janela_Baseline
127857,17,558,439,5.66,0,127857,33,Desenho,Raiva,57,Janela_Baseline
127874,17,528,424,5.69,0,127874,33,Desenho,Raiva,74,Janela_Baseline
127890,17,527,402,5.68,0,127890,33,Desenho,Raiva,90,Janela_Baseline
127907,17,521,399,5.66,0,127907,33,Desenho,Raiva,107,Janela_Baseline
127924,17,522,397,5.68,0,127924,33,Desenho,Raiva,124,Janela_Baseline
127940,17,518,407,5.68,0,127940,33,Desenho,Raiva,140,Janela_Baseline
127957,17,518,409,5.73,0,127957,33,Desenho,Raiva,157,Janela_Baseline
127973,17,522,414,5.68,0,127973,33,Desenho,Raiva,173,Janela_Baseline
127990,17,526,415,5.69,0,127990,33,Desenho,Raiva,190,Janela_Baseline
128007,17,522,396,5.69,0,128007,33,Desenho,Raiva,207,Janela_Baseline
128023,17,524,406,5.69,0,128023,33,Desenho,Raiva,223,Janela_Baseline
128040,17,525,404,5.73,0,128040,33,Desenho,Raiva,240,Janela_Baseline
128057,17,526,387,5.71,0,128057,33,Desenho,Raiva,257,Janela_Baseline
128073,17,521,419,5.76,0,128073,33,Desenho,Raiva,273,Janela_Baseline
128090,17,519,393,5.74,0,128090,33,Desenho,Raiva,290,Janela_Baseline
128107,17,521,422,5.79,0,128107,33,Desenho,Raiva,307,Janela_Baseline
128123,17,527,421,5.81,0,128123,33,Desenho,Raiva,323,Janela_Baseline
128140,17,524,438,5.79,0,128140,33,Desenho,Raiva,340,Janela_Baseline
128156,17,525,392,5.69,0,128156,33,Desenho,Raiva,356,Janela_Baseline
128173,17,520,388,5.69,0,128173,33,Desenho,Raiva,373,Janela_Baseline
128190,17,520,392,5.71,0,128190,33,Desenho,Raiva,390,Janela_Baseline
128206,17,522,409,5.81,0,128206,33,Desenho,Raiva,406,Janela_Baseline
128223,17,524,398,5.76,0,128223,33,Desenho,Raiva,423,Janela_Baseline
128240,17,516,400,5.79,0,128240,33,Desenho,Raiva,440,Janela_Baseline
128256,17,524,404,5.74,0,128256,33,Desenho,Raiva,456,Janela_Baseline
128273,17,518,413,5.84,0,128273,33,Desenho,Raiva,473,Janela_Baseline
128289,17,518,423,5.81,0,128289,33,Desenho,Raiva,489,Janela_Baseline
128306,17,523,415,5.82,0,128306,33,Desenho,Raiva,506,Janela_Baseline
128323,17,523,400,5.84,0,128323,33,Desenho,Raiva,523,Janela_Baseline
128339,17,523,405,5.82,0,128339,33,Desenho,Raiva,539,Janela_Baseline
128356,17,521,416,5.82,0,128356,33,Desenho,Raiva,556,Janela_Baseline
128373,17,518,413,5.89,0,128373,33,Desenho,Raiva,573,Janela_Baseline
128389,17,520,420,5.87,0,128389,33,Desenho,Raiva,589,Janela_Baseline
128406,17,516,400,5.86,0,128406,33,Desenho,Raiva,606,Janela_Baseline
128423,17,524,414,5.89,0,128423,33,Desenho,Raiva,623,Janela_Baseline
128439,17,524,408,5.95,0,128439,33,Desenho,Raiva,639,Janela_Baseline
128456,17,527,406,5.89,0,128456,33,Desenho,Raiva,656,Janela_Baseline
128472,17,499,368,5.87,0,128472,33,Desenho,Raiva,672,Janela_Baseline
128489,17,499,315,5.92,0,128489,33,Desenho,Raiva,689,Janela_Baseline
128506,17,508,330,5.82,0,128506,33,Desenho,Raiva,706,Janela_Baseline
128522,17,505,325,5.9,0,128522,33,Desenho,Raiva,722,Janela_Baseline
128539,17,504,329,5.92,0,128539,33,Desenho,Raiva,739,Janela_Baseline
128556,17,504,327,6.0,0,128556,33,Desenho,Raiva,756,Janela_Baseline
128572,17,504,329,5.9,0,128572,33,Desenho,Raiva,772,Janela_Baseline
128589,17,507,345,5.95,0,128589,33,Desenho,Raiva,789,Janela_Baseline
128606,17,508,349,6.05,0,128606,33,Desenho,Raiva,806,Janela_Baseline
128622,17,504,335,5.9,0,128622,33,Desenho,Raiva,822,Janela_Baseline
128639,17,506,328,5.94,0,128639,33,Desenho,Raiva,839,Janela_Baseline
128655,17,506,332,5.9,0,128655,33,Desenho,Raiva,855,Janela_Baseline
128672,17,510,349,6.02,0,128672,33,Desenho,Raiva,872,Janela_Baseline
128689,17,506,318,5.95,0,128689,33,Desenho,Raiva,889,Janela_Baseline
128705,17,510,336,6.02,0,128705,33,Desenho,Raiva,905,Janela_Baseline
128722,17,508,344,5.95,0,128722,33,Desenho,Raiva,922,Janela_Baseline
128739,17,509,340,6.03,0,128739,33,Desenho,Raiva,939,Janela_Baseline
128755,17,505,338,5.92,0,128755,33,Desenho,Raiva,955,Janela_Baseline
128772,17,501,337,5.92,0,128772,33,Desenho,Raiva,972,Janela_Baseline
128789,17,508,339,5.97,0,128789,33,Desenho,Raiva,989,Janela_Baseline
128805,17,508,346,6.02,0,128805,33,Desenho,Raiva,1005,Janela_Baseline
128822,17,507,335,6.0,0,128822,33,Desenho,Raiva,1022,Janela_Baseline
128838,17,509,329,5.98,0,128838,33,Desenho,Raiva,1038,Janela_Baseline
128855,17,505,324,5.94,0,128855,33,Desenho,Raiva,1055,Janela_Baseline
128872,17,507,330,6.0,0,128872,33,Desenho,Raiva,1072,Janela_Baseline
128888,17,510,353,6.1,0,128888,33,Desenho,Raiva,1088,Janela_Baseline
128905,17,512,326,5.94,0,128905,33,Desenho,Raiva,1105,Janela_Baseline
128922,17,509,328,5.97,0,128922,33,Desenho,Raiva,1122,Janela_Baseline
128938,17,508,340,6.02,0,128938,33,Desenho,Raiva,1138,Janela_Baseline
128955,17,506,330,5.98,0,128955,33,Desenho,Raiva,1155,Janela_Baseline
128972,17,507,332,5.94,0,128972,33,Desenho,Raiva,1172,Janela_Baseline
128988,17,514,322,5.94,0,128988,33,Desenho,Raiva,1188,Janela_Baseline
129005,17,514,317,5.92,0,129005,33,Desenho,Raiva,1205,Janela_Baseline
129021,17,504,324,5.92,0,129021,33,Desenho,Raiva,1221,Janela_Baseline
129038,17,510,341,6.03,0,129038,33,Desenho,Raiva,1238,Janela_Baseline
129055,17,507,327,5.92,0,129055,33,Desenho,Raiva,1255,Janela_Baseline
129071,17,509,366,5.94,0,129071,33,Desenho,Raiva,1271,Janela_Baseline
129088,17,508,374,5.97,0,129088,33,Desenho,Raiva,1288,Janela_Baseline
129105,17,510,382,6.03,0,129105,33,Desenho,Raiva,1305,Exposicao_Face
129121,17,501,392,6.03,0,129121,33,Desenho,Raiva,1321,Exposicao_Face
129138,17,500,373,5.97,0,129138,33,Desenho,Raiva,1338,Exposicao_Face
129155,17,493,381,6.03,0,129155,33,Desenho,Raiva,1355,Exposicao_Face
129171,17,503,376,5.94,0,129171,33,Desenho,Raiva,1371,Exposicao_Face
129188,17,511,402,6.08,0,129188,33,Desenho,Raiva,1388,Exposicao_Face
129204,17,510,384,5.98,0,129204,33,Desenho,Raiva,1404,Exposicao_Face
129221,17,509,396,6.05,0,129221,33,Desenho,Raiva,1421,Exposicao_Face
129238,17,511,376,6.08,0,129238,33,Desenho,Raiva,1438,Exposicao_Face
129254,17,505,395,6.06,0,129254,33,Desenho,Raiva,1454,Exposicao_Face
129271,17,505,373,6.0,0,129271,33,Desenho,Raiva,1471,Exposicao_Face
129288,17,499,374,6.02,0,129288,33,Desenho,Raiva,1488,Exposicao_Face
129304,17,497,374,6.06,0,129304,33,Desenho,Raiva,1504,Exposicao_Face
129321,17,509,376,6.06,0,129321,33,Desenho,Raiva,1521,Exposicao_Face
129338,17,502,368,6.1,0,129338,33,Desenho,Raiva,1538,Exposicao_Face
129354,17,509,368,6.05,0,129354,33,Desenho,Raiva,1554,Exposicao_Face
129371,17,500,394,6.18,0,129371,33,Desenho,Raiva,1571,Exposicao_Face
129387,17,508,394,6.14,0,129387,33,Desenho,Raiva,1587,Exposicao_Face
129404,17,508,372,6.08,0,129404,33,Desenho,Raiva,1604,Exposicao_Face
129421,17,499,381,6.03,0,129421,33,Desenho,Raiva,1621,Exposicao_Face
129437,17,509,372,6.06,0,129437,33,Desenho,Raiva,1637,Exposicao_Face
129454,17,507,381,6.06,0,129454,33,Desenho,Raiva,1654,Exposicao_Face
129471,17,481,406,6.05,0,129471,33,Desenho,Raiva,1671,Exposicao_Face
129487,17,467,421,6.14,0,129487,33,Desenho,Raiva,1687,Exposicao_Face
129504,17,477,408,6.1,0,129504,33,Desenho,Raiva,1704,Exposicao_Face
129520,17,465,422,6.11,0,129520,33,Desenho,Raiva,1720,Exposicao_Face
129537,17,480,400,6.08,0,129537,33,Desenho,Raiva,1737,Exposicao_Face
129554,17,479,413,6.08,0,129554,33,Desenho,Raiva,1754,Exposicao_Face
129570,17,481,417,6.03,0,129570,33,Desenho,Raiva,1770,Exposicao_Face
129587,17,481,411,6.1,0,129587,33,Desenho,Raiva,1787,Exposicao_Face
129604,17,463,407,6.08,0,129604,33,Desenho,Raiva,1804,Exposicao_Face
129620,17,468,385,5.98,0,129620,33,Desenho,Raiva,1820,Exposicao_Face
129637,17,464,405,6.03,0,129637,33,Desenho,Raiva,1837,Exposicao_Face
129654,17,482,412,6.06,0,129654,33,Desenho,Raiva,1854,Exposicao_Face
129670,17,480,404,6.05,0,129670,33,Desenho,Raiva,1870,Exposicao_Face
129687,17,484,402,6.03,0,129687,33,Desenho,Raiva,1887,Exposicao_Face
129703,17,478,428,6.14,0,129703,33,Desenho,Raiva,1903,Exposicao_Face
129720,17,474,420,6.08,0,129720,33,Desenho,Raiva,1920,Exposicao_Face
129737,17,523,450,6.06,0,129737,33,Desenho,Raiva,1937,Exposicao_Face
129753,17,513,502,5.97,0,129753,33,Desenho,Raiva,1953,Exposicao_Face
129770,17,520,487,5.98,0,129770,33,Desenho,Raiva,1970,Exposicao_Face
129787,17,519,523,6.06,0,129787,33,Desenho,Raiva,1987,Exposicao_Face
129803,17,513,533,6.03,0,129803,33,Desenho,Raiva,2003,Exposicao_Face
129820,17,521,514,6.05,0,129820,33,Desenho,Raiva,2020,Exposicao_Face
129837,17,526,534,6.03,0,129837,33,Desenho,Raiva,2037,Exposicao_Face
129853,17,524,504,5.95,0,129853,33,Desenho,Raiva,2053,Exposicao_Face
129870,17,526,511,5.97,0,129870,33,Desenho,Raiva,2070,Exposicao_Face
129886,17,526,492,5.98,0,129886,33,Desenho,Raiva,2086,Exposicao_Face
129903,17,519,505,5.97,0,129903,33,Desenho,Raiva,2103,Exposicao_Face
129920,17,516,502,5.97,0,129920,33,Desenho,Raiva,2120,Exposicao_Face
129936,17,519,512,5.98,0,129936,33,Desenho,Raiva,2136,Exposicao_Face
129953,17,520,507,5.92,0,129953,33,Desenho,Raiva,2153,Exposicao_Face
129970,17,520,525,6.02,0,129970,33,Desenho,Raiva,2170,Exposicao_Face
129986,17,511,517,5.95,0,129986,33,Desenho,Raiva,2186,Exposicao_Face
130003,17,517,498,5.89,0,130003,33,Desenho,Raiva,2203,Exposicao_Face
130020,17,516,490,5.89,0,130020,33,Desenho,Raiva,2220,Exposicao_Face
130036,17,574,518,5.89,0,130036,33,Desenho,Raiva,2236,Exposicao_Face
130053,17,647,539,5.9,0,130053,33,Desenho,Raiva,2253,Exposicao_Face
130069,17,648,556,5.97,0,130069,33,Desenho,Raiva,2269,Exposicao_Face
130086,17,657,540,5.97,0,130086,33,Desenho,Raiva,2286,Exposicao_Face
130103,17,659,534,5.82,0,130103,33,Desenho,Raiva,2303,Exposicao_Face
130119,17,659,535,5.82,0,130119,33,Desenho,Raiva,2319,Exposicao_Face
130136,17,657,572,5.86,0,130136,33,Desenho,Raiva,2336,Exposicao_Face
130153,17,659,551,5.81,0,130153,33,Desenho,Raiva,2353,Exposicao_Face
130169,17,659,533,5.87,0,130169,33,Desenho,Raiva,2369,Exposicao_Face
130186,17,654,542,5.84,0,130186,33,Desenho,Raiva,2386,Exposicao_Face
130203,17,659,548,5.84,0,130203,33,Desenho,Raiva,2403,Exposicao_Face
130219,17,655,543,5.89,0,130219,33,Desenho,Raiva,2419,Exposicao_Face
130236,17,658,552,5.86,0,130236,33,Desenho,Raiva,2436,Exposicao_Face
130252,17,657,546,5.86,0,130252,33,Desenho,Raiva,2452,Exposicao_Face
130269,17,651,550,5.84,0,130269,33,Desenho,Raiva,2469,Exposicao_Face
130286,17,659,530,5.79,0,130286,33,Desenho,Raiva,2486,Exposicao_Face
130302,17,664,550,5.86,0,130302,33,Desenho,Raiva,2502,Exposicao_Face
130319,17,658,525,5.81,0,130319,33,Desenho,Raiva,2519,Exposicao_Face
130336,17,654,544,5.82,0,130336,33,Desenho,Raiva,2536,Exposicao_Face
130352,17,657,546,5.81,0,130352,33,Desenho,Raiva,2552,Exposicao_Face
130369,17,674,536,5.86,0,130369,33,Desenho,Raiva,2569,Exposicao_Face
130386,17,686,534,5.76,0,130386,33,Desenho,Raiva,2586,Exposicao_Face
130402,17,689,547,5.78,0,130402,33,Desenho,Raiva,2602,Exposicao_Face
130419,17,689,541,5.78,0,130419,33,Desenho,Raiva,2619,Exposicao_Face
130435,17,692,562,5.78,0,130435,33,Desenho,Raiva,2635,Exposicao_Face
130452,17,689,549,5.81,0,130452,33,Desenho,Raiva,2652,Exposicao_Face
130469,17,686,536,5.79,0,130469,33,Desenho,Raiva,2669,Exposicao_Face
130485,17,692,565,5.82,0,130485,33,Desenho,Raiva,2685,Exposicao_Face
130502,17,685,551,5.79,0,130502,33,Desenho,Raiva,2702,Exposicao_Face
130519,17,689,556,5.81,0,130519,33,Desenho,Raiva,2719,Exposicao_Face
130535,17,659,526,5.89,0,130535,33,Desenho,Raiva,2735,Exposicao_Face
130552,17,572,436,5.81,0,130552,33,Desenho,Raiva,2752,Exposicao_Face
130568,17,523,453,5.84,0,130568,33,Desenho,Raiva,2768,Exposicao_Face
130585,17,525,441,5.82,0,130585,33,Desenho,Raiva,2785,Exposicao_Face
130602,17,528,434,5.81,0,130602,33,Desenho,Raiva,2802,Exposicao_Face
130618,17,521,436,5.82,0,130618,33,Desenho,Raiva,2818,Exposicao_Face
130635,17,518,430,5.82,0,130635,33,Desenho,Raiva,2835,Exposicao_Face
130652,17,522,428,5.79,0,130652,33,Desenho,Raiva,2852,Exposicao_Face
130668,17,519,423,5.78,0,130668,33,Desenho,Raiva,2868,Exposicao_Face
130685,17,524,412,5.76,0,130685,33,Desenho,Raiva,2885,Exposicao_Face
130702,17,522,420,5.76,0,130702,33,Desenho,Raiva,2902,Exposicao_Face
130718,17,527,404,5.78,0,130718,33,Desenho,Raiva,2918,Exposicao_Face
130735,17,516,436,5.89,0,130735,33,Desenho,Raiva,2935,Exposicao_Face
130751,17,520,428,5.76,0,130751,33,Desenho,Raiva,2951,Exposicao_Face
130768,17,522,442,5.81,0,130768,33,Desenho,Raiva,2968,Exposicao_Face
130785,17,521,429,5.78,0,130785,33,Desenho,Raiva,2985,Exposicao_Face
130801,17,518,420,5.73,0,130801,33,Desenho,Raiva,3001,Exposicao_Face
130818,17,516,427,5.76,0,130818,33,Desenho,Raiva,3018,Exposicao_Face
130835,17,519,433,5.81,0,130835,33,Desenho,Raiva,3035,Exposicao_Face
130851,17,522,438,5.78,0,130851,33,Desenho,Raiva,3051,Exposicao_Face
130868,17,520,438,5.76,0,130868,33,Desenho,Raiva,3068,Exposicao_Face
130885,17,518,447,5.76,0,130885,33,Desenho,Raiva,3085,Exposicao_Face
130901,17,518,446,5.86,0,130901,33,Desenho,Raiva,3101,Exposicao_Face
130918,17,520,446,5.81,0,130918,33,Desenho,Raiva,3118,Exposicao_Face
130934,17,520,447,5.81,0,130934,33,Desenho,Raiva,3134,Exposicao_Face
130951,17,522,425,5.74,0,130951,33,Desenho,Raiva,3151,Exposicao_Face
130968,17,516,435,5.76,0,130968,33,Desenho,Raiva,3168,Exposicao_Face
130984,17,528,419,5.78,0,130984,33,Desenho,Raiva,3184,Exposicao_Face
131001,17,522,425,5.69,0,131001,33,Desenho,Raiva,3201,Exposicao_Face
131018,17,521,420,5.73,0,131018,33,Desenho,Raiva,3218,Exposicao_Face
131034,17,528,418,5.71,0,131034,33,Desenho,Raiva,3234,Exposicao_Face
131051,17,517,423,5.78,0,131051,33,Desenho,Raiva,3251,Exposicao_Face
131068,17,523,436,5.81,0,131068,33,Desenho,Raiva,3268,Exposicao_Face
131084,17,531,435,5.84,0,131084,33,Desenho,Raiva,3284,Exposicao_Face
131101,17,519,420,5.76,0,131101,33,Desenho,Raiva,3301,Exposicao_Face
131117,17,519,445,5.82,0,131117,33,Desenho,Raiva,3317,Exposicao_Face
131134,17,530,447,5.73,0,131134,33,Desenho,Raiva,3334,Exposicao_Face
131151,17,575,490,5.84,0,131151,33,Desenho,Raiva,3351,Exposicao_Face
131167,17,594,522,5.94,0,131167,33,Desenho,Raiva,3367,Exposicao_Face
131184,17,601,466,5.82,0,131184,33,Desenho,Raiva,3384,Exposicao_Face
131201,17,595,503,5.92,0,131201,33,Desenho,Raiva,3401,Exposicao_Face
131217,17,591,585,5.82,0,131217,33,Desenho,Raiva,3417,Exposicao_Face
131234,17,580,599,5.89,0,131234,33,Desenho,Raiva,3434,Exposicao_Face
131251,17,566,584,5.81,0,131251,33,Desenho,Raiva,3451,Exposicao_Face
131267,17,570,584,5.9,0,131267,33,Desenho,Raiva,3467,Exposicao_Face
131284,17,560,559,5.92,0,131284,33,Desenho,Raiva,3484,Exposicao_Face
131300,17,560,633,5.9,0,131300,33,Desenho,Raiva,3500,Exposicao_Face
131317,17,560,652,5.9,0,131317,33,Desenho,Raiva,3517,Exposicao_Face
131334,17,556,680,5.89,0,131334,33,Desenho,Raiva,3534,Exposicao_Face
131350,17,560,655,5.89,0,131350,33,Desenho,Raiva,3550,Exposicao_Face
131367,17,554,669,5.9,0,131367,33,Desenho,Raiva,3567,Exposicao_Face
131384,17,559,662,5.84,0,131384,33,Desenho,Raiva,3584,Exposicao_Face
131400,17,555,677,5.87,0,131400,33,Desenho,Raiva,3600,Exposicao_Face
131417,17,557,672,5.9,0,131417,33,Desenho,Raiva,3617,Exposicao_Face
131434,17,559,674,5.92,0,131434,33,Desenho,Raiva,3634,Exposicao_Face
131450,17,556,664,5.84,0,131450,33,Desenho,Raiva,3650,Exposicao_Face
131467,17,557,677,5.94,0,131467,33,Desenho,Raiva,3667,Exposicao_Face
131483,17,560,656,5.86,0,131483,33,Desenho,Raiva,3683,Exposicao_Face
131500,17,559,674,5.84,0,131500,33,Desenho,Raiva,3700,Exposicao_Face
131517,17,556,679,5.82,0,131517,33,Desenho,Raiva,3717,Exposicao_Face
131533,17,554,658,5.82,0,131533,33,Desenho,Raiva,3733,Exposicao_Face
131550,17,553,677,5.82,0,131550,33,Desenho,Raiva,3750,Exposicao_Face
131567,17,559,680,5.79,0,131567,33,Desenho,Raiva,3767,Exposicao_Face
131583,17,551,680,5.9,0,131583,33,Desenho,Raiva,3783,Exposicao_Face
131600,17,512,520,5.79,0,131600,33,Desenho,Raiva,3800,Exposicao_Face
131617,17,510,505,5.74,0,131617,33,Desenho,Raiva,3817,Exposicao_Face
131633,17,507,495,5.76,0,131633,33,Desenho,Raiva,3833,Exposicao_Face
131650,17,516,490,5.71,0,131650,33,Desenho,Raiva,3850,Exposicao_Face
131666,17,515,490,5.66,0,131666,33,Desenho,Raiva,3866,Exposicao_Face
131683,17,510,461,5.68,0,131683,33,Desenho,Raiva,3883,Exposicao_Face
131700,17,515,465,5.66,0,131700,33,Desenho,Raiva,3900,Exposicao_Face
131716,17,512,476,5.74,0,131716,33,Desenho,Raiva,3916,Exposicao_Face
131733,17,517,478,5.73,0,131733,33,Desenho,Raiva,3933,Exposicao_Face
131750,17,517,488,5.71,0,131750,33,Desenho,Raiva,3950,Exposicao_Face
131766,17,515,477,5.71,0,131766,33,Desenho,Raiva,3966,Exposicao_Face
131783,17,513,469,5.66,0,131783,33,Desenho,Raiva,3983,Exposicao_Face
131799,17,516,493,5.76,0,131799,33,Desenho,Raiva,3999,Exposicao_Face
131816,17,512,486,5.81,0,131816,34,Desenho,Feliz,16,Janela_Baseline
131833,17,516,479,5.76,0,131833,34,Desenho,Feliz,33,Janela_Baseline
131849,17,516,490,5.79,0,131849,34,Desenho,Feliz,49,Janela_Baseline
131866,17,515,470,5.74,0,131866,34,Desenho,Feliz,66,Janela_Baseline
131883,17,491,428,5.66,0,131883,34,Desenho,Feliz,83,Janela_Baseline
131899,17,483,441,5.84,0,131899,34,Desenho,Feliz,99,Janela_Baseline
131916,17,484,425,5.71,0,131916,34,Desenho,Feliz,116,Janela_Baseline
131933,17,485,426,5.71,0,131933,34,Desenho,Feliz,133,Janela_Baseline
131949,17,487,440,5.78,0,131949,34,Desenho,Feliz,149,Janela_Baseline
131966,17,487,434,5.74,0,131966,34,Desenho,Feliz,166,Janela_Baseline
131982,17,488,418,5.69,0,131982,34,Desenho,Feliz,182,Janela_Baseline
131999,17,488,438,5.79,0,131999,34,Desenho,Feliz,199,Janela_Baseline
132016,17,486,438,5.73,0,132016,34,Desenho,Feliz,216,Janela_Baseline
132032,17,482,410,5.63,0,132032,34,Desenho,Feliz,232,Janela_Baseline
132049,17,489,417,5.69,0,132049,34,Desenho,Feliz,249,Janela_Baseline
132066,17,488,420,5.66,0,132066,34,Desenho,Feliz,266,Janela_Baseline
132082,17,485,421,5.68,0,132082,34,Desenho,Feliz,282,Janela_Baseline
132099,17,488,421,5.68,0,132099,34,Desenho,Feliz,299,Janela_Baseline
132116,17,487,437,5.68,0,132116,34,Desenho,Feliz,316,Janela_Baseline
132132,17,487,437,5.76,0,132132,34,Desenho,Feliz,332,Janela_Baseline
132149,17,486,423,5.65,0,132149,34,Desenho,Feliz,349,Janela_Baseline
132165,17,483,431,5.73,0,132165,34,Desenho,Feliz,365,Janela_Baseline
132182,17,493,420,5.69,0,132182,34,Desenho,Feliz,382,Janela_Baseline
132199,17,488,429,5.66,0,132199,34,Desenho,Feliz,399,Janela_Baseline
132215,17,489,411,5.65,0,132215,34,Desenho,Feliz,415,Janela_Baseline
132232,17,489,412,5.66,0,132232,34,Desenho,Feliz,432,Janela_Baseline
132249,17,490,422,5.66,0,132249,34,Desenho,Feliz,449,Janela_Baseline
132265,17,491,428,5.63,0,132265,34,Desenho,Feliz,465,Janela_Baseline
132282,17,495,421,5.68,0,132282,34,Desenho,Feliz,482,Janela_Baseline
132299,17,489,427,5.68,0,132299,34,Desenho,Feliz,499,Janela_Baseline
132315,17,491,431,5.66,0,132315,34,Desenho,Feliz,515,Janela_Baseline
132332,17,492,422,5.6,0,132332,34,Desenho,Feliz,532,Janela_Baseline
132348,17,495,426,5.6,0,132348,34,Desenho,Feliz,548,Janela_Baseline
132365,17,497,431,5.58,0,132365,34,Desenho,Feliz,565,Janela_Baseline
132382,17,497,428,5.65,0,132382,34,Desenho,Feliz,582,Janela_Baseline
132398,17,490,436,5.6,0,132398,34,Desenho,Feliz,598,Janela_Baseline
132415,17,492,477,5.53,0,132415,34,Desenho,Feliz,615,Janela_Baseline
132432,17,489,491,5.6,0,132432,34,Desenho,Feliz,632,Janela_Baseline
132448,17,488,507,5.65,0,132448,34,Desenho,Feliz,648,Janela_Baseline
132465,17,484,480,5.61,0,132465,34,Desenho,Feliz,665,Janela_Baseline
132482,17,489,499,5.58,0,132482,34,Desenho,Feliz,682,Janela_Baseline
132498,17,487,497,5.65,0,132498,34,Desenho,Feliz,698,Janela_Baseline
132515,17,483,487,5.6,0,132515,34,Desenho,Feliz,715,Janela_Baseline
132531,17,485,479,5.57,0,132531,34,Desenho,Feliz,731,Janela_Baseline
132548,17,488,512,5.69,0,132548,34,Desenho,Feliz,748,Janela_Baseline
132565,17,491,486,5.58,0,132565,34,Desenho,Feliz,765,Janela_Baseline
132581,17,485,503,5.66,0,132581,34,Desenho,Feliz,781,Janela_Baseline
132598,17,487,499,5.63,0,132598,34,Desenho,Feliz,798,Janela_Baseline
132615,17,488,501,5.63,0,132615,34,Desenho,Feliz,815,Janela_Baseline
132631,17,485,508,5.69,0,132631,34,Desenho,Feliz,831,Janela_Baseline
132648,17,488,511,5.65,0,132648,34,Desenho,Feliz,848,Janela_Baseline
132665,17,486,518,5.71,0,132665,34,Desenho,Feliz,865,Janela_Baseline
132681,17,487,507,5.66,0,132681,34,Desenho,Feliz,881,Janela_Baseline
132698,17,484,498,5.63,0,132698,34,Desenho,Feliz,898,Janela_Baseline
132714,17,485,520,5.73,0,132714,34,Desenho,Feliz,914,Janela_Baseline
132731,17,488,498,5.71,0,132731,34,Desenho,Feliz,931,Janela_Baseline
132748,17,485,510,5.71,0,132748,34,Desenho,Feliz,948,Janela_Baseline
132764,17,482,477,5.74,0,132764,34,Desenho,Feliz,964,Janela_Baseline
132781,17,489,497,5.68,0,132781,34,Desenho,Feliz,981,Janela_Baseline
132798,17,484,477,5.68,0,132798,34,Desenho,Feliz,998,Janela_Baseline
132814,17,482,474,5.82,0,132814,34,Desenho,Feliz,1014,Janela_Baseline
132831,17,486,494,5.82,0,132831,34,Desenho,Feliz,1031,Janela_Baseline
132848,17,482,483,5.81,0,132848,34,Desenho,Feliz,1048,Janela_Baseline
132864,17,482,517,5.79,0,132864,34,Desenho,Feliz,1064,Janela_Baseline
132881,17,489,519,5.84,0,132881,34,Desenho,Feliz,1081,Janela_Baseline
132897,17,484,516,5.81,0,132897,34,Desenho,Feliz,1097,Janela_Baseline
132914,17,483,475,5.79,0,132914,34,Desenho,Feliz,1114,Janela_Baseline
132931,17,490,514,5.87,0,132931,34,Desenho,Feliz,1131,Janela_Baseline
132947,17,494,510,5.84,0,132947,34,Desenho,Feliz,1147,Janela_Baseline
132964,17,493,540,5.89,0,132964,34,Desenho,Feliz,1164,Janela_Baseline
132981,17,500,548,5.79,0,132981,34,Desenho,Feliz,1181,Janela_Baseline
132997,17,492,535,5.82,0,132997,34,Desenho,Feliz,1197,Janela_Baseline
133014,17,498,520,5.71,0,133014,34,Desenho,Feliz,1214,Janela_Baseline
133030,17,498,537,5.82,0,133030,34,Desenho,Feliz,1230,Janela_Baseline
133047,17,500,558,5.86,0,133047,34,Desenho,Feliz,1247,Janela_Baseline
133064,17,502,537,5.87,0,133064,34,Desenho,Feliz,1264,Janela_Baseline
133080,17,501,542,5.82,0,133080,34,Desenho,Feliz,1280,Janela_Baseline
133097,17,493,528,5.87,0,133097,34,Desenho,Feliz,1297,Janela_Baseline
133114,17,497,530,5.78,0,133114,34,Desenho,Feliz,1314,Exposicao_Face
133130,17,497,552,5.79,0,133130,34,Desenho,Feliz,1330,Exposicao_Face
133147,17,496,543,5.81,0,133147,34,Desenho,Feliz,1347,Exposicao_Face
133164,17,499,546,5.76,0,133164,34,Desenho,Feliz,1364,Exposicao_Face
133180,17,498,559,5.79,0,133180,34,Desenho,Feliz,1380,Exposicao_Face
133197,17,497,516,5.74,0,133197,34,Desenho,Feliz,1397,Exposicao_Face
133213,17,501,546,5.74,0,133213,34,Desenho,Feliz,1413,Exposicao_Face
133230,17,499,546,5.71,0,133230,34,Desenho,Feliz,1430,Exposicao_Face
133247,17,497,543,5.71,0,133247,34,Desenho,Feliz,1447,Exposicao_Face
133263,17,497,537,5.69,0,133263,34,Desenho,Feliz,1463,Exposicao_Face
133280,17,494,534,5.68,0,133280,34,Desenho,Feliz,1480,Exposicao_Face
133297,17,498,541,5.58,0,133297,34,Desenho,Feliz,1497,Exposicao_Face
133313,17,500,516,5.63,0,133313,34,Desenho,Feliz,1513,Exposicao_Face
133330,17,499,503,5.58,0,133330,34,Desenho,Feliz,1530,Exposicao_Face
133347,17,498,520,5.65,0,133347,34,Desenho,Feliz,1547,Exposicao_Face
133363,17,497,546,5.6,0,133363,34,Desenho,Feliz,1563,Exposicao_Face
133380,17,499,539,5.58,0,133380,34,Desenho,Feliz,1580,Exposicao_Face
133396,17,497,539,5.57,0,133396,34,Desenho,Feliz,1596,Exposicao_Face
133413,17,492,520,5.57,0,133413,34,Desenho,Feliz,1613,Exposicao_Face
133430,17,493,525,5.5,0,133430,34,Desenho,Feliz,1630,Exposicao_Face
133446,17,495,528,5.52,0,133446,34,Desenho,Feliz,1646,Exposicao_Face
133463,17,494,525,5.45,0,133463,34,Desenho,Feliz,1663,Exposicao_Face
133480,17,497,521,5.55,0,133480,34,Desenho,Feliz,1680,Exposicao_Face
133496,17,491,534,5.53,0,133496,34,Desenho,Feliz,1696,Exposicao_Face
133513,17,496,522,5.53,0,133513,34,Desenho,Feliz,1713,Exposicao_Face
133530,17,492,515,5.53,0,133530,34,Desenho,Feliz,1730,Exposicao_Face
133546,17,496,549,5.57,0,133546,34,Desenho,Feliz,1746,Exposicao_Face
133563,17,491,533,5.52,0,133563,34,Desenho,Feliz,1763,Exposicao_Face
133579,17,497,522,5.5,0,133579,34,Desenho,Feliz,1779,Exposicao_Face
133596,17,488,518,5.49,0,133596,34,Desenho,Feliz,1796,Exposicao_Face
133613,17,494,521,5.47,0,133613,34,Desenho,Feliz,1813,Exposicao_Face
133629,17,499,531,5.53,0,133629,34,Desenho,Feliz,1829,Exposicao_Face
133646,17,493,538,5.58,0,133646,34,Desenho,Feliz,1846,Exposicao_Face
133663,17,495,533,5.55,0,133663,34,Desenho,Feliz,1863,Exposicao_Face
133679,17,495,530,5.58,0,133679,34,Desenho,Feliz,1879,Exposicao_Face
133696,17,496,541,5.68,0,133696,34,Desenho,Feliz,1896,Exposicao_Face
133713,17,494,531,5.57,0,133713,34,Desenho,Feliz,1913,Exposicao_Face
133729,17,496,528,5.65,0,133729,34,Desenho,Feliz,1929,Exposicao_Face
133746,17,496,521,5.63,0,133746,34,Desenho,Feliz,1946,Exposicao_Face
133762,17,495,536,5.61,0,133762,34,Desenho,Feliz,1962,Exposicao_Face
133779,17,492,504,5.55,0,133779,34,Desenho,Feliz,1979,Exposicao_Face
133796,17,498,519,5.55,0,133796,34,Desenho,Feliz,1996,Exposicao_Face
133812,17,495,515,5.66,0,133812,34,Desenho,Feliz,2012,Exposicao_Face
133829,17,492,510,5.61,0,133829,34,Desenho,Feliz,2029,Exposicao_Face
133846,17,490,539,5.74,0,133846,34,Desenho,Feliz,2046,Exposicao_Face
133862,17,496,514,5.65,0,133862,34,Desenho,Feliz,2062,Exposicao_Face
133879,17,492,519,5.69,0,133879,34,Desenho,Feliz,2079,Exposicao_Face
133896,17,492,533,5.71,0,133896,34,Desenho,Feliz,2096,Exposicao_Face
133912,17,497,525,5.71,0,133912,34,Desenho,Feliz,2112,Exposicao_Face
133929,17,494,521,5.71,0,133929,34,Desenho,Feliz,2129,Exposicao_Face
133945,17,491,529,5.76,0,133945,34,Desenho,Feliz,2145,Exposicao_Face
133962,17,492,535,5.79,0,133962,34,Desenho,Feliz,2162,Exposicao_Face
133979,17,491,517,5.76,0,133979,34,Desenho,Feliz,2179,Exposicao_Face
133995,17,496,549,5.79,0,133995,34,Desenho,Feliz,2195,Exposicao_Face
134012,17,494,534,5.78,0,134012,34,Desenho,Feliz,2212,Exposicao_Face
134029,17,491,541,5.79,0,134029,34,Desenho,Feliz,2229,Exposicao_Face
134045,17,494,534,5.78,0,134045,34,Desenho,Feliz,2245,Exposicao_Face
134062,17,495,515,5.81,0,134062,34,Desenho,Feliz,2262,Exposicao_Face
134078,17,496,536,5.84,0,134078,34,Desenho,Feliz,2278,Exposicao_Face
134095,17,487,538,5.86,0,134095,34,Desenho,Feliz,2295,Exposicao_Face
134112,17,491,522,5.81,0,134112,34,Desenho,Feliz,2312,Exposicao_Face
134128,17,491,529,5.82,0,134128,34,Desenho,Feliz,2328,Exposicao_Face
134145,17,491,508,5.81,0,134145,34,Desenho,Feliz,2345,Exposicao_Face
134162,17,493,523,5.84,0,134162,34,Desenho,Feliz,2362,Exposicao_Face
134178,17,494,527,5.84,0,134178,34,Desenho,Feliz,2378,Exposicao_Face
134195,17,497,512,5.81,0,134195,34,Desenho,Feliz,2395,Exposicao_Face
134212,17,495,526,5.86,0,134212,34,Desenho,Feliz,2412,Exposicao_Face
134228,17,493,518,5.87,0,134228,34,Desenho,Feliz,2428,Exposicao_Face
134245,17,506,508,5.84,0,134245,34,Desenho,Feliz,2445,Exposicao_Face
134261,17,512,511,5.82,0,134261,34,Desenho,Feliz,2461,Exposicao_Face
134278,17,489,519,5.79,0,134278,34,Desenho,Feliz,2478,Exposicao_Face
134295,17,493,513,5.84,0,134295,34,Desenho,Feliz,2495,Exposicao_Face
134311,17,493,519,5.81,0,134311,34,Desenho,Feliz,2511,Exposicao_Face
134328,17,499,557,5.86,0,134328,34,Desenho,Feliz,2528,Exposicao_Face
134345,17,486,621,5.87,0,134345,34,Desenho,Feliz,2545,Exposicao_Face
134361,17,490,618,5.87,0,134361,34,Desenho,Feliz,2561,Exposicao_Face
134378,17,490,638,5.9,0,134378,34,Desenho,Feliz,2578,Exposicao_Face
134395,17,494,635,5.9,0,134395,34,Desenho,Feliz,2595,Exposicao_Face
134411,17,490,623,5.89,0,134411,34,Desenho,Feliz,2611,Exposicao_Face
134428,17,485,643,5.87,0,134428,34,Desenho,Feliz,2628,Exposicao_Face
134444,17,489,645,5.86,0,134444,34,Desenho,Feliz,2644,Exposicao_Face
134461,17,488,643,5.89,0,134461,34,Desenho,Feliz,2661,Exposicao_Face
134478,17,484,641,5.89,0,134478,34,Desenho,Feliz,2678,Exposicao_Face
134494,17,488,658,5.9,0,134494,34,Desenho,Feliz,2694,Exposicao_Face
134511,17,496,623,5.76,0,134511,34,Desenho,Feliz,2711,Exposicao_Face
134528,17,487,625,5.76,0,134528,34,Desenho,Feliz,2728,Exposicao_Face
134544,17,494,638,5.79,0,134544,34,Desenho,Feliz,2744,Exposicao_Face
134561,17,492,610,5.74,0,134561,34,Desenho,Feliz,2761,Exposicao_Face
134578,17,491,628,5.74,0,134578,34,Desenho,Feliz,2778,Exposicao_Face
134594,17,495,631,5.74,0,134594,34,Desenho,Feliz,2794,Exposicao_Face
134611,17,493,626,5.69,0,134611,34,Desenho,Feliz,2811,Exposicao_Face
134627,17,488,610,5.68,0,134627,34,Desenho,Feliz,2827,Exposicao_Face
134644,17,490,607,5.66,0,134644,34,Desenho,Feliz,2844,Exposicao_Face
134661,17,497,625,5.68,0,134661,34,Desenho,Feliz,2861,Exposicao_Face
134677,17,491,637,5.63,0,134677,34,Desenho,Feliz,2877,Exposicao_Face
134694,17,493,641,5.61,0,134694,34,Desenho,Feliz,2894,Exposicao_Face
134711,17,493,625,5.69,0,134711,34,Desenho,Feliz,2911,Exposicao_Face
134727,17,494,611,5.55,0,134727,34,Desenho,Feliz,2927,Exposicao_Face
134744,17,547,686,5.66,0,134744,34,Desenho,Feliz,2944,Exposicao_Face
134761,17,602,690,5.61,0,134761,34,Desenho,Feliz,2961,Exposicao_Face
134777,17,649,786,5.58,0,134777,34,Desenho,Feliz,2977,Exposicao_Face
134794,17,690,871,5.52,0,134794,34,Desenho,Feliz,2994,Exposicao_Face
134810,17,729,973,5.61,0,134810,34,Desenho,Feliz,3010,Exposicao_Face
135626,815,825,967,0.0,0,135626,34,Desenho,Feliz,3826,Exposicao_Face
135642,17,748,845,0.0,0,135642,34,Desenho,Feliz,3842,Exposicao_Face
135659,17,792,814,0.0,0,135659,34,Desenho,Feliz,3859,Exposicao_Face
135675,17,667,769,0.0,0,135675,34,Desenho,Feliz,3875,Exposicao_Face
135725,50,556,516,0.0,0,135725,34,Desenho,Feliz,3925,Exposicao_Face
135759,33,588,927,0.0,0,135759,34,Desenho,Feliz,3959,Exposicao_Face
135775,17,581,851,0.0,0,135775,34,Desenho,Feliz,3975,Exposicao_Face
135792,17,568,765,0.0,0,135792,34,Desenho,Feliz,3992,Exposicao_Face
135809,17,477,1035,5.82,0,135809,35,Desenho,Neutro,9,Janela_Baseline
135825,17,477,882,5.66,0,135825,35,Desenho,Neutro,25,Janela_Baseline
135842,17,492,760,5.63,0,135842,35,Desenho,Neutro,42,Janela_Baseline
135858,17,496,646,5.6,0,135858,35,Desenho,Neutro,58,Janela_Baseline
135875,17,498,563,5.61,0,135875,35,Desenho,Neutro,75,Janela_Baseline
135892,17,502,449,5.63,0,135892,35,Desenho,Neutro,92,Janela_Baseline
135908,17,502,335,5.5,0,135908,35,Desenho,Neutro,108,Janela_Baseline
135925,17,509,410,5.55,0,135925,35,Desenho,Neutro,125,Janela_Baseline
135942,17,504,462,5.5,0,135942,35,Desenho,Neutro,142,Janela_Baseline
135958,17,509,452,5.49,0,135958,35,Desenho,Neutro,158,Janela_Baseline
135975,17,512,472,5.55,0,135975,35,Desenho,Neutro,175,Janela_Baseline
135992,17,509,453,5.52,0,135992,35,Desenho,Neutro,192,Janela_Baseline
136008,17,509,457,5.45,0,136008,35,Desenho,Neutro,208,Janela_Baseline
136025,17,507,443,5.49,0,136025,35,Desenho,Neutro,225,Janela_Baseline
136041,17,509,429,5.42,0,136041,35,Desenho,Neutro,241,Janela_Baseline
136058,17,497,424,5.47,0,136058,35,Desenho,Neutro,258,Janela_Baseline
136075,17,502,401,5.45,0,136075,35,Desenho,Neutro,275,Janela_Baseline
136091,17,503,397,5.45,0,136091,35,Desenho,Neutro,291,Janela_Baseline
136108,17,503,366,5.36,0,136108,35,Desenho,Neutro,308,Janela_Baseline
136125,17,500,397,5.42,0,136125,35,Desenho,Neutro,325,Janela_Baseline
136141,17,502,402,5.41,0,136141,35,Desenho,Neutro,341,Janela_Baseline
136158,17,503,384,5.45,0,136158,35,Desenho,Neutro,358,Janela_Baseline
136175,17,503,385,5.33,0,136175,35,Desenho,Neutro,375,Janela_Baseline
136191,17,505,395,5.37,0,136191,35,Desenho,Neutro,391,Janela_Baseline
136208,17,500,387,5.34,0,136208,35,Desenho,Neutro,408,Janela_Baseline
136224,17,502,381,5.36,0,136224,35,Desenho,Neutro,424,Janela_Baseline
136241,17,503,401,5.44,0,136241,35,Desenho,Neutro,441,Janela_Baseline
136258,17,492,384,5.37,0,136258,35,Desenho,Neutro,458,Janela_Baseline
136274,17,505,400,5.37,0,136274,35,Desenho,Neutro,474,Janela_Baseline
136291,17,507,365,5.31,0,136291,35,Desenho,Neutro,491,Janela_Baseline
136308,17,501,397,5.29,0,136308,35,Desenho,Neutro,508,Janela_Baseline
136324,17,502,399,5.41,0,136324,35,Desenho,Neutro,524,Janela_Baseline
136341,17,496,388,5.36,0,136341,35,Desenho,Neutro,541,Janela_Baseline
136357,17,501,385,5.33,0,136357,35,Desenho,Neutro,557,Janela_Baseline
136374,17,500,389,5.36,0,136374,35,Desenho,Neutro,574,Janela_Baseline
136391,17,498,368,5.28,0,136391,35,Desenho,Neutro,591,Janela_Baseline
136407,17,501,380,5.31,0,136407,35,Desenho,Neutro,607,Janela_Baseline
136424,17,504,397,5.36,0,136424,35,Desenho,Neutro,624,Janela_Baseline
136441,17,499,392,5.31,0,136441,35,Desenho,Neutro,641,Janela_Baseline
136457,17,503,388,5.29,0,136457,35,Desenho,Neutro,657,Janela_Baseline
136474,17,500,365,5.18,0,136474,35,Desenho,Neutro,674,Janela_Baseline
136491,17,506,395,5.29,0,136491,35,Desenho,Neutro,691,Janela_Baseline
136507,17,498,392,5.31,0,136507,35,Desenho,Neutro,707,Janela_Baseline
136524,17,498,401,5.31,0,136524,35,Desenho,Neutro,724,Janela_Baseline
136540,17,503,392,5.28,0,136540,35,Desenho,Neutro,740,Janela_Baseline
136557,17,500,385,5.25,0,136557,35,Desenho,Neutro,757,Janela_Baseline
136574,17,499,391,5.26,0,136574,35,Desenho,Neutro,774,Janela_Baseline
136590,17,501,408,5.33,0,136590,35,Desenho,Neutro,790,Janela_Baseline
136607,17,502,383,5.25,0,136607,35,Desenho,Neutro,807,Janela_Baseline
136624,17,504,402,5.31,0,136624,35,Desenho,Neutro,824,Janela_Baseline
136640,17,501,415,5.33,0,136640,35,Desenho,Neutro,840,Janela_Baseline
136657,17,502,385,5.31,0,136657,35,Desenho,Neutro,857,Janela_Baseline
136674,17,503,401,5.39,0,136674,35,Desenho,Neutro,874,Janela_Baseline
136690,17,502,402,5.33,0,136690,35,Desenho,Neutro,890,Janela_Baseline
136707,17,504,395,5.33,0,136707,35,Desenho,Neutro,907,Janela_Baseline
136723,17,502,402,5.34,0,136723,35,Desenho,Neutro,923,Janela_Baseline
136740,17,508,388,5.33,0,136740,35,Desenho,Neutro,940,Janela_Baseline
136757,17,500,368,5.37,0,136757,35,Desenho,Neutro,957,Janela_Baseline
136773,17,507,380,5.39,0,136773,35,Desenho,Neutro,973,Janela_Baseline
136790,17,507,394,5.42,0,136790,35,Desenho,Neutro,990,Janela_Baseline
136807,17,505,397,5.52,0,136807,35,Desenho,Neutro,1007,Janela_Baseline
136823,17,508,362,5.39,0,136823,35,Desenho,Neutro,1023,Janela_Baseline
136840,17,510,393,5.44,0,136840,35,Desenho,Neutro,1040,Janela_Baseline
136857,17,507,406,5.5,0,136857,35,Desenho,Neutro,1057,Janela_Baseline
136873,17,470,428,5.44,0,136873,35,Desenho,Neutro,1073,Janela_Baseline
136890,17,453,489,5.41,0,136890,35,Desenho,Neutro,1090,Janela_Baseline
136906,17,447,494,5.45,0,136906,35,Desenho,Neutro,1106,Janela_Baseline
136923,17,446,512,5.47,0,136923,35,Desenho,Neutro,1123,Janela_Baseline
136940,17,438,516,5.49,0,136940,35,Desenho,Neutro,1140,Janela_Baseline
136956,17,422,507,5.47,0,136956,35,Desenho,Neutro,1156,Janela_Baseline
136973,17,428,503,5.49,0,136973,35,Desenho,Neutro,1173,Janela_Baseline
136990,17,448,514,5.57,0,136990,35,Desenho,Neutro,1190,Janela_Baseline
137006,17,449,484,5.45,0,137006,35,Desenho,Neutro,1206,Janela_Baseline
137023,17,447,516,5.58,0,137023,35,Desenho,Neutro,1223,Janela_Baseline
137040,17,446,510,5.57,0,137040,35,Desenho,Neutro,1240,Janela_Baseline
137056,17,451,514,5.58,0,137056,35,Desenho,Neutro,1256,Janela_Baseline
137073,17,444,517,5.53,0,137073,35,Desenho,Neutro,1273,Janela_Baseline
137089,17,439,516,5.6,0,137089,35,Desenho,Neutro,1289,Janela_Baseline
137106,17,445,520,5.66,0,137106,35,Desenho,Neutro,1306,Exposicao_Face
137123,17,429,502,5.61,0,137123,35,Desenho,Neutro,1323,Exposicao_Face
137139,17,442,516,5.6,0,137139,35,Desenho,Neutro,1339,Exposicao_Face
137156,17,443,521,5.63,0,137156,35,Desenho,Neutro,1356,Exposicao_Face
137173,17,443,500,5.66,0,137173,35,Desenho,Neutro,1373,Exposicao_Face
137189,17,447,520,5.68,0,137189,35,Desenho,Neutro,1389,Exposicao_Face
137206,17,441,494,5.6,0,137206,35,Desenho,Neutro,1406,Exposicao_Face
137223,17,442,505,5.66,0,137223,35,Desenho,Neutro,1423,Exposicao_Face
137239,17,435,511,5.66,0,137239,35,Desenho,Neutro,1439,Exposicao_Face
137256,17,442,515,5.78,0,137256,35,Desenho,Neutro,1456,Exposicao_Face
137272,17,437,512,5.69,0,137272,35,Desenho,Neutro,1472,Exposicao_Face
137289,17,442,514,5.68,0,137289,35,Desenho,Neutro,1489,Exposicao_Face
137306,17,435,509,5.73,0,137306,35,Desenho,Neutro,1506,Exposicao_Face
137322,17,426,508,5.74,0,137322,35,Desenho,Neutro,1522,Exposicao_Face
137339,17,442,518,5.68,0,137339,35,Desenho,Neutro,1539,Exposicao_Face
137356,17,436,521,5.79,0,137356,35,Desenho,Neutro,1556,Exposicao_Face
137372,17,435,517,5.69,0,137372,35,Desenho,Neutro,1572,Exposicao_Face
137389,17,435,514,5.69,0,137389,35,Desenho,Neutro,1589,Exposicao_Face
137406,17,378,525,5.76,0,137406,35,Desenho,Neutro,1606,Exposicao_Face
137422,17,381,524,5.69,0,137422,35,Desenho,Neutro,1622,Exposicao_Face
137439,17,375,519,5.68,0,137439,35,Desenho,Neutro,1639,Exposicao_Face
137455,17,375,507,5.66,0,137455,35,Desenho,Neutro,1655,Exposicao_Face
137472,17,379,525,5.68,0,137472,35,Desenho,Neutro,1672,Exposicao_Face
137489,17,374,529,5.68,0,137489,35,Desenho,Neutro,1689,Exposicao_Face
137505,17,378,538,5.71,0,137505,35,Desenho,Neutro,1705,Exposicao_Face
137522,17,379,536,5.66,0,137522,35,Desenho,Neutro,1722,Exposicao_Face
137539,17,378,531,5.68,0,137539,35,Desenho,Neutro,1739,Exposicao_Face
137555,17,378,514,5.66,0,137555,35,Desenho,Neutro,1755,Exposicao_Face
137572,17,379,507,5.66,0,137572,35,Desenho,Neutro,1772,Exposicao_Face
137588,17,381,519,5.65,0,137588,35,Desenho,Neutro,1788,Exposicao_Face
137605,17,375,521,5.68,0,137605,35,Desenho,Neutro,1805,Exposicao_Face
137622,17,371,527,5.68,0,137622,35,Desenho,Neutro,1822,Exposicao_Face
137638,17,376,521,5.69,0,137638,35,Desenho,Neutro,1838,Exposicao_Face
137655,17,376,507,5.61,0,137655,35,Desenho,Neutro,1855,Exposicao_Face
137672,17,380,497,5.58,0,137672,35,Desenho,Neutro,1872,Exposicao_Face
137688,17,375,517,5.68,0,137688,35,Desenho,Neutro,1888,Exposicao_Face
137705,17,383,520,5.69,0,137705,35,Desenho,Neutro,1905,Exposicao_Face
137722,17,385,514,5.68,0,137722,35,Desenho,Neutro,1922,Exposicao_Face
137738,17,381,523,5.69,0,137738,35,Desenho,Neutro,1938,Exposicao_Face
137755,17,373,509,5.69,0,137755,35,Desenho,Neutro,1955,Exposicao_Face
137771,17,382,510,5.73,0,137771,35,Desenho,Neutro,1971,Exposicao_Face
137788,17,379,537,5.79,0,137788,35,Desenho,Neutro,1988,Exposicao_Face
137805,17,376,516,5.69,0,137805,35,Desenho,Neutro,2005,Exposicao_Face
137821,17,389,504,5.71,0,137821,35,Desenho,Neutro,2021,Exposicao_Face
137838,17,369,511,5.76,0,137838,35,Desenho,Neutro,2038,Exposicao_Face
137855,17,385,519,5.69,0,137855,35,Desenho,Neutro,2055,Exposicao_Face
137871,17,383,532,5.74,0,137871,35,Desenho,Neutro,2071,Exposicao_Face
137888,17,382,504,5.66,0,137888,35,Desenho,Neutro,2088,Exposicao_Face
137905,17,401,498,5.74,0,137905,35,Desenho,Neutro,2105,Exposicao_Face
137921,17,475,419,5.79,0,137921,35,Desenho,Neutro,2121,Exposicao_Face
137938,17,484,423,5.79,0,137938,35,Desenho,Neutro,2138,Exposicao_Face
137954,17,480,414,5.74,0,137954,35,Desenho,Neutro,2154,Exposicao_Face
137971,17,488,391,5.74,0,137971,35,Desenho,Neutro,2171,Exposicao_Face
137988,17,485,416,5.81,0,137988,35,Desenho,Neutro,2188,Exposicao_Face
138004,17,487,401,5.71,0,138004,35,Desenho,Neutro,2204,Exposicao_Face
138021,17,496,408,5.79,0,138021,35,Desenho,Neutro,2221,Exposicao_Face
138038,17,484,403,5.73,0,138038,35,Desenho,Neutro,2238,Exposicao_Face
138054,17,486,410,5.78,0,138054,35,Desenho,Neutro,2254,Exposicao_Face
138071,17,481,393,5.79,0,138071,35,Desenho,Neutro,2271,Exposicao_Face
138088,17,485,419,5.84,0,138088,35,Desenho,Neutro,2288,Exposicao_Face
138104,17,488,400,5.78,0,138104,35,Desenho,Neutro,2304,Exposicao_Face
138121,17,482,418,5.86,0,138121,35,Desenho,Neutro,2321,Exposicao_Face
138137,17,490,419,5.87,0,138137,35,Desenho,Neutro,2337,Exposicao_Face
138154,17,476,411,5.86,0,138154,35,Desenho,Neutro,2354,Exposicao_Face
138171,17,485,413,5.79,0,138171,35,Desenho,Neutro,2371,Exposicao_Face
138187,17,475,424,5.89,0,138187,35,Desenho,Neutro,2387,Exposicao_Face
138204,17,479,411,5.87,0,138204,35,Desenho,Neutro,2404,Exposicao_Face
138221,17,477,411,5.95,0,138221,35,Desenho,Neutro,2421,Exposicao_Face
138237,17,489,404,5.89,0,138237,35,Desenho,Neutro,2437,Exposicao_Face
138254,17,481,399,5.89,0,138254,35,Desenho,Neutro,2454,Exposicao_Face
138271,17,477,391,5.89,0,138271,35,Desenho,Neutro,2471,Exposicao_Face
138287,17,478,420,5.87,0,138287,35,Desenho,Neutro,2487,Exposicao_Face
138304,17,475,403,5.9,0,138304,35,Desenho,Neutro,2504,Exposicao_Face
138320,17,514,381,5.92,0,138320,35,Desenho,Neutro,2520,Exposicao_Face
138337,17,545,389,6.03,0,138337,35,Desenho,Neutro,2537,Exposicao_Face
138354,17,549,349,5.94,0,138354,35,Desenho,Neutro,2554,Exposicao_Face
138370,17,564,337,5.97,0,138370,35,Desenho,Neutro,2570,Exposicao_Face
138387,17,553,352,5.95,0,138387,35,Desenho,Neutro,2587,Exposicao_Face
138404,17,569,352,5.97,0,138404,35,Desenho,Neutro,2604,Exposicao_Face
138420,17,562,356,5.97,0,138420,35,Desenho,Neutro,2620,Exposicao_Face
138437,17,559,370,5.95,0,138437,35,Desenho,Neutro,2637,Exposicao_Face
138454,17,561,363,5.98,0,138454,35,Desenho,Neutro,2654,Exposicao_Face
138470,17,560,369,5.98,0,138470,35,Desenho,Neutro,2670,Exposicao_Face
138487,17,558,361,5.92,0,138487,35,Desenho,Neutro,2687,Exposicao_Face
138503,17,566,333,5.86,0,138503,35,Desenho,Neutro,2703,Exposicao_Face
138520,17,567,327,5.92,0,138520,35,Desenho,Neutro,2720,Exposicao_Face
138537,17,557,359,6.02,0,138537,35,Desenho,Neutro,2737,Exposicao_Face
138553,17,565,341,5.9,0,138553,35,Desenho,Neutro,2753,Exposicao_Face
138570,17,565,341,5.89,0,138570,35,Desenho,Neutro,2770,Exposicao_Face
138587,17,562,344,5.89,0,138587,35,Desenho,Neutro,2787,Exposicao_Face
138603,17,560,358,5.95,0,138603,35,Desenho,Neutro,2803,Exposicao_Face
138620,17,560,337,5.9,0,138620,35,Desenho,Neutro,2820,Exposicao_Face
138636,17,556,335,5.92,0,138636,35,Desenho,Neutro,2836,Exposicao_Face
138653,17,555,353,5.98,0,138653,35,Desenho,Neutro,2853,Exposicao_Face
138670,17,551,372,5.9,0,138670,35,Desenho,Neutro,2870,Exposicao_Face
138686,17,508,407,5.94,0,138686,35,Desenho,Neutro,2886,Exposicao_Face
138703,17,513,409,5.92,0,138703,35,Desenho,Neutro,2903,Exposicao_Face
138720,17,516,411,5.9,0,138720,35,Desenho,Neutro,2920,Exposicao_Face
138736,17,506,411,5.95,0,138736,35,Desenho,Neutro,2936,Exposicao_Face
138753,17,509,414,6.0,0,138753,35,Desenho,Neutro,2953,Exposicao_Face
138770,17,504,411,5.94,0,138770,35,Desenho,Neutro,2970,Exposicao_Face
138786,17,503,432,5.94,0,138786,35,Desenho,Neutro,2986,Exposicao_Face
138803,17,514,861,6.06,0,138803,35,Desenho,Neutro,3003,Exposicao_Face
138819,17,542,449,0.0,0,138819,35,Desenho,Neutro,3019,Exposicao_Face
138936,116,554,570,0.0,0,138936,35,Desenho,Neutro,3136,Exposicao_Face
138953,17,549,537,0.0,0,138953,35,Desenho,Neutro,3153,Exposicao_Face
138969,17,551,500,0.0,0,138969,35,Desenho,Neutro,3169,Exposicao_Face
138986,17,555,642,0.0,0,138986,35,Desenho,Neutro,3186,Exposicao_Face
139002,17,574,547,0.0,0,139002,35,Desenho,Neutro,3202,Exposicao_Face
139019,17,590,994,0.0,0,139019,35,Desenho,Neutro,3219,Exposicao_Face
139036,17,570,908,0.0,0,139036,35,Desenho,Neutro,3236,Exposicao_Face
139052,17,561,817,0.0,0,139052,35,Desenho,Neutro,3252,Exposicao_Face
139086,33,422,1042,6.56,0,139086,35,Desenho,Neutro,3286,Exposicao_Face
139102,17,487,810,5.9,0,139102,35,Desenho,Neutro,3302,Exposicao_Face
139119,17,470,707,5.97,0,139119,35,Desenho,Neutro,3319,Exposicao_Face
139136,17,483,601,5.97,0,139136,35,Desenho,Neutro,3336,Exposicao_Face
139152,17,483,524,5.9,0,139152,35,Desenho,Neutro,3352,Exposicao_Face
139169,17,480,453,5.86,0,139169,35,Desenho,Neutro,3369,Exposicao_Face
139185,17,477,429,5.95,0,139185,35,Desenho,Neutro,3385,Exposicao_Face
139202,17,475,480,5.86,0,139202,35,Desenho,Neutro,3402,Exposicao_Face
139219,17,480,497,5.86,0,139219,35,Desenho,Neutro,3419,Exposicao_Face
139235,17,484,489,5.9,0,139235,35,Desenho,Neutro,3435,Exposicao_Face
139252,17,479,492,5.86,0,139252,35,Desenho,Neutro,3452,Exposicao_Face
139269,17,488,497,5.94,0,139269,35,Desenho,Neutro,3469,Exposicao_Face
139285,17,484,499,5.98,0,139285,35,Desenho,Neutro,3485,Exposicao_Face
139302,17,486,497,5.94,0,139302,35,Desenho,Neutro,3502,Exposicao_Face
139319,17,487,478,5.81,0,139319,35,Desenho,Neutro,3519,Exposicao_Face
139335,17,480,473,5.9,0,139335,35,Desenho,Neutro,3535,Exposicao_Face
139352,17,494,472,5.92,0,139352,35,Desenho,Neutro,3552,Exposicao_Face
139368,17,476,502,5.87,0,139368,35,Desenho,Neutro,3568,Exposicao_Face
139385,17,489,512,5.9,0,139385,35,Desenho,Neutro,3585,Exposicao_Face
139402,17,492,474,5.78,0,139402,35,Desenho,Neutro,3602,Exposicao_Face
139418,17,480,497,5.79,0,139418,35,Desenho,Neutro,3618,Exposicao_Face
139435,17,485,498,5.78,0,139435,35,Desenho,Neutro,3635,Exposicao_Face
139452,17,487,509,5.74,0,139452,35,Desenho,Neutro,3652,Exposicao_Face
139468,17,490,482,5.71,0,139468,35,Desenho,Neutro,3668,Exposicao_Face
139485,17,481,513,5.74,0,139485,35,Desenho,Neutro,3685,Exposicao_Face
139502,17,487,493,5.68,0,139502,35,Desenho,Neutro,3702,Exposicao_Face
139518,17,484,512,5.66,0,139518,35,Desenho,Neutro,3718,Exposicao_Face
139535,17,488,496,5.52,0,139535,35,Desenho,Neutro,3735,Exposicao_Face
139551,17,492,513,5.52,0,139551,35,Desenho,Neutro,3751,Exposicao_Face
139568,17,477,513,5.55,0,139568,35,Desenho,Neutro,3768,Exposicao_Face
139585,17,485,525,5.61,0,139585,35,Desenho,Neutro,3785,Exposicao_Face
139601,17,489,507,5.55,0,139601,35,Desenho,Neutro,3801,Exposicao_Face
139618,17,490,509,5.45,0,139618,35,Desenho,Neutro,3818,Exposicao_Face
139635,17,495,512,5.53,0,139635,35,Desenho,Neutro,3835,Exposicao_Face
139651,17,486,529,5.5,0,139651,35,Desenho,Neutro,3851,Exposicao_Face
139668,17,487,524,5.52,0,139668,35,Desenho,Neutro,3868,Exposicao_Face
139685,17,488,506,5.44,0,139685,35,Desenho,Neutro,3885,Exposicao_Face
139701,17,489,518,5.47,0,139701,35,Desenho,Neutro,3901,Exposicao_Face
139718,17,488,499,5.44,0,139718,35,Desenho,Neutro,3918,Exposicao_Face
139734,17,490,454,5.41,0,139734,35,Desenho,Neutro,3934,Exposicao_Face
139751,17,491,448,5.44,0,139751,35,Desenho,Neutro,3951,Exposicao_Face
139768,17,484,442,5.42,0,139768,35,Desenho,Neutro,3968,Exposicao_Face
139784,17,495,451,5.45,0,139784,35,Desenho,Neutro,3984,Exposicao_Face
139801,17,490,446,5.42,0,139801,36,Desenho,Raiva,1,Janela_Baseline
139818,17,494,432,5.44,0,139818,36,Desenho,Raiva,18,Janela_Baseline
139834,17,490,445,5.44,0,139834,36,Desenho,Raiva,34,Janela_Baseline
139851,17,500,447,5.49,0,139851,36,Desenho,Raiva,51,Janela_Baseline
139867,17,492,446,5.47,0,139867,36,Desenho,Raiva,67,Janela_Baseline
139884,17,485,438,5.41,0,139884,36,Desenho,Raiva,84,Janela_Baseline
139901,17,481,462,5.52,0,139901,36,Desenho,Raiva,101,Janela_Baseline
139917,17,492,444,5.44,0,139917,36,Desenho,Raiva,117,Janela_Baseline
139934,17,491,461,5.5,0,139934,36,Desenho,Raiva,134,Janela_Baseline
139951,17,498,443,5.53,0,139951,36,Desenho,Raiva,151,Janela_Baseline
139967,17,497,469,5.55,0,139967,36,Desenho,Raiva,167,Janela_Baseline
139984,17,538,403,5.57,0,139984,36,Desenho,Raiva,184,Janela_Baseline
140001,17,526,409,5.55,0,140001,36,Desenho,Raiva,201,Janela_Baseline
140017,17,542,406,5.58,0,140017,36,Desenho,Raiva,217,Janela_Baseline
140034,17,539,421,5.55,0,140034,36,Desenho,Raiva,234,Janela_Baseline
140050,17,538,419,5.65,0,140050,36,Desenho,Raiva,250,Janela_Baseline
140067,17,548,395,5.53,0,140067,36,Desenho,Raiva,267,Janela_Baseline
140084,17,543,393,5.57,0,140084,36,Desenho,Raiva,284,Janela_Baseline
140100,17,543,403,5.6,0,140100,36,Desenho,Raiva,300,Janela_Baseline
140117,17,538,385,5.53,0,140117,36,Desenho,Raiva,317,Janela_Baseline
140134,17,543,419,5.63,0,140134,36,Desenho,Raiva,334,Janela_Baseline
140150,17,539,413,5.58,0,140150,36,Desenho,Raiva,350,Janela_Baseline
140167,17,544,405,5.61,0,140167,36,Desenho,Raiva,367,Janela_Baseline
140184,17,538,419,5.63,0,140184,36,Desenho,Raiva,384,Janela_Baseline
140200,17,542,405,5.65,0,140200,36,Desenho,Raiva,400,Janela_Baseline
140217,17,543,425,5.68,0,140217,36,Desenho,Raiva,417,Janela_Baseline
140233,17,540,409,5.65,0,140233,36,Desenho,Raiva,433,Janela_Baseline
140250,17,539,403,5.63,0,140250,36,Desenho,Raiva,450,Janela_Baseline
140267,17,540,397,5.58,0,140267,36,Desenho,Raiva,467,Janela_Baseline
140283,17,543,410,5.61,0,140283,36,Desenho,Raiva,483,Janela_Baseline
140300,17,541,415,5.69,0,140300,36,Desenho,Raiva,500,Janela_Baseline
140317,17,542,418,5.63,0,140317,36,Desenho,Raiva,517,Janela_Baseline
140333,17,541,418,5.71,0,140333,36,Desenho,Raiva,533,Janela_Baseline
140350,17,546,418,5.65,0,140350,36,Desenho,Raiva,550,Janela_Baseline
140367,17,542,412,5.65,0,140367,36,Desenho,Raiva,567,Janela_Baseline
140383,17,545,424,5.66,0,140383,36,Desenho,Raiva,583,Janela_Baseline
140400,17,546,419,5.69,0,140400,36,Desenho,Raiva,600,Janela_Baseline
140416,17,543,415,5.63,0,140416,36,Desenho,Raiva,616,Janela_Baseline
140433,17,485,420,5.65,0,140433,36,Desenho,Raiva,633,Janela_Baseline
140450,17,502,418,5.66,0,140450,36,Desenho,Raiva,650,Janela_Baseline
140466,17,491,407,5.63,0,140466,36,Desenho,Raiva,666,Janela_Baseline
140483,17,488,403,5.6,0,140483,36,Desenho,Raiva,683,Janela_Baseline
140500,17,484,403,5.63,0,140500,36,Desenho,Raiva,700,Janela_Baseline
140516,17,506,410,5.71,0,140516,36,Desenho,Raiva,716,Janela_Baseline
140533,17,486,423,5.65,0,140533,36,Desenho,Raiva,733,Janela_Baseline
140550,17,491,413,5.63,0,140550,36,Desenho,Raiva,750,Janela_Baseline
140566,17,490,405,5.71,0,140566,36,Desenho,Raiva,766,Janela_Baseline
140583,17,488,411,5.74,0,140583,36,Desenho,Raiva,783,Janela_Baseline
140599,17,494,402,5.63,0,140599,36,Desenho,Raiva,799,Janela_Baseline
140616,17,489,413,5.68,0,140616,36,Desenho,Raiva,816,Janela_Baseline
140633,17,487,403,5.66,0,140633,36,Desenho,Raiva,833,Janela_Baseline
140649,17,487,426,5.71,0,140649,36,Desenho,Raiva,849,Janela_Baseline
140666,17,488,415,5.69,0,140666,36,Desenho,Raiva,866,Janela_Baseline
140683,17,489,405,5.69,0,140683,36,Desenho,Raiva,883,Janela_Baseline
140699,17,483,420,5.69,0,140699,36,Desenho,Raiva,899,Janela_Baseline
140716,17,486,416,5.76,0,140716,36,Desenho,Raiva,916,Janela_Baseline
140733,17,485,417,5.73,0,140733,36,Desenho,Raiva,933,Janela_Baseline
140749,17,481,412,5.73,0,140749,36,Desenho,Raiva,949,Janela_Baseline
140766,17,488,402,5.74,0,140766,36,Desenho,Raiva,966,Janela_Baseline
140782,17,481,402,5.76,0,140782,36,Desenho,Raiva,982,Janela_Baseline
140799,17,479,421,5.78,0,140799,36,Desenho,Raiva,999,Janela_Baseline
140816,17,486,406,5.76,0,140816,36,Desenho,Raiva,1016,Janela_Baseline
140832,17,546,409,5.78,0,140832,36,Desenho,Raiva,1032,Janela_Baseline
140849,17,536,392,5.78,0,140849,36,Desenho,Raiva,1049,Janela_Baseline
140866,17,543,404,5.79,0,140866,36,Desenho,Raiva,1066,Janela_Baseline
140882,17,543,391,5.82,0,140882,36,Desenho,Raiva,1082,Janela_Baseline
140899,17,542,411,5.84,0,140899,36,Desenho,Raiva,1099,Janela_Baseline
140916,17,541,404,5.84,0,140916,36,Desenho,Raiva,1116,Janela_Baseline
140932,17,542,393,5.82,0,140932,36,Desenho,Raiva,1132,Janela_Baseline
140949,17,542,404,5.84,0,140949,36,Desenho,Raiva,1149,Janela_Baseline
140965,17,543,409,5.89,0,140965,36,Desenho,Raiva,1165,Janela_Baseline
140982,17,543,384,5.78,0,140982,36,Desenho,Raiva,1182,Janela_Baseline
140999,17,547,387,5.78,0,140999,36,Desenho,Raiva,1199,Janela_Baseline
141015,17,534,401,5.86,0,141015,36,Desenho,Raiva,1215,Janela_Baseline
141032,17,540,423,5.89,0,141032,36,Desenho,Raiva,1232,Janela_Baseline
141049,17,547,409,5.87,0,141049,36,Desenho,Raiva,1249,Janela_Baseline
141065,17,544,403,5.86,0,141065,36,Desenho,Raiva,1265,Janela_Baseline
141082,17,539,394,5.87,0,141082,36,Desenho,Raiva,1282,Janela_Baseline
141098,17,534,405,5.87,0,141098,36,Desenho,Raiva,1298,Janela_Baseline
141115,17,541,387,5.84,0,141115,36,Desenho,Raiva,1315,Exposicao_Face
141132,17,536,404,5.95,0,141132,36,Desenho,Raiva,1332,Exposicao_Face
141148,17,544,405,5.94,0,141148,36,Desenho,Raiva,1348,Exposicao_Face
141165,17,543,391,5.92,0,141165,36,Desenho,Raiva,1365,Exposicao_Face
141182,17,547,405,5.89,0,141182,36,Desenho,Raiva,1382,Exposicao_Face
141198,17,544,410,5.89,0,141198,36,Desenho,Raiva,1398,Exposicao_Face
141215,17,541,403,5.89,0,141215,36,Desenho,Raiva,1415,Exposicao_Face
141232,17,540,428,5.94,0,141232,36,Desenho,Raiva,1432,Exposicao_Face
141248,17,540,429,5.97,0,141248,36,Desenho,Raiva,1448,Exposicao_Face
141265,17,523,465,5.92,0,141265,36,Desenho,Raiva,1465,Exposicao_Face
141281,17,493,554,6.03,0,141281,36,Desenho,Raiva,1481,Exposicao_Face
141298,17,484,640,5.92,0,141298,36,Desenho,Raiva,1498,Exposicao_Face
141315,17,478,620,5.94,0,141315,36,Desenho,Raiva,1515,Exposicao_Face
141331,17,469,634,5.9,0,141331,36,Desenho,Raiva,1531,Exposicao_Face
141348,17,475,622,5.92,0,141348,36,Desenho,Raiva,1548,Exposicao_Face
141365,17,488,635,5.84,0,141365,36,Desenho,Raiva,1565,Exposicao_Face
141381,17,481,645,5.95,0,141381,36,Desenho,Raiva,1581,Exposicao_Face
141398,17,479,645,5.95,0,141398,36,Desenho,Raiva,1598,Exposicao_Face
141415,17,472,643,5.94,0,141415,36,Desenho,Raiva,1615,Exposicao_Face
141431,17,488,640,5.92,0,141431,36,Desenho,Raiva,1631,Exposicao_Face
141448,17,476,634,5.94,0,141448,36,Desenho,Raiva,1648,Exposicao_Face
141464,17,481,652,6.05,0,141464,36,Desenho,Raiva,1664,Exposicao_Face
141481,17,479,628,5.98,0,141481,36,Desenho,Raiva,1681,Exposicao_Face
141498,17,487,632,5.98,0,141498,36,Desenho,Raiva,1698,Exposicao_Face
141514,17,490,624,5.94,0,141514,36,Desenho,Raiva,1714,Exposicao_Face
141531,17,478,629,5.97,0,141531,36,Desenho,Raiva,1731,Exposicao_Face
141548,17,489,619,5.95,0,141548,36,Desenho,Raiva,1748,Exposicao_Face
141564,17,475,653,6.05,0,141564,36,Desenho,Raiva,1764,Exposicao_Face
141581,17,489,655,6.02,0,141581,36,Desenho,Raiva,1781,Exposicao_Face
141598,17,489,632,5.97,0,141598,36,Desenho,Raiva,1798,Exposicao_Face
141614,17,458,631,5.98,0,141614,36,Desenho,Raiva,1814,Exposicao_Face
141631,17,389,595,5.95,0,141631,36,Desenho,Raiva,1831,Exposicao_Face
141647,17,360,593,6.0,0,141647,36,Desenho,Raiva,1847,Exposicao_Face
141664,17,364,569,5.89,0,141664,36,Desenho,Raiva,1864,Exposicao_Face
141681,17,355,571,5.9,0,141681,36,Desenho,Raiva,1881,Exposicao_Face
141697,17,367,557,5.87,0,141697,36,Desenho,Raiva,1897,Exposicao_Face
141714,17,360,587,5.94,0,141714,36,Desenho,Raiva,1914,Exposicao_Face
141731,17,366,571,5.9,0,141731,36,Desenho,Raiva,1931,Exposicao_Face
141747,17,369,585,5.95,0,141747,36,Desenho,Raiva,1947,Exposicao_Face
141764,17,385,569,5.92,0,141764,36,Desenho,Raiva,1964,Exposicao_Face
141781,17,385,561,5.86,0,141781,36,Desenho,Raiva,1981,Exposicao_Face
141797,17,365,559,5.89,0,141797,36,Desenho,Raiva,1997,Exposicao_Face
141814,17,369,560,5.89,0,141814,36,Desenho,Raiva,2014,Exposicao_Face
141830,17,377,589,5.94,0,141830,36,Desenho,Raiva,2030,Exposicao_Face
141847,17,365,570,5.92,0,141847,36,Desenho,Raiva,2047,Exposicao_Face
141864,17,371,566,5.86,0,141864,36,Desenho,Raiva,2064,Exposicao_Face
141880,17,364,566,5.92,0,141880,36,Desenho,Raiva,2080,Exposicao_Face
141897,17,368,583,5.9,0,141897,36,Desenho,Raiva,2097,Exposicao_Face
141914,17,360,572,5.92,0,141914,36,Desenho,Raiva,2114,Exposicao_Face
141930,17,367,576,5.82,0,141930,36,Desenho,Raiva,2130,Exposicao_Face
141947,17,364,569,5.78,0,141947,36,Desenho,Raiva,2147,Exposicao_Face
141964,17,377,565,5.87,0,141964,36,Desenho,Raiva,2164,Exposicao_Face
141980,17,371,570,5.84,0,141980,36,Desenho,Raiva,2180,Exposicao_Face
141997,17,393,497,5.84,0,141997,36,Desenho,Raiva,2197,Exposicao_Face
142013,17,451,463,5.86,0,142013,36,Desenho,Raiva,2213,Exposicao_Face
142030,17,458,436,5.94,0,142030,36,Desenho,Raiva,2230,Exposicao_Face
142047,17,460,420,5.84,0,142047,36,Desenho,Raiva,2247,Exposicao_Face
142063,17,459,442,5.92,0,142063,36,Desenho,Raiva,2263,Exposicao_Face
142080,17,464,439,5.9,0,142080,36,Desenho,Raiva,2280,Exposicao_Face
142097,17,475,419,5.87,0,142097,36,Desenho,Raiva,2297,Exposicao_Face
142113,17,463,422,5.9,0,142113,36,Desenho,Raiva,2313,Exposicao_Face
142130,17,462,443,6.0,0,142130,36,Desenho,Raiva,2330,Exposicao_Face
142146,17,459,425,5.87,0,142146,36,Desenho,Raiva,2346,Exposicao_Face
142163,17,470,430,5.9,0,142163,36,Desenho,Raiva,2363,Exposicao_Face
142180,17,475,412,5.9,0,142180,36,Desenho,Raiva,2380,Exposicao_Face
142196,17,477,411,5.9,0,142196,36,Desenho,Raiva,2396,Exposicao_Face
142213,17,472,409,5.9,0,142213,36,Desenho,Raiva,2413,Exposicao_Face
142230,17,466,407,5.92,0,142230,36,Desenho,Raiva,2430,Exposicao_Face
142246,17,466,420,5.86,0,142246,36,Desenho,Raiva,2446,Exposicao_Face
142263,17,478,418,5.94,0,142263,36,Desenho,Raiva,2463,Exposicao_Face
142280,17,470,417,5.87,0,142280,36,Desenho,Raiva,2480,Exposicao_Face
142296,17,464,433,5.9,0,142296,36,Desenho,Raiva,2496,Exposicao_Face
142313,17,479,421,5.97,0,142313,36,Desenho,Raiva,2513,Exposicao_Face
142329,17,468,429,5.9,0,142329,36,Desenho,Raiva,2529,Exposicao_Face
142346,17,479,430,5.92,0,142346,36,Desenho,Raiva,2546,Exposicao_Face
142363,17,493,409,5.95,0,142363,36,Desenho,Raiva,2563,Exposicao_Face
142379,17,534,408,5.9,0,142379,36,Desenho,Raiva,2579,Exposicao_Face
142396,17,544,408,5.9,0,142396,36,Desenho,Raiva,2596,Exposicao_Face
142413,17,543,411,5.87,0,142413,36,Desenho,Raiva,2613,Exposicao_Face
142429,17,540,421,5.87,0,142429,36,Desenho,Raiva,2629,Exposicao_Face
142446,17,540,419,5.95,0,142446,36,Desenho,Raiva,2646,Exposicao_Face
142463,17,535,394,5.76,0,142463,36,Desenho,Raiva,2663,Exposicao_Face
142479,17,540,427,5.86,0,142479,36,Desenho,Raiva,2679,Exposicao_Face
142496,17,536,408,5.89,0,142496,36,Desenho,Raiva,2696,Exposicao_Face
142512,17,545,432,5.92,0,142512,36,Desenho,Raiva,2712,Exposicao_Face
142529,17,543,423,5.89,0,142529,36,Desenho,Raiva,2729,Exposicao_Face
142546,17,542,437,5.92,0,142546,36,Desenho,Raiva,2746,Exposicao_Face
142562,17,540,399,5.87,0,142562,36,Desenho,Raiva,2762,Exposicao_Face
142579,17,538,432,5.86,0,142579,36,Desenho,Raiva,2779,Exposicao_Face
142596,17,535,419,5.86,0,142596,36,Desenho,Raiva,2796,Exposicao_Face
142612,17,542,410,5.74,0,142612,36,Desenho,Raiva,2812,Exposicao_Face
142629,17,545,402,5.82,0,142629,36,Desenho,Raiva,2829,Exposicao_Face
142646,17,544,415,5.86,0,142646,36,Desenho,Raiva,2846,Exposicao_Face
142662,17,543,406,5.86,0,142662,36,Desenho,Raiva,2862,Exposicao_Face
142679,17,538,417,5.92,0,142679,36,Desenho,Raiva,2879,Exposicao_Face
142695,17,543,402,5.82,0,142695,36,Desenho,Raiva,2895,Exposicao_Face
142712,17,542,420,5.94,0,142712,36,Desenho,Raiva,2912,Exposicao_Face
142729,17,542,431,5.95,0,142729,36,Desenho,Raiva,2929,Exposicao_Face
142745,17,539,396,5.87,0,142745,36,Desenho,Raiva,2945,Exposicao_Face
142762,17,543,415,5.86,0,142762,36,Desenho,Raiva,2962,Exposicao_Face
142779,17,540,415,5.86,0,142779,36,Desenho,Raiva,2979,Exposicao_Face
142795,17,551,418,5.9,0,142795,36,Desenho,Raiva,2995,Exposicao_Face
142812,17,551,465,5.9,0,142812,36,Desenho,Raiva,3012,Exposicao_Face
142829,17,546,475,5.87,0,142829,36,Desenho,Raiva,3029,Exposicao_Face
142845,17,547,478,5.9,0,142845,36,Desenho,Raiva,3045,Exposicao_Face
142862,17,540,616,5.95,0,142862,36,Desenho,Raiva,3062,Exposicao_Face
142878,17,544,752,5.92,0,142878,36,Desenho,Raiva,3078,Exposicao_Face
142895,17,526,802,5.89,0,142895,36,Desenho,Raiva,3095,Exposicao_Face
142912,17,540,863,5.9,0,142912,36,Desenho,Raiva,3112,Exposicao_Face
142928,17,519,941,6.11,0,142928,36,Desenho,Raiva,3128,Exposicao_Face
142945,17,553,962,5.92,0,142945,36,Desenho,Raiva,3145,Exposicao_Face
142962,17,535,966,5.94,0,142962,36,Desenho,Raiva,3162,Exposicao_Face
142978,17,531,971,6.0,0,142978,36,Desenho,Raiva,3178,Exposicao_Face
142995,17,542,983,6.02,0,142995,36,Desenho,Raiva,3195,Exposicao_Face
143012,17,541,957,6.06,0,143012,36,Desenho,Raiva,3212,Exposicao_Face
143028,17,558,927,5.97,0,143028,36,Desenho,Raiva,3228,Exposicao_Face
143045,17,543,874,5.97,0,143045,36,Desenho,Raiva,3245,Exposicao_Face
143061,17,539,848,5.95,0,143061,36,Desenho,Raiva,3261,Exposicao_Face
143078,17,552,813,5.97,0,143078,36,Desenho,Raiva,3278,Exposicao_Face
143095,17,541,788,5.94,0,143095,36,Desenho,Raiva,3295,Exposicao_Face
143111,17,546,770,5.98,0,143111,36,Desenho,Raiva,3311,Exposicao_Face
143128,17,550,710,6.0,0,143128,36,Desenho,Raiva,3328,Exposicao_Face
143145,17,549,658,5.98,0,143145,36,Desenho,Raiva,3345,Exposicao_Face
143161,17,551,637,6.03,0,143161,36,Desenho,Raiva,3361,Exposicao_Face
143178,17,561,599,5.95,0,143178,36,Desenho,Raiva,3378,Exposicao_Face
143195,17,550,575,6.05,0,143195,36,Desenho,Raiva,3395,Exposicao_Face
143211,17,556,536,6.0,0,143211,36,Desenho,Raiva,3411,Exposicao_Face
143228,17,550,600,6.06,0,143228,36,Desenho,Raiva,3428,Exposicao_Face
143244,17,545,575,5.95,0,143244,36,Desenho,Raiva,3444,Exposicao_Face
143261,17,554,615,6.02,0,143261,36,Desenho,Raiva,3461,Exposicao_Face
143278,17,547,591,6.02,0,143278,36,Desenho,Raiva,3478,Exposicao_Face
143294,17,549,638,6.08,0,143294,36,Desenho,Raiva,3494,Exposicao_Face
143311,17,552,634,6.05,0,143311,36,Desenho,Raiva,3511,Exposicao_Face
143328,17,595,769,6.05,0,143328,36,Desenho,Raiva,3528,Exposicao_Face
143344,17,573,902,6.02,0,143344,36,Desenho,Raiva,3544,Exposicao_Face
143361,17,594,960,6.05,0,143361,36,Desenho,Raiva,3561,Exposicao_Face
143377,17,742,1017,5.97,0,143377,36,Desenho,Raiva,3577,Exposicao_Face
143411,33,597,975,6.1,0,143411,36,Desenho,Raiva,3611,Exposicao_Face
143427,17,585,948,6.0,0,143427,36,Desenho,Raiva,3627,Exposicao_Face
143444,17,589,966,6.08,0,143444,36,Desenho,Raiva,3644,Exposicao_Face
143461,17,586,977,6.05,0,143461,36,Desenho,Raiva,3661,Exposicao_Face
143477,17,580,973,6.1,0,143477,36,Desenho,Raiva,3677,Exposicao_Face
143494,17,588,997,6.08,0,143494,36,Desenho,Raiva,3694,Exposicao_Face
143511,17,588,1001,6.02,0,143511,36,Desenho,Raiva,3711,Exposicao_Face
143527,17,588,975,5.95,0,143527,36,Desenho,Raiva,3727,Exposicao_Face
143544,17,576,953,6.14,0,143544,36,Desenho,Raiva,3744,Exposicao_Face
143560,17,575,971,6.08,0,143560,36,Desenho,Raiva,3760,Exposicao_Face
143577,17,575,976,6.08,0,143577,36,Desenho,Raiva,3777,Exposicao_Face
143594,17,575,972,6.02,0,143594,36,Desenho,Raiva,3794,Exposicao_Face
143610,17,574,984,6.1,0,143610,36,Desenho,Raiva,3810,Exposicao_Face
143627,17,577,976,6.13,0,143627,36,Desenho,Raiva,3827,Exposicao_Face
143644,17,577,954,6.1,0,143644,36,Desenho,Raiva,3844,Exposicao_Face
143660,17,590,975,6.03,0,143660,36,Desenho,Raiva,3860,Exposicao_Face
143677,17,557,705,6.05,0,143677,36,Desenho,Raiva,3877,Exposicao_Face
143694,17,543,643,6.13,0,143694,36,Desenho,Raiva,3894,Exposicao_Face
143710,17,529,518,6.02,0,143710,36,Desenho,Raiva,3910,Exposicao_Face
143727,17,511,452,6.0,0,143727,36,Desenho,Raiva,3927,Exposicao_Face
143743,17,528,447,5.94,0,143743,36,Desenho,Raiva,3943,Exposicao_Face
143760,17,528,463,6.02,0,143760,36,Desenho,Raiva,3960,Exposicao_Face
143777,17,516,455,6.0,0,143777,36,Desenho,Raiva,3977,Exposicao_Face
143793,17,532,451,6.02,0,143793,36,Desenho,Raiva,3993,Exposicao_Face
143810,17,529,452,5.95,0,143810,37,Desenho,Feliz,10,Janela_Baseline
143827,17,518,462,6.0,0,143827,37,Desenho,Feliz,27,Janela_Baseline
143843,17,533,445,5.92,0,143843,37,Desenho,Feliz,43,Janela_Baseline
143860,17,517,463,6.0,0,143860,37,Desenho,Feliz,60,Janela_Baseline
143877,17,531,461,5.98,0,143877,37,Desenho,Feliz,77,Janela_Baseline
143893,17,523,446,5.9,0,143893,37,Desenho,Feliz,93,Janela_Baseline
143910,17,527,439,5.97,0,143910,37,Desenho,Feliz,110,Janela_Baseline
143926,17,525,448,5.97,0,143926,37,Desenho,Feliz,126,Janela_Baseline
143943,17,523,455,5.95,0,143943,37,Desenho,Feliz,143,Janela_Baseline
143960,17,531,450,5.94,0,143960,37,Desenho,Feliz,160,Janela_Baseline
143976,17,523,480,6.08,0,143976,37,Desenho,Feliz,176,Janela_Baseline
143993,17,532,441,5.97,0,143993,37,Desenho,Feliz,193,Janela_Baseline
144010,17,523,456,6.03,0,144010,37,Desenho,Feliz,210,Janela_Baseline
144026,17,528,438,6.03,0,144026,37,Desenho,Feliz,226,Janela_Baseline
144043,17,530,437,5.98,0,144043,37,Desenho,Feliz,243,Janela_Baseline
144060,17,527,436,6.03,0,144060,37,Desenho,Feliz,260,Janela_Baseline
144076,17,464,439,5.95,0,144076,37,Desenho,Feliz,276,Janela_Baseline
144093,17,394,443,5.9,0,144093,37,Desenho,Feliz,293,Janela_Baseline
144109,17,388,447,5.9,0,144109,37,Desenho,Feliz,309,Janela_Baseline
144126,17,386,466,5.94,0,144126,37,Desenho,Feliz,326,Janela_Baseline
144143,17,376,458,5.95,0,144143,37,Desenho,Feliz,343,Janela_Baseline
144159,17,375,456,5.94,0,144159,37,Desenho,Feliz,359,Janela_Baseline
144176,17,371,466,5.92,0,144176,37,Desenho,Feliz,376,Janela_Baseline
144193,17,371,462,5.92,0,144193,37,Desenho,Feliz,393,Janela_Baseline
144209,17,382,466,6.02,0,144209,37,Desenho,Feliz,409,Janela_Baseline
144226,17,372,465,5.98,0,144226,37,Desenho,Feliz,426,Janela_Baseline
144243,17,374,464,5.95,0,144243,37,Desenho,Feliz,443,Janela_Baseline
144259,17,392,460,6.0,0,144259,37,Desenho,Feliz,459,Janela_Baseline
144276,17,388,476,6.02,0,144276,37,Desenho,Feliz,476,Janela_Baseline
144292,17,389,459,5.94,0,144292,37,Desenho,Feliz,492,Janela_Baseline
144309,17,392,462,6.03,0,144309,37,Desenho,Feliz,509,Janela_Baseline
144326,17,392,449,5.92,0,144326,37,Desenho,Feliz,526,Janela_Baseline
144342,17,390,471,5.98,0,144342,37,Desenho,Feliz,542,Janela_Baseline
144359,17,388,459,6.0,0,144359,37,Desenho,Feliz,559,Janela_Baseline
144376,17,371,479,6.03,0,144376,37,Desenho,Feliz,576,Janela_Baseline
144392,17,393,457,5.9,0,144392,37,Desenho,Feliz,592,Janela_Baseline
144409,17,370,462,6.03,0,144409,37,Desenho,Feliz,609,Janela_Baseline
144425,17,363,468,6.0,0,144425,37,Desenho,Feliz,625,Janela_Baseline
144442,17,385,460,6.1,0,144442,37,Desenho,Feliz,642,Janela_Baseline
144459,17,386,469,6.06,0,144459,37,Desenho,Feliz,659,Janela_Baseline
144475,17,380,465,5.98,0,144475,37,Desenho,Feliz,675,Janela_Baseline
144492,17,362,477,6.1,0,144492,37,Desenho,Feliz,692,Janela_Baseline
144509,17,355,480,6.1,0,144509,37,Desenho,Feliz,709,Janela_Baseline
144525,17,316,513,5.98,0,144525,37,Desenho,Feliz,725,Janela_Baseline
144542,17,269,537,5.98,0,144542,37,Desenho,Feliz,742,Janela_Baseline
144559,17,281,558,5.95,0,144559,37,Desenho,Feliz,759,Janela_Baseline
144575,17,272,564,6.0,0,144575,37,Desenho,Feliz,775,Janela_Baseline
144592,17,277,555,5.97,0,144592,37,Desenho,Feliz,792,Janela_Baseline
144608,17,254,563,5.95,0,144608,37,Desenho,Feliz,808,Janela_Baseline
144625,17,237,578,6.0,0,144625,37,Desenho,Feliz,825,Janela_Baseline
144642,17,248,598,6.05,0,144642,37,Desenho,Feliz,842,Janela_Baseline
144658,17,242,582,6.02,0,144658,37,Desenho,Feliz,858,Janela_Baseline
144675,17,276,556,6.02,0,144675,37,Desenho,Feliz,875,Janela_Baseline
144692,17,277,559,6.0,0,144692,37,Desenho,Feliz,892,Janela_Baseline
144708,17,277,554,6.02,0,144708,37,Desenho,Feliz,908,Janela_Baseline
144725,17,275,559,5.95,0,144725,37,Desenho,Feliz,925,Janela_Baseline
144742,17,264,579,5.98,0,144742,37,Desenho,Feliz,942,Janela_Baseline
144758,17,265,577,6.0,0,144758,37,Desenho,Feliz,958,Janela_Baseline
144775,17,269,556,5.98,0,144775,37,Desenho,Feliz,975,Janela_Baseline
144791,17,218,627,5.95,0,144791,37,Desenho,Feliz,991,Janela_Baseline
144808,17,209,683,5.94,0,144808,37,Desenho,Feliz,1008,Janela_Baseline
144825,17,175,678,5.92,0,144825,37,Desenho,Feliz,1025,Janela_Baseline
144841,17,178,670,5.92,0,144841,37,Desenho,Feliz,1041,Janela_Baseline
144858,17,184,685,5.94,0,144858,37,Desenho,Feliz,1058,Janela_Baseline
144875,17,184,691,5.95,0,144875,37,Desenho,Feliz,1075,Janela_Baseline
144891,17,204,659,6.05,0,144891,37,Desenho,Feliz,1091,Janela_Baseline
144908,17,207,651,5.97,0,144908,37,Desenho,Feliz,1108,Janela_Baseline
144925,17,179,681,5.94,0,144925,37,Desenho,Feliz,1125,Janela_Baseline
144941,17,208,692,6.0,0,144941,37,Desenho,Feliz,1141,Janela_Baseline
144958,17,174,653,5.92,0,144958,37,Desenho,Feliz,1158,Janela_Baseline
144974,17,207,656,5.92,0,144974,37,Desenho,Feliz,1174,Janela_Baseline
144991,17,171,649,5.95,0,144991,37,Desenho,Feliz,1191,Janela_Baseline
145008,17,181,692,5.97,0,145008,37,Desenho,Feliz,1208,Janela_Baseline
145024,17,210,683,5.92,0,145024,37,Desenho,Feliz,1224,Janela_Baseline
145041,17,208,660,5.95,0,145041,37,Desenho,Feliz,1241,Janela_Baseline
145058,17,177,687,5.98,0,145058,37,Desenho,Feliz,1258,Janela_Baseline
145074,17,169,659,6.05,0,145074,37,Desenho,Feliz,1274,Janela_Baseline
145091,17,199,683,5.97,0,145091,37,Desenho,Feliz,1291,Janela_Baseline
145108,17,209,646,6.0,0,145108,37,Desenho,Feliz,1308,Exposicao_Face
145124,17,208,667,5.92,0,145124,37,Desenho,Feliz,1324,Exposicao_Face
145141,17,209,652,5.97,0,145141,37,Desenho,Feliz,1341,Exposicao_Face
145157,17,47,825,5.92,0,145157,37,Desenho,Feliz,1357,Exposicao_Face
145174,17,180,692,5.97,0,145174,37,Desenho,Feliz,1374,Exposicao_Face
145191,17,179,691,5.94,0,145191,37,Desenho,Feliz,1391,Exposicao_Face
145207,17,207,646,5.92,0,145207,37,Desenho,Feliz,1407,Exposicao_Face
145224,17,209,649,5.95,0,145224,37,Desenho,Feliz,1424,Exposicao_Face
145241,17,208,662,5.89,0,145241,37,Desenho,Feliz,1441,Exposicao_Face
145257,17,197,684,5.87,0,145257,37,Desenho,Feliz,1457,Exposicao_Face
145274,17,201,679,5.95,0,145274,37,Desenho,Feliz,1474,Exposicao_Face
145291,17,180,661,6.02,0,145291,37,Desenho,Feliz,1491,Exposicao_Face
145307,17,302,722,6.08,0,145307,37,Desenho,Feliz,1507,Exposicao_Face
145324,17,388,818,6.14,0,145324,37,Desenho,Feliz,1524,Exposicao_Face
145340,17,452,884,6.11,0,145340,37,Desenho,Feliz,1540,Exposicao_Face
145357,17,456,906,6.16,0,145357,37,Desenho,Feliz,1557,Exposicao_Face
145374,17,464,900,5.94,0,145374,37,Desenho,Feliz,1574,Exposicao_Face
145390,17,460,911,6.27,0,145390,37,Desenho,Feliz,1590,Exposicao_Face
145407,17,463,909,6.22,0,145407,37,Desenho,Feliz,1607,Exposicao_Face
145424,17,459,909,6.21,0,145424,37,Desenho,Feliz,1624,Exposicao_Face
145440,17,461,914,6.26,0,145440,37,Desenho,Feliz,1640,Exposicao_Face
145457,17,602,971,6.27,0,145457,37,Desenho,Feliz,1657,Exposicao_Face
145474,17,444,918,6.24,0,145474,37,Desenho,Feliz,1674,Exposicao_Face
145490,17,462,907,6.16,0,145490,37,Desenho,Feliz,1690,Exposicao_Face
145507,17,459,914,6.24,0,145507,37,Desenho,Feliz,1707,Exposicao_Face
145523,17,459,921,6.16,0,145523,37,Desenho,Feliz,1723,Exposicao_Face
145540,17,459,918,6.19,0,145540,37,Desenho,Feliz,1740,Exposicao_Face
145557,17,459,904,6.21,0,145557,37,Desenho,Feliz,1757,Exposicao_Face
145573,17,464,908,6.22,0,145573,37,Desenho,Feliz,1773,Exposicao_Face
145590,17,460,907,6.26,0,145590,37,Desenho,Feliz,1790,Exposicao_Face
145607,17,455,906,6.26,0,145607,37,Desenho,Feliz,1807,Exposicao_Face
145623,17,457,908,6.3,0,145623,37,Desenho,Feliz,1823,Exposicao_Face
145640,17,456,904,6.14,0,145640,37,Desenho,Feliz,1840,Exposicao_Face
145656,17,457,902,6.22,0,145656,37,Desenho,Feliz,1856,Exposicao_Face
145673,17,455,909,6.11,0,145673,37,Desenho,Feliz,1873,Exposicao_Face
145690,17,460,899,6.19,0,145690,37,Desenho,Feliz,1890,Exposicao_Face
145706,17,457,905,6.29,0,145706,37,Desenho,Feliz,1906,Exposicao_Face
145723,17,457,911,6.24,0,145723,37,Desenho,Feliz,1923,Exposicao_Face
145740,17,456,913,6.26,0,145740,37,Desenho,Feliz,1940,Exposicao_Face
145756,17,454,896,6.24,0,145756,37,Desenho,Feliz,1956,Exposicao_Face
145773,17,452,910,6.19,0,145773,37,Desenho,Feliz,1973,Exposicao_Face
145790,17,447,914,6.22,0,145790,37,Desenho,Feliz,1990,Exposicao_Face
145806,17,456,909,6.21,0,145806,37,Desenho,Feliz,2006,Exposicao_Face
145823,17,455,899,6.08,0,145823,37,Desenho,Feliz,2023,Exposicao_Face
145839,17,454,896,6.18,0,145839,37,Desenho,Feliz,2039,Exposicao_Face
145856,17,447,973,6.16,0,145856,37,Desenho,Feliz,2056,Exposicao_Face
145873,17,447,999,6.24,0,145873,37,Desenho,Feliz,2073,Exposicao_Face
145889,17,450,996,6.18,0,145889,37,Desenho,Feliz,2089,Exposicao_Face
145906,17,448,1000,6.21,0,145906,37,Desenho,Feliz,2106,Exposicao_Face
145923,17,442,1001,6.16,0,145923,37,Desenho,Feliz,2123,Exposicao_Face
145939,17,450,1007,6.22,0,145939,37,Desenho,Feliz,2139,Exposicao_Face
145956,17,446,1000,6.22,0,145956,37,Desenho,Feliz,2156,Exposicao_Face
145973,17,450,980,6.29,0,145973,37,Desenho,Feliz,2173,Exposicao_Face
145989,17,446,999,6.27,0,145989,37,Desenho,Feliz,2189,Exposicao_Face
146006,17,451,1000,6.3,0,146006,37,Desenho,Feliz,2206,Exposicao_Face
146022,17,443,1000,6.21,0,146022,37,Desenho,Feliz,2222,Exposicao_Face
146039,17,447,994,6.37,0,146039,37,Desenho,Feliz,2239,Exposicao_Face
146056,17,516,943,0.0,0,146056,37,Desenho,Feliz,2256,Exposicao_Face
146072,17,448,989,6.29,0,146072,37,Desenho,Feliz,2272,Exposicao_Face
146089,17,459,998,6.3,0,146089,37,Desenho,Feliz,2289,Exposicao_Face
146106,17,452,982,6.3,0,146106,37,Desenho,Feliz,2306,Exposicao_Face
146122,17,445,993,6.27,0,146122,37,Desenho,Feliz,2322,Exposicao_Face
146139,17,447,981,5.9,0,146139,37,Desenho,Feliz,2339,Exposicao_Face
146156,17,447,974,6.16,0,146156,37,Desenho,Feliz,2356,Exposicao_Face
146172,17,444,994,6.37,0,146172,37,Desenho,Feliz,2372,Exposicao_Face
146189,17,440,983,6.27,0,146189,37,Desenho,Feliz,2389,Exposicao_Face
146205,17,451,985,6.27,0,146205,37,Desenho,Feliz,2405,Exposicao_Face
146222,17,445,985,6.3,0,146222,37,Desenho,Feliz,2422,Exposicao_Face
146239,17,453,982,6.29,0,146239,37,Desenho,Feliz,2439,Exposicao_Face
146255,17,451,984,6.4,0,146255,37,Desenho,Feliz,2455,Exposicao_Face
146272,17,505,982,6.37,0,146272,37,Desenho,Feliz,2472,Exposicao_Face
146289,17,528,961,6.34,0,146289,37,Desenho,Feliz,2489,Exposicao_Face
146305,17,522,964,6.14,0,146305,37,Desenho,Feliz,2505,Exposicao_Face
146322,17,536,975,6.16,0,146322,37,Desenho,Feliz,2522,Exposicao_Face
146339,17,536,973,6.32,0,146339,37,Desenho,Feliz,2539,Exposicao_Face
146355,17,534,983,6.4,0,146355,37,Desenho,Feliz,2555,Exposicao_Face
146372,17,539,968,6.3,0,146372,37,Desenho,Feliz,2572,Exposicao_Face
146388,17,539,981,6.24,0,146388,37,Desenho,Feliz,2588,Exposicao_Face
146405,17,534,980,6.35,0,146405,37,Desenho,Feliz,2605,Exposicao_Face
146422,17,536,980,6.37,0,146422,37,Desenho,Feliz,2622,Exposicao_Face
146438,17,538,977,6.38,0,146438,37,Desenho,Feliz,2638,Exposicao_Face
146455,17,529,989,6.43,0,146455,37,Desenho,Feliz,2655,Exposicao_Face
146472,17,527,991,6.45,0,146472,37,Desenho,Feliz,2672,Exposicao_Face
146488,17,530,980,6.5,0,146488,37,Desenho,Feliz,2688,Exposicao_Face
146522,33,642,958,6.29,0,146522,37,Desenho,Feliz,2722,Exposicao_Face
146538,17,865,1060,6.3,0,146538,37,Desenho,Feliz,2738,Exposicao_Face
146555,17,845,1077,6.35,0,146555,37,Desenho,Feliz,2755,Exposicao_Face
146571,17,502,902,6.24,0,146571,37,Desenho,Feliz,2771,Exposicao_Face
146638,67,501,928,6.3,0,146638,37,Desenho,Feliz,2838,Exposicao_Face
146655,17,692,956,-1.0,0,146655,37,Desenho,Feliz,2855,Exposicao_Face
146671,17,692,991,6.21,0,146671,37,Desenho,Feliz,2871,Exposicao_Face
146688,17,683,987,6.29,0,146688,37,Desenho,Feliz,2888,Exposicao_Face
146704,17,648,914,6.37,0,146704,37,Desenho,Feliz,2904,Exposicao_Face
146721,17,587,711,6.42,0,146721,37,Desenho,Feliz,2921,Exposicao_Face
146738,17,817,702,-1.0,0,146738,37,Desenho,Feliz,2938,Exposicao_Face
146754,17,498,498,6.32,0,146754,37,Desenho,Feliz,2954,Exposicao_Face
146771,17,495,510,6.27,0,146771,37,Desenho,Feliz,2971,Exposicao_Face
146788,17,490,511,6.35,0,146788,37,Desenho,Feliz,2988,Exposicao_Face
146804,17,483,506,6.29,0,146804,37,Desenho,Feliz,3004,Exposicao_Face
146821,17,481,493,6.08,0,146821,37,Desenho,Feliz,3021,Exposicao_Face
146838,17,492,488,6.03,0,146838,37,Desenho,Feliz,3038,Exposicao_Face
146854,17,485,496,6.06,0,146854,37,Desenho,Feliz,3054,Exposicao_Face
146871,17,487,496,6.08,0,146871,37,Desenho,Feliz,3071,Exposicao_Face
146887,17,480,523,6.32,0,146887,37,Desenho,Feliz,3087,Exposicao_Face
146904,17,484,501,6.19,0,146904,37,Desenho,Feliz,3104,Exposicao_Face
146921,17,478,505,6.13,0,146921,37,Desenho,Feliz,3121,Exposicao_Face
146937,17,481,514,6.18,0,146937,37,Desenho,Feliz,3137,Exposicao_Face
146954,17,484,483,6.0,0,146954,37,Desenho,Feliz,3154,Exposicao_Face
146971,17,486,504,6.18,0,146971,37,Desenho,Feliz,3171,Exposicao_Face
146987,17,487,484,6.08,0,146987,37,Desenho,Feliz,3187,Exposicao_Face
147004,17,485,503,6.16,0,147004,37,Desenho,Feliz,3204,Exposicao_Face
147021,17,485,516,6.19,0,147021,37,Desenho,Feliz,3221,Exposicao_Face
147037,17,486,509,6.14,0,147037,37,Desenho,Feliz,3237,Exposicao_Face
147054,17,485,504,6.13,0,147054,37,Desenho,Feliz,3254,Exposicao_Face
147070,17,484,524,6.13,0,147070,37,Desenho,Feliz,3270,Exposicao_Face
147087,17,489,493,6.0,0,147087,37,Desenho,Feliz,3287,Exposicao_Face
147104,17,479,477,5.9,0,147104,37,Desenho,Feliz,3304,Exposicao_Face
147120,17,484,500,6.02,0,147120,37,Desenho,Feliz,3320,Exposicao_Face
147137,17,484,512,6.02,0,147137,37,Desenho,Feliz,3337,Exposicao_Face
147154,17,485,526,6.05,0,147154,37,Desenho,Feliz,3354,Exposicao_Face
147170,17,474,529,6.03,0,147170,37,Desenho,Feliz,3370,Exposicao_Face
147187,17,491,509,5.84,0,147187,37,Desenho,Feliz,3387,Exposicao_Face
147204,17,480,527,5.92,0,147204,37,Desenho,Feliz,3404,Exposicao_Face
147220,17,479,515,5.9,0,147220,37,Desenho,Feliz,3420,Exposicao_Face
147237,17,481,521,5.92,0,147237,37,Desenho,Feliz,3437,Exposicao_Face
147253,17,476,526,5.87,0,147253,37,Desenho,Feliz,3453,Exposicao_Face
147270,17,480,512,5.86,0,147270,37,Desenho,Feliz,3470,Exposicao_Face
147287,17,467,514,5.81,0,147287,37,Desenho,Feliz,3487,Exposicao_Face
147303,17,476,513,5.86,0,147303,37,Desenho,Feliz,3503,Exposicao_Face
147320,17,469,531,5.87,0,147320,37,Desenho,Feliz,3520,Exposicao_Face
147337,17,489,522,5.9,0,147337,37,Desenho,Feliz,3537,Exposicao_Face
147353,17,479,535,5.9,0,147353,37,Desenho,Feliz,3553,Exposicao_Face
147370,17,485,515,5.9,0,147370,37,Desenho,Feliz,3570,Exposicao_Face
147387,17,480,530,5.9,0,147387,37,Desenho,Feliz,3587,Exposicao_Face
147403,17,480,538,5.92,0,147403,37,Desenho,Feliz,3603,Exposicao_Face
147420,17,488,514,5.86,0,147420,37,Desenho,Feliz,3620,Exposicao_Face
147436,17,480,518,5.87,0,147436,37,Desenho,Feliz,3636,Exposicao_Face
147453,17,474,518,5.94,0,147453,37,Desenho,Feliz,3653,Exposicao_Face
147470,17,475,509,5.82,0,147470,37,Desenho,Feliz,3670,Exposicao_Face
147486,17,479,518,5.89,0,147486,37,Desenho,Feliz,3686,Exposicao_Face
147503,17,463,493,5.86,0,147503,37,Desenho,Feliz,3703,Exposicao_Face
147520,17,472,526,5.95,0,147520,37,Desenho,Feliz,3720,Exposicao_Face
147536,17,480,507,5.9,0,147536,37,Desenho,Feliz,3736,Exposicao_Face
147553,17,478,504,5.89,0,147553,37,Desenho,Feliz,3753,Exposicao_Face
147570,17,472,527,5.95,0,147570,37,Desenho,Feliz,3770,Exposicao_Face
147586,17,470,521,5.92,0,147586,37,Desenho,Feliz,3786,Exposicao_Face
147603,17,478,523,6.0,0,147603,37,Desenho,Feliz,3803,Exposicao_Face
147619,17,491,502,5.97,0,147619,37,Desenho,Feliz,3819,Exposicao_Face
147636,17,500,492,5.9,0,147636,37,Desenho,Feliz,3836,Exposicao_Face
147653,17,505,490,5.84,0,147653,37,Desenho,Feliz,3853,Exposicao_Face
147669,17,509,485,5.86,0,147669,37,Desenho,Feliz,3869,Exposicao_Face
147686,17,508,492,5.95,0,147686,37,Desenho,Feliz,3886,Exposicao_Face
147703,17,508,479,5.94,0,147703,37,Desenho,Feliz,3903,Exposicao_Face
147719,17,507,485,6.02,0,147719,37,Desenho,Feliz,3919,Exposicao_Face
147736,17,507,485,5.86,0,147736,37,Desenho,Feliz,3936,Exposicao_Face
147753,17,520,491,5.9,0,147753,37,Desenho,Feliz,3953,Exposicao_Face
147769,17,509,503,5.94,0,147769,37,Desenho,Feliz,3969,Exposicao_Face
147786,17,508,479,5.98,0,147786,37,Desenho,Feliz,3986,Exposicao_Face
147802,17,507,474,5.9,0,147802,38,Desenho,Neutro,2,Janela_Baseline
147819,17,507,483,5.94,0,147819,38,Desenho,Neutro,19,Janela_Baseline
147836,17,510,473,5.95,0,147836,38,Desenho,Neutro,36,Janela_Baseline
147852,17,515,469,5.97,0,147852,38,Desenho,Neutro,52,Janela_Baseline
147869,17,515,493,6.03,0,147869,38,Desenho,Neutro,69,Janela_Baseline
147886,17,529,481,5.92,0,147886,38,Desenho,Neutro,86,Janela_Baseline
147902,17,499,482,5.92,0,147902,38,Desenho,Neutro,102,Janela_Baseline
147919,17,515,423,6.02,0,147919,38,Desenho,Neutro,119,Janela_Baseline
147935,17,508,436,5.98,0,147935,38,Desenho,Neutro,135,Janela_Baseline
147952,17,514,429,6.0,0,147952,38,Desenho,Neutro,152,Janela_Baseline
147969,17,516,421,5.97,0,147969,38,Desenho,Neutro,169,Janela_Baseline
147985,17,515,415,5.92,0,147985,38,Desenho,Neutro,185,Janela_Baseline
148002,17,507,432,6.05,0,148002,38,Desenho,Neutro,202,Janela_Baseline
148019,17,508,421,6.02,0,148019,38,Desenho,Neutro,219,Janela_Baseline
148035,17,513,417,5.97,0,148035,38,Desenho,Neutro,235,Janela_Baseline
148052,17,515,431,5.92,0,148052,38,Desenho,Neutro,252,Janela_Baseline
148069,17,512,416,5.9,0,148069,38,Desenho,Neutro,269,Janela_Baseline
148085,17,507,422,5.94,0,148085,38,Desenho,Neutro,285,Janela_Baseline
148102,17,512,417,5.92,0,148102,38,Desenho,Neutro,302,Janela_Baseline
148118,17,507,437,5.92,0,148118,38,Desenho,Neutro,318,Janela_Baseline
148135,17,513,403,5.92,0,148135,38,Desenho,Neutro,335,Janela_Baseline
148152,17,507,429,5.94,0,148152,38,Desenho,Neutro,352,Janela_Baseline
148168,17,521,409,5.98,0,148168,38,Desenho,Neutro,368,Janela_Baseline
148185,17,613,384,5.98,0,148185,38,Desenho,Neutro,385,Janela_Baseline
148202,17,689,362,5.95,0,148202,38,Desenho,Neutro,402,Janela_Baseline
148218,17,694,398,6.16,0,148218,38,Desenho,Neutro,418,Janela_Baseline
148235,17,709,360,5.95,0,148235,38,Desenho,Neutro,435,Janela_Baseline
148252,17,711,365,5.98,0,148252,38,Desenho,Neutro,452,Janela_Baseline
148268,17,697,387,6.03,0,148268,38,Desenho,Neutro,468,Janela_Baseline
148285,17,706,399,6.08,0,148285,38,Desenho,Neutro,485,Janela_Baseline
148301,17,703,386,6.02,0,148301,38,Desenho,Neutro,501,Janela_Baseline
148318,17,692,378,5.95,0,148318,38,Desenho,Neutro,518,Janela_Baseline
148335,17,700,399,5.98,0,148335,38,Desenho,Neutro,535,Janela_Baseline
148351,17,700,397,6.05,0,148351,38,Desenho,Neutro,551,Janela_Baseline
148368,17,692,354,5.84,0,148368,38,Desenho,Neutro,568,Janela_Baseline
148385,17,742,375,6.05,0,148385,38,Desenho,Neutro,585,Janela_Baseline
148401,17,747,369,6.05,0,148401,38,Desenho,Neutro,601,Janela_Baseline
148418,17,743,361,5.98,0,148418,38,Desenho,Neutro,618,Janela_Baseline
148435,17,752,348,5.94,0,148435,38,Desenho,Neutro,635,Janela_Baseline
148451,17,735,355,5.97,0,148451,38,Desenho,Neutro,651,Janela_Baseline
148468,17,750,360,5.98,0,148468,38,Desenho,Neutro,668,Janela_Baseline
148484,17,736,375,6.02,0,148484,38,Desenho,Neutro,684,Janela_Baseline
148501,17,743,353,6.03,0,148501,38,Desenho,Neutro,701,Janela_Baseline
148518,17,745,352,5.98,0,148518,38,Desenho,Neutro,718,Janela_Baseline
148534,17,749,375,6.06,0,148534,38,Desenho,Neutro,734,Janela_Baseline
148551,17,736,352,6.0,0,148551,38,Desenho,Neutro,751,Janela_Baseline
148568,17,730,368,6.1,0,148568,38,Desenho,Neutro,768,Janela_Baseline
148584,17,750,364,6.02,0,148584,38,Desenho,Neutro,784,Janela_Baseline
148601,17,730,338,6.06,0,148601,38,Desenho,Neutro,801,Janela_Baseline
148618,17,731,346,6.13,0,148618,38,Desenho,Neutro,818,Janela_Baseline
148634,17,727,336,6.06,0,148634,38,Desenho,Neutro,834,Janela_Baseline
148651,17,743,366,6.06,0,148651,38,Desenho,Neutro,851,Janela_Baseline
148667,17,728,357,6.05,0,148667,38,Desenho,Neutro,867,Janela_Baseline
148684,17,744,332,5.94,0,148684,38,Desenho,Neutro,884,Janela_Baseline
148701,17,741,336,6.05,0,148701,38,Desenho,Neutro,901,Janela_Baseline
148717,17,724,342,5.79,0,148717,38,Desenho,Neutro,917,Janela_Baseline
148734,17,742,350,5.98,0,148734,38,Desenho,Neutro,934,Janela_Baseline
148751,17,734,329,5.95,0,148751,38,Desenho,Neutro,951,Janela_Baseline
148767,17,740,352,5.98,0,148767,38,Desenho,Neutro,967,Janela_Baseline
148784,17,739,360,6.02,0,148784,38,Desenho,Neutro,984,Janela_Baseline
148801,17,738,378,6.05,0,148801,38,Desenho,Neutro,1001,Janela_Baseline
148817,17,738,336,5.92,0,148817,38,Desenho,Neutro,1017,Janela_Baseline
148834,17,718,335,5.9,0,148834,38,Desenho,Neutro,1034,Janela_Baseline
148850,17,727,330,5.87,0,148850,38,Desenho,Neutro,1050,Janela_Baseline
148867,17,743,336,5.97,0,148867,38,Desenho,Neutro,1067,Janela_Baseline
148884,17,738,335,5.95,0,148884,38,Desenho,Neutro,1084,Janela_Baseline
148900,17,727,324,5.9,0,148900,38,Desenho,Neutro,1100,Janela_Baseline
148917,17,744,323,5.89,0,148917,38,Desenho,Neutro,1117,Janela_Baseline
148934,17,732,339,5.94,0,148934,38,Desenho,Neutro,1134,Janela_Baseline
148950,17,733,345,5.97,0,148950,38,Desenho,Neutro,1150,Janela_Baseline
148967,17,730,346,5.98,0,148967,38,Desenho,Neutro,1167,Janela_Baseline
148983,17,740,348,5.94,0,148983,38,Desenho,Neutro,1183,Janela_Baseline
149000,17,739,341,5.94,0,149000,38,Desenho,Neutro,1200,Janela_Baseline
149017,17,728,343,6.03,0,149017,38,Desenho,Neutro,1217,Janela_Baseline
149033,17,722,329,5.61,0,149033,38,Desenho,Neutro,1233,Janela_Baseline
149050,17,727,341,5.95,0,149050,38,Desenho,Neutro,1250,Janela_Baseline
149067,17,736,349,6.05,0,149067,38,Desenho,Neutro,1267,Janela_Baseline
149083,17,738,339,5.95,0,149083,38,Desenho,Neutro,1283,Janela_Baseline
149100,17,752,335,5.92,0,149100,38,Desenho,Neutro,1300,Exposicao_Face
149117,17,731,335,5.95,0,149117,38,Desenho,Neutro,1317,Exposicao_Face
149133,17,736,347,6.05,0,149133,38,Desenho,Neutro,1333,Exposicao_Face
149150,17,737,332,6.03,0,149150,38,Desenho,Neutro,1350,Exposicao_Face
149166,17,730,340,5.95,0,149166,38,Desenho,Neutro,1366,Exposicao_Face
149183,17,740,311,5.95,0,149183,38,Desenho,Neutro,1383,Exposicao_Face
149200,17,739,343,6.05,0,149200,38,Desenho,Neutro,1400,Exposicao_Face
149216,17,723,334,6.02,0,149216,38,Desenho,Neutro,1416,Exposicao_Face
149233,17,741,346,5.97,0,149233,38,Desenho,Neutro,1433,Exposicao_Face
149250,17,733,337,6.0,0,149250,38,Desenho,Neutro,1450,Exposicao_Face
149266,17,734,356,5.98,0,149266,38,Desenho,Neutro,1466,Exposicao_Face
149283,17,733,345,6.1,0,149283,38,Desenho,Neutro,1483,Exposicao_Face
149300,17,722,372,6.06,0,149300,38,Desenho,Neutro,1500,Exposicao_Face
149316,17,722,357,6.03,0,149316,38,Desenho,Neutro,1516,Exposicao_Face
149333,17,743,350,6.13,0,149333,38,Desenho,Neutro,1533,Exposicao_Face
149349,17,731,345,6.05,0,149349,38,Desenho,Neutro,1549,Exposicao_Face
149366,17,731,344,6.05,0,149366,38,Desenho,Neutro,1566,Exposicao_Face
149383,17,716,350,6.13,0,149383,38,Desenho,Neutro,1583,Exposicao_Face
149399,17,724,374,6.11,0,149399,38,Desenho,Neutro,1599,Exposicao_Face
149416,17,725,357,6.11,0,149416,38,Desenho,Neutro,1616,Exposicao_Face
149433,17,732,361,6.06,0,149433,38,Desenho,Neutro,1633,Exposicao_Face
149449,17,727,316,5.98,0,149449,38,Desenho,Neutro,1649,Exposicao_Face
149466,17,727,344,6.06,0,149466,38,Desenho,Neutro,1666,Exposicao_Face
149483,17,732,340,6.14,0,149483,38,Desenho,Neutro,1683,Exposicao_Face
149499,17,712,347,6.08,0,149499,38,Desenho,Neutro,1699,Exposicao_Face
149516,17,729,340,6.08,0,149516,38,Desenho,Neutro,1716,Exposicao_Face
149532,17,734,336,6.1,0,149532,38,Desenho,Neutro,1732,Exposicao_Face
149549,17,713,347,6.06,0,149549,38,Desenho,Neutro,1749,Exposicao_Face
149566,17,721,335,6.03,0,149566,38,Desenho,Neutro,1766,Exposicao_Face
149582,17,725,355,6.05,0,149582,38,Desenho,Neutro,1782,Exposicao_Face
149599,17,720,348,6.1,0,149599,38,Desenho,Neutro,1799,Exposicao_Face
149616,17,709,346,6.06,0,149616,38,Desenho,Neutro,1816,Exposicao_Face
149632,17,728,354,6.03,0,149632,38,Desenho,Neutro,1832,Exposicao_Face
149649,17,715,359,6.14,0,149649,38,Desenho,Neutro,1849,Exposicao_Face
149666,17,708,363,6.11,0,149666,38,Desenho,Neutro,1866,Exposicao_Face
149682,17,724,345,6.06,0,149682,38,Desenho,Neutro,1882,Exposicao_Face
149699,17,703,351,6.11,0,149699,38,Desenho,Neutro,1899,Exposicao_Face
149715,17,711,364,6.06,0,149715,38,Desenho,Neutro,1915,Exposicao_Face
149732,17,711,360,6.22,0,149732,38,Desenho,Neutro,1932,Exposicao_Face
149749,17,704,365,6.18,0,149749,38,Desenho,Neutro,1949,Exposicao_Face
149765,17,705,360,6.11,0,149765,38,Desenho,Neutro,1965,Exposicao_Face
149782,17,710,363,6.18,0,149782,38,Desenho,Neutro,1982,Exposicao_Face
149799,17,706,351,5.97,0,149799,38,Desenho,Neutro,1999,Exposicao_Face
149815,17,700,368,6.13,0,149815,38,Desenho,Neutro,2015,Exposicao_Face
149832,17,727,353,6.06,0,149832,38,Desenho,Neutro,2032,Exposicao_Face
149849,17,700,375,6.14,0,149849,38,Desenho,Neutro,2049,Exposicao_Face
149865,17,695,402,6.16,0,149865,38,Desenho,Neutro,2065,Exposicao_Face
149882,17,651,412,6.19,0,149882,38,Desenho,Neutro,2082,Exposicao_Face
149898,17,620,408,6.16,0,149898,38,Desenho,Neutro,2098,Exposicao_Face
149915,17,597,430,6.19,0,149915,38,Desenho,Neutro,2115,Exposicao_Face
149932,17,580,407,6.11,0,149932,38,Desenho,Neutro,2132,Exposicao_Face
149948,17,562,386,6.19,0,149948,38,Desenho,Neutro,2148,Exposicao_Face
149965,17,561,375,6.18,0,149965,38,Desenho,Neutro,2165,Exposicao_Face
149982,17,560,375,6.16,0,149982,38,Desenho,Neutro,2182,Exposicao_Face
149998,17,549,397,6.18,0,149998,38,Desenho,Neutro,2198,Exposicao_Face
150015,17,565,405,6.16,0,150015,38,Desenho,Neutro,2215,Exposicao_Face
150032,17,558,398,6.11,0,150032,38,Desenho,Neutro,2232,Exposicao_Face
150048,17,562,410,6.19,0,150048,38,Desenho,Neutro,2248,Exposicao_Face
150065,17,538,418,6.16,0,150065,38,Desenho,Neutro,2265,Exposicao_Face
150081,17,549,450,6.19,0,150081,38,Desenho,Neutro,2281,Exposicao_Face
150098,17,544,461,6.19,0,150098,38,Desenho,Neutro,2298,Exposicao_Face
150115,17,538,471,6.18,0,150115,38,Desenho,Neutro,2315,Exposicao_Face
150131,17,529,487,6.16,0,150131,38,Desenho,Neutro,2331,Exposicao_Face
150148,17,535,488,6.13,0,150148,38,Desenho,Neutro,2348,Exposicao_Face
150165,17,528,509,6.1,0,150165,38,Desenho,Neutro,2365,Exposicao_Face
150181,17,525,492,6.14,0,150181,38,Desenho,Neutro,2381,Exposicao_Face
150198,17,533,498,6.16,0,150198,38,Desenho,Neutro,2398,Exposicao_Face
150214,17,538,505,6.18,0,150214,38,Desenho,Neutro,2414,Exposicao_Face
150231,17,527,484,6.08,0,150231,38,Desenho,Neutro,2431,Exposicao_Face
150248,17,535,496,6.16,0,150248,38,Desenho,Neutro,2448,Exposicao_Face
150264,17,528,484,6.1,0,150264,38,Desenho,Neutro,2464,Exposicao_Face
150281,17,533,427,5.95,0,150281,38,Desenho,Neutro,2481,Exposicao_Face
150298,17,530,432,6.08,0,150298,38,Desenho,Neutro,2498,Exposicao_Face
150314,17,530,422,6.05,0,150314,38,Desenho,Neutro,2514,Exposicao_Face
150331,17,534,402,5.94,0,150331,38,Desenho,Neutro,2531,Exposicao_Face
150348,17,519,446,6.0,0,150348,38,Desenho,Neutro,2548,Exposicao_Face
150364,17,530,447,5.94,0,150364,38,Desenho,Neutro,2564,Exposicao_Face
150381,17,529,454,5.95,0,150381,38,Desenho,Neutro,2581,Exposicao_Face
150397,17,528,458,5.92,0,150397,38,Desenho,Neutro,2597,Exposicao_Face
150414,17,534,439,5.84,0,150414,38,Desenho,Neutro,2614,Exposicao_Face
150431,17,534,437,5.87,0,150431,38,Desenho,Neutro,2631,Exposicao_Face
150447,17,529,450,5.92,0,150447,38,Desenho,Neutro,2647,Exposicao_Face
150464,17,522,447,5.94,0,150464,38,Desenho,Neutro,2664,Exposicao_Face
150481,17,523,441,5.94,0,150481,38,Desenho,Neutro,2681,Exposicao_Face
150497,17,530,441,5.92,0,150497,38,Desenho,Neutro,2697,Exposicao_Face
150514,17,533,453,5.95,0,150514,38,Desenho,Neutro,2714,Exposicao_Face
150531,17,528,448,5.9,0,150531,38,Desenho,Neutro,2731,Exposicao_Face
150547,17,533,430,5.78,0,150547,38,Desenho,Neutro,2747,Exposicao_Face
150564,17,534,448,5.94,0,150564,38,Desenho,Neutro,2764,Exposicao_Face
150580,17,523,459,5.92,0,150580,38,Desenho,Neutro,2780,Exposicao_Face
150597,17,529,434,5.92,0,150597,38,Desenho,Neutro,2797,Exposicao_Face
150614,17,534,437,5.82,0,150614,38,Desenho,Neutro,2814,Exposicao_Face
150630,17,523,434,5.9,0,150630,38,Desenho,Neutro,2830,Exposicao_Face
150647,17,525,429,5.89,0,150647,38,Desenho,Neutro,2847,Exposicao_Face
150664,17,531,438,5.89,0,150664,38,Desenho,Neutro,2864,Exposicao_Face
150680,17,529,443,5.81,0,150680,38,Desenho,Neutro,2880,Exposicao_Face
150697,17,526,452,5.94,0,150697,38,Desenho,Neutro,2897,Exposicao_Face
150714,17,529,442,5.86,0,150714,38,Desenho,Neutro,2914,Exposicao_Face
150730,17,531,453,5.92,0,150730,38,Desenho,Neutro,2930,Exposicao_Face
150747,17,523,428,5.89,0,150747,38,Desenho,Neutro,2947,Exposicao_Face
150763,17,519,454,5.84,0,150763,38,Desenho,Neutro,2963,Exposicao_Face
150780,17,527,460,5.87,0,150780,38,Desenho,Neutro,2980,Exposicao_Face
150797,17,521,436,5.89,0,150797,38,Desenho,Neutro,2997,Exposicao_Face
150813,17,521,433,5.87,0,150813,38,Desenho,Neutro,3013,Exposicao_Face
150830,17,524,426,5.81,0,150830,38,Desenho,Neutro,3030,Exposicao_Face
150847,17,530,439,5.86,0,150847,38,Desenho,Neutro,3047,Exposicao_Face
150863,17,528,445,5.87,0,150863,38,Desenho,Neutro,3063,Exposicao_Face
150880,17,526,464,5.89,0,150880,38,Desenho,Neutro,3080,Exposicao_Face
150897,17,521,467,5.82,0,150897,38,Desenho,Neutro,3097,Exposicao_Face
150913,17,528,457,5.89,0,150913,38,Desenho,Neutro,3113,Exposicao_Face
150930,17,520,421,5.82,0,150930,38,Desenho,Neutro,3130,Exposicao_Face
150946,17,522,495,5.81,0,150946,38,Desenho,Neutro,3146,Exposicao_Face
150963,17,532,508,5.92,0,150963,38,Desenho,Neutro,3163,Exposicao_Face
150980,17,551,537,5.81,0,150980,38,Desenho,Neutro,3180,Exposicao_Face
150996,17,541,542,5.87,0,150996,38,Desenho,Neutro,3196,Exposicao_Face
151013,17,547,542,5.82,0,151013,38,Desenho,Neutro,3213,Exposicao_Face
151030,17,548,546,5.84,0,151030,38,Desenho,Neutro,3230,Exposicao_Face
151046,17,539,553,5.79,0,151046,38,Desenho,Neutro,3246,Exposicao_Face
151063,17,548,547,5.79,0,151063,38,Desenho,Neutro,3263,Exposicao_Face
151080,17,553,534,5.79,0,151080,38,Desenho,Neutro,3280,Exposicao_Face
151096,17,544,559,5.86,0,151096,38,Desenho,Neutro,3296,Exposicao_Face
151113,17,544,540,5.82,0,151113,38,Desenho,Neutro,3313,Exposicao_Face
151129,17,540,541,5.79,0,151129,38,Desenho,Neutro,3329,Exposicao_Face
151146,17,520,472,5.89,0,151146,38,Desenho,Neutro,3346,Exposicao_Face
151163,17,518,474,5.84,0,151163,38,Desenho,Neutro,3363,Exposicao_Face
151179,17,509,459,5.81,0,151179,38,Desenho,Neutro,3379,Exposicao_Face
151196,17,525,436,5.81,0,151196,38,Desenho,Neutro,3396,Exposicao_Face
151213,17,511,463,5.87,0,151213,38,Desenho,Neutro,3413,Exposicao_Face
151229,17,511,453,5.87,0,151229,38,Desenho,Neutro,3429,Exposicao_Face
151246,17,509,450,5.84,0,151246,38,Desenho,Neutro,3446,Exposicao_Face
151262,17,507,469,5.92,0,151262,38,Desenho,Neutro,3462,Exposicao_Face
151279,17,516,455,5.87,0,151279,38,Desenho,Neutro,3479,Exposicao_Face
151296,17,518,463,5.92,0,151296,38,Desenho,Neutro,3496,Exposicao_Face
151312,17,512,461,5.9,0,151312,38,Desenho,Neutro,3512,Exposicao_Face
151329,17,513,458,5.84,0,151329,38,Desenho,Neutro,3529,Exposicao_Face
151346,17,511,466,5.89,0,151346,38,Desenho,Neutro,3546,Exposicao_Face
151362,17,509,460,5.95,0,151362,38,Desenho,Neutro,3562,Exposicao_Face
151379,17,528,452,5.92,0,151379,38,Desenho,Neutro,3579,Exposicao_Face
151396,17,511,453,5.9,0,151396,38,Desenho,Neutro,3596,Exposicao_Face
151412,17,514,457,5.9,0,151412,38,Desenho,Neutro,3612,Exposicao_Face
151429,17,498,474,6.0,0,151429,38,Desenho,Neutro,3629,Exposicao_Face
151445,17,509,470,5.9,0,151445,38,Desenho,Neutro,3645,Exposicao_Face
151462,17,507,471,5.9,0,151462,38,Desenho,Neutro,3662,Exposicao_Face
151479,17,518,450,5.89,0,151479,38,Desenho,Neutro,3679,Exposicao_Face
151495,17,509,452,5.89,0,151495,38,Desenho,Neutro,3695,Exposicao_Face
151512,17,511,456,5.89,0,151512,38,Desenho,Neutro,3712,Exposicao_Face
151529,17,506,454,5.87,0,151529,38,Desenho,Neutro,3729,Exposicao_Face
151545,17,503,449,5.78,0,151545,38,Desenho,Neutro,3745,Exposicao_Face
151562,17,507,493,5.97,0,151562,38,Desenho,Neutro,3762,Exposicao_Face
151579,17,505,456,5.9,0,151579,38,Desenho,Neutro,3779,Exposicao_Face
151595,17,512,459,5.89,0,151595,38,Desenho,Neutro,3795,Exposicao_Face
151612,17,512,459,5.82,0,151612,38,Desenho,Neutro,3812,Exposicao_Face
151628,17,510,470,5.87,0,151628,38,Desenho,Neutro,3828,Exposicao_Face
151645,17,510,476,5.92,0,151645,38,Desenho,Neutro,3845,Exposicao_Face
151662,17,510,459,5.92,0,151662,38,Desenho,Neutro,3862,Exposicao_Face
151678,17,514,469,5.89,0,151678,38,Desenho,Neutro,3878,Exposicao_Face
151695,17,511,461,5.94,0,151695,38,Desenho,Neutro,3895,Exposicao_Face
151712,17,512,462,5.94,0,151712,38,Desenho,Neutro,3912,Exposicao_Face
151728,17,513,466,5.9,0,151728,38,Desenho,Neutro,3928,Exposicao_Face
151745,17,515,452,5.82,0,151745,38,Desenho,Neutro,3945,Exposicao_Face
151762,17,507,465,5.94,0,151762,38,Desenho,Neutro,3962,Exposicao_Face
151778,17,512,469,5.94,0,151778,38,Desenho,Neutro,3978,Exposicao_Face
151795,17,508,452,5.92,0,151795,38,Desenho,Neutro,3995,Exposicao_Face
151811,17,514,453,5.97,0,151811,39,Desenho,Raiva,11,Janela_Baseline
151828,17,513,473,6.0,0,151828,39,Desenho,Raiva,28,Janela_Baseline
151845,17,506,471,5.94,0,151845,39,Desenho,Raiva,45,Janela_Baseline
151861,17,509,446,5.95,0,151861,39,Desenho,Raiva,61,Janela_Baseline
151878,17,516,452,6.02,0,151878,39,Desenho,Raiva,78,Janela_Baseline
151895,17,526,452,5.95,0,151895,39,Desenho,Raiva,95,Janela_Baseline
151911,17,661,494,6.0,0,151911,39,Desenho,Raiva,111,Janela_Baseline
151928,17,711,519,6.03,0,151928,39,Desenho,Raiva,128,Janela_Baseline
151945,17,715,538,6.05,0,151945,39,Desenho,Raiva,145,Janela_Baseline
151961,17,720,546,6.06,0,151961,39,Desenho,Raiva,161,Janela_Baseline
151978,17,725,540,6.08,0,151978,39,Desenho,Raiva,178,Janela_Baseline
151994,17,724,532,6.03,0,151994,39,Desenho,Raiva,194,Janela_Baseline
152011,17,732,539,6.14,0,152011,39,Desenho,Raiva,211,Janela_Baseline
152028,17,724,541,6.19,0,152028,39,Desenho,Raiva,228,Janela_Baseline
152044,17,727,539,6.16,0,152044,39,Desenho,Raiva,244,Janela_Baseline
152061,17,732,504,6.1,0,152061,39,Desenho,Raiva,261,Janela_Baseline
152078,17,731,546,6.06,0,152078,39,Desenho,Raiva,278,Janela_Baseline
152094,17,729,533,6.18,0,152094,39,Desenho,Raiva,294,Janela_Baseline
152111,17,733,589,6.14,0,152111,39,Desenho,Raiva,311,Janela_Baseline
152128,17,728,543,6.08,0,152128,39,Desenho,Raiva,328,Janela_Baseline
152144,17,735,562,6.14,0,152144,39,Desenho,Raiva,344,Janela_Baseline
152161,17,747,561,6.16,0,152161,39,Desenho,Raiva,361,Janela_Baseline
152177,17,733,575,6.13,0,152177,39,Desenho,Raiva,377,Janela_Baseline
152194,17,729,587,6.19,0,152194,39,Desenho,Raiva,394,Janela_Baseline
152211,17,727,575,6.19,0,152211,39,Desenho,Raiva,411,Janela_Baseline
152227,17,740,564,6.18,0,152227,39,Desenho,Raiva,427,Janela_Baseline
152244,17,733,561,6.16,0,152244,39,Desenho,Raiva,444,Janela_Baseline
152261,17,732,587,6.22,0,152261,39,Desenho,Raiva,461,Janela_Baseline
152277,17,733,569,6.18,0,152277,39,Desenho,Raiva,477,Janela_Baseline
152294,17,734,554,6.1,0,152294,39,Desenho,Raiva,494,Janela_Baseline
152311,17,722,563,6.16,0,152311,39,Desenho,Raiva,511,Janela_Baseline
152327,17,723,587,6.19,0,152327,39,Desenho,Raiva,527,Janela_Baseline
152344,17,731,570,6.19,0,152344,39,Desenho,Raiva,544,Janela_Baseline
152360,17,734,557,6.14,0,152360,39,Desenho,Raiva,560,Janela_Baseline
152377,17,728,573,6.16,0,152377,39,Desenho,Raiva,577,Janela_Baseline
152394,17,734,557,6.21,0,152394,39,Desenho,Raiva,594,Janela_Baseline
152410,17,733,556,6.13,0,152410,39,Desenho,Raiva,610,Janela_Baseline
152427,17,731,571,6.14,0,152427,39,Desenho,Raiva,627,Janela_Baseline
152444,17,724,567,6.11,0,152444,39,Desenho,Raiva,644,Janela_Baseline
152460,17,720,591,6.18,0,152460,39,Desenho,Raiva,660,Janela_Baseline
152477,17,720,570,6.19,0,152477,39,Desenho,Raiva,677,Janela_Baseline
152493,17,726,579,6.18,0,152493,39,Desenho,Raiva,693,Janela_Baseline
152510,17,719,602,6.21,0,152510,39,Desenho,Raiva,710,Janela_Baseline
152527,17,715,597,6.29,0,152527,39,Desenho,Raiva,727,Janela_Baseline
152543,17,717,591,6.16,0,152543,39,Desenho,Raiva,743,Janela_Baseline
152560,17,715,587,6.18,0,152560,39,Desenho,Raiva,760,Janela_Baseline
152577,17,717,596,6.22,0,152577,39,Desenho,Raiva,777,Janela_Baseline
152593,17,719,566,6.24,0,152593,39,Desenho,Raiva,793,Janela_Baseline
152610,17,717,566,6.05,0,152610,39,Desenho,Raiva,810,Janela_Baseline
152627,17,719,581,6.19,0,152627,39,Desenho,Raiva,827,Janela_Baseline
152643,17,719,567,6.13,0,152643,39,Desenho,Raiva,843,Janela_Baseline
152660,17,722,567,6.1,0,152660,39,Desenho,Raiva,860,Janela_Baseline
152676,17,720,595,6.22,0,152676,39,Desenho,Raiva,876,Janela_Baseline
152693,17,718,581,6.22,0,152693,39,Desenho,Raiva,893,Janela_Baseline
152710,17,718,571,6.14,0,152710,39,Desenho,Raiva,910,Janela_Baseline
152726,17,717,571,6.22,0,152726,39,Desenho,Raiva,926,Janela_Baseline
152743,17,724,591,6.27,0,152743,39,Desenho,Raiva,943,Janela_Baseline
152760,17,720,585,6.26,0,152760,39,Desenho,Raiva,960,Janela_Baseline
152776,17,721,582,6.19,0,152776,39,Desenho,Raiva,976,Janela_Baseline
152793,17,727,591,6.32,0,152793,39,Desenho,Raiva,993,Janela_Baseline
152810,17,718,583,6.19,0,152810,39,Desenho,Raiva,1010,Janela_Baseline
152826,17,729,588,6.27,0,152826,39,Desenho,Raiva,1026,Janela_Baseline
152843,17,718,587,6.35,0,152843,39,Desenho,Raiva,1043,Janela_Baseline
152859,17,712,568,6.02,0,152859,39,Desenho,Raiva,1059,Janela_Baseline
152876,17,721,579,6.29,0,152876,39,Desenho,Raiva,1076,Janela_Baseline
152893,17,724,593,6.34,0,152893,39,Desenho,Raiva,1093,Janela_Baseline
152909,17,723,577,6.3,0,152909,39,Desenho,Raiva,1109,Janela_Baseline
152926,17,724,562,6.3,0,152926,39,Desenho,Raiva,1126,Janela_Baseline
152943,17,718,570,6.29,0,152943,39,Desenho,Raiva,1143,Janela_Baseline
152959,17,731,571,6.02,0,152959,39,Desenho,Raiva,1159,Janela_Baseline
152976,17,722,562,6.02,0,152976,39,Desenho,Raiva,1176,Janela_Baseline
152993,17,733,573,6.34,0,152993,39,Desenho,Raiva,1193,Janela_Baseline
153009,17,734,584,6.37,0,153009,39,Desenho,Raiva,1209,Janela_Baseline
153026,17,731,570,6.18,0,153026,39,Desenho,Raiva,1226,Janela_Baseline
153042,17,725,572,6.14,0,153042,39,Desenho,Raiva,1242,Janela_Baseline
153059,17,728,564,6.19,0,153059,39,Desenho,Raiva,1259,Janela_Baseline
153076,17,732,588,6.27,0,153076,39,Desenho,Raiva,1276,Janela_Baseline
153092,17,730,585,6.3,0,153092,39,Desenho,Raiva,1292,Janela_Baseline
153109,17,730,577,6.29,0,153109,39,Desenho,Raiva,1309,Exposicao_Face
153126,17,731,581,6.19,0,153126,39,Desenho,Raiva,1326,Exposicao_Face
153142,17,725,575,6.32,0,153142,39,Desenho,Raiva,1342,Exposicao_Face
153159,17,737,555,6.24,0,153159,39,Desenho,Raiva,1359,Exposicao_Face
153176,17,731,576,6.4,0,153176,39,Desenho,Raiva,1376,Exposicao_Face
153192,17,723,551,6.27,0,153192,39,Desenho,Raiva,1392,Exposicao_Face
153209,17,732,574,6.27,0,153209,39,Desenho,Raiva,1409,Exposicao_Face
153225,17,717,593,6.34,0,153225,39,Desenho,Raiva,1425,Exposicao_Face
153242,17,729,591,6.35,0,153242,39,Desenho,Raiva,1442,Exposicao_Face
153259,17,736,591,6.32,0,153259,39,Desenho,Raiva,1459,Exposicao_Face
153275,17,729,566,6.11,0,153275,39,Desenho,Raiva,1475,Exposicao_Face
153292,17,729,570,6.18,0,153292,39,Desenho,Raiva,1492,Exposicao_Face
153309,17,732,602,6.26,0,153309,39,Desenho,Raiva,1509,Exposicao_Face
153325,17,729,573,6.18,0,153325,39,Desenho,Raiva,1525,Exposicao_Face
153342,17,731,580,6.21,0,153342,39,Desenho,Raiva,1542,Exposicao_Face
153359,17,732,594,6.3,0,153359,39,Desenho,Raiva,1559,Exposicao_Face
153375,17,727,570,6.02,0,153375,39,Desenho,Raiva,1575,Exposicao_Face
153392,17,728,572,6.18,0,153392,39,Desenho,Raiva,1592,Exposicao_Face
153408,17,726,608,6.32,0,153408,39,Desenho,Raiva,1608,Exposicao_Face
153425,17,760,563,5.98,0,153425,39,Desenho,Raiva,1625,Exposicao_Face
153442,17,767,594,6.22,0,153442,39,Desenho,Raiva,1642,Exposicao_Face
153458,17,758,580,6.21,0,153458,39,Desenho,Raiva,1658,Exposicao_Face
153475,17,756,590,6.24,0,153475,39,Desenho,Raiva,1675,Exposicao_Face
153492,17,724,614,6.16,0,153492,39,Desenho,Raiva,1692,Exposicao_Face
153508,17,738,593,6.18,0,153508,39,Desenho,Raiva,1708,Exposicao_Face
153525,17,764,582,6.08,0,153525,39,Desenho,Raiva,1725,Exposicao_Face
153542,17,689,541,6.24,0,153542,39,Desenho,Raiva,1742,Exposicao_Face
153558,17,600,492,6.06,0,153558,39,Desenho,Raiva,1758,Exposicao_Face
153575,17,536,431,6.22,0,153575,39,Desenho,Raiva,1775,Exposicao_Face
153591,17,510,443,6.22,0,153591,39,Desenho,Raiva,1791,Exposicao_Face
153608,17,509,438,6.19,0,153608,39,Desenho,Raiva,1808,Exposicao_Face
153625,17,523,401,6.03,0,153625,39,Desenho,Raiva,1825,Exposicao_Face
153641,17,523,413,6.18,0,153641,39,Desenho,Raiva,1841,Exposicao_Face
153658,17,524,435,6.24,0,153658,39,Desenho,Raiva,1858,Exposicao_Face
153675,17,520,415,6.14,0,153675,39,Desenho,Raiva,1875,Exposicao_Face
153691,17,519,437,6.24,0,153691,39,Desenho,Raiva,1891,Exposicao_Face
153708,17,510,430,5.98,0,153708,39,Desenho,Raiva,1908,Exposicao_Face
153724,17,507,432,6.32,0,153724,39,Desenho,Raiva,1924,Exposicao_Face
153741,17,510,444,6.3,0,153741,39,Desenho,Raiva,1941,Exposicao_Face
153758,17,508,456,6.3,0,153758,39,Desenho,Raiva,1958,Exposicao_Face
153774,17,521,418,6.34,0,153774,39,Desenho,Raiva,1974,Exposicao_Face
153791,17,517,434,6.37,0,153791,39,Desenho,Raiva,1991,Exposicao_Face
153808,17,508,431,6.14,0,153808,39,Desenho,Raiva,2008,Exposicao_Face
153824,17,503,431,6.26,0,153824,39,Desenho,Raiva,2024,Exposicao_Face
153841,17,512,408,6.1,0,153841,39,Desenho,Raiva,2041,Exposicao_Face
153858,17,523,438,6.35,0,153858,39,Desenho,Raiva,2058,Exposicao_Face
153874,17,526,425,6.3,0,153874,39,Desenho,Raiva,2074,Exposicao_Face
153891,17,528,426,6.29,0,153891,39,Desenho,Raiva,2091,Exposicao_Face
153907,17,503,432,6.26,0,153907,39,Desenho,Raiva,2107,Exposicao_Face
153924,17,518,419,6.29,0,153924,39,Desenho,Raiva,2124,Exposicao_Face
153941,17,515,420,6.26,0,153941,39,Desenho,Raiva,2141,Exposicao_Face
153957,17,518,415,6.29,0,153957,39,Desenho,Raiva,2157,Exposicao_Face
153974,17,518,425,6.22,0,153974,39,Desenho,Raiva,2174,Exposicao_Face
153991,17,523,400,6.24,0,153991,39,Desenho,Raiva,2191,Exposicao_Face
154007,17,528,428,6.24,0,154007,39,Desenho,Raiva,2207,Exposicao_Face
154024,17,518,422,6.26,0,154024,39,Desenho,Raiva,2224,Exposicao_Face
154041,17,518,431,6.32,0,154041,39,Desenho,Raiva,2241,Exposicao_Face
154057,17,525,413,6.29,0,154057,39,Desenho,Raiva,2257,Exposicao_Face
154074,17,530,421,6.22,0,154074,39,Desenho,Raiva,2274,Exposicao_Face
154090,17,515,394,6.19,0,154090,39,Desenho,Raiva,2290,Exposicao_Face
154107,17,528,402,6.24,0,154107,39,Desenho,Raiva,2307,Exposicao_Face
154124,17,528,434,6.14,0,154124,39,Desenho,Raiva,2324,Exposicao_Face
154140,17,521,426,6.27,0,154140,39,Desenho,Raiva,2340,Exposicao_Face
154157,17,505,420,6.22,0,154157,39,Desenho,Raiva,2357,Exposicao_Face
154174,17,514,411,6.27,0,154174,39,Desenho,Raiva,2374,Exposicao_Face
154190,17,527,425,6.24,0,154190,39,Desenho,Raiva,2390,Exposicao_Face
154207,17,606,439,6.3,0,154207,39,Desenho,Raiva,2407,Exposicao_Face
154224,17,693,496,6.24,0,154224,39,Desenho,Raiva,2424,Exposicao_Face
154240,17,731,524,6.24,0,154240,39,Desenho,Raiva,2440,Exposicao_Face
154257,17,735,520,6.3,0,154257,39,Desenho,Raiva,2457,Exposicao_Face
154273,17,739,505,5.95,0,154273,39,Desenho,Raiva,2473,Exposicao_Face
154290,17,734,523,6.08,0,154290,39,Desenho,Raiva,2490,Exposicao_Face
154307,17,732,516,6.24,0,154307,39,Desenho,Raiva,2507,Exposicao_Face
154323,17,742,520,6.18,0,154323,39,Desenho,Raiva,2523,Exposicao_Face
154340,17,748,505,5.86,0,154340,39,Desenho,Raiva,2540,Exposicao_Face
154357,17,727,526,6.3,0,154357,39,Desenho,Raiva,2557,Exposicao_Face
154373,17,729,513,6.03,0,154373,39,Desenho,Raiva,2573,Exposicao_Face
154390,17,735,508,6.19,0,154390,39,Desenho,Raiva,2590,Exposicao_Face
154407,17,733,510,6.24,0,154407,39,Desenho,Raiva,2607,Exposicao_Face
154423,17,731,531,6.32,0,154423,39,Desenho,Raiva,2623,Exposicao_Face
154440,17,745,528,6.24,0,154440,39,Desenho,Raiva,2640,Exposicao_Face
154456,17,746,548,6.29,0,154456,39,Desenho,Raiva,2656,Exposicao_Face
154473,17,751,511,6.24,0,154473,39,Desenho,Raiva,2673,Exposicao_Face
154490,17,755,583,6.29,0,154490,39,Desenho,Raiva,2690,Exposicao_Face
154506,17,722,567,6.3,0,154506,39,Desenho,Raiva,2706,Exposicao_Face
154523,17,744,577,6.29,0,154523,39,Desenho,Raiva,2723,Exposicao_Face
154540,17,743,561,6.26,0,154540,39,Desenho,Raiva,2740,Exposicao_Face
154556,17,747,580,6.22,0,154556,39,Desenho,Raiva,2756,Exposicao_Face
154573,17,747,561,6.16,0,154573,39,Desenho,Raiva,2773,Exposicao_Face
154590,17,745,575,6.18,0,154590,39,Desenho,Raiva,2790,Exposicao_Face
154606,17,743,582,6.16,0,154606,39,Desenho,Raiva,2806,Exposicao_Face
154623,17,748,582,6.26,0,154623,39,Desenho,Raiva,2823,Exposicao_Face
154639,17,738,567,6.13,0,154639,39,Desenho,Raiva,2839,Exposicao_Face
154656,17,742,562,6.18,0,154656,39,Desenho,Raiva,2856,Exposicao_Face
154673,17,745,574,6.16,0,154673,39,Desenho,Raiva,2873,Exposicao_Face
154689,17,742,571,6.16,0,154689,39,Desenho,Raiva,2889,Exposicao_Face
154706,17,726,561,6.13,0,154706,39,Desenho,Raiva,2906,Exposicao_Face
154723,17,627,502,6.19,0,154723,39,Desenho,Raiva,2923,Exposicao_Face
154739,17,546,459,6.19,0,154739,39,Desenho,Raiva,2939,Exposicao_Face
154756,17,521,467,6.26,0,154756,39,Desenho,Raiva,2956,Exposicao_Face
154772,17,516,459,6.14,0,154772,39,Desenho,Raiva,2972,Exposicao_Face
154789,17,515,458,6.16,0,154789,39,Desenho,Raiva,2989,Exposicao_Face
154806,17,525,450,6.19,0,154806,39,Desenho,Raiva,3006,Exposicao_Face
154822,17,526,457,6.16,0,154822,39,Desenho,Raiva,3022,Exposicao_Face
154839,17,524,451,6.11,0,154839,39,Desenho,Raiva,3039,Exposicao_Face
154856,17,517,431,6.08,0,154856,39,Desenho,Raiva,3056,Exposicao_Face
154872,17,515,455,6.08,0,154872,39,Desenho,Raiva,3072,Exposicao_Face
154889,17,511,457,6.13,0,154889,39,Desenho,Raiva,3089,Exposicao_Face
154906,17,517,438,6.1,0,154906,39,Desenho,Raiva,3106,Exposicao_Face
154922,17,517,457,6.06,0,154922,39,Desenho,Raiva,3122,Exposicao_Face
154939,17,514,450,6.03,0,154939,39,Desenho,Raiva,3139,Exposicao_Face
154955,17,516,449,6.08,0,154955,39,Desenho,Raiva,3155,Exposicao_Face
154972,17,518,450,6.05,0,154972,39,Desenho,Raiva,3172,Exposicao_Face
154989,17,518,432,5.94,0,154989,39,Desenho,Raiva,3189,Exposicao_Face
155005,17,506,452,5.98,0,155005,39,Desenho,Raiva,3205,Exposicao_Face
155022,17,517,457,6.08,0,155022,39,Desenho,Raiva,3222,Exposicao_Face
155039,17,520,436,5.94,0,155039,39,Desenho,Raiva,3239,Exposicao_Face
155055,17,523,458,5.95,0,155055,39,Desenho,Raiva,3255,Exposicao_Face
155072,17,514,454,5.97,0,155072,39,Desenho,Raiva,3272,Exposicao_Face
155089,17,516,446,5.89,0,155089,39,Desenho,Raiva,3289,Exposicao_Face
155105,17,508,441,5.97,0,155105,39,Desenho,Raiva,3305,Exposicao_Face
155122,17,512,457,5.89,0,155122,39,Desenho,Raiva,3322,Exposicao_Face
155138,17,514,469,5.95,0,155138,39,Desenho,Raiva,3338,Exposicao_Face
155155,17,517,445,5.92,0,155155,39,Desenho,Raiva,3355,Exposicao_Face
155172,17,519,451,5.87,0,155172,39,Desenho,Raiva,3372,Exposicao_Face
155188,17,513,437,5.84,0,155188,39,Desenho,Raiva,3388,Exposicao_Face
155205,17,517,466,5.87,0,155205,39,Desenho,Raiva,3405,Exposicao_Face
155222,17,516,454,5.86,0,155222,39,Desenho,Raiva,3422,Exposicao_Face
155238,17,525,457,5.79,0,155238,39,Desenho,Raiva,3438,Exposicao_Face
155255,17,513,480,5.89,0,155255,39,Desenho,Raiva,3455,Exposicao_Face
155272,17,511,470,5.86,0,155272,39,Desenho,Raiva,3472,Exposicao_Face
155288,17,517,485,5.9,0,155288,39,Desenho,Raiva,3488,Exposicao_Face
155305,17,516,476,5.81,0,155305,39,Desenho,Raiva,3505,Exposicao_Face
155321,17,519,473,5.81,0,155321,39,Desenho,Raiva,3521,Exposicao_Face
155338,17,514,477,5.84,0,155338,39,Desenho,Raiva,3538,Exposicao_Face
155355,17,520,467,5.82,0,155355,39,Desenho,Raiva,3555,Exposicao_Face
155371,17,515,462,5.73,0,155371,39,Desenho,Raiva,3571,Exposicao_Face
155388,17,520,497,5.84,0,155388,39,Desenho,Raiva,3588,Exposicao_Face
155405,17,512,478,5.84,0,155405,39,Desenho,Raiva,3605,Exposicao_Face
155421,17,509,486,5.84,0,155421,39,Desenho,Raiva,3621,Exposicao_Face
155438,17,508,497,5.92,0,155438,39,Desenho,Raiva,3638,Exposicao_Face
155455,17,510,477,5.86,0,155455,39,Desenho,Raiva,3655,Exposicao_Face
155471,17,515,502,5.94,0,155471,39,Desenho,Raiva,3671,Exposicao_Face
155488,17,504,477,5.86,0,155488,39,Desenho,Raiva,3688,Exposicao_Face
155504,17,505,490,5.79,0,155504,39,Desenho,Raiva,3704,Exposicao_Face
155521,17,509,485,5.92,0,155521,39,Desenho,Raiva,3721,Exposicao_Face
155538,17,519,491,5.84,0,155538,39,Desenho,Raiva,3738,Exposicao_Face
155554,17,509,497,5.89,0,155554,39,Desenho,Raiva,3754,Exposicao_Face
155571,17,512,502,5.95,0,155571,39,Desenho,Raiva,3771,Exposicao_Face
155588,17,528,470,6.0,0,155588,39,Desenho,Raiva,3788,Exposicao_Face
155604,17,539,450,5.95,0,155604,39,Desenho,Raiva,3804,Exposicao_Face
155621,17,533,457,5.95,0,155621,39,Desenho,Raiva,3821,Exposicao_Face
155638,17,535,449,5.95,0,155638,39,Desenho,Raiva,3838,Exposicao_Face
155654,17,533,450,5.9,0,155654,39,Desenho,Raiva,3854,Exposicao_Face
155671,17,540,462,5.98,0,155671,39,Desenho,Raiva,3871,Exposicao_Face
155687,17,551,456,5.98,0,155687,39,Desenho,Raiva,3887,Exposicao_Face
155704,17,530,455,5.98,0,155704,39,Desenho,Raiva,3904,Exposicao_Face
155721,17,540,466,6.1,0,155721,39,Desenho,Raiva,3921,Exposicao_Face
155737,17,543,439,6.05,0,155737,39,Desenho,Raiva,3937,Exposicao_Face
155754,17,539,442,6.0,0,155754,39,Desenho,Raiva,3954,Exposicao_Face
155771,17,539,447,5.98,0,155771,39,Desenho,Raiva,3971,Exposicao_Face
155787,17,542,464,6.14,0,155787,39,Desenho,Raiva,3987,Exposicao_Face
155804,17,535,444,6.0,0,155804,40,Desenho,Feliz,4,Janela_Baseline
155821,17,543,440,5.98,0,155821,40,Desenho,Feliz,21,Janela_Baseline
155837,17,542,444,6.06,0,155837,40,Desenho,Feliz,37,Janela_Baseline
155854,17,539,442,6.0,0,155854,40,Desenho,Feliz,54,Janela_Baseline
155870,17,546,447,5.95,0,155870,40,Desenho,Feliz,70,Janela_Baseline
155887,17,541,459,6.05,0,155887,40,Desenho,Feliz,87,Janela_Baseline
155904,17,544,454,6.02,0,155904,40,Desenho,Feliz,104,Janela_Baseline
155920,17,550,445,5.95,0,155920,40,Desenho,Feliz,120,Janela_Baseline
155937,17,548,464,6.03,0,155937,40,Desenho,Feliz,137,Janela_Baseline
155954,17,493,433,5.94,0,155954,40,Desenho,Feliz,154,Janela_Baseline
155970,17,503,435,5.89,0,155970,40,Desenho,Feliz,170,Janela_Baseline
155987,17,495,438,5.87,0,155987,40,Desenho,Feliz,187,Janela_Baseline
156003,17,497,445,5.87,0,156003,40,Desenho,Feliz,203,Janela_Baseline
156020,17,497,439,5.87,0,156020,40,Desenho,Feliz,220,Janela_Baseline
156037,17,499,425,5.73,0,156037,40,Desenho,Feliz,237,Janela_Baseline
156053,17,500,436,5.79,0,156053,40,Desenho,Feliz,253,Janela_Baseline
156070,17,501,422,5.74,0,156070,40,Desenho,Feliz,270,Janela_Baseline
156087,17,495,456,5.94,0,156087,40,Desenho,Feliz,287,Janela_Baseline
156103,17,495,416,5.74,0,156103,40,Desenho,Feliz,303,Janela_Baseline
156120,17,499,441,5.69,0,156120,40,Desenho,Feliz,320,Janela_Baseline
156137,17,500,420,5.74,0,156137,40,Desenho,Feliz,337,Janela_Baseline
156153,17,503,432,5.71,0,156153,40,Desenho,Feliz,353,Janela_Baseline
156170,17,500,421,5.74,0,156170,40,Desenho,Feliz,370,Janela_Baseline
156186,17,507,428,5.73,0,156186,40,Desenho,Feliz,386,Janela_Baseline
156203,17,508,440,5.78,0,156203,40,Desenho,Feliz,403,Janela_Baseline
156220,17,509,432,5.69,0,156220,40,Desenho,Feliz,420,Janela_Baseline
156236,17,497,429,5.69,0,156236,40,Desenho,Feliz,436,Janela_Baseline
156253,17,505,423,5.73,0,156253,40,Desenho,Feliz,453,Janela_Baseline
156270,17,507,421,5.66,0,156270,40,Desenho,Feliz,470,Janela_Baseline
156286,17,506,416,5.68,0,156286,40,Desenho,Feliz,486,Janela_Baseline
156303,17,504,429,5.68,0,156303,40,Desenho,Feliz,503,Janela_Baseline
156320,17,506,412,5.65,0,156320,40,Desenho,Feliz,520,Janela_Baseline
156336,17,500,433,5.66,0,156336,40,Desenho,Feliz,536,Janela_Baseline
156353,17,511,423,5.58,0,156353,40,Desenho,Feliz,553,Janela_Baseline
156369,17,506,441,5.65,0,156369,40,Desenho,Feliz,569,Janela_Baseline
156386,17,500,415,5.58,0,156386,40,Desenho,Feliz,586,Janela_Baseline
156403,17,498,425,5.57,0,156403,40,Desenho,Feliz,603,Janela_Baseline
156419,17,514,423,5.63,0,156419,40,Desenho,Feliz,619,Janela_Baseline
156436,17,497,429,5.53,0,156436,40,Desenho,Feliz,636,Janela_Baseline
156453,17,512,422,5.57,0,156453,40,Desenho,Feliz,653,Janela_Baseline
156469,17,516,399,5.49,0,156469,40,Desenho,Feliz,669,Janela_Baseline
156486,17,512,419,5.55,0,156486,40,Desenho,Feliz,686,Janela_Baseline
156503,17,514,421,5.45,0,156503,40,Desenho,Feliz,703,Janela_Baseline
156519,17,514,425,5.5,0,156519,40,Desenho,Feliz,719,Janela_Baseline
156536,17,513,423,5.5,0,156536,40,Desenho,Feliz,736,Janela_Baseline
156552,17,512,429,5.58,0,156552,40,Desenho,Feliz,752,Janela_Baseline
156569,17,511,419,5.5,0,156569,40,Desenho,Feliz,769,Janela_Baseline
156586,17,511,441,5.53,0,156586,40,Desenho,Feliz,786,Janela_Baseline
156602,17,511,411,5.49,0,156602,40,Desenho,Feliz,802,Janela_Baseline
156619,17,517,415,5.49,0,156619,40,Desenho,Feliz,819,Janela_Baseline
156636,17,512,422,5.5,0,156636,40,Desenho,Feliz,836,Janela_Baseline
156652,17,497,426,5.47,0,156652,40,Desenho,Feliz,852,Janela_Baseline
156669,17,511,421,5.45,0,156669,40,Desenho,Feliz,869,Janela_Baseline
156686,17,496,428,5.52,0,156686,40,Desenho,Feliz,886,Janela_Baseline
156702,17,499,401,5.45,0,156702,40,Desenho,Feliz,902,Janela_Baseline
156719,17,502,412,5.55,0,156719,40,Desenho,Feliz,919,Janela_Baseline
156735,17,511,439,5.61,0,156735,40,Desenho,Feliz,935,Janela_Baseline
156752,17,501,431,5.6,0,156752,40,Desenho,Feliz,952,Janela_Baseline
156769,17,501,418,5.6,0,156769,40,Desenho,Feliz,969,Janela_Baseline
156785,17,499,422,5.57,0,156785,40,Desenho,Feliz,985,Janela_Baseline
156802,17,506,403,5.58,0,156802,40,Desenho,Feliz,1002,Janela_Baseline
156819,17,509,435,5.66,0,156819,40,Desenho,Feliz,1019,Janela_Baseline
156835,17,502,410,5.68,0,156835,40,Desenho,Feliz,1035,Janela_Baseline
156852,17,509,412,5.71,0,156852,40,Desenho,Feliz,1052,Janela_Baseline
156869,17,512,422,5.74,0,156869,40,Desenho,Feliz,1069,Janela_Baseline
156885,17,504,441,5.84,0,156885,40,Desenho,Feliz,1085,Janela_Baseline
156902,17,537,436,5.68,0,156902,40,Desenho,Feliz,1102,Janela_Baseline
156918,17,527,433,5.74,0,156918,40,Desenho,Feliz,1118,Janela_Baseline
156935,17,531,437,5.73,0,156935,40,Desenho,Feliz,1135,Janela_Baseline
156952,17,528,438,5.79,0,156952,40,Desenho,Feliz,1152,Janela_Baseline
156968,17,527,437,5.76,0,156968,40,Desenho,Feliz,1168,Janela_Baseline
156985,17,526,438,5.82,0,156985,40,Desenho,Feliz,1185,Janela_Baseline
157002,17,529,436,5.71,0,157002,40,Desenho,Feliz,1202,Janela_Baseline
157018,17,524,433,5.76,0,157018,40,Desenho,Feliz,1218,Janela_Baseline
157035,17,520,426,5.78,0,157035,40,Desenho,Feliz,1235,Janela_Baseline
157051,17,530,430,5.82,0,157051,40,Desenho,Feliz,1251,Janela_Baseline
157068,17,531,436,5.87,0,157068,40,Desenho,Feliz,1268,Janela_Baseline
157085,17,531,442,5.81,0,157085,40,Desenho,Feliz,1285,Janela_Baseline
157101,17,525,438,5.78,0,157101,40,Desenho,Feliz,1301,Exposicao_Face
157118,17,528,445,5.87,0,157118,40,Desenho,Feliz,1318,Exposicao_Face
157135,17,534,447,5.9,0,157135,40,Desenho,Feliz,1335,Exposicao_Face
157151,17,523,433,5.82,0,157151,40,Desenho,Feliz,1351,Exposicao_Face
157168,17,528,446,5.9,0,157168,40,Desenho,Feliz,1368,Exposicao_Face
157185,17,527,432,5.71,0,157185,40,Desenho,Feliz,1385,Exposicao_Face
157201,17,533,464,5.9,0,157201,40,Desenho,Feliz,1401,Exposicao_Face
157218,17,527,441,5.76,0,157218,40,Desenho,Feliz,1418,Exposicao_Face
157234,17,513,432,5.81,0,157234,40,Desenho,Feliz,1434,Exposicao_Face
157251,17,461,366,5.78,0,157251,40,Desenho,Feliz,1451,Exposicao_Face
157268,17,422,364,5.82,0,157268,40,Desenho,Feliz,1468,Exposicao_Face
157284,17,435,358,5.76,0,157284,40,Desenho,Feliz,1484,Exposicao_Face
157301,17,442,365,5.81,0,157301,40,Desenho,Feliz,1501,Exposicao_Face
157318,17,439,355,5.82,0,157318,40,Desenho,Feliz,1518,Exposicao_Face
157334,17,436,346,5.79,0,157334,40,Desenho,Feliz,1534,Exposicao_Face
157351,17,437,365,5.74,0,157351,40,Desenho,Feliz,1551,Exposicao_Face
157368,17,442,353,5.82,0,157368,40,Desenho,Feliz,1568,Exposicao_Face
157384,17,442,332,5.76,0,157384,40,Desenho,Feliz,1584,Exposicao_Face
157401,17,444,347,5.73,0,157401,40,Desenho,Feliz,1601,Exposicao_Face
157417,17,443,346,5.69,0,157417,40,Desenho,Feliz,1617,Exposicao_Face
157434,17,440,354,5.76,0,157434,40,Desenho,Feliz,1634,Exposicao_Face
157451,17,446,347,5.79,0,157451,40,Desenho,Feliz,1651,Exposicao_Face
157467,17,438,356,5.69,0,157467,40,Desenho,Feliz,1667,Exposicao_Face
157484,17,444,350,5.69,0,157484,40,Desenho,Feliz,1684,Exposicao_Face
157501,17,436,356,5.76,0,157501,40,Desenho,Feliz,1701,Exposicao_Face
157517,17,434,387,5.79,0,157517,40,Desenho,Feliz,1717,Exposicao_Face
157534,17,439,368,5.68,0,157534,40,Desenho,Feliz,1734,Exposicao_Face
157551,17,446,339,5.66,0,157551,40,Desenho,Feliz,1751,Exposicao_Face
157567,17,450,361,5.68,0,157567,40,Desenho,Feliz,1767,Exposicao_Face
157584,17,446,377,5.71,0,157584,40,Desenho,Feliz,1784,Exposicao_Face
157600,17,435,371,5.74,0,157600,40,Desenho,Feliz,1800,Exposicao_Face
157617,17,435,356,5.63,0,157617,40,Desenho,Feliz,1817,Exposicao_Face
157634,17,449,352,5.61,0,157634,40,Desenho,Feliz,1834,Exposicao_Face
157650,17,437,353,5.61,0,157650,40,Desenho,Feliz,1850,Exposicao_Face
157667,17,435,368,5.69,0,157667,40,Desenho,Feliz,1867,Exposicao_Face
157684,17,443,369,5.69,0,157684,40,Desenho,Feliz,1884,Exposicao_Face
157700,17,440,367,5.61,0,157700,40,Desenho,Feliz,1900,Exposicao_Face
157717,17,440,379,5.53,0,157717,40,Desenho,Feliz,1917,Exposicao_Face
157734,17,394,322,5.61,0,157734,40,Desenho,Feliz,1934,Exposicao_Face
157750,17,387,329,5.63,0,157750,40,Desenho,Feliz,1950,Exposicao_Face
157767,17,401,318,5.6,0,157767,40,Desenho,Feliz,1967,Exposicao_Face
157783,17,395,332,5.69,0,157783,40,Desenho,Feliz,1983,Exposicao_Face
157800,17,390,326,5.68,0,157800,40,Desenho,Feliz,2000,Exposicao_Face
157817,17,387,317,5.73,0,157817,40,Desenho,Feliz,2017,Exposicao_Face
157833,17,390,334,5.71,0,157833,40,Desenho,Feliz,2033,Exposicao_Face
157850,17,386,335,5.69,0,157850,40,Desenho,Feliz,2050,Exposicao_Face
157867,17,392,341,5.68,0,157867,40,Desenho,Feliz,2067,Exposicao_Face
157883,17,391,316,5.69,0,157883,40,Desenho,Feliz,2083,Exposicao_Face
157900,17,395,316,5.58,0,157900,40,Desenho,Feliz,2100,Exposicao_Face
157917,17,391,309,5.68,0,157917,40,Desenho,Feliz,2117,Exposicao_Face
157933,17,396,312,5.71,0,157933,40,Desenho,Feliz,2133,Exposicao_Face
157950,17,398,310,5.65,0,157950,40,Desenho,Feliz,2150,Exposicao_Face
157966,17,391,315,5.71,0,157966,40,Desenho,Feliz,2166,Exposicao_Face
157983,17,394,332,5.71,0,157983,40,Desenho,Feliz,2183,Exposicao_Face
158000,17,392,321,5.79,0,158000,40,Desenho,Feliz,2200,Exposicao_Face
158016,17,399,307,5.78,0,158016,40,Desenho,Feliz,2216,Exposicao_Face
158033,17,395,323,5.68,0,158033,40,Desenho,Feliz,2233,Exposicao_Face
158050,17,396,329,5.69,0,158050,40,Desenho,Feliz,2250,Exposicao_Face
158066,17,395,314,5.71,0,158066,40,Desenho,Feliz,2266,Exposicao_Face
158083,17,398,312,5.73,0,158083,40,Desenho,Feliz,2283,Exposicao_Face
158100,17,386,327,5.74,0,158100,40,Desenho,Feliz,2300,Exposicao_Face
158116,17,396,330,5.76,0,158116,40,Desenho,Feliz,2316,Exposicao_Face
158133,17,388,320,5.82,0,158133,40,Desenho,Feliz,2333,Exposicao_Face
158149,17,393,339,5.9,0,158149,40,Desenho,Feliz,2349,Exposicao_Face
158166,17,392,307,5.79,0,158166,40,Desenho,Feliz,2366,Exposicao_Face
158183,17,394,315,5.86,0,158183,40,Desenho,Feliz,2383,Exposicao_Face
158199,17,378,326,5.84,0,158199,40,Desenho,Feliz,2399,Exposicao_Face
158216,17,388,312,5.82,0,158216,40,Desenho,Feliz,2416,Exposicao_Face
158233,17,384,315,5.79,0,158233,40,Desenho,Feliz,2433,Exposicao_Face
158249,17,369,340,5.89,0,158249,40,Desenho,Feliz,2449,Exposicao_Face
158266,17,381,339,5.92,0,158266,40,Desenho,Feliz,2466,Exposicao_Face
158282,17,68,431,-1.0,0,158282,40,Desenho,Feliz,2482,Exposicao_Face
158299,17,379,305,5.79,0,158299,40,Desenho,Feliz,2499,Exposicao_Face
158316,17,376,310,5.86,0,158316,40,Desenho,Feliz,2516,Exposicao_Face
158332,17,380,318,5.82,0,158332,40,Desenho,Feliz,2532,Exposicao_Face
158349,17,379,327,5.84,0,158349,40,Desenho,Feliz,2549,Exposicao_Face
158366,17,381,313,5.84,0,158366,40,Desenho,Feliz,2566,Exposicao_Face
158382,17,381,322,5.84,0,158382,40,Desenho,Feliz,2582,Exposicao_Face
158399,17,373,327,5.87,0,158399,40,Desenho,Feliz,2599,Exposicao_Face
158416,17,375,324,5.81,0,158416,40,Desenho,Feliz,2616,Exposicao_Face
158432,17,390,317,5.87,0,158432,40,Desenho,Feliz,2632,Exposicao_Face
158449,17,391,312,5.78,0,158449,40,Desenho,Feliz,2649,Exposicao_Face
158465,17,383,338,5.97,0,158465,40,Desenho,Feliz,2665,Exposicao_Face
158482,17,388,306,5.86,0,158482,40,Desenho,Feliz,2682,Exposicao_Face
158499,17,393,305,5.84,0,158499,40,Desenho,Feliz,2699,Exposicao_Face
158515,17,344,400,5.87,0,158515,40,Desenho,Feliz,2715,Exposicao_Face
158532,17,324,493,5.86,0,158532,40,Desenho,Feliz,2732,Exposicao_Face
158549,17,321,573,5.9,0,158549,40,Desenho,Feliz,2749,Exposicao_Face
158565,17,334,557,5.86,0,158565,40,Desenho,Feliz,2765,Exposicao_Face
158582,17,334,577,5.92,0,158582,40,Desenho,Feliz,2782,Exposicao_Face
158599,17,331,571,5.95,0,158599,40,Desenho,Feliz,2799,Exposicao_Face
158615,17,335,583,5.92,0,158615,40,Desenho,Feliz,2815,Exposicao_Face
158632,17,324,567,5.92,0,158632,40,Desenho,Feliz,2832,Exposicao_Face
158648,17,316,552,5.92,0,158648,40,Desenho,Feliz,2848,Exposicao_Face
158665,17,336,562,5.98,0,158665,40,Desenho,Feliz,2865,Exposicao_Face
158682,17,309,555,5.92,0,158682,40,Desenho,Feliz,2882,Exposicao_Face
158698,17,333,558,5.9,0,158698,40,Desenho,Feliz,2898,Exposicao_Face
158715,17,336,565,5.9,0,158715,40,Desenho,Feliz,2915,Exposicao_Face
158732,17,311,551,5.9,0,158732,40,Desenho,Feliz,2932,Exposicao_Face
158748,17,329,551,5.82,0,158748,40,Desenho,Feliz,2948,Exposicao_Face
158765,17,431,521,6.1,0,158765,40,Desenho,Feliz,2965,Exposicao_Face
158782,17,500,490,6.05,0,158782,40,Desenho,Feliz,2982,Exposicao_Face
158798,17,495,487,6.02,0,158798,40,Desenho,Feliz,2998,Exposicao_Face
158815,17,497,490,5.98,0,158815,40,Desenho,Feliz,3015,Exposicao_Face
158831,17,483,483,5.97,0,158831,40,Desenho,Feliz,3031,Exposicao_Face
158848,17,506,485,6.05,0,158848,40,Desenho,Feliz,3048,Exposicao_Face
158865,17,503,494,5.98,0,158865,40,Desenho,Feliz,3065,Exposicao_Face
158881,17,487,502,6.02,0,158881,40,Desenho,Feliz,3081,Exposicao_Face
158898,17,507,497,6.0,0,158898,40,Desenho,Feliz,3098,Exposicao_Face
158915,17,492,496,6.05,0,158915,40,Desenho,Feliz,3115,Exposicao_Face
158931,17,490,492,6.05,0,158931,40,Desenho,Feliz,3131,Exposicao_Face
158948,17,493,474,5.97,0,158948,40,Desenho,Feliz,3148,Exposicao_Face
158965,17,488,498,6.06,0,158965,40,Desenho,Feliz,3165,Exposicao_Face
158981,17,494,491,6.03,0,158981,40,Desenho,Feliz,3181,Exposicao_Face
158998,17,506,483,6.02,0,158998,40,Desenho,Feliz,3198,Exposicao_Face
159014,17,489,494,6.0,0,159014,40,Desenho,Feliz,3214,Exposicao_Face
159031,17,505,487,5.97,0,159031,40,Desenho,Feliz,3231,Exposicao_Face
159048,17,492,506,6.03,0,159048,40,Desenho,Feliz,3248,Exposicao_Face
159064,17,503,497,6.03,0,159064,40,Desenho,Feliz,3264,Exposicao_Face
159081,17,503,492,5.98,0,159081,40,Desenho,Feliz,3281,Exposicao_Face
159098,17,505,513,6.06,0,159098,40,Desenho,Feliz,3298,Exposicao_Face
159114,17,490,507,6.08,0,159114,40,Desenho,Feliz,3314,Exposicao_Face
159131,17,496,476,5.98,0,159131,40,Desenho,Feliz,3331,Exposicao_Face
159148,17,509,474,5.95,0,159148,40,Desenho,Feliz,3348,Exposicao_Face
159164,17,489,504,6.05,0,159164,40,Desenho,Feliz,3364,Exposicao_Face
159181,17,504,489,5.95,0,159181,40,Desenho,Feliz,3381,Exposicao_Face
159197,17,505,466,5.97,0,159197,40,Desenho,Feliz,3397,Exposicao_Face
159214,17,491,485,5.95,0,159214,40,Desenho,Feliz,3414,Exposicao_Face
159231,17,502,485,5.94,0,159231,40,Desenho,Feliz,3431,Exposicao_Face
159247,17,500,495,5.95,0,159247,40,Desenho,Feliz,3447,Exposicao_Face
159264,17,493,502,5.89,0,159264,40,Desenho,Feliz,3464,Exposicao_Face
159281,17,501,501,5.92,0,159281,40,Desenho,Feliz,3481,Exposicao_Face
159297,17,499,490,5.86,0,159297,40,Desenho,Feliz,3497,Exposicao_Face
159314,17,502,487,5.89,0,159314,40,Desenho,Feliz,3514,Exposicao_Face
159330,17,507,479,5.89,0,159330,40,Desenho,Feliz,3530,Exposicao_Face
159347,17,491,502,5.89,0,159347,40,Desenho,Feliz,3547,Exposicao_Face
159364,17,492,491,5.94,0,159364,40,Desenho,Feliz,3564,Exposicao_Face
159380,17,490,509,5.95,0,159380,40,Desenho,Feliz,3580,Exposicao_Face
159397,17,501,506,5.89,0,159397,40,Desenho,Feliz,3597,Exposicao_Face
159414,17,506,490,5.92,0,159414,40,Desenho,Feliz,3614,Exposicao_Face
159430,17,487,499,5.92,0,159430,40,Desenho,Feliz,3630,Exposicao_Face
159447,17,505,489,5.89,0,159447,40,Desenho,Feliz,3647,Exposicao_Face
159464,17,488,506,5.92,0,159464,40,Desenho,Feliz,3664,Exposicao_Face
159480,17,498,493,5.94,0,159480,40,Desenho,Feliz,3680,Exposicao_Face
159497,17,502,488,5.9,0,159497,40,Desenho,Feliz,3697,Exposicao_Face
159513,17,507,471,5.89,0,159513,40,Desenho,Feliz,3713,Exposicao_Face
159530,17,500,462,5.98,0,159530,40,Desenho,Feliz,3730,Exposicao_Face
159547,17,504,458,6.02,0,159547,40,Desenho,Feliz,3747,Exposicao_Face
159563,17,499,428,6.02,0,159563,40,Desenho,Feliz,3763,Exposicao_Face
159580,17,497,436,6.02,0,159580,40,Desenho,Feliz,3780,Exposicao_Face
159597,17,497,484,5.98,0,159597,40,Desenho,Feliz,3797,Exposicao_Face
159613,17,482,462,5.98,0,159613,40,Desenho,Feliz,3813,Exposicao_Face
159630,17,488,473,6.05,0,159630,40,Desenho,Feliz,3830,Exposicao_Face
159647,17,487,480,6.03,0,159647,40,Desenho,Feliz,3847,Exposicao_Face
159663,17,487,518,6.14,0,159663,40,Desenho,Feliz,3863,Exposicao_Face
159680,17,503,488,6.06,0,159680,40,Desenho,Feliz,3880,Exposicao_Face
159696,17,494,511,6.08,0,159696,40,Desenho,Feliz,3896,Exposicao_Face
159713,17,490,493,6.05,0,159713,40,Desenho,Feliz,3913,Exposicao_Face
159730,17,491,507,6.06,0,159730,40,Desenho,Feliz,3930,Exposicao_Face
159746,17,503,524,6.11,0,159746,40,Desenho,Feliz,3946,Exposicao_Face
159763,17,494,509,6.16,0,159763,40,Desenho,Feliz,3963,Exposicao_Face
159780,17,495,472,5.98,0,159780,40,Desenho,Feliz,3980,Exposicao_Face
159796,17,505,505,6.13,0,159796,40,Desenho,Feliz,3996,Exposicao_Face
159813,17,507,508,6.08,0,159813,41,Desenho,Neutro,13,Janela_Baseline
159830,17,506,494,6.1,0,159830,41,Desenho,Neutro,30,Janela_Baseline
159846,17,516,501,6.08,0,159846,41,Desenho,Neutro,46,Janela_Baseline
159863,17,509,497,6.1,0,159863,41,Desenho,Neutro,63,Janela_Baseline
159879,17,518,499,6.18,0,159879,41,Desenho,Neutro,79,Janela_Baseline
159896,17,499,484,6.13,0,159896,41,Desenho,Neutro,96,Janela_Baseline
159913,17,508,495,6.13,0,159913,41,Desenho,Neutro,113,Janela_Baseline
159929,17,507,498,6.18,0,159929,41,Desenho,Neutro,129,Janela_Baseline
159946,17,498,503,6.14,0,159946,41,Desenho,Neutro,146,Janela_Baseline
159963,17,512,488,6.18,0,159963,41,Desenho,Neutro,163,Janela_Baseline
159979,17,506,496,6.16,0,159979,41,Desenho,Neutro,179,Janela_Baseline
159996,17,474,475,6.22,0,159996,41,Desenho,Neutro,196,Janela_Baseline
160013,17,441,436,6.14,0,160013,41,Desenho,Neutro,213,Janela_Baseline
160029,17,462,420,6.11,0,160029,41,Desenho,Neutro,229,Janela_Baseline
160046,17,469,407,6.03,0,160046,41,Desenho,Neutro,246,Janela_Baseline
160062,17,457,447,6.22,0,160062,41,Desenho,Neutro,262,Janela_Baseline
160079,17,469,408,6.02,0,160079,41,Desenho,Neutro,279,Janela_Baseline
160096,17,467,424,6.14,0,160096,41,Desenho,Neutro,296,Janela_Baseline
160112,17,455,415,6.0,0,160112,41,Desenho,Neutro,312,Janela_Baseline
160129,17,441,418,6.18,0,160129,41,Desenho,Neutro,329,Janela_Baseline
160146,17,445,415,6.13,0,160146,41,Desenho,Neutro,346,Janela_Baseline
160162,17,467,419,6.19,0,160162,41,Desenho,Neutro,362,Janela_Baseline
160179,17,444,395,6.13,0,160179,41,Desenho,Neutro,379,Janela_Baseline
160196,17,473,411,6.16,0,160196,41,Desenho,Neutro,396,Janela_Baseline
160212,17,447,423,6.13,0,160212,41,Desenho,Neutro,412,Janela_Baseline
160229,17,440,430,6.18,0,160229,41,Desenho,Neutro,429,Janela_Baseline
160245,17,444,446,6.18,0,160245,41,Desenho,Neutro,445,Janela_Baseline
160262,17,446,427,6.18,0,160262,41,Desenho,Neutro,462,Janela_Baseline
160279,17,449,431,6.14,0,160279,41,Desenho,Neutro,479,Janela_Baseline
160295,17,442,431,6.11,0,160295,41,Desenho,Neutro,495,Janela_Baseline
160312,17,448,440,6.16,0,160312,41,Desenho,Neutro,512,Janela_Baseline
160329,17,350,349,6.06,0,160329,41,Desenho,Neutro,529,Janela_Baseline
160345,17,293,350,6.02,0,160345,41,Desenho,Neutro,545,Janela_Baseline
160362,17,296,344,6.03,0,160362,41,Desenho,Neutro,562,Janela_Baseline
160379,17,287,354,6.05,0,160379,41,Desenho,Neutro,579,Janela_Baseline
160395,17,297,345,6.08,0,160395,41,Desenho,Neutro,595,Janela_Baseline
160412,17,300,334,6.02,0,160412,41,Desenho,Neutro,612,Janela_Baseline
160428,17,282,354,6.05,0,160428,41,Desenho,Neutro,628,Janela_Baseline
160445,17,290,335,6.11,0,160445,41,Desenho,Neutro,645,Janela_Baseline
160462,17,309,344,6.05,0,160462,41,Desenho,Neutro,662,Janela_Baseline
160478,17,288,321,5.95,0,160478,41,Desenho,Neutro,678,Janela_Baseline
160495,17,292,331,6.02,0,160495,41,Desenho,Neutro,695,Janela_Baseline
160512,17,296,326,6.06,0,160512,41,Desenho,Neutro,712,Janela_Baseline
160528,17,292,340,6.0,0,160528,41,Desenho,Neutro,728,Janela_Baseline
160545,17,293,335,6.0,0,160545,41,Desenho,Neutro,745,Janela_Baseline
160561,17,291,335,5.97,0,160561,41,Desenho,Neutro,761,Janela_Baseline
160578,17,295,321,6.0,0,160578,41,Desenho,Neutro,778,Janela_Baseline
160595,17,293,348,6.03,0,160595,41,Desenho,Neutro,795,Janela_Baseline
160611,17,308,321,5.87,0,160611,41,Desenho,Neutro,811,Janela_Baseline
160628,17,299,315,5.92,0,160628,41,Desenho,Neutro,828,Janela_Baseline
160645,17,290,332,5.98,0,160645,41,Desenho,Neutro,845,Janela_Baseline
160661,17,286,321,5.97,0,160661,41,Desenho,Neutro,861,Janela_Baseline
160678,17,290,330,6.02,0,160678,41,Desenho,Neutro,878,Janela_Baseline
160695,17,283,324,5.95,0,160695,41,Desenho,Neutro,895,Janela_Baseline
160711,17,300,312,6.0,0,160711,41,Desenho,Neutro,911,Janela_Baseline
160728,17,293,336,6.05,0,160728,41,Desenho,Neutro,928,Janela_Baseline
160744,17,290,329,5.94,0,160744,41,Desenho,Neutro,944,Janela_Baseline
160761,17,302,312,6.02,0,160761,41,Desenho,Neutro,961,Janela_Baseline
160778,17,297,317,6.02,0,160778,41,Desenho,Neutro,978,Janela_Baseline
160794,17,300,339,6.13,0,160794,41,Desenho,Neutro,994,Janela_Baseline
160811,17,305,319,5.98,0,160811,41,Desenho,Neutro,1011,Janela_Baseline
160828,17,293,331,6.06,0,160828,41,Desenho,Neutro,1028,Janela_Baseline
160844,17,304,344,5.97,0,160844,41,Desenho,Neutro,1044,Janela_Baseline
160861,17,300,332,6.05,0,160861,41,Desenho,Neutro,1061,Janela_Baseline
160878,17,297,337,6.11,0,160878,41,Desenho,Neutro,1078,Janela_Baseline
160894,17,283,325,6.14,0,160894,41,Desenho,Neutro,1094,Janela_Baseline
160911,17,297,311,6.0,0,160911,41,Desenho,Neutro,1111,Janela_Baseline
160927,17,302,314,6.02,0,160927,41,Desenho,Neutro,1127,Janela_Baseline
160944,17,298,299,6.08,0,160944,41,Desenho,Neutro,1144,Janela_Baseline
160961,17,286,321,6.16,0,160961,41,Desenho,Neutro,1161,Janela_Baseline
160977,17,288,306,5.98,0,160977,41,Desenho,Neutro,1177,Janela_Baseline
160994,17,287,320,6.11,0,160994,41,Desenho,Neutro,1194,Janela_Baseline
161011,17,289,320,6.08,0,161011,41,Desenho,Neutro,1211,Janela_Baseline
161027,17,290,327,6.06,0,161027,41,Desenho,Neutro,1227,Janela_Baseline
161044,17,294,308,6.06,0,161044,41,Desenho,Neutro,1244,Janela_Baseline
161061,17,298,335,6.13,0,161061,41,Desenho,Neutro,1261,Janela_Baseline
161077,17,299,331,6.16,0,161077,41,Desenho,Neutro,1277,Janela_Baseline
161094,17,300,318,6.11,0,161094,41,Desenho,Neutro,1294,Janela_Baseline
161110,17,298,314,6.13,0,161110,41,Desenho,Neutro,1310,Exposicao_Face
161127,17,290,325,6.06,0,161127,41,Desenho,Neutro,1327,Exposicao_Face
161144,17,298,332,6.1,0,161144,41,Desenho,Neutro,1344,Exposicao_Face
161160,17,289,334,6.24,0,161160,41,Desenho,Neutro,1360,Exposicao_Face
161177,17,301,303,6.06,0,161177,41,Desenho,Neutro,1377,Exposicao_Face
161194,17,309,324,6.21,0,161194,41,Desenho,Neutro,1394,Exposicao_Face
161210,17,286,333,6.19,0,161210,41,Desenho,Neutro,1410,Exposicao_Face
161227,17,289,336,6.18,0,161227,41,Desenho,Neutro,1427,Exposicao_Face
161244,17,291,320,6.14,0,161244,41,Desenho,Neutro,1444,Exposicao_Face
161260,17,302,326,6.18,0,161260,41,Desenho,Neutro,1460,Exposicao_Face
161277,17,280,354,6.21,0,161277,41,Desenho,Neutro,1477,Exposicao_Face
161293,17,293,328,6.16,0,161293,41,Desenho,Neutro,1493,Exposicao_Face
161310,17,295,330,6.21,0,161310,41,Desenho,Neutro,1510,Exposicao_Face
161327,17,295,329,6.13,0,161327,41,Desenho,Neutro,1527,Exposicao_Face
161343,17,387,367,6.21,0,161343,41,Desenho,Neutro,1543,Exposicao_Face
161360,17,455,422,6.27,0,161360,41,Desenho,Neutro,1560,Exposicao_Face
161377,17,459,447,6.32,0,161377,41,Desenho,Neutro,1577,Exposicao_Face
161393,17,469,459,6.38,0,161393,41,Desenho,Neutro,1593,Exposicao_Face
161410,17,447,454,6.4,0,161410,41,Desenho,Neutro,1610,Exposicao_Face
161427,17,468,440,6.19,0,161427,41,Desenho,Neutro,1627,Exposicao_Face
161443,17,469,445,6.29,0,161443,41,Desenho,Neutro,1643,Exposicao_Face
161460,17,469,424,6.26,0,161460,41,Desenho,Neutro,1660,Exposicao_Face
161476,17,473,420,6.29,0,161476,41,Desenho,Neutro,1676,Exposicao_Face
161493,17,466,457,6.29,0,161493,41,Desenho,Neutro,1693,Exposicao_Face
161510,17,474,445,6.3,0,161510,41,Desenho,Neutro,1710,Exposicao_Face
161526,17,464,451,6.35,0,161526,41,Desenho,Neutro,1726,Exposicao_Face
161543,17,478,440,6.18,0,161543,41,Desenho,Neutro,1743,Exposicao_Face
161560,17,441,491,6.38,0,161560,41,Desenho,Neutro,1760,Exposicao_Face
161576,17,352,549,6.29,0,161576,41,Desenho,Neutro,1776,Exposicao_Face
161593,17,257,649,6.24,0,161593,41,Desenho,Neutro,1793,Exposicao_Face
161610,17,279,673,6.3,0,161610,41,Desenho,Neutro,1810,Exposicao_Face
161626,17,281,672,6.27,0,161626,41,Desenho,Neutro,1826,Exposicao_Face
161643,17,256,681,6.26,0,161643,41,Desenho,Neutro,1843,Exposicao_Face
161659,17,266,668,6.21,0,161659,41,Desenho,Neutro,1859,Exposicao_Face
161676,17,257,674,6.27,0,161676,41,Desenho,Neutro,1876,Exposicao_Face
161693,17,278,663,6.32,0,161693,41,Desenho,Neutro,1893,Exposicao_Face
161709,17,280,681,6.29,0,161709,41,Desenho,Neutro,1909,Exposicao_Face
161726,17,281,673,6.24,0,161726,41,Desenho,Neutro,1926,Exposicao_Face
161743,17,257,669,6.21,0,161743,41,Desenho,Neutro,1943,Exposicao_Face
161759,17,278,672,6.24,0,161759,41,Desenho,Neutro,1959,Exposicao_Face
161776,17,272,665,6.13,0,161776,41,Desenho,Neutro,1976,Exposicao_Face
161792,17,272,674,6.22,0,161792,41,Desenho,Neutro,1992,Exposicao_Face
161809,17,278,671,6.14,0,161809,41,Desenho,Neutro,2009,Exposicao_Face
161826,17,269,688,6.27,0,161826,41,Desenho,Neutro,2026,Exposicao_Face
161842,17,336,694,6.29,0,161842,41,Desenho,Neutro,2042,Exposicao_Face
161859,17,322,713,6.27,0,161859,41,Desenho,Neutro,2059,Exposicao_Face
161876,17,332,695,6.27,0,161876,41,Desenho,Neutro,2076,Exposicao_Face
161892,17,318,697,6.14,0,161892,41,Desenho,Neutro,2092,Exposicao_Face
161909,17,323,697,6.18,0,161909,41,Desenho,Neutro,2109,Exposicao_Face
161926,17,341,688,6.21,0,161926,41,Desenho,Neutro,2126,Exposicao_Face
161942,17,329,669,6.02,0,161942,41,Desenho,Neutro,2142,Exposicao_Face
161959,17,327,711,6.22,0,161959,41,Desenho,Neutro,2159,Exposicao_Face
161975,17,317,643,6.3,0,161975,41,Desenho,Neutro,2175,Exposicao_Face
161992,17,335,696,6.14,0,161992,41,Desenho,Neutro,2192,Exposicao_Face
162009,17,324,702,6.3,0,162009,41,Desenho,Neutro,2209,Exposicao_Face
162025,17,325,697,6.14,0,162025,41,Desenho,Neutro,2225,Exposicao_Face
162042,17,314,706,6.14,0,162042,41,Desenho,Neutro,2242,Exposicao_Face
162059,17,327,708,6.21,0,162059,41,Desenho,Neutro,2259,Exposicao_Face
162075,17,306,670,6.16,0,162075,41,Desenho,Neutro,2275,Exposicao_Face
162092,17,234,687,6.13,0,162092,41,Desenho,Neutro,2292,Exposicao_Face
162109,17,201,657,6.03,0,162109,41,Desenho,Neutro,2309,Exposicao_Face
162125,17,209,678,6.16,0,162125,41,Desenho,Neutro,2325,Exposicao_Face
162142,17,208,663,6.13,0,162142,41,Desenho,Neutro,2342,Exposicao_Face
162158,17,209,664,6.11,0,162158,41,Desenho,Neutro,2358,Exposicao_Face
162175,17,206,715,6.11,0,162175,41,Desenho,Neutro,2375,Exposicao_Face
162192,17,198,681,6.06,0,162192,41,Desenho,Neutro,2392,Exposicao_Face
162208,17,217,685,6.14,0,162208,41,Desenho,Neutro,2408,Exposicao_Face
162225,17,221,695,6.06,0,162225,41,Desenho,Neutro,2425,Exposicao_Face
162242,17,202,696,6.1,0,162242,41,Desenho,Neutro,2442,Exposicao_Face
162258,17,208,681,6.13,0,162258,41,Desenho,Neutro,2458,Exposicao_Face
162275,17,211,704,6.14,0,162275,41,Desenho,Neutro,2475,Exposicao_Face
162292,17,208,671,6.16,0,162292,41,Desenho,Neutro,2492,Exposicao_Face
162308,17,212,676,5.98,0,162308,41,Desenho,Neutro,2508,Exposicao_Face
162325,17,219,667,6.06,0,162325,41,Desenho,Neutro,2525,Exposicao_Face
162341,17,218,690,6.13,0,162341,41,Desenho,Neutro,2541,Exposicao_Face
162358,17,204,687,6.14,0,162358,41,Desenho,Neutro,2558,Exposicao_Face
162375,17,220,660,6.08,0,162375,41,Desenho,Neutro,2575,Exposicao_Face
162391,17,207,680,6.13,0,162391,41,Desenho,Neutro,2591,Exposicao_Face
162408,17,138,646,5.97,0,162408,41,Desenho,Neutro,2608,Exposicao_Face
162425,17,146,649,5.94,0,162425,41,Desenho,Neutro,2625,Exposicao_Face
162441,17,145,656,5.95,0,162441,41,Desenho,Neutro,2641,Exposicao_Face
162458,17,128,654,5.94,0,162458,41,Desenho,Neutro,2658,Exposicao_Face
162475,17,106,643,5.89,0,162475,41,Desenho,Neutro,2675,Exposicao_Face
162491,17,135,652,5.87,0,162491,41,Desenho,Neutro,2691,Exposicao_Face
162508,17,136,655,5.94,0,162508,41,Desenho,Neutro,2708,Exposicao_Face
162524,17,128,645,5.92,0,162524,41,Desenho,Neutro,2724,Exposicao_Face
162541,17,140,646,6.02,0,162541,41,Desenho,Neutro,2741,Exposicao_Face
162558,17,102,657,5.92,0,162558,41,Desenho,Neutro,2758,Exposicao_Face
162574,17,145,659,5.94,0,162574,41,Desenho,Neutro,2774,Exposicao_Face
162591,17,130,654,5.94,0,162591,41,Desenho,Neutro,2791,Exposicao_Face
162608,17,133,668,6.05,0,162608,41,Desenho,Neutro,2808,Exposicao_Face
162624,17,138,666,5.97,0,162624,41,Desenho,Neutro,2824,Exposicao_Face
162641,17,120,666,6.06,0,162641,41,Desenho,Neutro,2841,Exposicao_Face
162658,17,118,662,6.02,0,162658,41,Desenho,Neutro,2858,Exposicao_Face
162674,17,110,664,5.97,0,162674,41,Desenho,Neutro,2874,Exposicao_Face
162691,17,102,656,5.94,0,162691,41,Desenho,Neutro,2891,Exposicao_Face
162707,17,105,649,5.94,0,162707,41,Desenho,Neutro,2907,Exposicao_Face
162724,17,145,658,6.0,0,162724,41,Desenho,Neutro,2924,Exposicao_Face
162741,17,127,647,5.95,0,162741,41,Desenho,Neutro,2941,Exposicao_Face
162757,17,100,658,6.02,0,162757,41,Desenho,Neutro,2957,Exposicao_Face
162774,17,166,652,5.95,0,162774,41,Desenho,Neutro,2974,Exposicao_Face
162791,17,280,577,6.11,0,162791,41,Desenho,Neutro,2991,Exposicao_Face
162807,17,354,543,6.19,0,162807,41,Desenho,Neutro,3007,Exposicao_Face
162824,17,424,505,6.16,0,162824,41,Desenho,Neutro,3024,Exposicao_Face
162840,17,417,520,6.24,0,162840,41,Desenho,Neutro,3040,Exposicao_Face
162857,17,420,517,6.26,0,162857,41,Desenho,Neutro,3057,Exposicao_Face
162874,17,427,501,6.24,0,162874,41,Desenho,Neutro,3074,Exposicao_Face
162890,17,414,505,6.19,0,162890,41,Desenho,Neutro,3090,Exposicao_Face
162907,17,429,509,6.21,0,162907,41,Desenho,Neutro,3107,Exposicao_Face
162924,17,434,503,6.18,0,162924,41,Desenho,Neutro,3124,Exposicao_Face
162940,17,430,507,6.21,0,162940,41,Desenho,Neutro,3140,Exposicao_Face
162957,17,431,491,5.94,0,162957,41,Desenho,Neutro,3157,Exposicao_Face
162974,17,439,496,6.11,0,162974,41,Desenho,Neutro,3174,Exposicao_Face
162990,17,435,500,6.13,0,162990,41,Desenho,Neutro,3190,Exposicao_Face
163007,17,436,485,6.06,0,163007,41,Desenho,Neutro,3207,Exposicao_Face
163023,17,418,509,6.06,0,163023,41,Desenho,Neutro,3223,Exposicao_Face
163040,17,418,511,6.14,0,163040,41,Desenho,Neutro,3240,Exposicao_Face
163057,17,437,504,6.11,0,163057,41,Desenho,Neutro,3257,Exposicao_Face
163073,17,435,508,6.03,0,163073,41,Desenho,Neutro,3273,Exposicao_Face
163090,17,427,500,6.02,0,163090,41,Desenho,Neutro,3290,Exposicao_Face
163107,17,421,528,6.1,0,163107,41,Desenho,Neutro,3307,Exposicao_Face
163123,17,435,512,6.03,0,163123,41,Desenho,Neutro,3323,Exposicao_Face
163140,17,454,525,6.0,0,163140,41,Desenho,Neutro,3340,Exposicao_Face
163157,17,475,524,5.86,0,163157,41,Desenho,Neutro,3357,Exposicao_Face
163173,17,473,536,5.89,0,163173,41,Desenho,Neutro,3373,Exposicao_Face
163190,17,481,604,5.84,0,163190,41,Desenho,Neutro,3390,Exposicao_Face
163206,17,480,643,5.89,0,163206,41,Desenho,Neutro,3406,Exposicao_Face
163223,17,458,633,5.87,0,163223,41,Desenho,Neutro,3423,Exposicao_Face
163240,17,445,686,5.89,0,163240,41,Desenho,Neutro,3440,Exposicao_Face
163256,17,450,695,5.94,0,163256,41,Desenho,Neutro,3456,Exposicao_Face
163273,17,450,707,5.95,0,163273,41,Desenho,Neutro,3473,Exposicao_Face
163290,17,516,689,5.89,0,163290,41,Desenho,Neutro,3490,Exposicao_Face
163306,17,448,705,5.92,0,163306,41,Desenho,Neutro,3506,Exposicao_Face
163323,17,447,699,5.9,0,163323,41,Desenho,Neutro,3523,Exposicao_Face
163340,17,453,715,5.92,0,163340,41,Desenho,Neutro,3540,Exposicao_Face
163356,17,443,727,5.87,0,163356,41,Desenho,Neutro,3556,Exposicao_Face
163373,17,452,710,5.92,0,163373,41,Desenho,Neutro,3573,Exposicao_Face
163389,17,450,700,5.92,0,163389,41,Desenho,Neutro,3589,Exposicao_Face
163406,17,447,704,6.03,0,163406,41,Desenho,Neutro,3606,Exposicao_Face
163423,17,464,729,5.97,0,163423,41,Desenho,Neutro,3623,Exposicao_Face
163439,17,449,711,5.81,0,163439,41,Desenho,Neutro,3639,Exposicao_Face
163456,17,446,711,5.94,0,163456,41,Desenho,Neutro,3656,Exposicao_Face
163473,17,448,697,5.98,0,163473,41,Desenho,Neutro,3673,Exposicao_Face
163489,17,456,723,5.95,0,163489,41,Desenho,Neutro,3689,Exposicao_Face
163506,17,460,687,5.89,0,163506,41,Desenho,Neutro,3706,Exposicao_Face
163523,17,457,695,5.95,0,163523,41,Desenho,Neutro,3723,Exposicao_Face
163539,17,445,705,6.0,0,163539,41,Desenho,Neutro,3739,Exposicao_Face
163556,17,449,695,6.02,0,163556,41,Desenho,Neutro,3756,Exposicao_Face
163572,17,455,648,6.0,0,163572,41,Desenho,Neutro,3772,Exposicao_Face
163589,17,442,559,5.98,0,163589,41,Desenho,Neutro,3789,Exposicao_Face
163606,17,457,439,6.05,0,163606,41,Desenho,Neutro,3806,Exposicao_Face
163622,17,479,476,6.0,0,163622,41,Desenho,Neutro,3822,Exposicao_Face
163639,17,465,473,5.98,0,163639,41,Desenho,Neutro,3839,Exposicao_Face
163656,17,474,471,6.05,0,163656,41,Desenho,Neutro,3856,Exposicao_Face
163672,17,467,477,6.0,0,163672,41,Desenho,Neutro,3872,Exposicao_Face
163689,17,489,468,6.08,0,163689,41,Desenho,Neutro,3889,Exposicao_Face
163706,17,487,463,6.05,0,163706,41,Desenho,Neutro,3906,Exposicao_Face
163722,17,488,455,5.98,0,163722,41,Desenho,Neutro,3922,Exposicao_Face
163739,17,477,476,6.1,0,163739,41,Desenho,Neutro,3939,Exposicao_Face
163755,17,484,463,6.0,0,163755,41,Desenho,Neutro,3955,Exposicao_Face
163772,17,487,476,6.02,0,163772,41,Desenho,Neutro,3972,Exposicao_Face
163789,17,485,459,5.97,0,163789,41,Desenho,Neutro,3989,Exposicao_Face
163805,17,471,464,6.02,0,163805,42,Desenho,Raiva,5,Janela_Baseline
163822,17,484,460,5.95,0,163822,42,Desenho,Raiva,22,Janela_Baseline
163839,17,485,489,6.05,0,163839,42,Desenho,Raiva,39,Janela_Baseline
163855,17,486,462,6.0,0,163855,42,Desenho,Raiva,55,Janela_Baseline
163872,17,477,466,6.03,0,163872,42,Desenho,Raiva,72,Janela_Baseline
163889,17,485,476,5.97,0,163889,42,Desenho,Raiva,89,Janela_Baseline
163905,17,490,468,6.0,0,163905,42,Desenho,Raiva,105,Janela_Baseline
163922,17,477,464,5.95,0,163922,42,Desenho,Raiva,122,Janela_Baseline
163938,17,474,469,6.0,0,163938,42,Desenho,Raiva,138,Janela_Baseline
163955,17,480,468,6.0,0,163955,42,Desenho,Raiva,155,Janela_Baseline
163972,17,485,462,5.94,0,163972,42,Desenho,Raiva,172,Janela_Baseline
163988,17,479,487,5.98,0,163988,42,Desenho,Raiva,188,Janela_Baseline
164005,17,479,481,5.98,0,164005,42,Desenho,Raiva,205,Janela_Baseline
164022,17,485,492,6.06,0,164022,42,Desenho,Raiva,222,Janela_Baseline
164038,17,486,488,6.02,0,164038,42,Desenho,Raiva,238,Janela_Baseline
164055,17,470,482,5.94,0,164055,42,Desenho,Raiva,255,Janela_Baseline
164071,17,472,475,6.03,0,164071,42,Desenho,Raiva,271,Janela_Baseline
164088,17,475,480,6.08,0,164088,42,Desenho,Raiva,288,Janela_Baseline
164105,17,484,482,6.03,0,164105,42,Desenho,Raiva,305,Janela_Baseline
164121,17,481,474,5.95,0,164121,42,Desenho,Raiva,321,Janela_Baseline
164138,17,478,471,6.05,0,164138,42,Desenho,Raiva,338,Janela_Baseline
164155,17,490,476,6.08,0,164155,42,Desenho,Raiva,355,Janela_Baseline
164171,17,484,471,6.08,0,164171,42,Desenho,Raiva,371,Janela_Baseline
164188,17,469,479,6.16,0,164188,42,Desenho,Raiva,388,Janela_Baseline
164205,17,477,464,6.05,0,164205,42,Desenho,Raiva,405,Janela_Baseline
164221,17,485,466,6.05,0,164221,42,Desenho,Raiva,421,Janela_Baseline
164238,17,470,462,6.02,0,164238,42,Desenho,Raiva,438,Janela_Baseline
164254,17,484,473,6.05,0,164254,42,Desenho,Raiva,454,Janela_Baseline
164271,17,470,476,6.06,0,164271,42,Desenho,Raiva,471,Janela_Baseline
164288,17,473,459,6.06,0,164288,42,Desenho,Raiva,488,Janela_Baseline
164304,17,490,445,6.03,0,164304,42,Desenho,Raiva,504,Janela_Baseline
164321,17,468,471,6.06,0,164321,42,Desenho,Raiva,521,Janela_Baseline
164338,17,480,458,5.98,0,164338,42,Desenho,Raiva,538,Janela_Baseline
164354,17,481,443,6.06,0,164354,42,Desenho,Raiva,554,Janela_Baseline
164371,17,489,452,6.1,0,164371,42,Desenho,Raiva,571,Janela_Baseline
164388,17,484,453,6.06,0,164388,42,Desenho,Raiva,588,Janela_Baseline
164404,17,480,464,6.06,0,164404,42,Desenho,Raiva,604,Janela_Baseline
164421,17,482,473,6.08,0,164421,42,Desenho,Raiva,621,Janela_Baseline
164437,17,479,460,6.08,0,164437,42,Desenho,Raiva,637,Janela_Baseline
164454,17,472,453,6.03,0,164454,42,Desenho,Raiva,654,Janela_Baseline
164471,17,483,464,6.11,0,164471,42,Desenho,Raiva,671,Janela_Baseline
164487,17,482,463,6.08,0,164487,42,Desenho,Raiva,687,Janela_Baseline
164504,17,481,478,6.18,0,164504,42,Desenho,Raiva,704,Janela_Baseline
164521,17,479,468,6.1,0,164521,42,Desenho,Raiva,721,Janela_Baseline
164537,17,468,464,6.11,0,164537,42,Desenho,Raiva,737,Janela_Baseline
164554,17,483,459,6.16,0,164554,42,Desenho,Raiva,754,Janela_Baseline
164571,17,475,459,6.08,0,164571,42,Desenho,Raiva,771,Janela_Baseline
164587,17,472,442,6.03,0,164587,42,Desenho,Raiva,787,Janela_Baseline
164604,17,478,441,6.16,0,164604,42,Desenho,Raiva,804,Janela_Baseline
164620,17,475,461,6.16,0,164620,42,Desenho,Raiva,820,Janela_Baseline
164637,17,466,439,6.13,0,164637,42,Desenho,Raiva,837,Janela_Baseline
164654,17,467,443,6.14,0,164654,42,Desenho,Raiva,854,Janela_Baseline
164670,17,466,461,6.16,0,164670,42,Desenho,Raiva,870,Janela_Baseline
164687,17,466,435,6.05,0,164687,42,Desenho,Raiva,887,Janela_Baseline
164704,17,472,442,6.19,0,164704,42,Desenho,Raiva,904,Janela_Baseline
164720,17,462,429,6.14,0,164720,42,Desenho,Raiva,920,Janela_Baseline
164737,17,463,425,6.0,0,164737,42,Desenho,Raiva,937,Janela_Baseline
164754,17,460,448,6.16,0,164754,42,Desenho,Raiva,954,Janela_Baseline
164770,17,467,453,6.19,0,164770,42,Desenho,Raiva,970,Janela_Baseline
164787,17,471,443,6.14,0,164787,42,Desenho,Raiva,987,Janela_Baseline
164803,17,463,449,6.14,0,164803,42,Desenho,Raiva,1003,Janela_Baseline
164820,17,474,450,6.18,0,164820,42,Desenho,Raiva,1020,Janela_Baseline
164837,17,473,443,6.19,0,164837,42,Desenho,Raiva,1037,Janela_Baseline
164853,17,475,470,6.3,0,164853,42,Desenho,Raiva,1053,Janela_Baseline
164870,17,479,441,6.21,0,164870,42,Desenho,Raiva,1070,Janela_Baseline
164887,17,478,442,6.18,0,164887,42,Desenho,Raiva,1087,Janela_Baseline
164903,17,477,430,6.13,0,164903,42,Desenho,Raiva,1103,Janela_Baseline
164920,17,361,457,6.13,0,164920,42,Desenho,Raiva,1120,Janela_Baseline
164937,17,331,452,6.03,0,164937,42,Desenho,Raiva,1137,Janela_Baseline
164953,17,291,460,6.13,0,164953,42,Desenho,Raiva,1153,Janela_Baseline
164970,17,318,462,6.05,0,164970,42,Desenho,Raiva,1170,Janela_Baseline
164986,17,308,452,6.08,0,164986,42,Desenho,Raiva,1186,Janela_Baseline
165003,17,317,448,6.08,0,165003,42,Desenho,Raiva,1203,Janela_Baseline
165020,17,311,459,5.95,0,165020,42,Desenho,Raiva,1220,Janela_Baseline
165036,17,294,466,6.08,0,165036,42,Desenho,Raiva,1236,Janela_Baseline
165053,17,292,469,6.06,0,165053,42,Desenho,Raiva,1253,Janela_Baseline
165070,17,322,452,6.05,0,165070,42,Desenho,Raiva,1270,Janela_Baseline
165086,17,326,457,6.1,0,165086,42,Desenho,Raiva,1286,Janela_Baseline
165103,17,323,458,6.02,0,165103,42,Desenho,Raiva,1303,Exposicao_Face
165119,17,317,441,5.97,0,165119,42,Desenho,Raiva,1319,Exposicao_Face
165136,17,327,458,6.06,0,165136,42,Desenho,Raiva,1336,Exposicao_Face
165153,17,323,449,6.02,0,165153,42,Desenho,Raiva,1353,Exposicao_Face
165169,17,330,435,6.03,0,165169,42,Desenho,Raiva,1369,Exposicao_Face
165186,17,305,461,6.0,0,165186,42,Desenho,Raiva,1386,Exposicao_Face
165203,17,310,462,6.1,0,165203,42,Desenho,Raiva,1403,Exposicao_Face
165219,17,303,456,6.02,0,165219,42,Desenho,Raiva,1419,Exposicao_Face
165236,17,303,489,6.13,0,165236,42,Desenho,Raiva,1436,Exposicao_Face
165253,17,319,467,6.27,0,165253,42,Desenho,Raiva,1453,Exposicao_Face
165269,17,316,461,6.1,0,165269,42,Desenho,Raiva,1469,Exposicao_Face
165286,17,313,444,6.03,0,165286,42,Desenho,Raiva,1486,Exposicao_Face
165302,17,309,462,5.92,0,165302,42,Desenho,Raiva,1502,Exposicao_Face
165319,17,323,477,6.16,0,165319,42,Desenho,Raiva,1519,Exposicao_Face
165336,17,289,460,6.13,0,165336,42,Desenho,Raiva,1536,Exposicao_Face
165352,17,331,458,6.06,0,165352,42,Desenho,Raiva,1552,Exposicao_Face
165369,17,326,461,6.1,0,165369,42,Desenho,Raiva,1569,Exposicao_Face
165386,17,324,462,6.1,0,165386,42,Desenho,Raiva,1586,Exposicao_Face
165402,17,302,446,6.06,0,165402,42,Desenho,Raiva,1602,Exposicao_Face
165419,17,295,450,6.1,0,165419,42,Desenho,Raiva,1619,Exposicao_Face
165436,17,300,473,6.14,0,165436,42,Desenho,Raiva,1636,Exposicao_Face
165452,17,341,454,6.06,0,165452,42,Desenho,Raiva,1652,Exposicao_Face
165469,17,420,448,6.1,0,165469,42,Desenho,Raiva,1669,Exposicao_Face
165485,17,490,473,6.1,0,165485,42,Desenho,Raiva,1685,Exposicao_Face
165502,17,489,473,6.22,0,165502,42,Desenho,Raiva,1702,Exposicao_Face
165519,17,477,475,6.18,0,165519,42,Desenho,Raiva,1719,Exposicao_Face
165535,17,491,472,6.02,0,165535,42,Desenho,Raiva,1735,Exposicao_Face
165552,17,499,475,6.19,0,165552,42,Desenho,Raiva,1752,Exposicao_Face
165569,17,499,471,6.18,0,165569,42,Desenho,Raiva,1769,Exposicao_Face
165585,17,499,473,5.97,0,165585,42,Desenho,Raiva,1785,Exposicao_Face
165602,17,501,438,6.13,0,165602,42,Desenho,Raiva,1802,Exposicao_Face
165619,17,495,476,6.27,0,165619,42,Desenho,Raiva,1819,Exposicao_Face
165635,17,497,467,6.18,0,165635,42,Desenho,Raiva,1835,Exposicao_Face
165652,17,502,465,6.19,0,165652,42,Desenho,Raiva,1852,Exposicao_Face
165668,17,490,453,6.16,0,165668,42,Desenho,Raiva,1868,Exposicao_Face
165685,17,484,468,6.21,0,165685,42,Desenho,Raiva,1885,Exposicao_Face
165702,17,498,472,6.16,0,165702,42,Desenho,Raiva,1902,Exposicao_Face
165718,17,493,454,6.26,0,165718,42,Desenho,Raiva,1918,Exposicao_Face
165735,17,497,456,6.18,0,165735,42,Desenho,Raiva,1935,Exposicao_Face
165752,17,493,459,6.19,0,165752,42,Desenho,Raiva,1952,Exposicao_Face
165768,17,492,474,6.16,0,165768,42,Desenho,Raiva,1968,Exposicao_Face
165785,17,488,492,6.22,0,165785,42,Desenho,Raiva,1985,Exposicao_Face
165802,17,491,489,6.27,0,165802,42,Desenho,Raiva,2002,Exposicao_Face
165818,17,413,504,6.18,0,165818,42,Desenho,Raiva,2018,Exposicao_Face
165835,17,323,496,6.13,0,165835,42,Desenho,Raiva,2035,Exposicao_Face
165851,17,303,536,6.13,0,165851,42,Desenho,Raiva,2051,Exposicao_Face
165868,17,294,539,6.13,0,165868,42,Desenho,Raiva,2068,Exposicao_Face
165885,17,271,517,6.06,0,165885,42,Desenho,Raiva,2085,Exposicao_Face
165901,17,311,496,6.02,0,165901,42,Desenho,Raiva,2101,Exposicao_Face
165918,17,310,528,6.14,0,165918,42,Desenho,Raiva,2118,Exposicao_Face
165935,17,283,508,6.05,0,165935,42,Desenho,Raiva,2135,Exposicao_Face
165951,17,273,508,5.98,0,165951,42,Desenho,Raiva,2151,Exposicao_Face
165968,17,301,507,6.03,0,165968,42,Desenho,Raiva,2168,Exposicao_Face
165985,17,301,516,6.02,0,165985,42,Desenho,Raiva,2185,Exposicao_Face
166001,17,288,528,6.16,0,166001,42,Desenho,Raiva,2201,Exposicao_Face
166018,17,306,501,6.1,0,166018,42,Desenho,Raiva,2218,Exposicao_Face
166034,17,271,528,6.11,0,166034,42,Desenho,Raiva,2234,Exposicao_Face
166051,17,313,514,6.13,0,166051,42,Desenho,Raiva,2251,Exposicao_Face
166068,17,301,532,6.16,0,166068,42,Desenho,Raiva,2268,Exposicao_Face
166084,17,302,524,6.13,0,166084,42,Desenho,Raiva,2284,Exposicao_Face
166101,17,303,505,6.14,0,166101,42,Desenho,Raiva,2301,Exposicao_Face
166118,17,306,520,6.11,0,166118,42,Desenho,Raiva,2318,Exposicao_Face
166134,17,285,522,6.11,0,166134,42,Desenho,Raiva,2334,Exposicao_Face
166151,17,282,519,6.11,0,166151,42,Desenho,Raiva,2351,Exposicao_Face
166168,17,301,499,6.11,0,166168,42,Desenho,Raiva,2368,Exposicao_Face
166184,17,279,563,6.24,0,166184,42,Desenho,Raiva,2384,Exposicao_Face
166201,17,265,526,6.19,0,166201,42,Desenho,Raiva,2401,Exposicao_Face
166217,17,306,529,6.18,0,166217,42,Desenho,Raiva,2417,Exposicao_Face
166234,17,272,498,5.95,0,166234,42,Desenho,Raiva,2434,Exposicao_Face
166251,17,307,532,6.1,0,166251,42,Desenho,Raiva,2451,Exposicao_Face
166267,17,269,513,6.18,0,166267,42,Desenho,Raiva,2467,Exposicao_Face
166284,17,278,545,6.11,0,166284,42,Desenho,Raiva,2484,Exposicao_Face
166301,17,301,527,6.06,0,166301,42,Desenho,Raiva,2501,Exposicao_Face
166317,17,297,515,6.08,0,166317,42,Desenho,Raiva,2517,Exposicao_Face
166334,17,305,548,6.14,0,166334,42,Desenho,Raiva,2534,Exposicao_Face
166350,17,292,518,6.14,0,166350,42,Desenho,Raiva,2550,Exposicao_Face
166367,17,300,512,6.08,0,166367,42,Desenho,Raiva,2567,Exposicao_Face
166384,17,302,521,6.19,0,166384,42,Desenho,Raiva,2584,Exposicao_Face
166400,17,298,544,6.26,0,166400,42,Desenho,Raiva,2600,Exposicao_Face
166417,17,307,513,6.1,0,166417,42,Desenho,Raiva,2617,Exposicao_Face
166434,17,294,513,6.16,0,166434,42,Desenho,Raiva,2634,Exposicao_Face
166450,17,275,539,6.13,0,166450,42,Desenho,Raiva,2650,Exposicao_Face
166467,17,384,485,6.06,0,166467,42,Desenho,Raiva,2667,Exposicao_Face
166484,17,421,508,6.22,0,166484,42,Desenho,Raiva,2684,Exposicao_Face
166500,17,472,476,6.24,0,166500,42,Desenho,Raiva,2700,Exposicao_Face
166517,17,487,462,6.16,0,166517,42,Desenho,Raiva,2717,Exposicao_Face
166533,17,497,469,6.03,0,166533,42,Desenho,Raiva,2733,Exposicao_Face
166550,17,500,462,6.13,0,166550,42,Desenho,Raiva,2750,Exposicao_Face
166567,17,500,462,6.1,0,166567,42,Desenho,Raiva,2767,Exposicao_Face
166583,17,504,445,6.14,0,166583,42,Desenho,Raiva,2783,Exposicao_Face
166600,17,498,438,6.19,0,166600,42,Desenho,Raiva,2800,Exposicao_Face
166617,17,495,444,6.21,0,166617,42,Desenho,Raiva,2817,Exposicao_Face
166633,17,495,441,6.26,0,166633,42,Desenho,Raiva,2833,Exposicao_Face
166650,17,501,435,6.21,0,166650,42,Desenho,Raiva,2850,Exposicao_Face
166667,17,495,460,6.29,0,166667,42,Desenho,Raiva,2867,Exposicao_Face
166683,17,502,439,6.22,0,166683,42,Desenho,Raiva,2883,Exposicao_Face
166700,17,502,444,6.21,0,166700,42,Desenho,Raiva,2900,Exposicao_Face
166716,17,493,452,6.35,0,166716,42,Desenho,Raiva,2916,Exposicao_Face
166733,17,493,457,6.27,0,166733,42,Desenho,Raiva,2933,Exposicao_Face
166750,17,506,444,6.29,0,166750,42,Desenho,Raiva,2950,Exposicao_Face
166766,17,500,451,6.24,0,166766,42,Desenho,Raiva,2966,Exposicao_Face
166783,17,506,442,6.22,0,166783,42,Desenho,Raiva,2983,Exposicao_Face
166800,17,497,460,6.27,0,166800,42,Desenho,Raiva,3000,Exposicao_Face
166816,17,495,459,6.3,0,166816,42,Desenho,Raiva,3016,Exposicao_Face
166833,17,494,444,6.24,0,166833,42,Desenho,Raiva,3033,Exposicao_Face
166850,17,495,435,6.19,0,166850,42,Desenho,Raiva,3050,Exposicao_Face
166866,17,490,432,6.29,0,166866,42,Desenho,Raiva,3066,Exposicao_Face
166883,17,494,440,6.24,0,166883,42,Desenho,Raiva,3083,Exposicao_Face
166899,17,489,456,6.16,0,166899,42,Desenho,Raiva,3099,Exposicao_Face
166916,17,503,444,6.21,0,166916,42,Desenho,Raiva,3116,Exposicao_Face
166933,17,485,431,5.94,0,166933,42,Desenho,Raiva,3133,Exposicao_Face
166949,17,496,454,6.19,0,166949,42,Desenho,Raiva,3149,Exposicao_Face
166966,17,486,479,6.21,0,166966,42,Desenho,Raiva,3166,Exposicao_Face
166983,17,486,465,6.13,0,166983,42,Desenho,Raiva,3183,Exposicao_Face
166999,17,489,454,6.08,0,166999,42,Desenho,Raiva,3199,Exposicao_Face
167016,17,494,447,6.13,0,167016,42,Desenho,Raiva,3216,Exposicao_Face
167033,17,478,454,5.98,0,167033,42,Desenho,Raiva,3233,Exposicao_Face
167049,17,481,457,6.03,0,167049,42,Desenho,Raiva,3249,Exposicao_Face
167066,17,482,455,6.03,0,167066,42,Desenho,Raiva,3266,Exposicao_Face
167082,17,473,455,6.0,0,167082,42,Desenho,Raiva,3282,Exposicao_Face
167099,17,488,455,5.98,0,167099,42,Desenho,Raiva,3299,Exposicao_Face
167116,17,470,460,5.95,0,167116,42,Desenho,Raiva,3316,Exposicao_Face
167132,17,478,468,5.97,0,167132,42,Desenho,Raiva,3332,Exposicao_Face
167149,17,486,435,5.92,0,167149,42,Desenho,Raiva,3349,Exposicao_Face
167166,17,478,454,5.92,0,167166,42,Desenho,Raiva,3366,Exposicao_Face
167182,17,469,458,5.97,0,167182,42,Desenho,Raiva,3382,Exposicao_Face
167199,17,475,453,5.87,0,167199,42,Desenho,Raiva,3399,Exposicao_Face
167216,17,477,459,5.94,0,167216,42,Desenho,Raiva,3416,Exposicao_Face
167232,17,466,455,5.9,0,167232,42,Desenho,Raiva,3432,Exposicao_Face
167249,17,483,450,5.82,0,167249,42,Desenho,Raiva,3449,Exposicao_Face
167265,17,477,468,5.89,0,167265,42,Desenho,Raiva,3465,Exposicao_Face
167282,17,475,464,5.9,0,167282,42,Desenho,Raiva,3482,Exposicao_Face
167299,17,482,455,5.84,0,167299,42,Desenho,Raiva,3499,Exposicao_Face
167315,17,471,453,5.82,0,167315,42,Desenho,Raiva,3515,Exposicao_Face
167332,17,475,439,5.82,0,167332,42,Desenho,Raiva,3532,Exposicao_Face
167349,17,478,487,5.98,0,167349,42,Desenho,Raiva,3549,Exposicao_Face
167365,17,471,423,5.73,0,167365,42,Desenho,Raiva,3565,Exposicao_Face
167382,17,465,433,5.76,0,167382,42,Desenho,Raiva,3582,Exposicao_Face
167398,17,470,471,5.92,0,167398,42,Desenho,Raiva,3598,Exposicao_Face
167415,17,462,452,5.92,0,167415,42,Desenho,Raiva,3615,Exposicao_Face
167432,17,466,443,5.84,0,167432,42,Desenho,Raiva,3632,Exposicao_Face
167448,17,468,462,5.87,0,167448,42,Desenho,Raiva,3648,Exposicao_Face
167465,17,465,455,5.94,0,167465,42,Desenho,Raiva,3665,Exposicao_Face
167482,17,471,436,5.89,0,167482,42,Desenho,Raiva,3682,Exposicao_Face
167498,17,472,457,5.92,0,167498,42,Desenho,Raiva,3698,Exposicao_Face
167515,17,466,438,5.97,0,167515,42,Desenho,Raiva,3715,Exposicao_Face
167532,17,471,464,5.95,0,167532,42,Desenho,Raiva,3732,Exposicao_Face
167548,17,469,457,6.02,0,167548,42,Desenho,Raiva,3748,Exposicao_Face
167565,17,455,459,6.03,0,167565,42,Desenho,Raiva,3765,Exposicao_Face
167581,17,457,452,5.97,0,167581,42,Desenho,Raiva,3781,Exposicao_Face
167598,17,458,452,5.94,0,167598,42,Desenho,Raiva,3798,Exposicao_Face
167615,17,468,439,5.98,0,167615,42,Desenho,Raiva,3815,Exposicao_Face
167631,17,513,427,5.97,0,167631,42,Desenho,Raiva,3831,Exposicao_Face
167648,17,508,440,6.06,0,167648,42,Desenho,Raiva,3848,Exposicao_Face
167665,17,507,430,5.94,0,167665,42,Desenho,Raiva,3865,Exposicao_Face
167681,17,504,429,5.98,0,167681,42,Desenho,Raiva,3881,Exposicao_Face
167698,17,514,431,6.06,0,167698,42,Desenho,Raiva,3898,Exposicao_Face
167715,17,506,406,6.08,0,167715,42,Desenho,Raiva,3915,Exposicao_Face
167731,17,510,462,6.13,0,167731,42,Desenho,Raiva,3931,Exposicao_Face
167748,17,515,441,6.08,0,167748,42,Desenho,Raiva,3948,Exposicao_Face
167764,17,509,429,5.95,0,167764,42,Desenho,Raiva,3964,Exposicao_Face
167781,17,514,427,6.06,0,167781,42,Desenho,Raiva,3981,Exposicao_Face
167798,17,500,431,6.13,0,167798,42,Desenho,Raiva,3998,Exposicao_Face
167814,17,501,437,6.11,0,167814,43,Desenho,Feliz,14,Janela_Baseline
167831,17,510,435,6.1,0,167831,43,Desenho,Feliz,31,Janela_Baseline
167848,17,509,423,5.95,0,167848,43,Desenho,Feliz,48,Janela_Baseline
167864,17,502,455,6.22,0,167864,43,Desenho,Feliz,64,Janela_Baseline
167881,17,510,441,6.1,0,167881,43,Desenho,Feliz,81,Janela_Baseline
167898,17,508,432,6.14,0,167898,43,Desenho,Feliz,98,Janela_Baseline
167914,17,510,433,6.14,0,167914,43,Desenho,Feliz,114,Janela_Baseline
167931,17,510,430,6.16,0,167931,43,Desenho,Feliz,131,Janela_Baseline
167947,17,502,440,6.21,0,167947,43,Desenho,Feliz,147,Janela_Baseline
167964,17,507,425,6.13,0,167964,43,Desenho,Feliz,164,Janela_Baseline
167981,17,511,426,6.13,0,167981,43,Desenho,Feliz,181,Janela_Baseline
167997,17,505,442,6.13,0,167997,43,Desenho,Feliz,197,Janela_Baseline
168014,17,512,429,6.14,0,168014,43,Desenho,Feliz,214,Janela_Baseline
168031,17,499,450,6.1,0,168031,43,Desenho,Feliz,231,Janela_Baseline
168047,17,507,475,6.13,0,168047,43,Desenho,Feliz,247,Janela_Baseline
168064,17,508,491,6.05,0,168064,43,Desenho,Feliz,264,Janela_Baseline
168081,17,497,509,6.18,0,168081,43,Desenho,Feliz,281,Janela_Baseline
168097,17,494,501,6.02,0,168097,43,Desenho,Feliz,297,Janela_Baseline
168114,17,510,497,6.08,0,168114,43,Desenho,Feliz,314,Janela_Baseline
168130,17,501,480,6.08,0,168130,43,Desenho,Feliz,330,Janela_Baseline
168147,17,496,508,6.0,0,168147,43,Desenho,Feliz,347,Janela_Baseline
168164,17,495,485,6.08,0,168164,43,Desenho,Feliz,364,Janela_Baseline
168180,17,498,489,5.94,0,168180,43,Desenho,Feliz,380,Janela_Baseline
168197,17,506,510,6.1,0,168197,43,Desenho,Feliz,397,Janela_Baseline
168214,17,504,495,6.0,0,168214,43,Desenho,Feliz,414,Janela_Baseline
168230,17,500,480,5.97,0,168230,43,Desenho,Feliz,430,Janela_Baseline
168247,17,520,524,6.11,0,168247,43,Desenho,Feliz,447,Janela_Baseline
168264,17,514,518,5.97,0,168264,43,Desenho,Feliz,464,Janela_Baseline
168280,17,511,545,6.16,0,168280,43,Desenho,Feliz,480,Janela_Baseline
168297,17,515,508,5.98,0,168297,43,Desenho,Feliz,497,Janela_Baseline
168313,17,517,528,6.0,0,168313,43,Desenho,Feliz,513,Janela_Baseline
168330,17,516,509,5.95,0,168330,43,Desenho,Feliz,530,Janela_Baseline
168347,17,519,505,6.0,0,168347,43,Desenho,Feliz,547,Janela_Baseline
168363,17,516,510,6.02,0,168363,43,Desenho,Feliz,563,Janela_Baseline
168380,17,507,506,6.02,0,168380,43,Desenho,Feliz,580,Janela_Baseline
168397,17,516,524,6.03,0,168397,43,Desenho,Feliz,597,Janela_Baseline
168413,17,522,507,6.1,0,168413,43,Desenho,Feliz,613,Janela_Baseline
168430,17,508,510,6.02,0,168430,43,Desenho,Feliz,630,Janela_Baseline
168447,17,513,514,6.0,0,168447,43,Desenho,Feliz,647,Janela_Baseline
168463,17,506,506,5.97,0,168463,43,Desenho,Feliz,663,Janela_Baseline
168480,17,514,519,6.03,0,168480,43,Desenho,Feliz,680,Janela_Baseline
168496,17,509,515,6.06,0,168496,43,Desenho,Feliz,696,Janela_Baseline
168513,17,510,511,5.95,0,168513,43,Desenho,Feliz,713,Janela_Baseline
168530,17,514,538,6.0,0,168530,43,Desenho,Feliz,730,Janela_Baseline
168546,17,507,502,5.89,0,168546,43,Desenho,Feliz,746,Janela_Baseline
168563,17,511,498,5.92,0,168563,43,Desenho,Feliz,763,Janela_Baseline
168580,17,511,501,5.95,0,168580,43,Desenho,Feliz,780,Janela_Baseline
168596,17,514,537,5.94,0,168596,43,Desenho,Feliz,796,Janela_Baseline
168613,17,508,514,5.87,0,168613,43,Desenho,Feliz,813,Janela_Baseline
168629,17,505,510,5.87,0,168629,43,Desenho,Feliz,829,Janela_Baseline
168646,17,494,498,5.87,0,168646,43,Desenho,Feliz,846,Janela_Baseline
168663,17,506,475,5.94,0,168663,43,Desenho,Feliz,863,Janela_Baseline
168679,17,491,480,5.86,0,168679,43,Desenho,Feliz,879,Janela_Baseline
168696,17,509,459,5.82,0,168696,43,Desenho,Feliz,896,Janela_Baseline
168713,17,500,446,5.81,0,168713,43,Desenho,Feliz,913,Janela_Baseline
168729,17,502,448,5.79,0,168729,43,Desenho,Feliz,929,Janela_Baseline
168746,17,498,463,5.76,0,168746,43,Desenho,Feliz,946,Janela_Baseline
168763,17,506,449,5.78,0,168763,43,Desenho,Feliz,963,Janela_Baseline
168779,17,501,465,5.79,0,168779,43,Desenho,Feliz,979,Janela_Baseline
168796,17,500,452,5.76,0,168796,43,Desenho,Feliz,996,Janela_Baseline
168812,17,502,456,5.76,0,168812,43,Desenho,Feliz,1012,Janela_Baseline
168829,17,501,465,5.73,0,168829,43,Desenho,Feliz,1029,Janela_Baseline
168846,17,498,458,5.73,0,168846,43,Desenho,Feliz,1046,Janela_Baseline
168862,17,495,462,5.73,0,168862,43,Desenho,Feliz,1062,Janela_Baseline
168879,17,499,450,5.69,0,168879,43,Desenho,Feliz,1079,Janela_Baseline
168896,17,500,438,5.71,0,168896,43,Desenho,Feliz,1096,Janela_Baseline
168912,17,500,465,5.76,0,168912,43,Desenho,Feliz,1112,Janela_Baseline
168929,17,491,438,5.74,0,168929,43,Desenho,Feliz,1129,Janela_Baseline
168946,17,487,436,5.68,0,168946,43,Desenho,Feliz,1146,Janela_Baseline
168962,17,482,424,5.71,0,168962,43,Desenho,Feliz,1162,Janela_Baseline
168979,17,481,435,5.73,0,168979,43,Desenho,Feliz,1179,Janela_Baseline
168995,17,486,442,5.79,0,168995,43,Desenho,Feliz,1195,Janela_Baseline
169012,17,486,437,5.73,0,169012,43,Desenho,Feliz,1212,Janela_Baseline
169029,17,482,423,5.71,0,169029,43,Desenho,Feliz,1229,Janela_Baseline
169045,17,486,435,5.66,0,169045,43,Desenho,Feliz,1245,Janela_Baseline
169062,17,484,443,5.79,0,169062,43,Desenho,Feliz,1262,Janela_Baseline
169079,17,489,448,5.78,0,169079,43,Desenho,Feliz,1279,Janela_Baseline
169095,17,483,454,5.82,0,169095,43,Desenho,Feliz,1295,Janela_Baseline
169112,17,486,424,5.73,0,169112,43,Desenho,Feliz,1312,Exposicao_Face
169129,17,484,427,5.69,0,169129,43,Desenho,Feliz,1329,Exposicao_Face
169145,17,482,461,5.82,0,169145,43,Desenho,Feliz,1345,Exposicao_Face
169162,17,491,440,5.74,0,169162,43,Desenho,Feliz,1362,Exposicao_Face
169178,17,494,439,5.71,0,169178,43,Desenho,Feliz,1378,Exposicao_Face
169195,17,480,444,5.74,0,169195,43,Desenho,Feliz,1395,Exposicao_Face
169212,17,482,436,5.73,0,169212,43,Desenho,Feliz,1412,Exposicao_Face
169228,17,492,435,5.68,0,169228,43,Desenho,Feliz,1428,Exposicao_Face
169245,17,490,442,5.73,0,169245,43,Desenho,Feliz,1445,Exposicao_Face
169262,17,485,424,5.76,0,169262,43,Desenho,Feliz,1462,Exposicao_Face
169278,17,490,440,5.76,0,169278,43,Desenho,Feliz,1478,Exposicao_Face
169295,17,488,456,5.84,0,169295,43,Desenho,Feliz,1495,Exposicao_Face
169312,17,491,445,5.86,0,169312,43,Desenho,Feliz,1512,Exposicao_Face
169328,17,441,359,5.71,0,169328,43,Desenho,Feliz,1528,Exposicao_Face
169345,17,437,349,5.82,0,169345,43,Desenho,Feliz,1545,Exposicao_Face
169361,17,457,324,5.69,0,169361,43,Desenho,Feliz,1561,Exposicao_Face
169378,17,449,349,5.86,0,169378,43,Desenho,Feliz,1578,Exposicao_Face
169395,17,441,327,5.65,0,169395,43,Desenho,Feliz,1595,Exposicao_Face
169411,17,448,341,5.74,0,169411,43,Desenho,Feliz,1611,Exposicao_Face
169428,17,446,327,5.71,0,169428,43,Desenho,Feliz,1628,Exposicao_Face
169445,17,447,329,5.63,0,169445,43,Desenho,Feliz,1645,Exposicao_Face
169461,17,447,325,5.65,0,169461,43,Desenho,Feliz,1661,Exposicao_Face
169478,17,450,311,5.61,0,169478,43,Desenho,Feliz,1678,Exposicao_Face
169495,17,441,330,5.74,0,169495,43,Desenho,Feliz,1695,Exposicao_Face
169511,17,451,337,5.76,0,169511,43,Desenho,Feliz,1711,Exposicao_Face
169528,17,447,326,5.74,0,169528,43,Desenho,Feliz,1728,Exposicao_Face
169544,17,454,334,5.71,0,169544,43,Desenho,Feliz,1744,Exposicao_Face
169561,17,446,330,5.71,0,169561,43,Desenho,Feliz,1761,Exposicao_Face
169578,17,449,352,5.78,0,169578,43,Desenho,Feliz,1778,Exposicao_Face
169594,17,455,324,5.65,0,169594,43,Desenho,Feliz,1794,Exposicao_Face
169611,17,440,325,5.65,0,169611,43,Desenho,Feliz,1811,Exposicao_Face
169628,17,455,327,5.63,0,169628,43,Desenho,Feliz,1828,Exposicao_Face
169644,17,445,323,5.71,0,169644,43,Desenho,Feliz,1844,Exposicao_Face
169661,17,446,328,5.65,0,169661,43,Desenho,Feliz,1861,Exposicao_Face
169678,17,454,339,5.66,0,169678,43,Desenho,Feliz,1878,Exposicao_Face
169694,17,447,329,5.61,0,169694,43,Desenho,Feliz,1894,Exposicao_Face
169711,17,457,328,5.6,0,169711,43,Desenho,Feliz,1911,Exposicao_Face
169727,17,455,341,5.73,0,169727,43,Desenho,Feliz,1927,Exposicao_Face
169744,17,452,342,5.68,0,169744,43,Desenho,Feliz,1944,Exposicao_Face
169761,17,448,336,5.71,0,169761,43,Desenho,Feliz,1961,Exposicao_Face
169777,17,456,332,5.66,0,169777,43,Desenho,Feliz,1977,Exposicao_Face
169794,17,457,333,5.76,0,169794,43,Desenho,Feliz,1994,Exposicao_Face
169811,17,444,336,5.6,0,169811,43,Desenho,Feliz,2011,Exposicao_Face
169827,17,457,320,5.61,0,169827,43,Desenho,Feliz,2027,Exposicao_Face
169844,17,449,336,5.68,0,169844,43,Desenho,Feliz,2044,Exposicao_Face
169860,17,444,325,5.61,0,169860,43,Desenho,Feliz,2060,Exposicao_Face
169877,17,452,318,5.63,0,169877,43,Desenho,Feliz,2077,Exposicao_Face
169894,17,447,341,5.69,0,169894,43,Desenho,Feliz,2094,Exposicao_Face
169910,17,447,350,5.79,0,169910,43,Desenho,Feliz,2110,Exposicao_Face
169927,17,443,335,5.66,0,169927,43,Desenho,Feliz,2127,Exposicao_Face
169944,17,449,337,5.71,0,169944,43,Desenho,Feliz,2144,Exposicao_Face
169960,17,446,351,5.69,0,169960,43,Desenho,Feliz,2160,Exposicao_Face
169977,17,453,340,5.66,0,169977,43,Desenho,Feliz,2177,Exposicao_Face
169994,17,446,325,5.73,0,169994,43,Desenho,Feliz,2194,Exposicao_Face
170010,17,450,340,5.76,0,170010,43,Desenho,Feliz,2210,Exposicao_Face
170027,17,448,343,5.79,0,170027,43,Desenho,Feliz,2227,Exposicao_Face
170043,17,448,332,5.71,0,170043,43,Desenho,Feliz,2243,Exposicao_Face
170060,17,437,344,5.86,0,170060,43,Desenho,Feliz,2260,Exposicao_Face
170077,17,443,345,5.84,0,170077,43,Desenho,Feliz,2277,Exposicao_Face
170093,17,448,322,5.66,0,170093,43,Desenho,Feliz,2293,Exposicao_Face
170110,17,443,342,5.79,0,170110,43,Desenho,Feliz,2310,Exposicao_Face
170127,17,444,335,5.78,0,170127,43,Desenho,Feliz,2327,Exposicao_Face
170143,17,445,342,5.79,0,170143,43,Desenho,Feliz,2343,Exposicao_Face
170160,17,441,351,5.87,0,170160,43,Desenho,Feliz,2360,Exposicao_Face
170177,17,450,370,5.82,0,170177,43,Desenho,Feliz,2377,Exposicao_Face
170193,17,490,408,5.74,0,170193,43,Desenho,Feliz,2393,Exposicao_Face
170210,17,483,473,5.9,0,170210,43,Desenho,Feliz,2410,Exposicao_Face
170226,17,484,457,5.84,0,170226,43,Desenho,Feliz,2426,Exposicao_Face
170243,17,486,453,5.81,0,170243,43,Desenho,Feliz,2443,Exposicao_Face
170260,17,493,453,5.82,0,170260,43,Desenho,Feliz,2460,Exposicao_Face
170276,17,482,449,5.82,0,170276,43,Desenho,Feliz,2476,Exposicao_Face
170293,17,498,436,5.86,0,170293,43,Desenho,Feliz,2493,Exposicao_Face
170310,17,479,454,5.86,0,170310,43,Desenho,Feliz,2510,Exposicao_Face
170326,17,477,455,5.82,0,170326,43,Desenho,Feliz,2526,Exposicao_Face
170343,17,477,475,6.02,0,170343,43,Desenho,Feliz,2543,Exposicao_Face
170360,17,480,460,5.92,0,170360,43,Desenho,Feliz,2560,Exposicao_Face
170376,17,481,438,5.87,0,170376,43,Desenho,Feliz,2576,Exposicao_Face
170393,17,484,467,5.9,0,170393,43,Desenho,Feliz,2593,Exposicao_Face
170409,17,478,445,5.92,0,170409,43,Desenho,Feliz,2609,Exposicao_Face
170426,17,480,470,5.92,0,170426,43,Desenho,Feliz,2626,Exposicao_Face
170443,17,475,455,5.92,0,170443,43,Desenho,Feliz,2643,Exposicao_Face
170459,17,471,443,5.86,0,170459,43,Desenho,Feliz,2659,Exposicao_Face
170476,17,479,451,5.9,0,170476,43,Desenho,Feliz,2676,Exposicao_Face
170493,17,488,450,5.89,0,170493,43,Desenho,Feliz,2693,Exposicao_Face
170509,17,487,482,5.97,0,170509,43,Desenho,Feliz,2709,Exposicao_Face
170526,17,475,462,5.84,0,170526,43,Desenho,Feliz,2726,Exposicao_Face
170543,17,480,448,5.81,0,170543,43,Desenho,Feliz,2743,Exposicao_Face
170559,17,475,457,5.87,0,170559,43,Desenho,Feliz,2759,Exposicao_Face
170576,17,488,454,5.87,0,170576,43,Desenho,Feliz,2776,Exposicao_Face
170592,17,486,470,5.95,0,170592,43,Desenho,Feliz,2792,Exposicao_Face
170609,17,439,453,5.9,0,170609,43,Desenho,Feliz,2809,Exposicao_Face
170626,17,364,471,5.94,0,170626,43,Desenho,Feliz,2826,Exposicao_Face
170642,17,354,455,5.79,0,170642,43,Desenho,Feliz,2842,Exposicao_Face
170659,17,335,452,5.78,0,170659,43,Desenho,Feliz,2859,Exposicao_Face
170676,17,361,463,5.81,0,170676,43,Desenho,Feliz,2876,Exposicao_Face
170692,17,352,458,5.86,0,170692,43,Desenho,Feliz,2892,Exposicao_Face
170709,17,350,486,5.94,0,170709,43,Desenho,Feliz,2909,Exposicao_Face
170726,17,365,453,5.81,0,170726,43,Desenho,Feliz,2926,Exposicao_Face
170742,17,351,463,5.81,0,170742,43,Desenho,Feliz,2942,Exposicao_Face
170759,17,352,463,5.81,0,170759,43,Desenho,Feliz,2959,Exposicao_Face
170775,17,356,467,5.89,0,170775,43,Desenho,Feliz,2975,Exposicao_Face
170792,17,336,474,5.89,0,170792,43,Desenho,Feliz,2992,Exposicao_Face
170809,17,369,466,5.89,0,170809,43,Desenho,Feliz,3009,Exposicao_Face
170825,17,342,470,5.97,0,170825,43,Desenho,Feliz,3025,Exposicao_Face
170842,17,357,457,5.86,0,170842,43,Desenho,Feliz,3042,Exposicao_Face
170859,17,419,468,6.02,0,170859,43,Desenho,Feliz,3059,Exposicao_Face
170875,17,499,481,5.9,0,170875,43,Desenho,Feliz,3075,Exposicao_Face
170892,17,502,483,5.95,0,170892,43,Desenho,Feliz,3092,Exposicao_Face
170908,17,515,478,5.81,0,170908,43,Desenho,Feliz,3108,Exposicao_Face
170925,17,509,478,5.89,0,170925,43,Desenho,Feliz,3125,Exposicao_Face
170942,17,512,456,5.86,0,170942,43,Desenho,Feliz,3142,Exposicao_Face
170958,17,506,457,5.89,0,170958,43,Desenho,Feliz,3158,Exposicao_Face
170975,17,513,487,5.9,0,170975,43,Desenho,Feliz,3175,Exposicao_Face
170992,17,519,462,5.78,0,170992,43,Desenho,Feliz,3192,Exposicao_Face
171008,17,508,443,5.82,0,171008,43,Desenho,Feliz,3208,Exposicao_Face
171025,17,514,494,5.82,0,171025,43,Desenho,Feliz,3225,Exposicao_Face
171042,17,502,471,5.79,0,171042,43,Desenho,Feliz,3242,Exposicao_Face
171058,17,514,460,5.78,0,171058,43,Desenho,Feliz,3258,Exposicao_Face
171075,17,508,462,5.78,0,171075,43,Desenho,Feliz,3275,Exposicao_Face
171091,17,505,475,5.82,0,171091,43,Desenho,Feliz,3291,Exposicao_Face
171108,17,502,477,5.81,0,171108,43,Desenho,Feliz,3308,Exposicao_Face
171125,17,505,469,5.84,0,171125,43,Desenho,Feliz,3325,Exposicao_Face
171141,17,504,494,5.89,0,171141,43,Desenho,Feliz,3341,Exposicao_Face
171158,17,511,467,5.81,0,171158,43,Desenho,Feliz,3358,Exposicao_Face
171175,17,507,496,5.81,0,171175,43,Desenho,Feliz,3375,Exposicao_Face
171191,17,505,475,5.79,0,171191,43,Desenho,Feliz,3391,Exposicao_Face
171208,17,508,494,5.9,0,171208,43,Desenho,Feliz,3408,Exposicao_Face
171225,17,506,469,5.86,0,171225,43,Desenho,Feliz,3425,Exposicao_Face
171241,17,498,479,5.89,0,171241,43,Desenho,Feliz,3441,Exposicao_Face
171258,17,503,467,5.82,0,171258,43,Desenho,Feliz,3458,Exposicao_Face
171274,17,505,476,5.84,0,171274,43,Desenho,Feliz,3474,Exposicao_Face
171291,17,501,448,5.74,0,171291,43,Desenho,Feliz,3491,Exposicao_Face
171308,17,494,452,5.76,0,171308,43,Desenho,Feliz,3508,Exposicao_Face
171324,17,505,470,5.86,0,171324,43,Desenho,Feliz,3524,Exposicao_Face
171341,17,506,492,5.82,0,171341,43,Desenho,Feliz,3541,Exposicao_Face
171358,17,513,512,5.87,0,171358,43,Desenho,Feliz,3558,Exposicao_Face
171374,17,573,555,5.82,0,171374,43,Desenho,Feliz,3574,Exposicao_Face
171391,17,575,687,5.82,0,171391,43,Desenho,Feliz,3591,Exposicao_Face
171408,17,602,692,5.84,0,171408,43,Desenho,Feliz,3608,Exposicao_Face
171424,17,586,687,5.86,0,171424,43,Desenho,Feliz,3624,Exposicao_Face
171441,17,598,700,5.92,0,171441,43,Desenho,Feliz,3641,Exposicao_Face
171457,17,599,682,5.9,0,171457,43,Desenho,Feliz,3657,Exposicao_Face
171474,17,596,660,5.84,0,171474,43,Desenho,Feliz,3674,Exposicao_Face
171491,17,599,687,5.82,0,171491,43,Desenho,Feliz,3691,Exposicao_Face
171507,17,597,688,5.84,0,171507,43,Desenho,Feliz,3707,Exposicao_Face
171524,17,601,695,5.95,0,171524,43,Desenho,Feliz,3724,Exposicao_Face
171541,17,588,687,6.0,0,171541,43,Desenho,Feliz,3741,Exposicao_Face
171557,17,594,681,5.87,0,171557,43,Desenho,Feliz,3757,Exposicao_Face
171574,17,741,708,5.9,0,171574,43,Desenho,Feliz,3774,Exposicao_Face
171591,17,602,687,5.84,0,171591,43,Desenho,Feliz,3791,Exposicao_Face
171607,17,599,687,5.94,0,171607,43,Desenho,Feliz,3807,Exposicao_Face
171624,17,591,655,5.9,0,171624,43,Desenho,Feliz,3824,Exposicao_Face
171640,17,602,673,5.87,0,171640,43,Desenho,Feliz,3840,Exposicao_Face
171657,17,435,688,5.92,0,171657,43,Desenho,Feliz,3857,Exposicao_Face
171674,17,443,836,6.05,0,171674,43,Desenho,Feliz,3874,Exposicao_Face
171690,17,583,687,5.89,0,171690,43,Desenho,Feliz,3890,Exposicao_Face
171707,17,594,686,5.94,0,171707,43,Desenho,Feliz,3907,Exposicao_Face
171724,17,587,690,5.97,0,171724,43,Desenho,Feliz,3924,Exposicao_Face
171740,17,604,713,5.86,0,171740,43,Desenho,Feliz,3940,Exposicao_Face
171757,17,608,677,5.92,0,171757,43,Desenho,Feliz,3957,Exposicao_Face
171774,17,589,693,5.76,0,171774,43,Desenho,Feliz,3974,Exposicao_Face
171790,17,590,686,5.71,0,171790,43,Desenho,Feliz,3990,Exposicao_Face
171807,17,599,682,5.76,0,171807,44,Desenho,Neutro,7,Janela_Baseline
171823,17,605,674,5.68,0,171823,44,Desenho,Neutro,23,Janela_Baseline
171840,17,569,601,5.66,0,171840,44,Desenho,Neutro,40,Janela_Baseline
171857,17,558,502,5.61,0,171857,44,Desenho,Neutro,57,Janela_Baseline
171873,17,561,492,5.6,0,171873,44,Desenho,Neutro,73,Janela_Baseline
171890,17,550,506,5.65,0,171890,44,Desenho,Neutro,90,Janela_Baseline
171907,17,556,452,5.5,0,171907,44,Desenho,Neutro,107,Janela_Baseline
171923,17,566,470,5.53,0,171923,44,Desenho,Neutro,123,Janela_Baseline
171940,17,570,480,5.61,0,171940,44,Desenho,Neutro,140,Janela_Baseline
171957,17,563,493,5.63,0,171957,44,Desenho,Neutro,157,Janela_Baseline
171973,17,562,501,5.58,0,171973,44,Desenho,Neutro,173,Janela_Baseline
171990,17,557,505,5.63,0,171990,44,Desenho,Neutro,190,Janela_Baseline
172006,17,561,481,5.63,0,172006,44,Desenho,Neutro,206,Janela_Baseline
172023,17,567,488,5.65,0,172023,44,Desenho,Neutro,223,Janela_Baseline
172040,17,563,510,5.6,0,172040,44,Desenho,Neutro,240,Janela_Baseline
172056,17,562,496,5.63,0,172056,44,Desenho,Neutro,256,Janela_Baseline
172073,17,564,473,5.57,0,172073,44,Desenho,Neutro,273,Janela_Baseline
172090,17,561,488,5.52,0,172090,44,Desenho,Neutro,290,Janela_Baseline
172106,17,561,503,5.61,0,172106,44,Desenho,Neutro,306,Janela_Baseline
172123,17,558,486,5.61,0,172123,44,Desenho,Neutro,323,Janela_Baseline
172139,17,562,469,5.52,0,172139,44,Desenho,Neutro,339,Janela_Baseline
172156,17,558,489,5.58,0,172156,44,Desenho,Neutro,356,Janela_Baseline
172173,17,557,474,5.66,0,172173,44,Desenho,Neutro,373,Janela_Baseline
172189,17,559,485,5.61,0,172189,44,Desenho,Neutro,389,Janela_Baseline
172206,17,584,510,5.63,0,172206,44,Desenho,Neutro,406,Janela_Baseline
172223,17,678,500,5.66,0,172223,44,Desenho,Neutro,423,Janela_Baseline
172239,17,727,491,5.58,0,172239,44,Desenho,Neutro,439,Janela_Baseline
172256,17,733,489,5.71,0,172256,44,Desenho,Neutro,456,Janela_Baseline
172273,17,750,501,5.66,0,172273,44,Desenho,Neutro,473,Janela_Baseline
172289,17,743,488,5.63,0,172289,44,Desenho,Neutro,489,Janela_Baseline
172306,17,733,502,5.65,0,172306,44,Desenho,Neutro,506,Janela_Baseline
172322,17,733,492,5.69,0,172322,44,Desenho,Neutro,522,Janela_Baseline
172339,17,738,521,5.76,0,172339,44,Desenho,Neutro,539,Janela_Baseline
172356,17,731,507,5.74,0,172356,44,Desenho,Neutro,556,Janela_Baseline
172372,17,736,497,5.79,0,172372,44,Desenho,Neutro,572,Janela_Baseline
172389,17,726,518,5.82,0,172389,44,Desenho,Neutro,589,Janela_Baseline
172406,17,726,492,5.73,0,172406,44,Desenho,Neutro,606,Janela_Baseline
172422,17,739,512,5.81,0,172422,44,Desenho,Neutro,622,Janela_Baseline
172439,17,734,506,5.84,0,172439,44,Desenho,Neutro,639,Janela_Baseline
172456,17,726,487,5.78,0,172456,44,Desenho,Neutro,656,Janela_Baseline
172472,17,731,501,5.86,0,172472,44,Desenho,Neutro,672,Janela_Baseline
172489,17,735,497,5.71,0,172489,44,Desenho,Neutro,689,Janela_Baseline
172505,17,738,508,5.79,0,172505,44,Desenho,Neutro,705,Janela_Baseline
172522,17,748,473,5.81,0,172522,44,Desenho,Neutro,722,Janela_Baseline
172539,17,738,468,5.82,0,172539,44,Desenho,Neutro,739,Janela_Baseline
172555,17,715,511,5.9,0,172555,44,Desenho,Neutro,755,Janela_Baseline
172572,17,732,506,5.9,0,172572,44,Desenho,Neutro,772,Janela_Baseline
172589,17,723,525,5.95,0,172589,44,Desenho,Neutro,789,Janela_Baseline
172605,17,731,491,5.84,0,172605,44,Desenho,Neutro,805,Janela_Baseline
172622,17,734,513,5.9,0,172622,44,Desenho,Neutro,822,Janela_Baseline
172639,17,732,502,5.86,0,172639,44,Desenho,Neutro,839,Janela_Baseline
172655,17,735,504,5.87,0,172655,44,Desenho,Neutro,855,Janela_Baseline
172672,17,725,509,5.9,0,172672,44,Desenho,Neutro,872,Janela_Baseline
172688,17,721,471,5.86,0,172688,44,Desenho,Neutro,888,Janela_Baseline
172705,17,721,503,5.97,0,172705,44,Desenho,Neutro,905,Janela_Baseline
172722,17,743,482,5.92,0,172722,44,Desenho,Neutro,922,Janela_Baseline
172738,17,729,501,5.9,0,172738,44,Desenho,Neutro,938,Janela_Baseline
172755,17,733,496,5.92,0,172755,44,Desenho,Neutro,955,Janela_Baseline
172772,17,731,486,5.84,0,172772,44,Desenho,Neutro,972,Janela_Baseline
172788,17,737,488,5.89,0,172788,44,Desenho,Neutro,988,Janela_Baseline
172805,17,721,499,5.84,0,172805,44,Desenho,Neutro,1005,Janela_Baseline
172822,17,723,471,5.82,0,172822,44,Desenho,Neutro,1022,Janela_Baseline
172838,17,733,492,5.92,0,172838,44,Desenho,Neutro,1038,Janela_Baseline
172855,17,725,507,5.81,0,172855,44,Desenho,Neutro,1055,Janela_Baseline
172871,17,728,489,5.9,0,172871,44,Desenho,Neutro,1071,Janela_Baseline
172888,17,721,501,5.87,0,172888,44,Desenho,Neutro,1088,Janela_Baseline
172905,17,730,490,5.97,0,172905,44,Desenho,Neutro,1105,Janela_Baseline
172921,17,715,493,5.95,0,172921,44,Desenho,Neutro,1121,Janela_Baseline
172938,17,727,501,5.9,0,172938,44,Desenho,Neutro,1138,Janela_Baseline
172955,17,748,494,5.92,0,172955,44,Desenho,Neutro,1155,Janela_Baseline
172971,17,717,496,5.92,0,172971,44,Desenho,Neutro,1171,Janela_Baseline
172988,17,721,479,5.98,0,172988,44,Desenho,Neutro,1188,Janela_Baseline
173005,17,722,508,5.92,0,173005,44,Desenho,Neutro,1205,Janela_Baseline
173021,17,679,469,6.02,0,173021,44,Desenho,Neutro,1221,Janela_Baseline
173038,17,711,482,5.95,0,173038,44,Desenho,Neutro,1238,Janela_Baseline
173054,17,703,472,5.98,0,173054,44,Desenho,Neutro,1254,Janela_Baseline
173071,17,686,479,6.0,0,173071,44,Desenho,Neutro,1271,Janela_Baseline
173088,17,688,457,6.05,0,173088,44,Desenho,Neutro,1288,Janela_Baseline
173104,17,684,472,6.08,0,173104,44,Desenho,Neutro,1304,Exposicao_Face
173121,17,700,469,6.06,0,173121,44,Desenho,Neutro,1321,Exposicao_Face
173138,17,689,478,6.02,0,173138,44,Desenho,Neutro,1338,Exposicao_Face
173154,17,696,449,6.03,0,173154,44,Desenho,Neutro,1354,Exposicao_Face
173171,17,686,467,6.0,0,173171,44,Desenho,Neutro,1371,Exposicao_Face
173187,17,684,457,6.06,0,173187,44,Desenho,Neutro,1387,Exposicao_Face
173204,17,699,488,6.13,0,173204,44,Desenho,Neutro,1404,Exposicao_Face
173221,17,688,442,6.03,0,173221,44,Desenho,Neutro,1421,Exposicao_Face
173237,17,702,443,6.02,0,173237,44,Desenho,Neutro,1437,Exposicao_Face
173254,17,708,453,5.97,0,173254,44,Desenho,Neutro,1454,Exposicao_Face
173271,17,679,430,6.0,0,173271,44,Desenho,Neutro,1471,Exposicao_Face
173287,17,700,468,6.06,0,173287,44,Desenho,Neutro,1487,Exposicao_Face
173304,17,685,437,6.1,0,173304,44,Desenho,Neutro,1504,Exposicao_Face
173321,17,688,452,6.13,0,173321,44,Desenho,Neutro,1521,Exposicao_Face
173337,17,683,462,6.08,0,173337,44,Desenho,Neutro,1537,Exposicao_Face
173354,17,682,452,6.16,0,173354,44,Desenho,Neutro,1554,Exposicao_Face
173370,17,685,466,6.1,0,173370,44,Desenho,Neutro,1570,Exposicao_Face
173387,17,689,451,6.08,0,173387,44,Desenho,Neutro,1587,Exposicao_Face
173404,17,685,458,5.95,0,173404,44,Desenho,Neutro,1604,Exposicao_Face
173420,17,687,465,6.14,0,173420,44,Desenho,Neutro,1620,Exposicao_Face
173437,17,700,435,6.1,0,173437,44,Desenho,Neutro,1637,Exposicao_Face
173454,17,679,452,6.18,0,173454,44,Desenho,Neutro,1654,Exposicao_Face
173470,17,689,454,6.16,0,173470,44,Desenho,Neutro,1670,Exposicao_Face
173487,17,696,454,6.05,0,173487,44,Desenho,Neutro,1687,Exposicao_Face
173504,17,698,461,6.21,0,173504,44,Desenho,Neutro,1704,Exposicao_Face
173520,17,708,448,6.18,0,173520,44,Desenho,Neutro,1720,Exposicao_Face
173537,17,687,445,6.13,0,173537,44,Desenho,Neutro,1737,Exposicao_Face
173553,17,711,432,6.1,0,173553,44,Desenho,Neutro,1753,Exposicao_Face
173570,17,683,445,6.1,0,173570,44,Desenho,Neutro,1770,Exposicao_Face
173587,17,582,445,6.19,0,173587,44,Desenho,Neutro,1787,Exposicao_Face
173603,17,542,426,6.16,0,173603,44,Desenho,Neutro,1803,Exposicao_Face
173620,17,543,430,6.16,0,173620,44,Desenho,Neutro,1820,Exposicao_Face
173637,17,532,415,6.13,0,173637,44,Desenho,Neutro,1837,Exposicao_Face
173653,17,529,416,6.05,0,173653,44,Desenho,Neutro,1853,Exposicao_Face
173670,17,536,417,6.11,0,173670,44,Desenho,Neutro,1870,Exposicao_Face
173687,17,543,428,6.05,0,173687,44,Desenho,Neutro,1887,Exposicao_Face
173703,17,541,416,6.06,0,173703,44,Desenho,Neutro,1903,Exposicao_Face
173720,17,543,426,6.22,0,173720,44,Desenho,Neutro,1920,Exposicao_Face
173736,17,543,423,6.13,0,173736,44,Desenho,Neutro,1936,Exposicao_Face
173753,17,540,437,6.19,0,173753,44,Desenho,Neutro,1953,Exposicao_Face
173770,17,535,460,6.24,0,173770,44,Desenho,Neutro,1970,Exposicao_Face
173786,17,537,426,6.1,0,173786,44,Desenho,Neutro,1986,Exposicao_Face
173803,17,552,428,6.1,0,173803,44,Desenho,Neutro,2003,Exposicao_Face
173820,17,536,446,6.18,0,173820,44,Desenho,Neutro,2020,Exposicao_Face
173836,17,547,444,6.14,0,173836,44,Desenho,Neutro,2036,Exposicao_Face
173853,17,543,436,6.19,0,173853,44,Desenho,Neutro,2053,Exposicao_Face
173870,17,546,434,6.18,0,173870,44,Desenho,Neutro,2070,Exposicao_Face
173886,17,530,442,6.24,0,173886,44,Desenho,Neutro,2086,Exposicao_Face
173903,17,542,457,6.13,0,173903,44,Desenho,Neutro,2103,Exposicao_Face
173919,17,543,462,6.13,0,173919,44,Desenho,Neutro,2119,Exposicao_Face
173936,17,540,451,6.22,0,173936,44,Desenho,Neutro,2136,Exposicao_Face
173953,17,542,422,6.14,0,173953,44,Desenho,Neutro,2153,Exposicao_Face
173969,17,541,441,6.03,0,173969,44,Desenho,Neutro,2169,Exposicao_Face
173986,17,539,432,6.14,0,173986,44,Desenho,Neutro,2186,Exposicao_Face
174003,17,534,455,6.13,0,174003,44,Desenho,Neutro,2203,Exposicao_Face
174019,17,544,430,6.06,0,174019,44,Desenho,Neutro,2219,Exposicao_Face
174036,17,537,438,6.11,0,174036,44,Desenho,Neutro,2236,Exposicao_Face
174053,17,544,439,6.0,0,174053,44,Desenho,Neutro,2253,Exposicao_Face
174069,17,515,472,6.02,0,174069,44,Desenho,Neutro,2269,Exposicao_Face
174086,17,522,509,6.06,0,174086,44,Desenho,Neutro,2286,Exposicao_Face
174102,17,524,496,6.06,0,174102,44,Desenho,Neutro,2302,Exposicao_Face
174119,17,524,530,6.03,0,174119,44,Desenho,Neutro,2319,Exposicao_Face
174136,17,522,531,6.13,0,174136,44,Desenho,Neutro,2336,Exposicao_Face
174152,17,521,518,6.13,0,174152,44,Desenho,Neutro,2352,Exposicao_Face
174169,17,522,524,6.08,0,174169,44,Desenho,Neutro,2369,Exposicao_Face
174186,17,522,493,6.03,0,174186,44,Desenho,Neutro,2386,Exposicao_Face
174202,17,521,500,6.08,0,174202,44,Desenho,Neutro,2402,Exposicao_Face
174219,17,524,514,5.98,0,174219,44,Desenho,Neutro,2419,Exposicao_Face
174236,17,521,492,6.05,0,174236,44,Desenho,Neutro,2436,Exposicao_Face
174252,17,509,499,6.06,0,174252,44,Desenho,Neutro,2452,Exposicao_Face
174269,17,513,523,6.11,0,174269,44,Desenho,Neutro,2469,Exposicao_Face
174285,17,519,512,6.06,0,174285,44,Desenho,Neutro,2485,Exposicao_Face
174302,17,510,516,6.08,0,174302,44,Desenho,Neutro,2502,Exposicao_Face
174319,17,511,525,6.11,0,174319,44,Desenho,Neutro,2519,Exposicao_Face
174335,17,520,502,6.11,0,174335,44,Desenho,Neutro,2535,Exposicao_Face
174352,17,512,507,6.06,0,174352,44,Desenho,Neutro,2552,Exposicao_Face
174369,17,522,521,6.11,0,174369,44,Desenho,Neutro,2569,Exposicao_Face
174385,17,520,525,6.16,0,174385,44,Desenho,Neutro,2585,Exposicao_Face
174402,17,509,511,6.08,0,174402,44,Desenho,Neutro,2602,Exposicao_Face
174418,17,519,515,6.06,0,174418,44,Desenho,Neutro,2618,Exposicao_Face
174435,17,510,511,6.11,0,174435,44,Desenho,Neutro,2635,Exposicao_Face
174452,17,506,504,5.97,0,174452,44,Desenho,Neutro,2652,Exposicao_Face
174468,17,519,502,5.98,0,174468,44,Desenho,Neutro,2668,Exposicao_Face
174485,17,515,519,6.06,0,174485,44,Desenho,Neutro,2685,Exposicao_Face
174502,17,530,517,6.1,0,174502,44,Desenho,Neutro,2702,Exposicao_Face
174518,17,520,524,6.05,0,174518,44,Desenho,Neutro,2718,Exposicao_Face
174535,17,519,508,6.13,0,174535,44,Desenho,Neutro,2735,Exposicao_Face
174552,17,515,509,6.08,0,174552,44,Desenho,Neutro,2752,Exposicao_Face
174568,17,501,494,6.06,0,174568,44,Desenho,Neutro,2768,Exposicao_Face
174585,17,503,484,6.11,0,174585,44,Desenho,Neutro,2785,Exposicao_Face
174601,17,510,481,6.0,0,174601,44,Desenho,Neutro,2801,Exposicao_Face
174618,17,498,488,5.98,0,174618,44,Desenho,Neutro,2818,Exposicao_Face
174635,17,506,494,6.05,0,174635,44,Desenho,Neutro,2835,Exposicao_Face
174651,17,512,499,6.06,0,174651,44,Desenho,Neutro,2851,Exposicao_Face
174668,17,501,483,6.06,0,174668,44,Desenho,Neutro,2868,Exposicao_Face
174685,17,508,502,6.06,0,174685,44,Desenho,Neutro,2885,Exposicao_Face
174701,17,508,495,6.08,0,174701,44,Desenho,Neutro,2901,Exposicao_Face
174718,17,507,520,6.1,0,174718,44,Desenho,Neutro,2918,Exposicao_Face
174735,17,511,499,6.13,0,174735,44,Desenho,Neutro,2935,Exposicao_Face
174751,17,504,496,6.1,0,174751,44,Desenho,Neutro,2951,Exposicao_Face
174768,17,516,510,6.11,0,174768,44,Desenho,Neutro,2968,Exposicao_Face
174784,17,494,496,6.05,0,174784,44,Desenho,Neutro,2984,Exposicao_Face
174801,17,508,490,6.08,0,174801,44,Desenho,Neutro,3001,Exposicao_Face
174818,17,505,478,6.13,0,174818,44,Desenho,Neutro,3018,Exposicao_Face
174834,17,504,499,6.14,0,174834,44,Desenho,Neutro,3034,Exposicao_Face
174851,17,505,475,6.06,0,174851,44,Desenho,Neutro,3051,Exposicao_Face
174868,17,503,503,6.16,0,174868,44,Desenho,Neutro,3068,Exposicao_Face
174884,17,506,490,6.18,0,174884,44,Desenho,Neutro,3084,Exposicao_Face
174901,17,502,482,6.14,0,174901,44,Desenho,Neutro,3101,Exposicao_Face
174918,17,505,480,6.1,0,174918,44,Desenho,Neutro,3118,Exposicao_Face
174934,17,489,487,6.18,0,174934,44,Desenho,Neutro,3134,Exposicao_Face
174951,17,510,481,6.19,0,174951,44,Desenho,Neutro,3151,Exposicao_Face
174967,17,503,488,6.11,0,174967,44,Desenho,Neutro,3167,Exposicao_Face
174984,17,503,494,6.21,0,174984,44,Desenho,Neutro,3184,Exposicao_Face
175001,17,517,491,6.18,0,175001,44,Desenho,Neutro,3201,Exposicao_Face
175017,17,512,491,6.18,0,175017,44,Desenho,Neutro,3217,Exposicao_Face
175034,17,507,474,6.05,0,175034,44,Desenho,Neutro,3234,Exposicao_Face
175051,17,518,493,6.18,0,175051,44,Desenho,Neutro,3251,Exposicao_Face
175067,17,539,504,6.16,0,175067,44,Desenho,Neutro,3267,Exposicao_Face
175084,17,555,512,6.16,0,175084,44,Desenho,Neutro,3284,Exposicao_Face
175101,17,540,508,6.11,0,175101,44,Desenho,Neutro,3301,Exposicao_Face
175117,17,569,547,6.18,0,175117,44,Desenho,Neutro,3317,Exposicao_Face
175134,17,567,549,6.11,0,175134,44,Desenho,Neutro,3334,Exposicao_Face
175150,17,580,520,6.14,0,175150,44,Desenho,Neutro,3350,Exposicao_Face
175167,17,575,602,6.16,0,175167,44,Desenho,Neutro,3367,Exposicao_Face
175184,17,577,612,6.14,0,175184,44,Desenho,Neutro,3384,Exposicao_Face
175200,17,577,592,6.1,0,175200,44,Desenho,Neutro,3400,Exposicao_Face
175217,17,579,580,6.1,0,175217,44,Desenho,Neutro,3417,Exposicao_Face
175234,17,581,613,6.13,0,175234,44,Desenho,Neutro,3434,Exposicao_Face
175250,17,581,584,6.05,0,175250,44,Desenho,Neutro,3450,Exposicao_Face
175267,17,582,594,6.05,0,175267,44,Desenho,Neutro,3467,Exposicao_Face
175284,17,592,601,6.14,0,175284,44,Desenho,Neutro,3484,Exposicao_Face
175300,17,592,597,6.05,0,175300,44,Desenho,Neutro,3500,Exposicao_Face
175317,17,653,705,6.08,0,175317,44,Desenho,Neutro,3517,Exposicao_Face
175333,17,643,861,6.03,0,175333,44,Desenho,Neutro,3533,Exposicao_Face
175350,17,617,964,6.11,0,175350,44,Desenho,Neutro,3550,Exposicao_Face
175383,33,729,970,6.08,0,175383,44,Desenho,Neutro,3583,Exposicao_Face
175400,17,598,976,6.05,0,175400,44,Desenho,Neutro,3600,Exposicao_Face
175417,17,633,990,6.14,0,175417,44,Desenho,Neutro,3617,Exposicao_Face
175433,17,622,984,6.08,0,175433,44,Desenho,Neutro,3633,Exposicao_Face
175450,17,628,947,6.16,0,175450,44,Desenho,Neutro,3650,Exposicao_Face
175466,17,620,976,6.21,0,175466,44,Desenho,Neutro,3666,Exposicao_Face
175483,17,612,993,6.16,0,175483,44,Desenho,Neutro,3683,Exposicao_Face
175500,17,627,982,6.14,0,175500,44,Desenho,Neutro,3700,Exposicao_Face
175516,17,621,958,6.13,0,175516,44,Desenho,Neutro,3716,Exposicao_Face
175533,17,615,971,6.18,0,175533,44,Desenho,Neutro,3733,Exposicao_Face
175550,17,629,953,6.13,0,175550,44,Desenho,Neutro,3750,Exposicao_Face
175566,17,627,970,6.06,0,175566,44,Desenho,Neutro,3766,Exposicao_Face
175583,17,615,957,6.24,0,175583,44,Desenho,Neutro,3783,Exposicao_Face
175600,17,618,967,6.16,0,175600,44,Desenho,Neutro,3800,Exposicao_Face
175616,17,620,965,6.08,0,175616,44,Desenho,Neutro,3816,Exposicao_Face
175633,17,614,965,6.18,0,175633,44,Desenho,Neutro,3833,Exposicao_Face
175649,17,613,961,6.14,0,175649,44,Desenho,Neutro,3849,Exposicao_Face
175666,17,618,965,6.27,0,175666,44,Desenho,Neutro,3866,Exposicao_Face
175683,17,630,952,6.02,0,175683,44,Desenho,Neutro,3883,Exposicao_Face
175699,17,622,958,6.19,0,175699,44,Desenho,Neutro,3899,Exposicao_Face
175716,17,614,952,6.14,0,175716,44,Desenho,Neutro,3916,Exposicao_Face
175733,17,612,961,6.3,0,175733,44,Desenho,Neutro,3933,Exposicao_Face
175749,17,609,973,6.11,0,175749,44,Desenho,Neutro,3949,Exposicao_Face
175766,17,619,953,6.19,0,175766,44,Desenho,Neutro,3966,Exposicao_Face
175783,17,614,949,6.18,0,175783,44,Desenho,Neutro,3983,Exposicao_Face
175799,17,624,953,6.1,0,175799,44,Desenho,Neutro,3999,Exposicao_Face
175816,17,617,949,6.16,0,175816,45,Desenho,Raiva,16,Janela_Baseline
175832,17,623,951,6.14,0,175832,45,Desenho,Raiva,32,Janela_Baseline
175849,17,618,963,6.21,0,175849,45,Desenho,Raiva,49,Janela_Baseline
175866,17,617,954,6.13,0,175866,45,Desenho,Raiva,66,Janela_Baseline
175882,17,606,817,6.11,0,175882,45,Desenho,Raiva,82,Janela_Baseline
175899,17,576,560,6.13,0,175899,45,Desenho,Raiva,99,Janela_Baseline
175916,17,567,491,6.16,0,175916,45,Desenho,Raiva,116,Janela_Baseline
175932,17,560,396,6.11,0,175932,45,Desenho,Raiva,132,Janela_Baseline
175949,17,562,406,6.16,0,175949,45,Desenho,Raiva,149,Janela_Baseline
175966,17,557,382,6.11,0,175966,45,Desenho,Raiva,166,Janela_Baseline
175982,17,562,387,6.14,0,175982,45,Desenho,Raiva,182,Janela_Baseline
175999,17,562,381,6.05,0,175999,45,Desenho,Raiva,199,Janela_Baseline
176015,17,550,404,6.13,0,176015,45,Desenho,Raiva,215,Janela_Baseline
176032,17,562,380,6.14,0,176032,45,Desenho,Raiva,232,Janela_Baseline
176049,17,564,394,6.13,0,176049,45,Desenho,Raiva,249,Janela_Baseline
176065,17,567,391,6.18,0,176065,45,Desenho,Raiva,265,Janela_Baseline
176082,17,561,396,6.11,0,176082,45,Desenho,Raiva,282,Janela_Baseline
176099,17,561,397,6.13,0,176099,45,Desenho,Raiva,299,Janela_Baseline
176115,17,563,372,6.1,0,176115,45,Desenho,Raiva,315,Janela_Baseline
176132,17,563,384,6.18,0,176132,45,Desenho,Raiva,332,Janela_Baseline
176149,17,562,377,6.16,0,176149,45,Desenho,Raiva,349,Janela_Baseline
176165,17,562,389,6.18,0,176165,45,Desenho,Raiva,365,Janela_Baseline
176182,17,564,389,6.16,0,176182,45,Desenho,Raiva,382,Janela_Baseline
176198,17,564,396,6.19,0,176198,45,Desenho,Raiva,398,Janela_Baseline
176215,17,560,387,6.19,0,176215,45,Desenho,Raiva,415,Janela_Baseline
176232,17,563,378,6.16,0,176232,45,Desenho,Raiva,432,Janela_Baseline
176248,17,562,381,6.18,0,176248,45,Desenho,Raiva,448,Janela_Baseline
176265,17,562,393,6.19,0,176265,45,Desenho,Raiva,465,Janela_Baseline
176282,17,561,404,6.22,0,176282,45,Desenho,Raiva,482,Janela_Baseline
176298,17,563,392,6.16,0,176298,45,Desenho,Raiva,498,Janela_Baseline
176315,17,561,371,6.1,0,176315,45,Desenho,Raiva,515,Janela_Baseline
176332,17,564,385,6.16,0,176332,45,Desenho,Raiva,532,Janela_Baseline
176348,17,560,386,6.13,0,176348,45,Desenho,Raiva,548,Janela_Baseline
176365,17,563,400,6.16,0,176365,45,Desenho,Raiva,565,Janela_Baseline
176381,17,563,393,6.14,0,176381,45,Desenho,Raiva,581,Janela_Baseline
176398,17,565,401,6.18,0,176398,45,Desenho,Raiva,598,Janela_Baseline
176415,17,560,385,6.13,0,176415,45,Desenho,Raiva,615,Janela_Baseline
176431,17,560,375,6.16,0,176431,45,Desenho,Raiva,631,Janela_Baseline
176448,17,565,408,6.16,0,176448,45,Desenho,Raiva,648,Janela_Baseline
176465,17,577,407,6.14,0,176465,45,Desenho,Raiva,665,Janela_Baseline
176481,17,606,359,6.14,0,176481,45,Desenho,Raiva,681,Janela_Baseline
176498,17,709,267,6.16,0,176498,45,Desenho,Raiva,698,Janela_Baseline
176515,17,783,223,6.19,0,176515,45,Desenho,Raiva,715,Janela_Baseline
176531,17,780,236,6.19,0,176531,45,Desenho,Raiva,731,Janela_Baseline
176548,17,759,234,6.14,0,176548,45,Desenho,Raiva,748,Janela_Baseline
176564,17,787,228,6.16,0,176564,45,Desenho,Raiva,764,Janela_Baseline
176581,17,793,227,6.16,0,176581,45,Desenho,Raiva,781,Janela_Baseline
176598,17,785,216,6.08,0,176598,45,Desenho,Raiva,798,Janela_Baseline
176614,17,792,229,6.16,0,176614,45,Desenho,Raiva,814,Janela_Baseline
176631,17,786,219,6.1,0,176631,45,Desenho,Raiva,831,Janela_Baseline
176648,17,787,217,6.14,0,176648,45,Desenho,Raiva,848,Janela_Baseline
176664,17,796,216,6.18,0,176664,45,Desenho,Raiva,864,Janela_Baseline
176681,17,762,249,6.21,0,176681,45,Desenho,Raiva,881,Janela_Baseline
176697,17,789,210,6.19,0,176697,45,Desenho,Raiva,897,Janela_Baseline
176714,17,764,196,6.13,0,176714,45,Desenho,Raiva,914,Janela_Baseline
176731,17,789,223,6.16,0,176731,45,Desenho,Raiva,931,Janela_Baseline
176747,17,787,221,6.18,0,176747,45,Desenho,Raiva,947,Janela_Baseline
176764,17,786,224,6.18,0,176764,45,Desenho,Raiva,964,Janela_Baseline
176781,17,767,217,6.03,0,176781,45,Desenho,Raiva,981,Janela_Baseline
176797,17,764,206,6.18,0,176797,45,Desenho,Raiva,997,Janela_Baseline
176814,17,789,218,6.21,0,176814,45,Desenho,Raiva,1014,Janela_Baseline
176831,17,788,202,6.11,0,176831,45,Desenho,Raiva,1031,Janela_Baseline
176847,17,731,224,6.16,0,176847,45,Desenho,Raiva,1047,Janela_Baseline
176864,17,784,207,6.18,0,176864,45,Desenho,Raiva,1064,Janela_Baseline
176880,17,788,217,6.19,0,176880,45,Desenho,Raiva,1080,Janela_Baseline
176897,17,789,209,6.13,0,176897,45,Desenho,Raiva,1097,Janela_Baseline
176914,17,753,224,6.1,0,176914,45,Desenho,Raiva,1114,Janela_Baseline
176930,17,791,213,6.18,0,176930,45,Desenho,Raiva,1130,Janela_Baseline
176947,17,786,207,6.13,0,176947,45,Desenho,Raiva,1147,Janela_Baseline
176964,17,796,195,6.16,0,176964,45,Desenho,Raiva,1164,Janela_Baseline
176980,17,778,203,6.06,0,176980,45,Desenho,Raiva,1180,Janela_Baseline
176997,17,785,218,6.18,0,176997,45,Desenho,Raiva,1197,Janela_Baseline
177014,17,790,213,6.16,0,177014,45,Desenho,Raiva,1214,Janela_Baseline
177030,17,782,215,6.16,0,177030,45,Desenho,Raiva,1230,Janela_Baseline
177047,17,821,182,6.16,0,177047,45,Desenho,Raiva,1247,Janela_Baseline
177063,17,786,212,6.08,0,177063,45,Desenho,Raiva,1263,Janela_Baseline
177080,17,816,220,6.18,0,177080,45,Desenho,Raiva,1280,Janela_Baseline
177097,17,796,211,6.08,0,177097,45,Desenho,Raiva,1297,Janela_Baseline
177113,17,792,214,6.03,0,177113,45,Desenho,Raiva,1313,Exposicao_Face
177130,17,826,199,6.18,0,177130,45,Desenho,Raiva,1330,Exposicao_Face
177147,17,820,197,6.1,0,177147,45,Desenho,Raiva,1347,Exposicao_Face
177163,17,815,205,6.08,0,177163,45,Desenho,Raiva,1363,Exposicao_Face
177180,17,815,181,6.13,0,177180,45,Desenho,Raiva,1380,Exposicao_Face
177197,17,760,199,5.97,0,177197,45,Desenho,Raiva,1397,Exposicao_Face
177213,17,818,178,6.14,0,177213,45,Desenho,Raiva,1413,Exposicao_Face
177230,17,822,167,6.16,0,177230,45,Desenho,Raiva,1430,Exposicao_Face
177246,17,793,189,6.18,0,177246,45,Desenho,Raiva,1446,Exposicao_Face
177263,17,825,181,6.21,0,177263,45,Desenho,Raiva,1463,Exposicao_Face
177280,17,822,209,6.21,0,177280,45,Desenho,Raiva,1480,Exposicao_Face
177296,17,802,172,6.14,0,177296,45,Desenho,Raiva,1496,Exposicao_Face
177313,17,818,188,6.18,0,177313,45,Desenho,Raiva,1513,Exposicao_Face
177330,17,823,177,6.06,0,177330,45,Desenho,Raiva,1530,Exposicao_Face
177346,17,814,207,6.21,0,177346,45,Desenho,Raiva,1546,Exposicao_Face
177363,17,804,176,6.05,0,177363,45,Desenho,Raiva,1563,Exposicao_Face
177380,17,795,201,6.22,0,177380,45,Desenho,Raiva,1580,Exposicao_Face
177396,17,788,181,6.18,0,177396,45,Desenho,Raiva,1596,Exposicao_Face
177413,17,830,196,6.26,0,177413,45,Desenho,Raiva,1613,Exposicao_Face
177429,17,825,191,6.18,0,177429,45,Desenho,Raiva,1629,Exposicao_Face
177446,17,821,193,6.24,0,177446,45,Desenho,Raiva,1646,Exposicao_Face
177463,17,820,199,6.27,0,177463,45,Desenho,Raiva,1663,Exposicao_Face
177479,17,758,215,6.3,0,177479,45,Desenho,Raiva,1679,Exposicao_Face
177496,17,797,177,6.13,0,177496,45,Desenho,Raiva,1696,Exposicao_Face
177513,17,797,197,6.29,0,177513,45,Desenho,Raiva,1713,Exposicao_Face
177529,17,793,202,6.26,0,177529,45,Desenho,Raiva,1729,Exposicao_Face
177546,17,797,206,6.27,0,177546,45,Desenho,Raiva,1746,Exposicao_Face
177563,17,720,187,6.29,0,177563,45,Desenho,Raiva,1763,Exposicao_Face
177579,17,676,189,6.32,0,177579,45,Desenho,Raiva,1779,Exposicao_Face
177596,17,664,197,6.3,0,177596,45,Desenho,Raiva,1796,Exposicao_Face
177612,17,646,201,6.29,0,177612,45,Desenho,Raiva,1812,Exposicao_Face
177629,17,660,214,6.32,0,177629,45,Desenho,Raiva,1829,Exposicao_Face
177646,17,658,199,6.3,0,177646,45,Desenho,Raiva,1846,Exposicao_Face
177662,17,663,211,6.34,0,177662,45,Desenho,Raiva,1862,Exposicao_Face
177679,17,656,181,6.3,0,177679,45,Desenho,Raiva,1879,Exposicao_Face
177696,17,651,205,6.29,0,177696,45,Desenho,Raiva,1896,Exposicao_Face
177712,17,655,198,6.32,0,177712,45,Desenho,Raiva,1912,Exposicao_Face
177729,17,640,223,6.4,0,177729,45,Desenho,Raiva,1929,Exposicao_Face
177745,17,537,319,6.35,0,177745,45,Desenho,Raiva,1945,Exposicao_Face
177762,17,509,393,6.27,0,177762,45,Desenho,Raiva,1962,Exposicao_Face
177779,17,498,378,6.37,0,177779,45,Desenho,Raiva,1979,Exposicao_Face
177795,17,496,399,6.3,0,177795,45,Desenho,Raiva,1995,Exposicao_Face
177812,17,506,396,6.18,0,177812,45,Desenho,Raiva,2012,Exposicao_Face
177829,17,503,389,6.27,0,177829,45,Desenho,Raiva,2029,Exposicao_Face
177845,17,495,395,6.42,0,177845,45,Desenho,Raiva,2045,Exposicao_Face
177862,17,502,401,6.4,0,177862,45,Desenho,Raiva,2062,Exposicao_Face
177879,17,504,408,6.32,0,177879,45,Desenho,Raiva,2079,Exposicao_Face
177895,17,499,392,6.32,0,177895,45,Desenho,Raiva,2095,Exposicao_Face
177912,17,498,379,6.32,0,177912,45,Desenho,Raiva,2112,Exposicao_Face
177928,17,506,385,6.21,0,177928,45,Desenho,Raiva,2128,Exposicao_Face
177945,17,496,397,6.4,0,177945,45,Desenho,Raiva,2145,Exposicao_Face
177962,17,496,406,6.35,0,177962,45,Desenho,Raiva,2162,Exposicao_Face
177978,17,503,380,6.34,0,177978,45,Desenho,Raiva,2178,Exposicao_Face
177995,17,497,379,6.32,0,177995,45,Desenho,Raiva,2195,Exposicao_Face
178012,17,492,422,6.38,0,178012,45,Desenho,Raiva,2212,Exposicao_Face
178028,17,488,388,6.34,0,178028,45,Desenho,Raiva,2228,Exposicao_Face
178045,17,500,407,6.4,0,178045,45,Desenho,Raiva,2245,Exposicao_Face
178062,17,497,392,6.38,0,178062,45,Desenho,Raiva,2262,Exposicao_Face
178078,17,493,389,6.35,0,178078,45,Desenho,Raiva,2278,Exposicao_Face
178095,17,488,397,6.42,0,178095,45,Desenho,Raiva,2295,Exposicao_Face
178111,17,505,386,6.34,0,178111,45,Desenho,Raiva,2311,Exposicao_Face
178128,17,496,402,6.34,0,178128,45,Desenho,Raiva,2328,Exposicao_Face
178145,17,497,404,6.19,0,178145,45,Desenho,Raiva,2345,Exposicao_Face
178161,17,500,401,6.27,0,178161,45,Desenho,Raiva,2361,Exposicao_Face
178178,17,493,375,6.34,0,178178,45,Desenho,Raiva,2378,Exposicao_Face
178195,17,492,401,6.38,0,178195,45,Desenho,Raiva,2395,Exposicao_Face
178211,17,495,402,6.29,0,178211,45,Desenho,Raiva,2411,Exposicao_Face
178228,17,497,395,6.32,0,178228,45,Desenho,Raiva,2428,Exposicao_Face
178245,17,499,403,6.38,0,178245,45,Desenho,Raiva,2445,Exposicao_Face
178261,17,495,388,6.35,0,178261,45,Desenho,Raiva,2461,Exposicao_Face
178278,17,488,428,6.34,0,178278,45,Desenho,Raiva,2478,Exposicao_Face
178294,17,502,407,6.38,0,178294,45,Desenho,Raiva,2494,Exposicao_Face
178311,17,498,390,6.32,0,178311,45,Desenho,Raiva,2511,Exposicao_Face
178328,17,499,400,6.29,0,178328,45,Desenho,Raiva,2528,Exposicao_Face
178344,17,490,398,6.35,0,178344,45,Desenho,Raiva,2544,Exposicao_Face
178361,17,499,400,6.37,0,178361,45,Desenho,Raiva,2561,Exposicao_Face
178378,17,493,412,6.21,0,178378,45,Desenho,Raiva,2578,Exposicao_Face
178394,17,478,414,6.32,0,178394,45,Desenho,Raiva,2594,Exposicao_Face
178411,17,473,446,6.29,0,178411,45,Desenho,Raiva,2611,Exposicao_Face
178428,17,478,463,6.42,0,178428,45,Desenho,Raiva,2628,Exposicao_Face
178444,17,462,472,6.42,0,178444,45,Desenho,Raiva,2644,Exposicao_Face
178461,17,476,451,6.32,0,178461,45,Desenho,Raiva,2661,Exposicao_Face
178477,17,470,451,6.34,0,178477,45,Desenho,Raiva,2677,Exposicao_Face
178494,17,472,452,6.35,0,178494,45,Desenho,Raiva,2694,Exposicao_Face
178511,17,470,466,6.32,0,178511,45,Desenho,Raiva,2711,Exposicao_Face
178527,17,476,453,6.35,0,178527,45,Desenho,Raiva,2727,Exposicao_Face
178544,17,474,450,6.38,0,178544,45,Desenho,Raiva,2744,Exposicao_Face
178561,17,474,464,6.42,0,178561,45,Desenho,Raiva,2761,Exposicao_Face
178577,17,472,458,6.37,0,178577,45,Desenho,Raiva,2777,Exposicao_Face
178594,17,477,459,6.4,0,178594,45,Desenho,Raiva,2794,Exposicao_Face
178611,17,491,455,6.38,0,178611,45,Desenho,Raiva,2811,Exposicao_Face
178627,17,484,450,6.35,0,178627,45,Desenho,Raiva,2827,Exposicao_Face
178644,17,484,474,6.38,0,178644,45,Desenho,Raiva,2844,Exposicao_Face
178660,17,475,441,6.3,0,178660,45,Desenho,Raiva,2860,Exposicao_Face
178677,17,463,452,6.3,0,178677,45,Desenho,Raiva,2877,Exposicao_Face
178694,17,473,455,6.4,0,178694,45,Desenho,Raiva,2894,Exposicao_Face
178710,17,477,458,6.4,0,178710,45,Desenho,Raiva,2910,Exposicao_Face
178744,33,475,440,6.32,0,178744,45,Desenho,Raiva,2944,Exposicao_Face
178760,17,474,480,6.4,0,178760,45,Desenho,Raiva,2960,Exposicao_Face
178777,17,478,450,6.32,0,178777,45,Desenho,Raiva,2977,Exposicao_Face
178794,17,478,471,6.38,0,178794,45,Desenho,Raiva,2994,Exposicao_Face
178810,17,471,450,6.35,0,178810,45,Desenho,Raiva,3010,Exposicao_Face
178827,17,483,471,6.37,0,178827,45,Desenho,Raiva,3027,Exposicao_Face
178843,17,480,460,6.32,0,178843,45,Desenho,Raiva,3043,Exposicao_Face
178860,17,476,463,6.34,0,178860,45,Desenho,Raiva,3060,Exposicao_Face
178877,17,478,456,6.29,0,178877,45,Desenho,Raiva,3077,Exposicao_Face
178893,17,479,453,6.26,0,178893,45,Desenho,Raiva,3093,Exposicao_Face
178910,17,479,459,6.32,0,178910,45,Desenho,Raiva,3110,Exposicao_Face
178927,17,479,471,6.37,0,178927,45,Desenho,Raiva,3127,Exposicao_Face
178943,17,475,455,6.3,0,178943,45,Desenho,Raiva,3143,Exposicao_Face
178960,17,476,436,6.3,0,178960,45,Desenho,Raiva,3160,Exposicao_Face
178976,17,480,445,6.11,0,178976,45,Desenho,Raiva,3176,Exposicao_Face
178993,17,472,453,6.27,0,178993,45,Desenho,Raiva,3193,Exposicao_Face
179010,17,477,466,6.32,0,179010,45,Desenho,Raiva,3210,Exposicao_Face
179026,17,476,460,6.3,0,179026,45,Desenho,Raiva,3226,Exposicao_Face
179043,17,477,465,6.27,0,179043,45,Desenho,Raiva,3243,Exposicao_Face
179060,17,502,479,6.22,0,179060,45,Desenho,Raiva,3260,Exposicao_Face
179076,17,519,463,6.21,0,179076,45,Desenho,Raiva,3276,Exposicao_Face
179093,17,544,442,6.21,0,179093,45,Desenho,Raiva,3293,Exposicao_Face
179110,17,575,460,6.19,0,179110,45,Desenho,Raiva,3310,Exposicao_Face
179126,17,573,432,6.13,0,179126,45,Desenho,Raiva,3326,Exposicao_Face
179143,17,569,539,6.16,0,179143,45,Desenho,Raiva,3343,Exposicao_Face
179159,17,568,522,6.08,0,179159,45,Desenho,Raiva,3359,Exposicao_Face
179176,17,570,560,6.03,0,179176,45,Desenho,Raiva,3376,Exposicao_Face
179193,17,570,538,6.03,0,179193,45,Desenho,Raiva,3393,Exposicao_Face
179209,17,570,528,5.94,0,179209,45,Desenho,Raiva,3409,Exposicao_Face
179226,17,567,553,6.05,0,179226,45,Desenho,Raiva,3426,Exposicao_Face
179243,17,567,542,5.92,0,179243,45,Desenho,Raiva,3443,Exposicao_Face
179259,17,570,506,5.95,0,179259,45,Desenho,Raiva,3459,Exposicao_Face
179276,17,565,541,5.94,0,179276,45,Desenho,Raiva,3476,Exposicao_Face
179293,17,567,529,5.95,0,179293,45,Desenho,Raiva,3493,Exposicao_Face
179309,17,565,552,5.95,0,179309,45,Desenho,Raiva,3509,Exposicao_Face
179326,17,571,556,5.92,0,179326,45,Desenho,Raiva,3526,Exposicao_Face
179342,17,569,569,5.94,0,179342,45,Desenho,Raiva,3542,Exposicao_Face
179359,17,590,681,5.94,0,179359,45,Desenho,Raiva,3559,Exposicao_Face
179376,17,623,820,5.9,0,179376,45,Desenho,Raiva,3576,Exposicao_Face
179392,17,615,913,5.95,0,179392,45,Desenho,Raiva,3592,Exposicao_Face
179409,17,634,909,5.92,0,179409,45,Desenho,Raiva,3609,Exposicao_Face
179426,17,632,932,6.02,0,179426,45,Desenho,Raiva,3626,Exposicao_Face
179442,17,630,907,5.95,0,179442,45,Desenho,Raiva,3642,Exposicao_Face
179459,17,629,917,5.94,0,179459,45,Desenho,Raiva,3659,Exposicao_Face
179476,17,631,908,5.94,0,179476,45,Desenho,Raiva,3676,Exposicao_Face
179492,17,624,910,5.94,0,179492,45,Desenho,Raiva,3692,Exposicao_Face
179509,17,612,912,5.9,0,179509,45,Desenho,Raiva,3709,Exposicao_Face
179525,17,629,907,5.92,0,179525,45,Desenho,Raiva,3725,Exposicao_Face
179542,17,619,918,5.94,0,179542,45,Desenho,Raiva,3742,Exposicao_Face
179559,17,616,904,6.03,0,179559,45,Desenho,Raiva,3759,Exposicao_Face
179575,17,623,912,5.98,0,179575,45,Desenho,Raiva,3775,Exposicao_Face
179592,17,631,899,6.06,0,179592,45,Desenho,Raiva,3792,Exposicao_Face
179609,17,628,895,6.0,0,179609,45,Desenho,Raiva,3809,Exposicao_Face
179625,17,617,909,6.05,0,179625,45,Desenho,Raiva,3825,Exposicao_Face
179642,17,619,905,6.05,0,179642,45,Desenho,Raiva,3842,Exposicao_Face
179659,17,619,911,6.05,0,179659,45,Desenho,Raiva,3859,Exposicao_Face
179675,17,622,912,5.97,0,179675,45,Desenho,Raiva,3875,Exposicao_Face
179692,17,616,903,5.95,0,179692,45,Desenho,Raiva,3892,Exposicao_Face
179708,17,625,924,5.98,0,179708,45,Desenho,Raiva,3908,Exposicao_Face
179725,17,620,922,6.02,0,179725,45,Desenho,Raiva,3925,Exposicao_Face
179742,17,618,906,5.95,0,179742,45,Desenho,Raiva,3942,Exposicao_Face
179758,17,627,903,5.98,0,179758,45,Desenho,Raiva,3958,Exposicao_Face
179775,17,627,918,5.94,0,179775,45,Desenho,Raiva,3975,Exposicao_Face
179792,17,629,896,5.9,0,179792,45,Desenho,Raiva,3992,Exposicao_Face
179808,17,627,900,5.97,0,179808,46,Desenho,Feliz,8,Janela_Baseline
179825,17,628,917,5.9,0,179825,46,Desenho,Feliz,25,Janela_Baseline
179842,17,610,910,5.95,0,179842,46,Desenho,Feliz,42,Janela_Baseline
179858,17,512,1033,5.87,0,179858,46,Desenho,Feliz,58,Janela_Baseline
179875,17,623,915,5.94,0,179875,46,Desenho,Feliz,75,Janela_Baseline
179891,17,609,874,5.92,0,179891,46,Desenho,Feliz,91,Janela_Baseline
179908,17,556,634,5.9,0,179908,46,Desenho,Feliz,108,Janela_Baseline
179925,17,516,538,5.92,0,179925,46,Desenho,Feliz,125,Janela_Baseline
179941,17,516,456,5.92,0,179941,46,Desenho,Feliz,141,Janela_Baseline
179958,17,513,481,5.95,0,179958,46,Desenho,Feliz,158,Janela_Baseline
179975,17,517,477,5.94,0,179975,46,Desenho,Feliz,175,Janela_Baseline
179991,17,507,477,5.95,0,179991,46,Desenho,Feliz,191,Janela_Baseline
180008,17,521,473,5.98,0,180008,46,Desenho,Feliz,208,Janela_Baseline
180024,17,520,466,5.98,0,180024,46,Desenho,Feliz,224,Janela_Baseline
180041,17,521,465,6.03,0,180041,46,Desenho,Feliz,241,Janela_Baseline
180058,17,520,464,6.05,0,180058,46,Desenho,Feliz,258,Janela_Baseline
180074,17,516,449,5.98,0,180074,46,Desenho,Feliz,274,Janela_Baseline
180091,17,521,479,6.03,0,180091,46,Desenho,Feliz,291,Janela_Baseline
180108,17,527,445,5.94,0,180108,46,Desenho,Feliz,308,Janela_Baseline
180124,17,526,451,6.0,0,180124,46,Desenho,Feliz,324,Janela_Baseline
180141,17,510,448,6.02,0,180141,46,Desenho,Feliz,341,Janela_Baseline
180158,17,521,428,6.0,0,180158,46,Desenho,Feliz,358,Janela_Baseline
180174,17,513,450,6.03,0,180174,46,Desenho,Feliz,374,Janela_Baseline
180191,17,506,437,6.06,0,180191,46,Desenho,Feliz,391,Janela_Baseline
180207,17,490,395,6.02,0,180207,46,Desenho,Feliz,407,Janela_Baseline
180224,17,470,413,6.06,0,180224,46,Desenho,Feliz,424,Janela_Baseline
180241,17,473,402,6.06,0,180241,46,Desenho,Feliz,441,Janela_Baseline
180257,17,485,426,6.03,0,180257,46,Desenho,Feliz,457,Janela_Baseline
180274,17,476,410,6.11,0,180274,46,Desenho,Feliz,474,Janela_Baseline
180291,17,486,400,6.03,0,180291,46,Desenho,Feliz,491,Janela_Baseline
180307,17,487,423,6.05,0,180307,46,Desenho,Feliz,507,Janela_Baseline
180324,17,485,419,6.02,0,180324,46,Desenho,Feliz,524,Janela_Baseline
180341,17,484,417,5.97,0,180341,46,Desenho,Feliz,541,Janela_Baseline
180357,17,480,411,6.02,0,180357,46,Desenho,Feliz,557,Janela_Baseline
180374,17,485,425,6.0,0,180374,46,Desenho,Feliz,574,Janela_Baseline
180390,17,477,431,5.9,0,180390,46,Desenho,Feliz,590,Janela_Baseline
180407,17,473,433,5.95,0,180407,46,Desenho,Feliz,607,Janela_Baseline
180424,17,484,424,5.9,0,180424,46,Desenho,Feliz,624,Janela_Baseline
180440,17,471,432,5.92,0,180440,46,Desenho,Feliz,640,Janela_Baseline
180457,17,483,431,5.94,0,180457,46,Desenho,Feliz,657,Janela_Baseline
180474,17,482,421,5.9,0,180474,46,Desenho,Feliz,674,Janela_Baseline
180490,17,475,415,5.86,0,180490,46,Desenho,Feliz,690,Janela_Baseline
180507,17,477,423,5.86,0,180507,46,Desenho,Feliz,707,Janela_Baseline
180524,17,482,416,5.84,0,180524,46,Desenho,Feliz,724,Janela_Baseline
180540,17,485,429,5.81,0,180540,46,Desenho,Feliz,740,Janela_Baseline
180557,17,474,418,5.81,0,180557,46,Desenho,Feliz,757,Janela_Baseline
180573,17,475,433,5.86,0,180573,46,Desenho,Feliz,773,Janela_Baseline
180590,17,476,427,5.82,0,180590,46,Desenho,Feliz,790,Janela_Baseline
180607,17,484,429,5.79,0,180607,46,Desenho,Feliz,807,Janela_Baseline
180623,17,483,420,5.73,0,180623,46,Desenho,Feliz,823,Janela_Baseline
180640,17,475,425,5.78,0,180640,46,Desenho,Feliz,840,Janela_Baseline
180657,17,478,433,5.79,0,180657,46,Desenho,Feliz,857,Janela_Baseline
180673,17,479,429,5.76,0,180673,46,Desenho,Feliz,873,Janela_Baseline
180690,17,484,435,5.76,0,180690,46,Desenho,Feliz,890,Janela_Baseline
180707,17,478,437,5.78,0,180707,46,Desenho,Feliz,907,Janela_Baseline
180723,17,479,420,5.79,0,180723,46,Desenho,Feliz,923,Janela_Baseline
180740,17,481,428,5.74,0,180740,46,Desenho,Feliz,940,Janela_Baseline
180756,17,477,427,5.78,0,180756,46,Desenho,Feliz,956,Janela_Baseline
180773,17,480,424,5.71,0,180773,46,Desenho,Feliz,973,Janela_Baseline
180790,17,477,414,5.78,0,180790,46,Desenho,Feliz,990,Janela_Baseline
180806,17,473,431,5.79,0,180806,46,Desenho,Feliz,1006,Janela_Baseline
180823,17,475,422,5.76,0,180823,46,Desenho,Feliz,1023,Janela_Baseline
180840,17,482,408,5.74,0,180840,46,Desenho,Feliz,1040,Janela_Baseline
180856,17,476,427,5.71,0,180856,46,Desenho,Feliz,1056,Janela_Baseline
180873,17,475,443,5.82,0,180873,46,Desenho,Feliz,1073,Janela_Baseline
180890,17,475,429,5.76,0,180890,46,Desenho,Feliz,1090,Janela_Baseline
180906,17,481,437,5.79,0,180906,46,Desenho,Feliz,1106,Janela_Baseline
180923,17,476,433,5.79,0,180923,46,Desenho,Feliz,1123,Janela_Baseline
180939,17,478,439,5.79,0,180939,46,Desenho,Feliz,1139,Janela_Baseline
180956,17,480,415,5.79,0,180956,46,Desenho,Feliz,1156,Janela_Baseline
180973,17,478,403,5.76,0,180973,46,Desenho,Feliz,1173,Janela_Baseline
180989,17,470,418,5.78,0,180989,46,Desenho,Feliz,1189,Janela_Baseline
181006,17,471,438,5.84,0,181006,46,Desenho,Feliz,1206,Janela_Baseline
181023,17,473,427,5.82,0,181023,46,Desenho,Feliz,1223,Janela_Baseline
181039,17,476,425,5.79,0,181039,46,Desenho,Feliz,1239,Janela_Baseline
181056,17,481,419,5.78,0,181056,46,Desenho,Feliz,1256,Janela_Baseline
181073,17,477,431,5.81,0,181073,46,Desenho,Feliz,1273,Janela_Baseline
181089,17,481,428,5.78,0,181089,46,Desenho,Feliz,1289,Janela_Baseline
181106,17,480,411,5.79,0,181106,46,Desenho,Feliz,1306,Exposicao_Face
181122,17,482,426,5.79,0,181122,46,Desenho,Feliz,1322,Exposicao_Face
181139,17,507,441,5.82,0,181139,46,Desenho,Feliz,1339,Exposicao_Face
181156,17,503,434,5.81,0,181156,46,Desenho,Feliz,1356,Exposicao_Face
181172,17,508,447,5.89,0,181172,46,Desenho,Feliz,1372,Exposicao_Face
181189,17,501,448,5.74,0,181189,46,Desenho,Feliz,1389,Exposicao_Face
181206,17,506,462,5.82,0,181206,46,Desenho,Feliz,1406,Exposicao_Face
181222,17,505,459,5.86,0,181222,46,Desenho,Feliz,1422,Exposicao_Face
181239,17,506,436,5.74,0,181239,46,Desenho,Feliz,1439,Exposicao_Face
181255,17,502,434,5.79,0,181255,46,Desenho,Feliz,1455,Exposicao_Face
181272,17,504,465,5.87,0,181272,46,Desenho,Feliz,1472,Exposicao_Face
181289,17,501,449,5.86,0,181289,46,Desenho,Feliz,1489,Exposicao_Face
181305,17,508,431,5.78,0,181305,46,Desenho,Feliz,1505,Exposicao_Face
181322,17,505,424,5.79,0,181322,46,Desenho,Feliz,1522,Exposicao_Face
181339,17,502,440,5.84,0,181339,46,Desenho,Feliz,1539,Exposicao_Face
181355,17,497,431,5.82,0,181355,46,Desenho,Feliz,1555,Exposicao_Face
181372,17,501,448,5.82,0,181372,46,Desenho,Feliz,1572,Exposicao_Face
181389,17,509,422,5.82,0,181389,46,Desenho,Feliz,1589,Exposicao_Face
181405,17,505,450,5.9,0,181405,46,Desenho,Feliz,1605,Exposicao_Face
181422,17,505,453,5.92,0,181422,46,Desenho,Feliz,1622,Exposicao_Face
181438,17,502,469,5.92,0,181438,46,Desenho,Feliz,1638,Exposicao_Face
181455,17,511,440,5.89,0,181455,46,Desenho,Feliz,1655,Exposicao_Face
181472,17,513,451,5.89,0,181472,46,Desenho,Feliz,1672,Exposicao_Face
181488,17,502,456,5.92,0,181488,46,Desenho,Feliz,1688,Exposicao_Face
181505,17,503,448,5.94,0,181505,46,Desenho,Feliz,1705,Exposicao_Face
181522,17,502,439,5.87,0,181522,46,Desenho,Feliz,1722,Exposicao_Face
181538,17,511,424,5.89,0,181538,46,Desenho,Feliz,1738,Exposicao_Face
181555,17,505,435,5.92,0,181555,46,Desenho,Feliz,1755,Exposicao_Face
181572,17,491,462,5.89,0,181572,46,Desenho,Feliz,1772,Exposicao_Face
181588,17,492,489,5.94,0,181588,46,Desenho,Feliz,1788,Exposicao_Face
181605,17,487,476,5.87,0,181605,46,Desenho,Feliz,1805,Exposicao_Face
181621,17,485,495,5.94,0,181621,46,Desenho,Feliz,1821,Exposicao_Face
181638,17,492,498,5.94,0,181638,46,Desenho,Feliz,1838,Exposicao_Face
181655,17,497,499,5.94,0,181655,46,Desenho,Feliz,1855,Exposicao_Face
181671,17,491,487,5.92,0,181671,46,Desenho,Feliz,1871,Exposicao_Face
181688,17,482,504,5.98,0,181688,46,Desenho,Feliz,1888,Exposicao_Face
181705,17,488,503,5.97,0,181705,46,Desenho,Feliz,1905,Exposicao_Face
181721,17,485,501,5.94,0,181721,46,Desenho,Feliz,1921,Exposicao_Face
181738,17,495,486,5.94,0,181738,46,Desenho,Feliz,1938,Exposicao_Face
181755,17,496,491,5.92,0,181755,46,Desenho,Feliz,1955,Exposicao_Face
181771,17,492,479,5.9,0,181771,46,Desenho,Feliz,1971,Exposicao_Face
181788,17,494,491,5.9,0,181788,46,Desenho,Feliz,1988,Exposicao_Face
181804,17,486,516,5.98,0,181804,46,Desenho,Feliz,2004,Exposicao_Face
181821,17,484,497,6.05,0,181821,46,Desenho,Feliz,2021,Exposicao_Face
181838,17,486,476,5.92,0,181838,46,Desenho,Feliz,2038,Exposicao_Face
181854,17,496,528,5.97,0,181854,46,Desenho,Feliz,2054,Exposicao_Face
181871,17,489,501,6.02,0,181871,46,Desenho,Feliz,2071,Exposicao_Face
181888,17,483,498,5.92,0,181888,46,Desenho,Feliz,2088,Exposicao_Face
181904,17,489,514,5.89,0,181904,46,Desenho,Feliz,2104,Exposicao_Face
181921,17,497,503,5.89,0,181921,46,Desenho,Feliz,2121,Exposicao_Face
181938,17,490,507,5.81,0,181938,46,Desenho,Feliz,2138,Exposicao_Face
181954,17,492,473,5.84,0,181954,46,Desenho,Feliz,2154,Exposicao_Face
181971,17,489,491,5.84,0,181971,46,Desenho,Feliz,2171,Exposicao_Face
181987,17,547,524,5.84,0,181987,46,Desenho,Feliz,2187,Exposicao_Face
182004,17,632,501,5.84,0,182004,46,Desenho,Feliz,2204,Exposicao_Face
182021,17,656,522,5.82,0,182021,46,Desenho,Feliz,2221,Exposicao_Face
182037,17,653,522,5.81,0,182037,46,Desenho,Feliz,2237,Exposicao_Face
182054,17,656,529,5.78,0,182054,46,Desenho,Feliz,2254,Exposicao_Face
182071,17,653,542,5.79,0,182071,46,Desenho,Feliz,2271,Exposicao_Face
182087,17,653,528,5.74,0,182087,46,Desenho,Feliz,2287,Exposicao_Face
182104,17,651,523,5.74,0,182104,46,Desenho,Feliz,2304,Exposicao_Face
182121,17,653,527,5.79,0,182121,46,Desenho,Feliz,2321,Exposicao_Face
182137,17,654,523,5.78,0,182137,46,Desenho,Feliz,2337,Exposicao_Face
182154,17,657,531,5.81,0,182154,46,Desenho,Feliz,2354,Exposicao_Face
182170,17,653,525,5.78,0,182170,46,Desenho,Feliz,2370,Exposicao_Face
182187,17,651,534,5.79,0,182187,46,Desenho,Feliz,2387,Exposicao_Face
182204,17,654,531,5.78,0,182204,46,Desenho,Feliz,2404,Exposicao_Face
182220,17,653,536,5.81,0,182220,46,Desenho,Feliz,2420,Exposicao_Face
182237,17,653,519,5.74,0,182237,46,Desenho,Feliz,2437,Exposicao_Face
182254,17,655,512,5.73,0,182254,46,Desenho,Feliz,2454,Exposicao_Face
182270,17,652,527,5.81,0,182270,46,Desenho,Feliz,2470,Exposicao_Face
182287,17,656,530,5.73,0,182287,46,Desenho,Feliz,2487,Exposicao_Face
182304,17,654,532,5.78,0,182304,46,Desenho,Feliz,2504,Exposicao_Face
182320,17,650,526,5.68,0,182320,46,Desenho,Feliz,2520,Exposicao_Face
182337,17,653,515,5.69,0,182337,46,Desenho,Feliz,2537,Exposicao_Face
182353,17,570,456,5.76,0,182353,46,Desenho,Feliz,2553,Exposicao_Face
182370,17,509,422,5.71,0,182370,46,Desenho,Feliz,2570,Exposicao_Face
182387,17,508,432,5.74,0,182387,46,Desenho,Feliz,2587,Exposicao_Face
182403,17,503,418,5.73,0,182403,46,Desenho,Feliz,2603,Exposicao_Face
182420,17,508,435,5.73,0,182420,46,Desenho,Feliz,2620,Exposicao_Face
182437,17,505,441,5.69,0,182437,46,Desenho,Feliz,2637,Exposicao_Face
182453,17,508,432,5.65,0,182453,46,Desenho,Feliz,2653,Exposicao_Face
182470,17,503,428,5.66,0,182470,46,Desenho,Feliz,2670,Exposicao_Face
182486,17,506,426,5.68,0,182486,46,Desenho,Feliz,2686,Exposicao_Face
182503,17,508,434,5.65,0,182503,46,Desenho,Feliz,2703,Exposicao_Face
182520,17,507,415,5.61,0,182520,46,Desenho,Feliz,2720,Exposicao_Face
182536,17,502,423,5.69,0,182536,46,Desenho,Feliz,2736,Exposicao_Face
182553,17,503,417,5.68,0,182553,46,Desenho,Feliz,2753,Exposicao_Face
182570,17,506,421,5.74,0,182570,46,Desenho,Feliz,2770,Exposicao_Face
182586,17,502,431,5.74,0,182586,46,Desenho,Feliz,2786,Exposicao_Face
182603,17,507,416,5.66,0,182603,46,Desenho,Feliz,2803,Exposicao_Face
182620,17,504,411,5.69,0,182620,46,Desenho,Feliz,2820,Exposicao_Face
182636,17,504,419,5.69,0,182636,46,Desenho,Feliz,2836,Exposicao_Face
182653,17,502,422,5.74,0,182653,46,Desenho,Feliz,2853,Exposicao_Face
182669,17,506,427,5.66,0,182669,46,Desenho,Feliz,2869,Exposicao_Face
182686,17,507,434,5.68,0,182686,46,Desenho,Feliz,2886,Exposicao_Face
182703,17,501,439,5.71,0,182703,46,Desenho,Feliz,2903,Exposicao_Face
182719,17,507,430,5.65,0,182719,46,Desenho,Feliz,2919,Exposicao_Face
182736,17,507,435,5.61,0,182736,46,Desenho,Feliz,2936,Exposicao_Face
182753,17,495,359,5.65,0,182753,46,Desenho,Feliz,2953,Exposicao_Face
182769,17,494,371,5.65,0,182769,46,Desenho,Feliz,2969,Exposicao_Face
182786,17,492,349,5.63,0,182786,46,Desenho,Feliz,2986,Exposicao_Face
182803,17,492,344,5.6,0,182803,46,Desenho,Feliz,3003,Exposicao_Face
182819,17,489,360,5.58,0,182819,46,Desenho,Feliz,3019,Exposicao_Face
182836,17,491,375,5.63,0,182836,46,Desenho,Feliz,3036,Exposicao_Face
182852,17,491,354,5.52,0,182852,46,Desenho,Feliz,3052,Exposicao_Face
182869,17,493,356,5.63,0,182869,46,Desenho,Feliz,3069,Exposicao_Face
182886,17,494,353,5.55,0,182886,46,Desenho,Feliz,3086,Exposicao_Face
182902,17,490,358,5.61,0,182902,46,Desenho,Feliz,3102,Exposicao_Face
182919,17,486,367,5.57,0,182919,46,Desenho,Feliz,3119,Exposicao_Face
182936,17,492,347,5.6,0,182936,46,Desenho,Feliz,3136,Exposicao_Face
182952,17,492,360,5.57,0,182952,46,Desenho,Feliz,3152,Exposicao_Face
182969,17,497,355,5.53,0,182969,46,Desenho,Feliz,3169,Exposicao_Face
182986,17,493,342,5.53,0,182986,46,Desenho,Feliz,3186,Exposicao_Face
183002,17,492,336,5.55,0,183002,46,Desenho,Feliz,3202,Exposicao_Face
183019,17,493,368,5.57,0,183019,46,Desenho,Feliz,3219,Exposicao_Face
183035,17,502,372,5.65,0,183035,46,Desenho,Feliz,3235,Exposicao_Face
183052,17,514,446,5.58,0,183052,46,Desenho,Feliz,3252,Exposicao_Face
183069,17,504,427,5.63,0,183069,46,Desenho,Feliz,3269,Exposicao_Face
183085,17,511,455,5.55,0,183085,46,Desenho,Feliz,3285,Exposicao_Face
183102,17,505,453,5.58,0,183102,46,Desenho,Feliz,3302,Exposicao_Face
183119,17,510,478,5.6,0,183119,46,Desenho,Feliz,3319,Exposicao_Face
183135,17,508,449,5.58,0,183135,46,Desenho,Feliz,3335,Exposicao_Face
183152,17,510,443,5.58,0,183152,46,Desenho,Feliz,3352,Exposicao_Face
183169,17,509,465,5.61,0,183169,46,Desenho,Feliz,3369,Exposicao_Face
183185,17,509,465,5.55,0,183185,46,Desenho,Feliz,3385,Exposicao_Face
183202,17,502,460,5.6,0,183202,46,Desenho,Feliz,3402,Exposicao_Face
183218,17,509,462,5.53,0,183218,46,Desenho,Feliz,3418,Exposicao_Face
183235,17,497,467,5.61,0,183235,46,Desenho,Feliz,3435,Exposicao_Face
183252,17,502,464,5.61,0,183252,46,Desenho,Feliz,3452,Exposicao_Face
183268,17,504,469,5.63,0,183268,46,Desenho,Feliz,3468,Exposicao_Face
183285,17,533,490,5.68,0,183285,46,Desenho,Feliz,3485,Exposicao_Face
183302,17,519,511,5.66,0,183302,46,Desenho,Feliz,3502,Exposicao_Face
183318,17,517,537,5.65,0,183318,46,Desenho,Feliz,3518,Exposicao_Face
183335,17,505,564,5.61,0,183335,46,Desenho,Feliz,3535,Exposicao_Face
183352,17,469,600,5.66,0,183352,46,Desenho,Feliz,3552,Exposicao_Face
183368,17,448,635,5.6,0,183368,46,Desenho,Feliz,3568,Exposicao_Face
183385,17,438,665,5.61,0,183385,46,Desenho,Feliz,3585,Exposicao_Face
183401,17,441,649,5.61,0,183401,46,Desenho,Feliz,3601,Exposicao_Face
183418,17,432,684,5.66,0,183418,46,Desenho,Feliz,3618,Exposicao_Face
183435,17,435,680,5.63,0,183435,46,Desenho,Feliz,3635,Exposicao_Face
183451,17,434,684,5.65,0,183451,46,Desenho,Feliz,3651,Exposicao_Face
183468,17,435,666,5.6,0,183468,46,Desenho,Feliz,3668,Exposicao_Face
183485,17,432,680,5.65,0,183485,46,Desenho,Feliz,3685,Exposicao_Face
183501,17,433,663,5.57,0,183501,46,Desenho,Feliz,3701,Exposicao_Face
183518,17,429,678,5.57,0,183518,46,Desenho,Feliz,3718,Exposicao_Face
183534,17,432,685,5.58,0,183534,46,Desenho,Feliz,3734,Exposicao_Face
183551,17,431,685,5.58,0,183551,46,Desenho,Feliz,3751,Exposicao_Face
183568,17,429,678,5.57,0,183568,46,Desenho,Feliz,3768,Exposicao_Face
183584,17,428,695,5.65,0,183584,46,Desenho,Feliz,3784,Exposicao_Face
183601,17,429,676,5.53,0,183601,46,Desenho,Feliz,3801,Exposicao_Face
183618,17,431,662,5.52,0,183618,46,Desenho,Feliz,3818,Exposicao_Face
183634,17,432,676,5.55,0,183634,46,Desenho,Feliz,3834,Exposicao_Face
183651,17,427,671,5.55,0,183651,46,Desenho,Feliz,3851,Exposicao_Face
183668,17,428,672,5.53,0,183668,46,Desenho,Feliz,3868,Exposicao_Face
183684,17,432,718,5.52,0,183684,46,Desenho,Feliz,3884,Exposicao_Face
183701,17,482,838,5.53,0,183701,46,Desenho,Feliz,3901,Exposicao_Face
183717,17,463,931,5.57,0,183717,46,Desenho,Feliz,3917,Exposicao_Face
183734,17,478,933,5.47,0,183734,46,Desenho,Feliz,3934,Exposicao_Face
183751,17,470,944,5.45,0,183751,46,Desenho,Feliz,3951,Exposicao_Face
183767,17,467,937,5.52,0,183767,46,Desenho,Feliz,3967,Exposicao_Face
183784,17,468,937,5.5,0,183784,46,Desenho,Feliz,3984,Exposicao_Face
183801,17,467,933,5.58,0,183801,47,Desenho,Neutro,1,Janela_Baseline
183817,17,468,940,5.47,0,183817,47,Desenho,Neutro,17,Janela_Baseline
183834,17,463,937,5.49,0,183834,47,Desenho,Neutro,34,Janela_Baseline
183851,17,468,939,5.53,0,183851,47,Desenho,Neutro,51,Janela_Baseline
183867,17,467,931,5.58,0,183867,47,Desenho,Neutro,67,Janela_Baseline
183884,17,468,935,5.49,0,183884,47,Desenho,Neutro,84,Janela_Baseline
183900,17,467,937,5.55,0,183900,47,Desenho,Neutro,100,Janela_Baseline
183917,17,466,930,5.57,0,183917,47,Desenho,Neutro,117,Janela_Baseline
183934,17,465,930,5.49,0,183934,47,Desenho,Neutro,134,Janela_Baseline
183950,17,470,930,5.47,0,183950,47,Desenho,Neutro,150,Janela_Baseline
183967,17,482,754,5.49,0,183967,47,Desenho,Neutro,167,Janela_Baseline
183984,17,488,641,5.58,0,183984,47,Desenho,Neutro,184,Janela_Baseline
184000,17,501,528,5.53,0,184000,47,Desenho,Neutro,200,Janela_Baseline
184017,17,508,526,5.53,0,184017,47,Desenho,Neutro,217,Janela_Baseline
184034,17,508,532,5.57,0,184034,47,Desenho,Neutro,234,Janela_Baseline
184050,17,508,514,5.47,0,184050,47,Desenho,Neutro,250,Janela_Baseline
184067,17,513,520,5.47,0,184067,47,Desenho,Neutro,267,Janela_Baseline
184083,17,508,519,5.44,0,184083,47,Desenho,Neutro,283,Janela_Baseline
184100,17,518,510,5.44,0,184100,47,Desenho,Neutro,300,Janela_Baseline
184117,17,520,507,5.47,0,184117,47,Desenho,Neutro,317,Janela_Baseline
184133,17,517,496,5.44,0,184133,47,Desenho,Neutro,333,Janela_Baseline
184150,17,480,460,5.52,0,184150,47,Desenho,Neutro,350,Janela_Baseline
184167,17,500,456,5.44,0,184167,47,Desenho,Neutro,367,Janela_Baseline
184183,17,497,443,5.5,0,184183,47,Desenho,Neutro,383,Janela_Baseline
184200,17,498,440,5.42,0,184200,47,Desenho,Neutro,400,Janela_Baseline
184217,17,496,457,5.5,0,184217,47,Desenho,Neutro,417,Janela_Baseline
184233,17,498,454,5.5,0,184233,47,Desenho,Neutro,433,Janela_Baseline
184250,17,496,452,5.47,0,184250,47,Desenho,Neutro,450,Janela_Baseline
184266,17,479,432,5.44,0,184266,47,Desenho,Neutro,466,Janela_Baseline
184283,17,494,424,5.42,0,184283,47,Desenho,Neutro,483,Janela_Baseline
184300,17,494,447,5.44,0,184300,47,Desenho,Neutro,500,Janela_Baseline
184316,17,500,433,5.42,0,184316,47,Desenho,Neutro,516,Janela_Baseline
184333,17,496,437,5.47,0,184333,47,Desenho,Neutro,533,Janela_Baseline
184350,17,505,429,5.41,0,184350,47,Desenho,Neutro,550,Janela_Baseline
184366,17,499,434,5.41,0,184366,47,Desenho,Neutro,566,Janela_Baseline
184383,17,497,431,5.41,0,184383,47,Desenho,Neutro,583,Janela_Baseline
184400,17,480,430,5.42,0,184400,47,Desenho,Neutro,600,Janela_Baseline
184416,17,484,440,5.44,0,184416,47,Desenho,Neutro,616,Janela_Baseline
184433,17,483,439,5.42,0,184433,47,Desenho,Neutro,633,Janela_Baseline
184449,17,498,442,5.41,0,184449,47,Desenho,Neutro,649,Janela_Baseline
184466,17,485,431,5.45,0,184466,47,Desenho,Neutro,666,Janela_Baseline
184483,17,491,431,5.41,0,184483,47,Desenho,Neutro,683,Janela_Baseline
184499,17,500,447,5.49,0,184499,47,Desenho,Neutro,699,Janela_Baseline
184516,17,495,448,5.47,0,184516,47,Desenho,Neutro,716,Janela_Baseline
184533,17,500,434,5.45,0,184533,47,Desenho,Neutro,733,Janela_Baseline
184549,17,501,440,5.47,0,184549,47,Desenho,Neutro,749,Janela_Baseline
184566,17,498,431,5.49,0,184566,47,Desenho,Neutro,766,Janela_Baseline
184583,17,500,426,5.45,0,184583,47,Desenho,Neutro,783,Janela_Baseline
184599,17,499,427,5.5,0,184599,47,Desenho,Neutro,799,Janela_Baseline
184616,17,516,417,5.49,0,184616,47,Desenho,Neutro,816,Janela_Baseline
184632,17,531,389,5.42,0,184632,47,Desenho,Neutro,832,Janela_Baseline
184649,17,531,415,5.57,0,184649,47,Desenho,Neutro,849,Janela_Baseline
184666,17,537,406,5.53,0,184666,47,Desenho,Neutro,866,Janela_Baseline
184682,17,527,389,5.49,0,184682,47,Desenho,Neutro,882,Janela_Baseline
184699,17,538,414,5.57,0,184699,47,Desenho,Neutro,899,Janela_Baseline
184716,17,537,404,5.6,0,184716,47,Desenho,Neutro,916,Janela_Baseline
184732,17,534,397,5.6,0,184732,47,Desenho,Neutro,932,Janela_Baseline
184749,17,536,391,5.6,0,184749,47,Desenho,Neutro,949,Janela_Baseline
184765,17,533,401,5.61,0,184765,47,Desenho,Neutro,965,Janela_Baseline
184782,17,534,411,5.65,0,184782,47,Desenho,Neutro,982,Janela_Baseline
184799,17,533,395,5.61,0,184799,47,Desenho,Neutro,999,Janela_Baseline
184815,17,536,423,5.66,0,184815,47,Desenho,Neutro,1015,Janela_Baseline
184832,17,532,427,5.71,0,184832,47,Desenho,Neutro,1032,Janela_Baseline
184849,17,533,414,5.66,0,184849,47,Desenho,Neutro,1049,Janela_Baseline
184865,17,533,401,5.69,0,184865,47,Desenho,Neutro,1065,Janela_Baseline
184882,17,531,410,5.73,0,184882,47,Desenho,Neutro,1082,Janela_Baseline
184899,17,527,420,5.78,0,184899,47,Desenho,Neutro,1099,Janela_Baseline
184915,17,528,419,5.78,0,184915,47,Desenho,Neutro,1115,Janela_Baseline
184932,17,530,410,5.74,0,184932,47,Desenho,Neutro,1132,Janela_Baseline
184948,17,525,426,5.81,0,184948,47,Desenho,Neutro,1148,Janela_Baseline
184965,17,534,412,5.78,0,184965,47,Desenho,Neutro,1165,Janela_Baseline
184982,17,527,421,5.76,0,184982,47,Desenho,Neutro,1182,Janela_Baseline
184998,17,528,403,5.73,0,184998,47,Desenho,Neutro,1198,Janela_Baseline
185015,17,529,418,5.79,0,185015,47,Desenho,Neutro,1215,Janela_Baseline
185032,17,529,444,5.82,0,185032,47,Desenho,Neutro,1232,Janela_Baseline
185048,17,531,405,5.78,0,185048,47,Desenho,Neutro,1248,Janela_Baseline
185065,17,525,408,5.78,0,185065,47,Desenho,Neutro,1265,Janela_Baseline
185082,17,526,402,5.82,0,185082,47,Desenho,Neutro,1282,Janela_Baseline
185098,17,523,388,5.78,0,185098,47,Desenho,Neutro,1298,Janela_Baseline
185115,17,525,410,5.82,0,185115,47,Desenho,Neutro,1315,Exposicao_Face
185131,17,527,393,5.81,0,185131,47,Desenho,Neutro,1331,Exposicao_Face
185148,17,528,412,5.86,0,185148,47,Desenho,Neutro,1348,Exposicao_Face
185165,17,443,382,5.92,0,185165,47,Desenho,Neutro,1365,Exposicao_Face
185181,17,341,337,5.74,0,185181,47,Desenho,Neutro,1381,Exposicao_Face
185198,17,348,324,5.76,0,185198,47,Desenho,Neutro,1398,Exposicao_Face
185215,17,341,309,5.74,0,185215,47,Desenho,Neutro,1415,Exposicao_Face
185231,17,349,339,5.76,0,185231,47,Desenho,Neutro,1431,Exposicao_Face
185248,17,342,331,5.82,0,185248,47,Desenho,Neutro,1448,Exposicao_Face
185265,17,355,327,5.82,0,185265,47,Desenho,Neutro,1465,Exposicao_Face
185281,17,367,317,5.82,0,185281,47,Desenho,Neutro,1481,Exposicao_Face
185298,17,351,317,5.82,0,185298,47,Desenho,Neutro,1498,Exposicao_Face
185314,17,344,315,5.81,0,185314,47,Desenho,Neutro,1514,Exposicao_Face
185331,17,343,315,5.76,0,185331,47,Desenho,Neutro,1531,Exposicao_Face
185348,17,351,325,5.82,0,185348,47,Desenho,Neutro,1548,Exposicao_Face
185364,17,351,341,5.84,0,185364,47,Desenho,Neutro,1564,Exposicao_Face
185381,17,340,314,5.87,0,185381,47,Desenho,Neutro,1581,Exposicao_Face
185398,17,352,327,5.89,0,185398,47,Desenho,Neutro,1598,Exposicao_Face
185414,17,295,300,5.87,0,185414,47,Desenho,Neutro,1614,Exposicao_Face
185431,17,309,310,5.68,0,185431,47,Desenho,Neutro,1631,Exposicao_Face
185448,17,286,329,5.92,0,185448,47,Desenho,Neutro,1648,Exposicao_Face
185464,17,293,311,5.84,0,185464,47,Desenho,Neutro,1664,Exposicao_Face
185481,17,288,315,5.89,0,185481,47,Desenho,Neutro,1681,Exposicao_Face
185497,17,286,320,5.94,0,185497,47,Desenho,Neutro,1697,Exposicao_Face
185514,17,283,322,5.87,0,185514,47,Desenho,Neutro,1714,Exposicao_Face
185531,17,291,303,5.79,0,185531,47,Desenho,Neutro,1731,Exposicao_Face
185547,17,294,327,5.9,0,185547,47,Desenho,Neutro,1747,Exposicao_Face
185564,17,293,309,5.95,0,185564,47,Desenho,Neutro,1764,Exposicao_Face
185581,17,297,316,5.82,0,185581,47,Desenho,Neutro,1781,Exposicao_Face
185597,17,288,326,5.9,0,185597,47,Desenho,Neutro,1797,Exposicao_Face
185614,17,293,310,5.81,0,185614,47,Desenho,Neutro,1814,Exposicao_Face
185631,17,288,321,5.94,0,185631,47,Desenho,Neutro,1831,Exposicao_Face
185647,17,289,331,5.94,0,185647,47,Desenho,Neutro,1847,Exposicao_Face
185664,17,291,310,5.9,0,185664,47,Desenho,Neutro,1864,Exposicao_Face
185680,17,291,294,5.82,0,185680,47,Desenho,Neutro,1880,Exposicao_Face
185697,17,296,318,5.94,0,185697,47,Desenho,Neutro,1897,Exposicao_Face
185714,17,296,312,5.87,0,185714,47,Desenho,Neutro,1914,Exposicao_Face
185730,17,290,320,5.94,0,185730,47,Desenho,Neutro,1930,Exposicao_Face
185747,17,287,313,5.87,0,185747,47,Desenho,Neutro,1947,Exposicao_Face
185764,17,296,305,5.9,0,185764,47,Desenho,Neutro,1964,Exposicao_Face
185780,17,292,303,5.92,0,185780,47,Desenho,Neutro,1980,Exposicao_Face
185797,17,292,296,5.95,0,185797,47,Desenho,Neutro,1997,Exposicao_Face
185813,17,292,304,5.98,0,185813,47,Desenho,Neutro,2013,Exposicao_Face
185830,17,291,325,5.95,0,185830,47,Desenho,Neutro,2030,Exposicao_Face
185847,17,283,303,5.9,0,185847,47,Desenho,Neutro,2047,Exposicao_Face
185863,17,291,317,5.94,0,185863,47,Desenho,Neutro,2063,Exposicao_Face
185880,17,283,323,5.94,0,185880,47,Desenho,Neutro,2080,Exposicao_Face
185897,17,292,314,5.89,0,185897,47,Desenho,Neutro,2097,Exposicao_Face
185913,17,286,325,5.95,0,185913,47,Desenho,Neutro,2113,Exposicao_Face
185930,17,296,315,5.97,0,185930,47,Desenho,Neutro,2130,Exposicao_Face
185947,17,243,311,5.92,0,185947,47,Desenho,Neutro,2147,Exposicao_Face
185963,17,218,303,5.84,0,185963,47,Desenho,Neutro,2163,Exposicao_Face
185980,17,196,325,5.95,0,185980,47,Desenho,Neutro,2180,Exposicao_Face
185996,17,216,312,5.9,0,185996,47,Desenho,Neutro,2196,Exposicao_Face
186013,17,210,299,5.92,0,186013,47,Desenho,Neutro,2213,Exposicao_Face
186030,17,206,317,5.9,0,186030,47,Desenho,Neutro,2230,Exposicao_Face
186046,17,204,300,5.82,0,186046,47,Desenho,Neutro,2246,Exposicao_Face
186063,17,244,314,5.94,0,186063,47,Desenho,Neutro,2263,Exposicao_Face
186080,17,249,315,5.87,0,186080,47,Desenho,Neutro,2280,Exposicao_Face
186096,17,218,309,5.87,0,186096,47,Desenho,Neutro,2296,Exposicao_Face
186113,17,220,307,5.92,0,186113,47,Desenho,Neutro,2313,Exposicao_Face
186130,17,224,314,5.97,0,186130,47,Desenho,Neutro,2330,Exposicao_Face
186146,17,219,312,5.92,0,186146,47,Desenho,Neutro,2346,Exposicao_Face
186163,17,215,295,5.89,0,186163,47,Desenho,Neutro,2363,Exposicao_Face
186179,17,206,289,5.9,0,186179,47,Desenho,Neutro,2379,Exposicao_Face
186196,17,223,307,5.94,0,186196,47,Desenho,Neutro,2396,Exposicao_Face
186213,17,211,325,5.94,0,186213,47,Desenho,Neutro,2413,Exposicao_Face
186229,17,197,307,5.97,0,186229,47,Desenho,Neutro,2429,Exposicao_Face
186246,17,248,302,5.95,0,186246,47,Desenho,Neutro,2446,Exposicao_Face
186263,17,235,315,5.9,0,186263,47,Desenho,Neutro,2463,Exposicao_Face
186279,17,217,306,5.98,0,186279,47,Desenho,Neutro,2479,Exposicao_Face
186296,17,216,311,5.97,0,186296,47,Desenho,Neutro,2496,Exposicao_Face
186313,17,215,330,5.98,0,186313,47,Desenho,Neutro,2513,Exposicao_Face
186329,17,202,304,5.94,0,186329,47,Desenho,Neutro,2529,Exposicao_Face
186346,17,216,320,6.0,0,186346,47,Desenho,Neutro,2546,Exposicao_Face
186362,17,226,305,5.95,0,186362,47,Desenho,Neutro,2562,Exposicao_Face
186379,17,212,300,5.95,0,186379,47,Desenho,Neutro,2579,Exposicao_Face
186396,17,206,303,5.95,0,186396,47,Desenho,Neutro,2596,Exposicao_Face
186412,17,209,293,5.95,0,186412,47,Desenho,Neutro,2612,Exposicao_Face
186429,17,233,352,6.02,0,186429,47,Desenho,Neutro,2629,Exposicao_Face
186446,17,364,364,6.06,0,186446,47,Desenho,Neutro,2646,Exposicao_Face
186462,17,425,393,6.1,0,186462,47,Desenho,Neutro,2662,Exposicao_Face
186479,17,440,410,6.16,0,186479,47,Desenho,Neutro,2679,Exposicao_Face
186496,17,441,398,6.06,0,186496,47,Desenho,Neutro,2696,Exposicao_Face
186512,17,433,392,6.08,0,186512,47,Desenho,Neutro,2712,Exposicao_Face
186529,17,435,386,6.08,0,186529,47,Desenho,Neutro,2729,Exposicao_Face
186545,17,452,394,6.11,0,186545,47,Desenho,Neutro,2745,Exposicao_Face
186562,17,434,397,6.14,0,186562,47,Desenho,Neutro,2762,Exposicao_Face
186579,17,452,396,6.13,0,186579,47,Desenho,Neutro,2779,Exposicao_Face
186595,17,455,395,6.14,0,186595,47,Desenho,Neutro,2795,Exposicao_Face
186612,17,457,393,6.11,0,186612,47,Desenho,Neutro,2812,Exposicao_Face
186629,17,453,386,6.06,0,186629,47,Desenho,Neutro,2829,Exposicao_Face
186645,17,432,403,6.18,0,186645,47,Desenho,Neutro,2845,Exposicao_Face
186662,17,430,398,6.16,0,186662,47,Desenho,Neutro,2862,Exposicao_Face
186679,17,454,386,6.1,0,186679,47,Desenho,Neutro,2879,Exposicao_Face
186695,17,455,414,6.14,0,186695,47,Desenho,Neutro,2895,Exposicao_Face
186712,17,456,369,6.13,0,186712,47,Desenho,Neutro,2912,Exposicao_Face
186728,17,431,410,6.11,0,186728,47,Desenho,Neutro,2928,Exposicao_Face
186745,17,433,401,6.1,0,186745,47,Desenho,Neutro,2945,Exposicao_Face
186762,17,438,422,6.16,0,186762,47,Desenho,Neutro,2962,Exposicao_Face
186778,17,455,405,6.06,0,186778,47,Desenho,Neutro,2978,Exposicao_Face
186795,17,438,410,6.06,0,186795,47,Desenho,Neutro,2995,Exposicao_Face
186812,17,444,401,6.05,0,186812,47,Desenho,Neutro,3012,Exposicao_Face
186828,17,451,400,6.06,0,186828,47,Desenho,Neutro,3028,Exposicao_Face
186845,17,444,413,6.02,0,186845,47,Desenho,Neutro,3045,Exposicao_Face
186862,17,453,423,6.05,0,186862,47,Desenho,Neutro,3062,Exposicao_Face
186878,17,452,401,6.05,0,186878,47,Desenho,Neutro,3078,Exposicao_Face
186895,17,456,406,6.03,0,186895,47,Desenho,Neutro,3095,Exposicao_Face
186911,17,439,424,6.05,0,186911,47,Desenho,Neutro,3111,Exposicao_Face
186928,17,454,385,5.95,0,186928,47,Desenho,Neutro,3128,Exposicao_Face
186945,17,455,389,5.94,0,186945,47,Desenho,Neutro,3145,Exposicao_Face
186961,17,439,395,5.98,0,186961,47,Desenho,Neutro,3161,Exposicao_Face
186978,17,452,417,6.02,0,186978,47,Desenho,Neutro,3178,Exposicao_Face
186995,17,442,411,6.02,0,186995,47,Desenho,Neutro,3195,Exposicao_Face
187011,17,450,400,6.0,0,187011,47,Desenho,Neutro,3211,Exposicao_Face
187028,17,454,384,5.94,0,187028,47,Desenho,Neutro,3228,Exposicao_Face
187044,17,452,392,5.95,0,187044,47,Desenho,Neutro,3244,Exposicao_Face
187061,17,453,402,5.9,0,187061,47,Desenho,Neutro,3261,Exposicao_Face
187078,17,500,436,6.02,0,187078,47,Desenho,Neutro,3278,Exposicao_Face
187094,17,486,434,5.97,0,187094,47,Desenho,Neutro,3294,Exposicao_Face
187111,17,489,451,6.0,0,187111,47,Desenho,Neutro,3311,Exposicao_Face
187128,17,488,426,5.95,0,187128,47,Desenho,Neutro,3328,Exposicao_Face
187144,17,497,424,5.95,0,187144,47,Desenho,Neutro,3344,Exposicao_Face
187161,17,487,448,6.03,0,187161,47,Desenho,Neutro,3361,Exposicao_Face
187178,17,500,433,6.03,0,187178,47,Desenho,Neutro,3378,Exposicao_Face
187194,17,499,446,6.06,0,187194,47,Desenho,Neutro,3394,Exposicao_Face
187211,17,491,449,6.05,0,187211,47,Desenho,Neutro,3411,Exposicao_Face
187227,17,477,443,5.98,0,187227,47,Desenho,Neutro,3427,Exposicao_Face
187244,17,484,423,6.03,0,187244,47,Desenho,Neutro,3444,Exposicao_Face
187261,17,498,443,6.0,0,187261,47,Desenho,Neutro,3461,Exposicao_Face
187277,17,497,428,6.03,0,187277,47,Desenho,Neutro,3477,Exposicao_Face
187294,17,496,448,5.95,0,187294,47,Desenho,Neutro,3494,Exposicao_Face
187311,17,497,448,5.97,0,187311,47,Desenho,Neutro,3511,Exposicao_Face
187327,17,486,443,5.92,0,187327,47,Desenho,Neutro,3527,Exposicao_Face
187344,17,484,442,5.97,0,187344,47,Desenho,Neutro,3544,Exposicao_Face
187361,17,526,444,5.92,0,187361,47,Desenho,Neutro,3561,Exposicao_Face
187377,17,547,450,5.9,0,187377,47,Desenho,Neutro,3577,Exposicao_Face
187394,17,571,386,5.79,0,187394,47,Desenho,Neutro,3594,Exposicao_Face
187410,17,586,512,5.74,0,187410,47,Desenho,Neutro,3610,Exposicao_Face
187427,17,593,575,5.71,0,187427,47,Desenho,Neutro,3627,Exposicao_Face
187444,17,596,592,5.71,0,187444,47,Desenho,Neutro,3644,Exposicao_Face
187460,17,588,584,5.69,0,187460,47,Desenho,Neutro,3660,Exposicao_Face
187477,17,580,553,5.65,0,187477,47,Desenho,Neutro,3677,Exposicao_Face
187494,17,564,470,5.61,0,187494,47,Desenho,Neutro,3694,Exposicao_Face
187510,17,560,460,5.61,0,187510,47,Desenho,Neutro,3710,Exposicao_Face
187527,17,560,386,5.65,0,187527,47,Desenho,Neutro,3727,Exposicao_Face
187544,17,556,356,5.53,0,187544,47,Desenho,Neutro,3744,Exposicao_Face
187560,17,560,304,5.58,0,187560,47,Desenho,Neutro,3760,Exposicao_Face
187577,17,558,331,5.58,0,187577,47,Desenho,Neutro,3777,Exposicao_Face
187593,17,556,397,5.57,0,187593,47,Desenho,Neutro,3793,Exposicao_Face
187610,17,553,404,5.57,0,187610,47,Desenho,Neutro,3810,Exposicao_Face
187627,17,552,409,5.57,0,187627,47,Desenho,Neutro,3827,Exposicao_Face
187643,17,555,395,5.55,0,187643,47,Desenho,Neutro,3843,Exposicao_Face
187660,17,555,396,5.55,0,187660,47,Desenho,Neutro,3860,Exposicao_Face
187677,17,555,392,5.57,0,187677,47,Desenho,Neutro,3877,Exposicao_Face
187693,17,540,411,5.53,0,187693,47,Desenho,Neutro,3893,Exposicao_Face
187710,17,512,438,5.52,0,187710,47,Desenho,Neutro,3910,Exposicao_Face
187727,17,508,431,5.55,0,187727,47,Desenho,Neutro,3927,Exposicao_Face
187743,17,505,422,5.53,0,187743,47,Desenho,Neutro,3943,Exposicao_Face
187760,17,506,412,5.53,0,187760,47,Desenho,Neutro,3960,Exposicao_Face
187776,17,509,417,5.57,0,187776,47,Desenho,Neutro,3976,Exposicao_Face
187793,17,506,431,5.58,0,187793,47,Desenho,Neutro,3993,Exposicao_Face
187810,17,509,421,5.57,0,187810,48,Desenho,Raiva,10,Janela_Baseline
187826,17,508,428,5.57,0,187826,48,Desenho,Raiva,26,Janela_Baseline
187843,17,500,448,5.61,0,187843,48,Desenho,Raiva,43,Janela_Baseline
187860,17,499,426,5.66,0,187860,48,Desenho,Raiva,60,Janela_Baseline
187876,17,498,433,5.66,0,187876,48,Desenho,Raiva,76,Janela_Baseline
187893,17,494,426,5.65,0,187893,48,Desenho,Raiva,93,Janela_Baseline
187910,17,508,413,5.65,0,187910,48,Desenho,Raiva,110,Janela_Baseline
187926,17,504,422,5.71,0,187926,48,Desenho,Raiva,126,Janela_Baseline
187943,17,500,427,5.68,0,187943,48,Desenho,Raiva,143,Janela_Baseline
187959,17,504,435,5.68,0,187959,48,Desenho,Raiva,159,Janela_Baseline
187976,17,505,429,5.74,0,187976,48,Desenho,Raiva,176,Janela_Baseline
187993,17,500,432,5.74,0,187993,48,Desenho,Raiva,193,Janela_Baseline
188009,17,504,429,5.65,0,188009,48,Desenho,Raiva,209,Janela_Baseline
188026,17,501,439,5.73,0,188026,48,Desenho,Raiva,226,Janela_Baseline
188043,17,504,422,5.71,0,188043,48,Desenho,Raiva,243,Janela_Baseline
188059,17,505,439,5.78,0,188059,48,Desenho,Raiva,259,Janela_Baseline
188076,17,504,439,5.73,0,188076,48,Desenho,Raiva,276,Janela_Baseline
188092,17,505,425,5.73,0,188092,48,Desenho,Raiva,292,Janela_Baseline
188109,17,504,435,5.74,0,188109,48,Desenho,Raiva,309,Janela_Baseline
188126,17,505,441,5.78,0,188126,48,Desenho,Raiva,326,Janela_Baseline
188142,17,502,434,5.73,0,188142,48,Desenho,Raiva,342,Janela_Baseline
188159,17,505,429,5.79,0,188159,48,Desenho,Raiva,359,Janela_Baseline
188176,17,498,439,5.76,0,188176,48,Desenho,Raiva,376,Janela_Baseline
188192,17,499,430,5.82,0,188192,48,Desenho,Raiva,392,Janela_Baseline
188209,17,500,425,5.78,0,188209,48,Desenho,Raiva,409,Janela_Baseline
188226,17,499,430,5.81,0,188226,48,Desenho,Raiva,426,Janela_Baseline
188242,17,502,423,5.78,0,188242,48,Desenho,Raiva,442,Janela_Baseline
188259,17,499,434,5.78,0,188259,48,Desenho,Raiva,459,Janela_Baseline
188275,17,499,441,5.82,0,188275,48,Desenho,Raiva,475,Janela_Baseline
188292,17,510,419,5.78,0,188292,48,Desenho,Raiva,492,Janela_Baseline
188309,17,501,416,5.78,0,188309,48,Desenho,Raiva,509,Janela_Baseline
188325,17,498,421,5.82,0,188325,48,Desenho,Raiva,525,Janela_Baseline
188342,17,507,418,5.82,0,188342,48,Desenho,Raiva,542,Janela_Baseline
188359,17,497,430,5.84,0,188359,48,Desenho,Raiva,559,Janela_Baseline
188375,17,496,431,5.86,0,188375,48,Desenho,Raiva,575,Janela_Baseline
188392,17,498,444,5.89,0,188392,48,Desenho,Raiva,592,Janela_Baseline
188409,17,504,438,5.86,0,188409,48,Desenho,Raiva,609,Janela_Baseline
188425,17,504,421,5.9,0,188425,48,Desenho,Raiva,625,Janela_Baseline
188442,17,497,439,5.9,0,188442,48,Desenho,Raiva,642,Janela_Baseline
188458,17,498,435,5.9,0,188458,48,Desenho,Raiva,658,Janela_Baseline
188475,17,502,433,5.94,0,188475,48,Desenho,Raiva,675,Janela_Baseline
188492,17,507,432,5.95,0,188492,48,Desenho,Raiva,692,Janela_Baseline
188508,17,505,435,5.86,0,188508,48,Desenho,Raiva,708,Janela_Baseline
188525,17,502,430,5.9,0,188525,48,Desenho,Raiva,725,Janela_Baseline
188542,17,494,446,5.95,0,188542,48,Desenho,Raiva,742,Janela_Baseline
188558,17,492,429,5.94,0,188558,48,Desenho,Raiva,758,Janela_Baseline
188575,17,488,432,5.92,0,188575,48,Desenho,Raiva,775,Janela_Baseline
188592,17,490,440,5.94,0,188592,48,Desenho,Raiva,792,Janela_Baseline
188608,17,504,438,5.97,0,188608,48,Desenho,Raiva,808,Janela_Baseline
188625,17,494,424,5.9,0,188625,48,Desenho,Raiva,825,Janela_Baseline
188641,17,492,440,5.94,0,188641,48,Desenho,Raiva,841,Janela_Baseline
188658,17,509,431,5.92,0,188658,48,Desenho,Raiva,858,Janela_Baseline
188675,17,574,525,5.9,0,188675,48,Desenho,Raiva,875,Janela_Baseline
188691,17,598,597,5.92,0,188691,48,Desenho,Raiva,891,Janela_Baseline
188708,17,592,592,5.94,0,188708,48,Desenho,Raiva,908,Janela_Baseline
188725,17,605,615,5.97,0,188725,48,Desenho,Raiva,925,Janela_Baseline
188741,17,612,623,5.95,0,188741,48,Desenho,Raiva,941,Janela_Baseline
188758,17,606,619,5.98,0,188758,48,Desenho,Raiva,958,Janela_Baseline
188775,17,595,594,5.92,0,188775,48,Desenho,Raiva,975,Janela_Baseline
188791,17,597,624,5.95,0,188791,48,Desenho,Raiva,991,Janela_Baseline
188808,17,601,638,6.05,0,188808,48,Desenho,Raiva,1008,Janela_Baseline
188824,17,602,618,6.03,0,188824,48,Desenho,Raiva,1024,Janela_Baseline
188841,17,596,623,6.05,0,188841,48,Desenho,Raiva,1041,Janela_Baseline
188858,17,599,609,5.97,0,188858,48,Desenho,Raiva,1058,Janela_Baseline
188874,17,602,626,6.05,0,188874,48,Desenho,Raiva,1074,Janela_Baseline
188891,17,603,611,6.03,0,188891,48,Desenho,Raiva,1091,Janela_Baseline
188908,17,608,625,6.06,0,188908,48,Desenho,Raiva,1108,Janela_Baseline
188924,17,590,611,5.76,0,188924,48,Desenho,Raiva,1124,Janela_Baseline
188941,17,598,619,6.0,0,188941,48,Desenho,Raiva,1141,Janela_Baseline
188958,17,603,603,5.94,0,188958,48,Desenho,Raiva,1158,Janela_Baseline
188974,17,593,618,6.03,0,188974,48,Desenho,Raiva,1174,Janela_Baseline
188991,17,601,623,5.98,0,188991,48,Desenho,Raiva,1191,Janela_Baseline
189007,17,599,622,5.97,0,189007,48,Desenho,Raiva,1207,Janela_Baseline
189024,17,603,610,6.02,0,189024,48,Desenho,Raiva,1224,Janela_Baseline
189041,17,598,613,5.95,0,189041,48,Desenho,Raiva,1241,Janela_Baseline
189057,17,602,612,5.92,0,189057,48,Desenho,Raiva,1257,Janela_Baseline
189074,17,592,613,5.94,0,189074,48,Desenho,Raiva,1274,Janela_Baseline
189091,17,601,614,5.95,0,189091,48,Desenho,Raiva,1291,Janela_Baseline
189107,17,601,625,5.94,0,189107,48,Desenho,Raiva,1307,Exposicao_Face
189124,17,592,614,5.87,0,189124,48,Desenho,Raiva,1324,Exposicao_Face
189141,17,594,616,5.86,0,189141,48,Desenho,Raiva,1341,Exposicao_Face
189157,17,598,598,5.79,0,189157,48,Desenho,Raiva,1357,Exposicao_Face
189174,17,594,587,5.81,0,189174,48,Desenho,Raiva,1374,Exposicao_Face
189190,17,591,605,5.86,0,189190,48,Desenho,Raiva,1390,Exposicao_Face
189207,17,598,605,5.87,0,189207,48,Desenho,Raiva,1407,Exposicao_Face
189224,17,591,605,5.89,0,189224,48,Desenho,Raiva,1424,Exposicao_Face
189240,17,601,596,5.86,0,189240,48,Desenho,Raiva,1440,Exposicao_Face
189257,17,596,593,5.82,0,189257,48,Desenho,Raiva,1457,Exposicao_Face
189274,17,591,609,5.86,0,189274,48,Desenho,Raiva,1474,Exposicao_Face
189290,17,596,625,5.92,0,189290,48,Desenho,Raiva,1490,Exposicao_Face
189307,17,599,585,5.89,0,189307,48,Desenho,Raiva,1507,Exposicao_Face
189323,17,597,611,5.9,0,189323,48,Desenho,Raiva,1523,Exposicao_Face
189340,17,599,605,5.94,0,189340,48,Desenho,Raiva,1540,Exposicao_Face
189357,17,605,598,5.9,0,189357,48,Desenho,Raiva,1557,Exposicao_Face
189373,17,588,586,5.86,0,189373,48,Desenho,Raiva,1573,Exposicao_Face
189390,17,600,612,5.95,0,189390,48,Desenho,Raiva,1590,Exposicao_Face
189407,17,604,622,5.98,0,189407,48,Desenho,Raiva,1607,Exposicao_Face
189423,17,601,621,5.92,0,189423,48,Desenho,Raiva,1623,Exposicao_Face
189440,17,613,613,5.92,0,189440,48,Desenho,Raiva,1640,Exposicao_Face
189457,17,584,610,6.06,0,189457,48,Desenho,Raiva,1657,Exposicao_Face
189473,17,596,611,5.95,0,189473,48,Desenho,Raiva,1673,Exposicao_Face
189490,17,563,569,5.92,0,189490,48,Desenho,Raiva,1690,Exposicao_Face
189506,17,489,555,6.02,0,189506,48,Desenho,Raiva,1706,Exposicao_Face
189523,17,490,527,5.98,0,189523,48,Desenho,Raiva,1723,Exposicao_Face
189540,17,486,519,5.97,0,189540,48,Desenho,Raiva,1740,Exposicao_Face
189556,17,477,520,5.94,0,189556,48,Desenho,Raiva,1756,Exposicao_Face
189573,17,487,524,6.0,0,189573,48,Desenho,Raiva,1773,Exposicao_Face
189590,17,488,528,6.03,0,189590,48,Desenho,Raiva,1790,Exposicao_Face
189606,17,476,534,6.05,0,189606,48,Desenho,Raiva,1806,Exposicao_Face
189623,17,488,535,6.03,0,189623,48,Desenho,Raiva,1823,Exposicao_Face
189640,17,490,545,6.11,0,189640,48,Desenho,Raiva,1840,Exposicao_Face
189656,17,485,542,6.05,0,189656,48,Desenho,Raiva,1856,Exposicao_Face
189673,17,474,531,6.03,0,189673,48,Desenho,Raiva,1873,Exposicao_Face
189689,17,472,466,6.03,0,189689,48,Desenho,Raiva,1889,Exposicao_Face
189706,17,474,430,6.03,0,189706,48,Desenho,Raiva,1906,Exposicao_Face
189723,17,458,433,6.06,0,189723,48,Desenho,Raiva,1923,Exposicao_Face
189739,17,471,427,6.11,0,189739,48,Desenho,Raiva,1939,Exposicao_Face
189756,17,472,436,6.05,0,189756,48,Desenho,Raiva,1956,Exposicao_Face
189773,17,472,432,6.05,0,189773,48,Desenho,Raiva,1973,Exposicao_Face
189789,17,471,437,6.03,0,189789,48,Desenho,Raiva,1989,Exposicao_Face
189806,17,472,438,6.05,0,189806,48,Desenho,Raiva,2006,Exposicao_Face
189823,17,469,431,6.03,0,189823,48,Desenho,Raiva,2023,Exposicao_Face
189839,17,468,414,6.0,0,189839,48,Desenho,Raiva,2039,Exposicao_Face
189856,17,454,432,6.06,0,189856,48,Desenho,Raiva,2056,Exposicao_Face
189872,17,469,415,6.0,0,189872,48,Desenho,Raiva,2072,Exposicao_Face
189889,17,467,411,5.95,0,189889,48,Desenho,Raiva,2089,Exposicao_Face
189906,17,449,422,6.03,0,189906,48,Desenho,Raiva,2106,Exposicao_Face
189922,17,452,416,6.05,0,189922,48,Desenho,Raiva,2122,Exposicao_Face
189939,17,467,419,6.02,0,189939,48,Desenho,Raiva,2139,Exposicao_Face
189956,17,452,440,6.06,0,189956,48,Desenho,Raiva,2156,Exposicao_Face
189972,17,468,430,6.05,0,189972,48,Desenho,Raiva,2172,Exposicao_Face
189989,17,469,426,6.1,0,189989,48,Desenho,Raiva,2189,Exposicao_Face
190006,17,454,411,6.0,0,190006,48,Desenho,Raiva,2206,Exposicao_Face
190022,17,467,430,6.11,0,190022,48,Desenho,Raiva,2222,Exposicao_Face
190039,17,469,427,6.11,0,190039,48,Desenho,Raiva,2239,Exposicao_Face
190055,17,467,422,6.08,0,190055,48,Desenho,Raiva,2255,Exposicao_Face
190072,17,468,410,6.05,0,190072,48,Desenho,Raiva,2272,Exposicao_Face
190089,17,469,412,6.03,0,190089,48,Desenho,Raiva,2289,Exposicao_Face
190105,17,469,415,6.08,0,190105,48,Desenho,Raiva,2305,Exposicao_Face
190122,17,469,417,6.1,0,190122,48,Desenho,Raiva,2322,Exposicao_Face
190139,17,450,430,6.11,0,190139,48,Desenho,Raiva,2339,Exposicao_Face
190155,17,447,430,6.11,0,190155,48,Desenho,Raiva,2355,Exposicao_Face
190172,17,470,415,6.06,0,190172,48,Desenho,Raiva,2372,Exposicao_Face
190189,17,444,464,6.06,0,190189,48,Desenho,Raiva,2389,Exposicao_Face
190205,17,408,572,6.08,0,190205,48,Desenho,Raiva,2405,Exposicao_Face
190222,17,414,591,6.06,0,190222,48,Desenho,Raiva,2422,Exposicao_Face
190238,17,413,598,6.03,0,190238,48,Desenho,Raiva,2438,Exposicao_Face
190255,17,408,630,6.08,0,190255,48,Desenho,Raiva,2455,Exposicao_Face
190272,17,415,628,6.06,0,190272,48,Desenho,Raiva,2472,Exposicao_Face
190288,17,407,644,6.11,0,190288,48,Desenho,Raiva,2488,Exposicao_Face
190305,17,418,623,6.05,0,190305,48,Desenho,Raiva,2505,Exposicao_Face
190322,17,417,615,6.08,0,190322,48,Desenho,Raiva,2522,Exposicao_Face
190338,17,412,620,6.11,0,190338,48,Desenho,Raiva,2538,Exposicao_Face
190355,17,409,614,6.06,0,190355,48,Desenho,Raiva,2555,Exposicao_Face
190372,17,414,610,6.06,0,190372,48,Desenho,Raiva,2572,Exposicao_Face
190388,17,401,632,6.06,0,190388,48,Desenho,Raiva,2588,Exposicao_Face
190405,17,414,625,6.1,0,190405,48,Desenho,Raiva,2605,Exposicao_Face
190421,17,414,617,6.11,0,190421,48,Desenho,Raiva,2621,Exposicao_Face
190438,17,407,607,6.1,0,190438,48,Desenho,Raiva,2638,Exposicao_Face
190455,17,413,601,6.08,0,190455,48,Desenho,Raiva,2655,Exposicao_Face
190471,17,407,611,6.11,0,190471,48,Desenho,Raiva,2671,Exposicao_Face
190488,17,400,602,6.02,0,190488,48,Desenho,Raiva,2688,Exposicao_Face
190505,17,407,627,6.13,0,190505,48,Desenho,Raiva,2705,Exposicao_Face
190521,17,407,608,6.02,0,190521,48,Desenho,Raiva,2721,Exposicao_Face
190538,17,409,614,6.06,0,190538,48,Desenho,Raiva,2738,Exposicao_Face
190554,17,483,652,6.1,0,190554,48,Desenho,Raiva,2754,Exposicao_Face
190571,17,579,621,5.87,0,190571,48,Desenho,Raiva,2771,Exposicao_Face
190588,17,606,629,6.13,0,190588,48,Desenho,Raiva,2788,Exposicao_Face
190604,17,614,638,6.1,0,190604,48,Desenho,Raiva,2804,Exposicao_Face
190621,17,612,630,6.1,0,190621,48,Desenho,Raiva,2821,Exposicao_Face
190638,17,614,622,6.11,0,190638,48,Desenho,Raiva,2838,Exposicao_Face
190654,17,614,631,6.08,0,190654,48,Desenho,Raiva,2854,Exposicao_Face
190671,17,614,617,6.03,0,190671,48,Desenho,Raiva,2871,Exposicao_Face
190688,17,615,609,6.05,0,190688,48,Desenho,Raiva,2888,Exposicao_Face
190704,17,614,621,6.02,0,190704,48,Desenho,Raiva,2904,Exposicao_Face
190721,17,616,620,6.05,0,190721,48,Desenho,Raiva,2921,Exposicao_Face
190737,17,614,635,6.08,0,190737,48,Desenho,Raiva,2937,Exposicao_Face
190754,17,613,627,6.1,0,190754,48,Desenho,Raiva,2954,Exposicao_Face
190771,17,617,633,6.03,0,190771,48,Desenho,Raiva,2971,Exposicao_Face
190787,17,616,637,6.06,0,190787,48,Desenho,Raiva,2987,Exposicao_Face
190804,17,614,648,6.14,0,190804,48,Desenho,Raiva,3004,Exposicao_Face
190821,17,614,605,6.08,0,190821,48,Desenho,Raiva,3021,Exposicao_Face
190837,17,613,605,6.08,0,190837,48,Desenho,Raiva,3037,Exposicao_Face
190854,17,613,636,6.05,0,190854,48,Desenho,Raiva,3054,Exposicao_Face
190871,17,616,617,6.02,0,190871,48,Desenho,Raiva,3071,Exposicao_Face
190887,17,613,609,6.02,0,190887,48,Desenho,Raiva,3087,Exposicao_Face
190904,17,614,631,6.06,0,190904,48,Desenho,Raiva,3104,Exposicao_Face
190920,17,614,623,6.03,0,190920,48,Desenho,Raiva,3120,Exposicao_Face
190937,17,613,625,6.03,0,190937,48,Desenho,Raiva,3137,Exposicao_Face
190954,17,615,618,5.98,0,190954,48,Desenho,Raiva,3154,Exposicao_Face
190970,17,616,618,5.98,0,190970,48,Desenho,Raiva,3170,Exposicao_Face
190987,17,615,632,6.0,0,190987,48,Desenho,Raiva,3187,Exposicao_Face
191004,17,612,648,5.9,0,191004,48,Desenho,Raiva,3204,Exposicao_Face
191020,17,562,554,5.98,0,191020,48,Desenho,Raiva,3220,Exposicao_Face
191037,17,525,464,6.0,0,191037,48,Desenho,Raiva,3237,Exposicao_Face
191054,17,495,443,5.97,0,191054,48,Desenho,Raiva,3254,Exposicao_Face
191070,17,501,439,5.94,0,191070,48,Desenho,Raiva,3270,Exposicao_Face
191087,17,502,448,5.97,0,191087,48,Desenho,Raiva,3287,Exposicao_Face
191103,17,492,446,5.92,0,191103,48,Desenho,Raiva,3303,Exposicao_Face
191120,17,497,462,5.94,0,191120,48,Desenho,Raiva,3320,Exposicao_Face
191137,17,498,457,5.97,0,191137,48,Desenho,Raiva,3337,Exposicao_Face
191153,17,497,456,5.86,0,191153,48,Desenho,Raiva,3353,Exposicao_Face
191170,17,508,465,5.9,0,191170,48,Desenho,Raiva,3370,Exposicao_Face
191187,17,498,451,5.87,0,191187,48,Desenho,Raiva,3387,Exposicao_Face
191203,17,493,463,5.89,0,191203,48,Desenho,Raiva,3403,Exposicao_Face
191220,17,499,455,5.78,0,191220,48,Desenho,Raiva,3420,Exposicao_Face
191237,17,499,456,5.74,0,191237,48,Desenho,Raiva,3437,Exposicao_Face
191253,17,524,454,5.76,0,191253,48,Desenho,Raiva,3453,Exposicao_Face
191270,17,550,472,5.78,0,191270,48,Desenho,Raiva,3470,Exposicao_Face
191286,17,596,435,5.78,0,191286,48,Desenho,Raiva,3486,Exposicao_Face
191303,17,606,531,5.76,0,191303,48,Desenho,Raiva,3503,Exposicao_Face
191320,17,607,604,5.69,0,191320,48,Desenho,Raiva,3520,Exposicao_Face
191336,17,616,632,5.73,0,191336,48,Desenho,Raiva,3536,Exposicao_Face
191353,17,615,593,5.68,0,191353,48,Desenho,Raiva,3553,Exposicao_Face
191370,17,619,627,5.68,0,191370,48,Desenho,Raiva,3570,Exposicao_Face
191386,17,626,613,5.68,0,191386,48,Desenho,Raiva,3586,Exposicao_Face
191403,17,626,600,5.65,0,191403,48,Desenho,Raiva,3603,Exposicao_Face
191420,17,624,584,5.65,0,191420,48,Desenho,Raiva,3620,Exposicao_Face
191436,17,625,600,5.6,0,191436,48,Desenho,Raiva,3636,Exposicao_Face
191453,17,624,591,5.6,0,191453,48,Desenho,Raiva,3653,Exposicao_Face
191469,17,620,648,5.63,0,191469,48,Desenho,Raiva,3669,Exposicao_Face
191486,17,628,662,5.66,0,191486,48,Desenho,Raiva,3686,Exposicao_Face
191503,17,626,646,5.55,0,191503,48,Desenho,Raiva,3703,Exposicao_Face
191519,17,624,670,5.6,0,191519,48,Desenho,Raiva,3719,Exposicao_Face
191536,17,624,681,5.61,0,191536,48,Desenho,Raiva,3736,Exposicao_Face
191553,17,623,687,5.58,0,191553,48,Desenho,Raiva,3753,Exposicao_Face
191569,17,623,692,5.63,0,191569,48,Desenho,Raiva,3769,Exposicao_Face
191586,17,618,680,5.63,0,191586,48,Desenho,Raiva,3786,Exposicao_Face
191602,17,618,701,5.65,0,191602,48,Desenho,Raiva,3802,Exposicao_Face
191619,17,625,700,5.58,0,191619,48,Desenho,Raiva,3819,Exposicao_Face
191636,17,622,846,5.61,0,191636,48,Desenho,Raiva,3836,Exposicao_Face
191652,17,612,918,5.61,0,191652,48,Desenho,Raiva,3852,Exposicao_Face
191669,17,615,911,5.65,0,191669,48,Desenho,Raiva,3869,Exposicao_Face
191686,17,609,911,5.65,0,191686,48,Desenho,Raiva,3886,Exposicao_Face
191702,17,609,908,5.65,0,191702,48,Desenho,Raiva,3902,Exposicao_Face
191719,17,605,913,5.68,0,191719,48,Desenho,Raiva,3919,Exposicao_Face
191736,17,608,914,5.65,0,191736,48,Desenho,Raiva,3936,Exposicao_Face
191752,17,603,915,5.61,0,191752,48,Desenho,Raiva,3952,Exposicao_Face
191769,17,605,915,5.65,0,191769,48,Desenho,Raiva,3969,Exposicao_Face
191785,17,608,912,5.63,0,191785,48,Desenho,Raiva,3985,Exposicao_Face
191802,17,608,914,5.71,0,191802,49,Desenho,Feliz,2,Janela_Baseline
191819,17,605,913,5.71,0,191819,49,Desenho,Feliz,19,Janela_Baseline
191835,17,609,912,5.66,0,191835,49,Desenho,Feliz,35,Janela_Baseline
191852,17,614,909,5.69,0,191852,49,Desenho,Feliz,52,Janela_Baseline
191869,17,606,912,5.76,0,191869,49,Desenho,Feliz,69,Janela_Baseline
191885,17,608,908,5.76,0,191885,49,Desenho,Feliz,85,Janela_Baseline
191902,17,602,909,5.74,0,191902,49,Desenho,Feliz,102,Janela_Baseline
191919,17,603,911,5.73,0,191919,49,Desenho,Feliz,119,Janela_Baseline
191935,17,608,911,5.76,0,191935,49,Desenho,Feliz,135,Janela_Baseline
191952,17,638,954,5.69,0,191952,49,Desenho,Feliz,152,Janela_Baseline
191968,17,682,963,5.73,0,191968,49,Desenho,Feliz,168,Janela_Baseline
191985,17,676,958,5.69,0,191985,49,Desenho,Feliz,185,Janela_Baseline
192002,17,687,966,5.66,0,192002,49,Desenho,Feliz,202,Janela_Baseline
192018,17,686,962,5.74,0,192018,49,Desenho,Feliz,218,Janela_Baseline
192035,17,685,962,5.69,0,192035,49,Desenho,Feliz,235,Janela_Baseline
192052,17,646,812,5.74,0,192052,49,Desenho,Feliz,252,Janela_Baseline
192068,17,589,592,5.66,0,192068,49,Desenho,Feliz,268,Janela_Baseline
192085,17,531,456,5.65,0,192085,49,Desenho,Feliz,285,Janela_Baseline
192102,17,509,398,5.73,0,192102,49,Desenho,Feliz,302,Janela_Baseline
192118,17,512,400,5.66,0,192118,49,Desenho,Feliz,318,Janela_Baseline
192135,17,506,411,5.69,0,192135,49,Desenho,Feliz,335,Janela_Baseline
192151,17,509,399,5.68,0,192151,49,Desenho,Feliz,351,Janela_Baseline
192168,17,507,395,5.65,0,192168,49,Desenho,Feliz,368,Janela_Baseline
192185,17,506,405,5.69,0,192185,49,Desenho,Feliz,385,Janela_Baseline
192201,17,511,385,5.65,0,192201,49,Desenho,Feliz,401,Janela_Baseline
192218,17,503,394,5.71,0,192218,49,Desenho,Feliz,418,Janela_Baseline
192235,17,506,386,5.71,0,192235,49,Desenho,Feliz,435,Janela_Baseline
192251,17,505,393,5.68,0,192251,49,Desenho,Feliz,451,Janela_Baseline
192268,17,509,393,5.66,0,192268,49,Desenho,Feliz,468,Janela_Baseline
192285,17,505,411,5.69,0,192285,49,Desenho,Feliz,485,Janela_Baseline
192301,17,504,383,5.65,0,192301,49,Desenho,Feliz,501,Janela_Baseline
192318,17,505,411,5.66,0,192318,49,Desenho,Feliz,518,Janela_Baseline
192334,17,507,429,5.74,0,192334,49,Desenho,Feliz,534,Janela_Baseline
192351,17,505,410,5.69,0,192351,49,Desenho,Feliz,551,Janela_Baseline
192368,17,507,405,5.66,0,192368,49,Desenho,Feliz,568,Janela_Baseline
192384,17,507,404,5.66,0,192384,49,Desenho,Feliz,584,Janela_Baseline
192401,17,504,403,5.65,0,192401,49,Desenho,Feliz,601,Janela_Baseline
192418,17,503,410,5.65,0,192418,49,Desenho,Feliz,618,Janela_Baseline
192434,17,513,399,5.55,0,192434,49,Desenho,Feliz,634,Janela_Baseline
192451,17,496,417,5.61,0,192451,49,Desenho,Feliz,651,Janela_Baseline
192468,17,364,458,5.57,0,192468,49,Desenho,Feliz,668,Janela_Baseline
192484,17,336,467,5.52,0,192484,49,Desenho,Feliz,684,Janela_Baseline
192501,17,333,458,5.49,0,192501,49,Desenho,Feliz,701,Janela_Baseline
192517,17,325,451,5.47,0,192517,49,Desenho,Feliz,717,Janela_Baseline
192534,17,330,443,5.41,0,192534,49,Desenho,Feliz,734,Janela_Baseline
192551,17,328,455,5.41,0,192551,49,Desenho,Feliz,751,Janela_Baseline
192567,17,332,444,5.44,0,192567,49,Desenho,Feliz,767,Janela_Baseline
192584,17,329,459,5.45,0,192584,49,Desenho,Feliz,784,Janela_Baseline
192601,17,327,453,5.44,0,192601,49,Desenho,Feliz,801,Janela_Baseline
192617,17,330,439,5.39,0,192617,49,Desenho,Feliz,817,Janela_Baseline
192634,17,333,460,5.49,0,192634,49,Desenho,Feliz,834,Janela_Baseline
192651,17,328,444,5.41,0,192651,49,Desenho,Feliz,851,Janela_Baseline
192667,17,324,456,5.49,0,192667,49,Desenho,Feliz,867,Janela_Baseline
192684,17,326,464,5.52,0,192684,49,Desenho,Feliz,884,Janela_Baseline
192700,17,331,448,5.5,0,192700,49,Desenho,Feliz,900,Janela_Baseline
192717,17,322,458,5.5,0,192717,49,Desenho,Feliz,917,Janela_Baseline
192734,17,327,451,5.45,0,192734,49,Desenho,Feliz,934,Janela_Baseline
192750,17,332,450,5.52,0,192750,49,Desenho,Feliz,950,Janela_Baseline
192767,17,267,441,5.5,0,192767,49,Desenho,Feliz,967,Janela_Baseline
192784,17,243,437,5.49,0,192784,49,Desenho,Feliz,984,Janela_Baseline
192800,17,262,440,5.49,0,192800,49,Desenho,Feliz,1000,Janela_Baseline
192817,17,259,460,5.52,0,192817,49,Desenho,Feliz,1017,Janela_Baseline
192833,17,260,440,5.5,0,192833,49,Desenho,Feliz,1033,Janela_Baseline
192850,17,262,435,5.44,0,192850,49,Desenho,Feliz,1050,Janela_Baseline
192867,17,257,445,5.39,0,192867,49,Desenho,Feliz,1067,Janela_Baseline
192883,17,262,446,5.39,0,192883,49,Desenho,Feliz,1083,Janela_Baseline
192900,17,254,447,5.49,0,192900,49,Desenho,Feliz,1100,Janela_Baseline
192917,17,259,442,5.49,0,192917,49,Desenho,Feliz,1117,Janela_Baseline
192933,17,260,427,5.41,0,192933,49,Desenho,Feliz,1133,Janela_Baseline
192950,17,246,442,5.44,0,192950,49,Desenho,Feliz,1150,Janela_Baseline
192967,17,248,444,5.42,0,192967,49,Desenho,Feliz,1167,Janela_Baseline
192983,17,244,445,5.47,0,192983,49,Desenho,Feliz,1183,Janela_Baseline
193000,17,265,445,5.49,0,193000,49,Desenho,Feliz,1200,Janela_Baseline
193016,17,260,434,5.41,0,193016,49,Desenho,Feliz,1216,Janela_Baseline
193033,17,246,436,5.41,0,193033,49,Desenho,Feliz,1233,Janela_Baseline
193050,17,235,450,5.44,0,193050,49,Desenho,Feliz,1250,Janela_Baseline
193066,17,250,443,5.41,0,193066,49,Desenho,Feliz,1266,Janela_Baseline
193083,17,232,459,5.44,0,193083,49,Desenho,Feliz,1283,Janela_Baseline
193100,17,260,460,5.41,0,193100,49,Desenho,Feliz,1300,Exposicao_Face
193116,17,256,429,5.42,0,193116,49,Desenho,Feliz,1316,Exposicao_Face
193133,17,243,443,5.44,0,193133,49,Desenho,Feliz,1333,Exposicao_Face
193150,17,243,443,5.34,0,193150,49,Desenho,Feliz,1350,Exposicao_Face
193166,17,209,447,5.42,0,193166,49,Desenho,Feliz,1366,Exposicao_Face
193183,17,292,368,5.42,0,193183,49,Desenho,Feliz,1383,Exposicao_Face
193199,17,297,321,5.39,0,193199,49,Desenho,Feliz,1399,Exposicao_Face
193216,17,310,325,5.42,0,193216,49,Desenho,Feliz,1416,Exposicao_Face
193233,17,312,298,5.39,0,193233,49,Desenho,Feliz,1433,Exposicao_Face
193249,17,314,308,5.42,0,193249,49,Desenho,Feliz,1449,Exposicao_Face
193266,17,308,326,5.42,0,193266,49,Desenho,Feliz,1466,Exposicao_Face
193283,17,307,309,5.42,0,193283,49,Desenho,Feliz,1483,Exposicao_Face
193299,17,315,329,5.52,0,193299,49,Desenho,Feliz,1499,Exposicao_Face
193316,17,321,314,5.45,0,193316,49,Desenho,Feliz,1516,Exposicao_Face
193333,17,312,315,5.45,0,193333,49,Desenho,Feliz,1533,Exposicao_Face
193349,17,307,323,5.42,0,193349,49,Desenho,Feliz,1549,Exposicao_Face
193366,17,388,347,5.5,0,193366,49,Desenho,Feliz,1566,Exposicao_Face
193382,17,459,357,5.57,0,193382,49,Desenho,Feliz,1582,Exposicao_Face
193399,17,468,378,5.53,0,193399,49,Desenho,Feliz,1599,Exposicao_Face
193416,17,480,407,5.6,0,193416,49,Desenho,Feliz,1616,Exposicao_Face
193432,17,470,368,5.53,0,193432,49,Desenho,Feliz,1632,Exposicao_Face
193449,17,476,399,5.61,0,193449,49,Desenho,Feliz,1649,Exposicao_Face
193466,17,475,376,5.6,0,193466,49,Desenho,Feliz,1666,Exposicao_Face
193482,17,470,387,5.63,0,193482,49,Desenho,Feliz,1682,Exposicao_Face
193499,17,473,374,5.61,0,193499,49,Desenho,Feliz,1699,Exposicao_Face
193516,17,472,386,5.58,0,193516,49,Desenho,Feliz,1716,Exposicao_Face
193532,17,473,381,5.65,0,193532,49,Desenho,Feliz,1732,Exposicao_Face
193549,17,474,382,5.65,0,193549,49,Desenho,Feliz,1749,Exposicao_Face
193565,17,475,380,5.66,0,193565,49,Desenho,Feliz,1765,Exposicao_Face
193582,17,473,386,5.69,0,193582,49,Desenho,Feliz,1782,Exposicao_Face
193599,17,475,380,5.66,0,193599,49,Desenho,Feliz,1799,Exposicao_Face
193615,17,472,380,5.69,0,193615,49,Desenho,Feliz,1815,Exposicao_Face
193632,17,470,382,5.68,0,193632,49,Desenho,Feliz,1832,Exposicao_Face
193649,17,473,388,5.69,0,193649,49,Desenho,Feliz,1849,Exposicao_Face
193665,17,564,400,5.79,0,193665,49,Desenho,Feliz,1865,Exposicao_Face
193682,17,663,373,5.71,0,193682,49,Desenho,Feliz,1882,Exposicao_Face
193699,17,726,414,5.73,0,193699,49,Desenho,Feliz,1899,Exposicao_Face
193715,17,722,402,5.69,0,193715,49,Desenho,Feliz,1915,Exposicao_Face
193732,17,725,411,5.76,0,193732,49,Desenho,Feliz,1932,Exposicao_Face
193748,17,724,414,5.78,0,193748,49,Desenho,Feliz,1948,Exposicao_Face
193765,17,726,405,5.76,0,193765,49,Desenho,Feliz,1965,Exposicao_Face
193782,17,725,411,5.78,0,193782,49,Desenho,Feliz,1982,Exposicao_Face
193798,17,730,402,5.82,0,193798,49,Desenho,Feliz,1998,Exposicao_Face
193815,17,739,424,5.74,0,193815,49,Desenho,Feliz,2015,Exposicao_Face
193832,17,739,407,5.73,0,193832,49,Desenho,Feliz,2032,Exposicao_Face
193848,17,734,397,5.79,0,193848,49,Desenho,Feliz,2048,Exposicao_Face
193865,17,724,407,5.79,0,193865,49,Desenho,Feliz,2065,Exposicao_Face
193881,17,729,419,5.78,0,193881,49,Desenho,Feliz,2081,Exposicao_Face
193898,17,739,396,5.79,0,193898,49,Desenho,Feliz,2098,Exposicao_Face
193915,17,725,401,5.76,0,193915,49,Desenho,Feliz,2115,Exposicao_Face
193931,17,739,398,5.73,0,193931,49,Desenho,Feliz,2131,Exposicao_Face
193948,17,736,389,5.79,0,193948,49,Desenho,Feliz,2148,Exposicao_Face
193965,17,731,411,5.76,0,193965,49,Desenho,Feliz,2165,Exposicao_Face
193981,17,731,406,5.71,0,193981,49,Desenho,Feliz,2181,Exposicao_Face
193998,17,730,400,5.71,0,193998,49,Desenho,Feliz,2198,Exposicao_Face
194015,17,728,423,5.74,0,194015,49,Desenho,Feliz,2215,Exposicao_Face
194031,17,732,415,5.71,0,194031,49,Desenho,Feliz,2231,Exposicao_Face
194048,17,726,400,5.65,0,194048,49,Desenho,Feliz,2248,Exposicao_Face
194064,17,733,398,5.61,0,194064,49,Desenho,Feliz,2264,Exposicao_Face
194081,17,728,397,5.65,0,194081,49,Desenho,Feliz,2281,Exposicao_Face
194098,17,729,398,5.65,0,194098,49,Desenho,Feliz,2298,Exposicao_Face
194114,17,677,337,5.66,0,194114,49,Desenho,Feliz,2314,Exposicao_Face
194131,17,664,316,5.66,0,194131,49,Desenho,Feliz,2331,Exposicao_Face
194148,17,662,302,5.68,0,194148,49,Desenho,Feliz,2348,Exposicao_Face
194164,17,668,282,5.63,0,194164,49,Desenho,Feliz,2364,Exposicao_Face
194181,17,666,298,5.71,0,194181,49,Desenho,Feliz,2381,Exposicao_Face
194198,17,659,329,5.66,0,194198,49,Desenho,Feliz,2398,Exposicao_Face
194214,17,660,329,5.65,0,194214,49,Desenho,Feliz,2414,Exposicao_Face
194231,17,663,313,5.65,0,194231,49,Desenho,Feliz,2431,Exposicao_Face
194247,17,661,314,5.65,0,194247,49,Desenho,Feliz,2447,Exposicao_Face
194264,17,659,307,5.66,0,194264,49,Desenho,Feliz,2464,Exposicao_Face
194281,17,658,321,5.66,0,194281,49,Desenho,Feliz,2481,Exposicao_Face
194297,17,665,291,5.66,0,194297,49,Desenho,Feliz,2497,Exposicao_Face
194314,17,662,288,5.63,0,194314,49,Desenho,Feliz,2514,Exposicao_Face
194331,17,661,304,5.69,0,194331,49,Desenho,Feliz,2531,Exposicao_Face
194347,17,661,305,5.69,0,194347,49,Desenho,Feliz,2547,Exposicao_Face
194364,17,664,294,5.69,0,194364,49,Desenho,Feliz,2564,Exposicao_Face
194381,17,671,298,5.71,0,194381,49,Desenho,Feliz,2581,Exposicao_Face
194397,17,664,288,5.66,0,194397,49,Desenho,Feliz,2597,Exposicao_Face
194414,17,665,315,5.79,0,194414,49,Desenho,Feliz,2614,Exposicao_Face
194430,17,663,296,5.73,0,194430,49,Desenho,Feliz,2630,Exposicao_Face
194447,17,664,277,5.65,0,194447,49,Desenho,Feliz,2647,Exposicao_Face
194464,17,696,289,5.58,0,194464,49,Desenho,Feliz,2664,Exposicao_Face
194480,17,756,284,5.68,0,194480,49,Desenho,Feliz,2680,Exposicao_Face
194497,17,750,296,5.66,0,194497,49,Desenho,Feliz,2697,Exposicao_Face
194514,17,775,285,5.61,0,194514,49,Desenho,Feliz,2714,Exposicao_Face
194530,17,780,278,5.58,0,194530,49,Desenho,Feliz,2730,Exposicao_Face
194547,17,772,263,5.6,0,194547,49,Desenho,Feliz,2747,Exposicao_Face
194564,17,776,275,5.6,0,194564,49,Desenho,Feliz,2764,Exposicao_Face
194580,17,775,279,5.61,0,194580,49,Desenho,Feliz,2780,Exposicao_Face
194597,17,770,293,5.65,0,194597,49,Desenho,Feliz,2797,Exposicao_Face
194613,17,756,284,5.65,0,194613,49,Desenho,Feliz,2813,Exposicao_Face
194630,17,755,288,5.69,0,194630,49,Desenho,Feliz,2830,Exposicao_Face
194647,17,760,317,5.74,0,194647,49,Desenho,Feliz,2847,Exposicao_Face
194663,17,767,297,5.65,0,194663,49,Desenho,Feliz,2863,Exposicao_Face
194680,17,755,268,5.68,0,194680,49,Desenho,Feliz,2880,Exposicao_Face
194697,17,759,269,5.65,0,194697,49,Desenho,Feliz,2897,Exposicao_Face
194713,17,754,273,5.69,0,194713,49,Desenho,Feliz,2913,Exposicao_Face
194730,17,759,279,5.65,0,194730,49,Desenho,Feliz,2930,Exposicao_Face
194747,17,776,299,5.69,0,194747,49,Desenho,Feliz,2947,Exposicao_Face
194763,17,772,276,5.63,0,194763,49,Desenho,Feliz,2963,Exposicao_Face
194780,17,795,290,5.71,0,194780,49,Desenho,Feliz,2980,Exposicao_Face
194796,17,789,281,5.66,0,194796,49,Desenho,Feliz,2996,Exposicao_Face
194813,17,754,294,5.68,0,194813,49,Desenho,Feliz,3013,Exposicao_Face
194830,17,784,276,5.65,0,194830,49,Desenho,Feliz,3030,Exposicao_Face
194846,17,789,267,5.66,0,194846,49,Desenho,Feliz,3046,Exposicao_Face
194863,17,777,281,5.71,0,194863,49,Desenho,Feliz,3063,Exposicao_Face
194880,17,773,298,5.68,0,194880,49,Desenho,Feliz,3080,Exposicao_Face
194896,17,775,276,5.6,0,194896,49,Desenho,Feliz,3096,Exposicao_Face
194913,17,791,291,5.73,0,194913,49,Desenho,Feliz,3113,Exposicao_Face
194930,17,798,283,5.71,0,194930,49,Desenho,Feliz,3130,Exposicao_Face
194946,17,774,277,5.71,0,194946,49,Desenho,Feliz,3146,Exposicao_Face
194963,17,772,278,5.69,0,194963,49,Desenho,Feliz,3163,Exposicao_Face
194979,17,777,303,5.69,0,194979,49,Desenho,Feliz,3179,Exposicao_Face
194996,17,774,287,5.74,0,194996,49,Desenho,Feliz,3196,Exposicao_Face
195013,17,773,281,5.66,0,195013,49,Desenho,Feliz,3213,Exposicao_Face
195029,17,774,279,5.71,0,195029,49,Desenho,Feliz,3229,Exposicao_Face
195046,17,770,272,5.66,0,195046,49,Desenho,Feliz,3246,Exposicao_Face
195063,17,777,278,5.69,0,195063,49,Desenho,Feliz,3263,Exposicao_Face
195079,17,776,276,5.68,0,195079,49,Desenho,Feliz,3279,Exposicao_Face
195096,17,778,278,5.66,0,195096,49,Desenho,Feliz,3296,Exposicao_Face
195112,17,773,288,5.68,0,195112,49,Desenho,Feliz,3312,Exposicao_Face
195129,17,675,388,5.78,0,195129,49,Desenho,Feliz,3329,Exposicao_Face
195146,17,568,435,5.74,0,195146,49,Desenho,Feliz,3346,Exposicao_Face
195162,17,537,456,5.74,0,195162,49,Desenho,Feliz,3362,Exposicao_Face
195179,17,525,446,5.68,0,195179,49,Desenho,Feliz,3379,Exposicao_Face
195196,17,523,460,5.69,0,195196,49,Desenho,Feliz,3396,Exposicao_Face
195212,17,530,469,5.73,0,195212,49,Desenho,Feliz,3412,Exposicao_Face
195229,17,523,459,5.65,0,195229,49,Desenho,Feliz,3429,Exposicao_Face
195246,17,524,456,5.65,0,195246,49,Desenho,Feliz,3446,Exposicao_Face
195262,17,525,438,5.6,0,195262,49,Desenho,Feliz,3462,Exposicao_Face
195279,17,522,443,5.6,0,195279,49,Desenho,Feliz,3479,Exposicao_Face
195295,17,521,458,5.65,0,195295,49,Desenho,Feliz,3495,Exposicao_Face
195312,17,520,462,5.68,0,195312,49,Desenho,Feliz,3512,Exposicao_Face
195329,17,522,466,5.66,0,195329,49,Desenho,Feliz,3529,Exposicao_Face
195345,17,521,468,5.69,0,195345,49,Desenho,Feliz,3545,Exposicao_Face
195362,17,526,467,5.65,0,195362,49,Desenho,Feliz,3562,Exposicao_Face
195379,17,522,459,5.61,0,195379,49,Desenho,Feliz,3579,Exposicao_Face
195395,17,517,417,5.55,0,195395,49,Desenho,Feliz,3595,Exposicao_Face
195412,17,519,495,5.65,0,195412,49,Desenho,Feliz,3612,Exposicao_Face
195429,17,528,540,5.53,0,195429,49,Desenho,Feliz,3629,Exposicao_Face
195445,17,509,619,5.55,0,195445,49,Desenho,Feliz,3645,Exposicao_Face
195462,17,500,632,5.61,0,195462,49,Desenho,Feliz,3662,Exposicao_Face
195478,17,573,547,0.0,0,195478,49,Desenho,Feliz,3678,Exposicao_Face
195495,17,502,625,5.57,0,195495,49,Desenho,Feliz,3695,Exposicao_Face
195512,17,519,527,5.53,0,195512,49,Desenho,Feliz,3712,Exposicao_Face
195528,17,526,457,5.61,0,195528,49,Desenho,Feliz,3728,Exposicao_Face
195545,17,527,411,5.57,0,195545,49,Desenho,Feliz,3745,Exposicao_Face
195562,17,529,450,5.55,0,195562,49,Desenho,Feliz,3762,Exposicao_Face
195578,17,532,475,5.58,0,195578,49,Desenho,Feliz,3778,Exposicao_Face
195595,17,530,477,5.52,0,195595,49,Desenho,Feliz,3795,Exposicao_Face
195612,17,532,459,5.53,0,195612,49,Desenho,Feliz,3812,Exposicao_Face
195628,17,531,474,5.6,0,195628,49,Desenho,Feliz,3828,Exposicao_Face
195645,17,530,460,5.57,0,195645,49,Desenho,Feliz,3845,Exposicao_Face
195661,17,524,477,5.58,0,195661,49,Desenho,Feliz,3861,Exposicao_Face
195678,17,531,489,5.58,0,195678,49,Desenho,Feliz,3878,Exposicao_Face
195695,17,528,498,5.6,0,195695,49,Desenho,Feliz,3895,Exposicao_Face
195711,17,529,479,5.58,0,195711,49,Desenho,Feliz,3911,Exposicao_Face
195728,17,535,490,5.58,0,195728,49,Desenho,Feliz,3928,Exposicao_Face
195745,17,533,492,5.6,0,195745,49,Desenho,Feliz,3945,Exposicao_Face
195761,17,530,467,5.53,0,195761,49,Desenho,Feliz,3961,Exposicao_Face
195778,17,535,506,5.61,0,195778,49,Desenho,Feliz,3978,Exposicao_Face
195795,17,532,486,5.66,0,195795,49,Desenho,Feliz,3995,Exposicao_Face
195811,17,536,484,5.61,0,195811,50,Desenho,Neutro,11,Janela_Baseline
195828,17,538,494,5.65,0,195828,50,Desenho,Neutro,28,Janela_Baseline
195844,17,533,469,5.61,0,195844,50,Desenho,Neutro,44,Janela_Baseline
195861,17,537,488,5.65,0,195861,50,Desenho,Neutro,61,Janela_Baseline
195878,17,538,497,5.66,0,195878,50,Desenho,Neutro,78,Janela_Baseline
195894,17,534,491,5.63,0,195894,50,Desenho,Neutro,94,Janela_Baseline
195911,17,535,497,5.71,0,195911,50,Desenho,Neutro,111,Janela_Baseline
195928,17,535,480,5.73,0,195928,50,Desenho,Neutro,128,Janela_Baseline
195944,17,529,478,5.69,0,195944,50,Desenho,Neutro,144,Janela_Baseline
195961,17,534,469,5.69,0,195961,50,Desenho,Neutro,161,Janela_Baseline
195978,17,534,484,5.76,0,195978,50,Desenho,Neutro,178,Janela_Baseline
195994,17,529,496,5.78,0,195994,50,Desenho,Neutro,194,Janela_Baseline
196011,17,533,460,5.71,0,196011,50,Desenho,Neutro,211,Janela_Baseline
196027,17,529,484,5.78,0,196027,50,Desenho,Neutro,227,Janela_Baseline
196044,17,535,509,5.79,0,196044,50,Desenho,Neutro,244,Janela_Baseline
196061,17,534,478,5.76,0,196061,50,Desenho,Neutro,261,Janela_Baseline
196077,17,532,488,5.81,0,196077,50,Desenho,Neutro,277,Janela_Baseline
196094,17,532,489,5.84,0,196094,50,Desenho,Neutro,294,Janela_Baseline
196111,17,530,482,5.89,0,196111,50,Desenho,Neutro,311,Janela_Baseline
196127,17,539,486,5.86,0,196127,50,Desenho,Neutro,327,Janela_Baseline
196144,17,529,491,5.87,0,196144,50,Desenho,Neutro,344,Janela_Baseline
196160,17,530,476,5.89,0,196160,50,Desenho,Neutro,360,Janela_Baseline
196177,17,536,482,5.84,0,196177,50,Desenho,Neutro,377,Janela_Baseline
196194,17,532,495,5.9,0,196194,50,Desenho,Neutro,394,Janela_Baseline
196210,17,538,461,5.79,0,196210,50,Desenho,Neutro,410,Janela_Baseline
196227,17,530,476,5.86,0,196227,50,Desenho,Neutro,427,Janela_Baseline
196244,17,535,491,5.89,0,196244,50,Desenho,Neutro,444,Janela_Baseline
196260,17,536,496,5.82,0,196260,50,Desenho,Neutro,460,Janela_Baseline
196277,17,536,490,5.9,0,196277,50,Desenho,Neutro,477,Janela_Baseline
196294,17,476,473,5.92,0,196294,50,Desenho,Neutro,494,Janela_Baseline
196310,17,402,440,5.76,0,196310,50,Desenho,Neutro,510,Janela_Baseline
196327,17,357,403,5.68,0,196327,50,Desenho,Neutro,527,Janela_Baseline
196343,17,377,415,5.81,0,196343,50,Desenho,Neutro,543,Janela_Baseline
196360,17,382,428,5.89,0,196360,50,Desenho,Neutro,560,Janela_Baseline
196377,17,362,422,5.81,0,196377,50,Desenho,Neutro,577,Janela_Baseline
196393,17,350,422,5.81,0,196393,50,Desenho,Neutro,593,Janela_Baseline
196410,17,361,410,5.71,0,196410,50,Desenho,Neutro,610,Janela_Baseline
196427,17,373,409,5.74,0,196427,50,Desenho,Neutro,627,Janela_Baseline
196443,17,375,422,5.76,0,196443,50,Desenho,Neutro,643,Janela_Baseline
196460,17,376,425,5.79,0,196460,50,Desenho,Neutro,660,Janela_Baseline
196477,17,378,406,5.66,0,196477,50,Desenho,Neutro,677,Janela_Baseline
196493,17,384,378,5.66,0,196493,50,Desenho,Neutro,693,Janela_Baseline
196510,17,378,423,5.76,0,196510,50,Desenho,Neutro,710,Janela_Baseline
196526,17,379,386,5.68,0,196526,50,Desenho,Neutro,726,Janela_Baseline
196543,17,376,408,5.68,0,196543,50,Desenho,Neutro,743,Janela_Baseline
196560,17,294,411,5.65,0,196560,50,Desenho,Neutro,760,Janela_Baseline
196576,17,287,379,5.58,0,196576,50,Desenho,Neutro,776,Janela_Baseline
196593,17,281,387,5.66,0,196593,50,Desenho,Neutro,793,Janela_Baseline
196610,17,242,409,5.73,0,196610,50,Desenho,Neutro,810,Janela_Baseline
196626,17,278,394,5.63,0,196626,50,Desenho,Neutro,826,Janela_Baseline
196643,17,238,387,5.6,0,196643,50,Desenho,Neutro,843,Janela_Baseline
196660,17,246,400,5.66,0,196660,50,Desenho,Neutro,860,Janela_Baseline
196676,17,275,387,5.63,0,196676,50,Desenho,Neutro,876,Janela_Baseline
196693,17,239,389,5.66,0,196693,50,Desenho,Neutro,893,Janela_Baseline
196709,17,236,401,5.6,0,196709,50,Desenho,Neutro,909,Janela_Baseline
196726,17,253,400,5.68,0,196726,50,Desenho,Neutro,926,Janela_Baseline
196743,17,247,404,5.74,0,196743,50,Desenho,Neutro,943,Janela_Baseline
196759,17,247,397,5.71,0,196759,50,Desenho,Neutro,959,Janela_Baseline
196776,17,240,398,5.69,0,196776,50,Desenho,Neutro,976,Janela_Baseline
196793,17,275,402,5.73,0,196793,50,Desenho,Neutro,993,Janela_Baseline
196809,17,255,395,5.71,0,196809,50,Desenho,Neutro,1009,Janela_Baseline
196826,17,242,404,5.74,0,196826,50,Desenho,Neutro,1026,Janela_Baseline
196843,17,244,404,5.68,0,196843,50,Desenho,Neutro,1043,Janela_Baseline
196859,17,240,412,5.71,0,196859,50,Desenho,Neutro,1059,Janela_Baseline
196876,17,242,430,5.86,0,196876,50,Desenho,Neutro,1076,Janela_Baseline
196892,17,244,387,5.69,0,196892,50,Desenho,Neutro,1092,Janela_Baseline
196909,17,271,391,5.68,0,196909,50,Desenho,Neutro,1109,Janela_Baseline
196926,17,237,390,5.76,0,196926,50,Desenho,Neutro,1126,Janela_Baseline
196942,17,249,393,5.73,0,196942,50,Desenho,Neutro,1142,Janela_Baseline
196959,17,236,387,5.73,0,196959,50,Desenho,Neutro,1159,Janela_Baseline
196976,17,278,399,5.76,0,196976,50,Desenho,Neutro,1176,Janela_Baseline
196992,17,243,405,5.81,0,196992,50,Desenho,Neutro,1192,Janela_Baseline
197009,17,251,391,5.86,0,197009,50,Desenho,Neutro,1209,Janela_Baseline
197026,17,260,416,5.92,0,197026,50,Desenho,Neutro,1226,Janela_Baseline
197042,17,249,410,5.82,0,197042,50,Desenho,Neutro,1242,Janela_Baseline
197059,17,270,407,5.9,0,197059,50,Desenho,Neutro,1259,Janela_Baseline
197075,17,285,394,5.86,0,197075,50,Desenho,Neutro,1275,Janela_Baseline
197092,17,260,406,5.84,0,197092,50,Desenho,Neutro,1292,Janela_Baseline
197109,17,211,420,5.84,0,197109,50,Desenho,Neutro,1309,Exposicao_Face
197125,17,251,411,5.89,0,197125,50,Desenho,Neutro,1325,Exposicao_Face
197142,17,255,397,5.86,0,197142,50,Desenho,Neutro,1342,Exposicao_Face
197159,17,253,397,5.87,0,197159,50,Desenho,Neutro,1359,Exposicao_Face
197175,17,248,420,5.92,0,197175,50,Desenho,Neutro,1375,Exposicao_Face
197192,17,240,412,5.89,0,197192,50,Desenho,Neutro,1392,Exposicao_Face
197209,17,245,410,5.82,0,197209,50,Desenho,Neutro,1409,Exposicao_Face
197225,17,283,401,5.89,0,197225,50,Desenho,Neutro,1425,Exposicao_Face
197242,17,251,411,5.87,0,197242,50,Desenho,Neutro,1442,Exposicao_Face
197258,17,255,422,5.92,0,197258,50,Desenho,Neutro,1458,Exposicao_Face
197275,17,295,440,5.9,0,197275,50,Desenho,Neutro,1475,Exposicao_Face
197292,17,384,527,5.95,0,197292,50,Desenho,Neutro,1492,Exposicao_Face
197308,17,470,591,6.05,0,197308,50,Desenho,Neutro,1508,Exposicao_Face
197325,17,478,587,5.97,0,197325,50,Desenho,Neutro,1525,Exposicao_Face
197342,17,471,612,6.05,0,197342,50,Desenho,Neutro,1542,Exposicao_Face
197358,17,490,603,6.08,0,197358,50,Desenho,Neutro,1558,Exposicao_Face
197375,17,481,620,6.05,0,197375,50,Desenho,Neutro,1575,Exposicao_Face
197391,17,481,618,6.14,0,197391,50,Desenho,Neutro,1591,Exposicao_Face
197408,17,483,626,6.06,0,197408,50,Desenho,Neutro,1608,Exposicao_Face
197425,17,483,607,6.06,0,197425,50,Desenho,Neutro,1625,Exposicao_Face
197441,17,488,614,6.05,0,197441,50,Desenho,Neutro,1641,Exposicao_Face
197458,17,484,615,6.1,0,197458,50,Desenho,Neutro,1658,Exposicao_Face
197475,17,464,630,6.11,0,197475,50,Desenho,Neutro,1675,Exposicao_Face
197491,17,460,632,5.98,0,197491,50,Desenho,Neutro,1691,Exposicao_Face
197508,17,483,611,6.05,0,197508,50,Desenho,Neutro,1708,Exposicao_Face
197525,17,483,609,6.03,0,197525,50,Desenho,Neutro,1725,Exposicao_Face
197541,17,486,595,6.03,0,197541,50,Desenho,Neutro,1741,Exposicao_Face
197558,17,535,711,6.06,0,197558,50,Desenho,Neutro,1758,Exposicao_Face
197574,17,533,633,6.13,0,197574,50,Desenho,Neutro,1774,Exposicao_Face
197591,17,539,719,5.98,0,197591,50,Desenho,Neutro,1791,Exposicao_Face
197608,17,556,683,6.02,0,197608,50,Desenho,Neutro,1808,Exposicao_Face
197624,17,538,632,5.98,0,197624,50,Desenho,Neutro,1824,Exposicao_Face
197641,17,551,738,5.76,0,197641,50,Desenho,Neutro,1841,Exposicao_Face
197658,17,535,662,5.95,0,197658,50,Desenho,Neutro,1858,Exposicao_Face
197674,17,541,735,5.97,0,197674,50,Desenho,Neutro,1874,Exposicao_Face
197691,17,542,658,6.0,0,197691,50,Desenho,Neutro,1891,Exposicao_Face
197708,17,535,660,5.92,0,197708,50,Desenho,Neutro,1908,Exposicao_Face
197724,17,540,657,5.9,0,197724,50,Desenho,Neutro,1924,Exposicao_Face
197741,17,537,721,5.9,0,197741,50,Desenho,Neutro,1941,Exposicao_Face
197757,17,534,662,5.92,0,197757,50,Desenho,Neutro,1957,Exposicao_Face
197774,17,536,656,5.87,0,197774,50,Desenho,Neutro,1974,Exposicao_Face
197791,17,537,652,5.9,0,197791,50,Desenho,Neutro,1991,Exposicao_Face
197807,17,532,655,5.87,0,197807,50,Desenho,Neutro,2007,Exposicao_Face
197824,17,534,665,5.92,0,197824,50,Desenho,Neutro,2024,Exposicao_Face
197841,17,545,657,5.94,0,197841,50,Desenho,Neutro,2041,Exposicao_Face
197857,17,541,657,5.9,0,197857,50,Desenho,Neutro,2057,Exposicao_Face
197874,17,553,717,5.69,0,197874,50,Desenho,Neutro,2074,Exposicao_Face
197891,17,540,657,5.9,0,197891,50,Desenho,Neutro,2091,Exposicao_Face
197907,17,543,708,5.97,0,197907,50,Desenho,Neutro,2107,Exposicao_Face
197924,17,544,728,5.97,0,197924,50,Desenho,Neutro,2124,Exposicao_Face
197940,17,554,719,5.97,0,197940,50,Desenho,Neutro,2140,Exposicao_Face
197957,17,541,730,6.03,0,197957,50,Desenho,Neutro,2157,Exposicao_Face
197974,17,541,738,6.08,0,197974,50,Desenho,Neutro,2174,Exposicao_Face
197990,17,543,705,5.94,0,197990,50,Desenho,Neutro,2190,Exposicao_Face
198007,17,542,741,6.02,0,198007,50,Desenho,Neutro,2207,Exposicao_Face
198024,17,564,639,6.03,0,198024,50,Desenho,Neutro,2224,Exposicao_Face
198040,17,573,662,5.97,0,198040,50,Desenho,Neutro,2240,Exposicao_Face
198057,17,560,646,6.08,0,198057,50,Desenho,Neutro,2257,Exposicao_Face
198074,17,567,636,6.03,0,198074,50,Desenho,Neutro,2274,Exposicao_Face
198090,17,569,670,6.08,0,198090,50,Desenho,Neutro,2290,Exposicao_Face
198107,17,582,680,6.05,0,198107,50,Desenho,Neutro,2307,Exposicao_Face
198123,17,569,729,6.05,0,198123,50,Desenho,Neutro,2323,Exposicao_Face
198140,17,584,734,6.11,0,198140,50,Desenho,Neutro,2340,Exposicao_Face
198157,17,569,732,6.1,0,198157,50,Desenho,Neutro,2357,Exposicao_Face
198173,17,584,640,6.11,0,198173,50,Desenho,Neutro,2373,Exposicao_Face
198190,17,582,640,6.11,0,198190,50,Desenho,Neutro,2390,Exposicao_Face
198207,17,587,639,6.0,0,198207,50,Desenho,Neutro,2407,Exposicao_Face
198223,17,570,643,6.02,0,198223,50,Desenho,Neutro,2423,Exposicao_Face
198240,17,585,644,6.11,0,198240,50,Desenho,Neutro,2440,Exposicao_Face
198257,17,572,660,6.13,0,198257,50,Desenho,Neutro,2457,Exposicao_Face
198273,17,586,641,6.06,0,198273,50,Desenho,Neutro,2473,Exposicao_Face
198290,17,586,648,6.1,0,198290,50,Desenho,Neutro,2490,Exposicao_Face
198306,17,586,648,6.16,0,198306,50,Desenho,Neutro,2506,Exposicao_Face
198323,17,571,674,6.11,0,198323,50,Desenho,Neutro,2523,Exposicao_Face
198340,17,558,638,6.16,0,198340,50,Desenho,Neutro,2540,Exposicao_Face
198356,17,558,668,6.11,0,198356,50,Desenho,Neutro,2556,Exposicao_Face
198373,17,534,584,6.14,0,198373,50,Desenho,Neutro,2573,Exposicao_Face
198390,17,521,556,6.21,0,198390,50,Desenho,Neutro,2590,Exposicao_Face
198406,17,541,527,6.16,0,198406,50,Desenho,Neutro,2606,Exposicao_Face
198423,17,533,547,6.18,0,198423,50,Desenho,Neutro,2623,Exposicao_Face
198439,17,538,542,6.11,0,198439,50,Desenho,Neutro,2639,Exposicao_Face
198456,17,526,555,6.16,0,198456,50,Desenho,Neutro,2656,Exposicao_Face
198473,17,538,550,6.16,0,198473,50,Desenho,Neutro,2673,Exposicao_Face
198489,17,540,552,6.19,0,198489,50,Desenho,Neutro,2689,Exposicao_Face
198506,17,519,545,6.16,0,198506,50,Desenho,Neutro,2706,Exposicao_Face
198523,17,538,530,6.14,0,198523,50,Desenho,Neutro,2723,Exposicao_Face
198539,17,519,534,6.21,0,198539,50,Desenho,Neutro,2739,Exposicao_Face
198556,17,531,545,6.21,0,198556,50,Desenho,Neutro,2756,Exposicao_Face
198573,17,540,529,6.21,0,198573,50,Desenho,Neutro,2773,Exposicao_Face
198589,17,523,535,6.19,0,198589,50,Desenho,Neutro,2789,Exposicao_Face
198606,17,539,524,6.18,0,198606,50,Desenho,Neutro,2806,Exposicao_Face
198622,17,528,531,6.21,0,198622,50,Desenho,Neutro,2822,Exposicao_Face
198639,17,536,527,6.22,0,198639,50,Desenho,Neutro,2839,Exposicao_Face
198656,17,534,524,6.19,0,198656,50,Desenho,Neutro,2856,Exposicao_Face
198672,17,534,537,6.18,0,198672,50,Desenho,Neutro,2872,Exposicao_Face
198689,17,536,544,6.19,0,198689,50,Desenho,Neutro,2889,Exposicao_Face
198706,17,524,541,6.24,0,198706,50,Desenho,Neutro,2906,Exposicao_Face
198722,17,530,538,6.21,0,198722,50,Desenho,Neutro,2922,Exposicao_Face
198739,17,533,537,6.18,0,198739,50,Desenho,Neutro,2939,Exposicao_Face
198756,17,541,522,6.16,0,198756,50,Desenho,Neutro,2956,Exposicao_Face
198772,17,538,518,6.14,0,198772,50,Desenho,Neutro,2972,Exposicao_Face
198789,17,518,513,6.21,0,198789,50,Desenho,Neutro,2989,Exposicao_Face
198805,17,531,531,6.16,0,198805,50,Desenho,Neutro,3005,Exposicao_Face
198822,17,533,514,6.14,0,198822,50,Desenho,Neutro,3022,Exposicao_Face
198839,17,529,524,6.24,0,198839,50,Desenho,Neutro,3039,Exposicao_Face
198855,17,483,560,6.19,0,198855,50,Desenho,Neutro,3055,Exposicao_Face
198872,17,477,615,6.19,0,198872,50,Desenho,Neutro,3072,Exposicao_Face
198889,17,469,585,6.13,0,198889,50,Desenho,Neutro,3089,Exposicao_Face
198905,17,462,594,6.13,0,198905,50,Desenho,Neutro,3105,Exposicao_Face
198922,17,481,595,6.13,0,198922,50,Desenho,Neutro,3122,Exposicao_Face
198939,17,475,595,6.13,0,198939,50,Desenho,Neutro,3139,Exposicao_Face
198955,17,450,584,6.16,0,198955,50,Desenho,Neutro,3155,Exposicao_Face
198972,17,469,586,6.19,0,198972,50,Desenho,Neutro,3172,Exposicao_Face
198988,17,471,586,6.19,0,198988,50,Desenho,Neutro,3188,Exposicao_Face
199005,17,474,591,6.14,0,199005,50,Desenho,Neutro,3205,Exposicao_Face
199022,17,453,601,6.27,0,199022,50,Desenho,Neutro,3222,Exposicao_Face
199038,17,474,585,6.18,0,199038,50,Desenho,Neutro,3238,Exposicao_Face
199055,17,477,601,6.24,0,199055,50,Desenho,Neutro,3255,Exposicao_Face
199072,17,471,610,6.29,0,199072,50,Desenho,Neutro,3272,Exposicao_Face
199088,17,468,571,6.24,0,199088,50,Desenho,Neutro,3288,Exposicao_Face
199105,17,447,581,6.21,0,199105,50,Desenho,Neutro,3305,Exposicao_Face
199122,17,468,604,6.24,0,199122,50,Desenho,Neutro,3322,Exposicao_Face
199138,17,503,514,6.29,0,199138,50,Desenho,Neutro,3338,Exposicao_Face
199155,17,490,481,6.22,0,199155,50,Desenho,Neutro,3355,Exposicao_Face
199171,17,491,486,6.22,0,199171,50,Desenho,Neutro,3371,Exposicao_Face
199188,17,511,490,6.3,0,199188,50,Desenho,Neutro,3388,Exposicao_Face
199205,17,507,493,6.29,0,199205,50,Desenho,Neutro,3405,Exposicao_Face
199221,17,505,487,6.27,0,199221,50,Desenho,Neutro,3421,Exposicao_Face
199238,17,501,475,6.22,0,199238,50,Desenho,Neutro,3438,Exposicao_Face
199255,17,500,481,6.29,0,199255,50,Desenho,Neutro,3455,Exposicao_Face
199271,17,509,477,6.11,0,199271,50,Desenho,Neutro,3471,Exposicao_Face
199288,17,496,468,6.18,0,199288,50,Desenho,Neutro,3488,Exposicao_Face
199305,17,513,528,6.22,0,199305,50,Desenho,Neutro,3505,Exposicao_Face
199321,17,532,676,6.24,0,199321,50,Desenho,Neutro,3521,Exposicao_Face
199338,17,532,884,6.19,0,199338,50,Desenho,Neutro,3538,Exposicao_Face
199354,17,403,698,6.26,0,199354,50,Desenho,Neutro,3554,Exposicao_Face
199371,17,608,619,0.0,0,199371,50,Desenho,Neutro,3571,Exposicao_Face
199388,17,697,704,0.0,0,199388,50,Desenho,Neutro,3588,Exposicao_Face
199404,17,399,784,6.32,0,199404,50,Desenho,Neutro,3604,Exposicao_Face
199421,17,624,703,0.0,0,199421,50,Desenho,Neutro,3621,Exposicao_Face
199438,17,721,806,6.14,0,199438,50,Desenho,Neutro,3638,Exposicao_Face
199454,17,453,747,6.19,0,199454,50,Desenho,Neutro,3654,Exposicao_Face
199471,17,562,731,6.21,0,199471,50,Desenho,Neutro,3671,Exposicao_Face
199488,17,564,710,6.14,0,199488,50,Desenho,Neutro,3688,Exposicao_Face
199504,17,566,712,6.16,0,199504,50,Desenho,Neutro,3704,Exposicao_Face
199521,17,564,713,6.11,0,199521,50,Desenho,Neutro,3721,Exposicao_Face
199537,17,567,707,6.14,0,199537,50,Desenho,Neutro,3737,Exposicao_Face
199554,17,572,697,6.13,0,199554,50,Desenho,Neutro,3754,Exposicao_Face
199571,17,575,718,6.05,0,199571,50,Desenho,Neutro,3771,Exposicao_Face
199587,17,577,714,6.18,0,199587,50,Desenho,Neutro,3787,Exposicao_Face
199604,17,582,739,6.14,0,199604,50,Desenho,Neutro,3804,Exposicao_Face
199621,17,623,865,6.16,0,199621,50,Desenho,Neutro,3821,Exposicao_Face
199637,17,649,966,6.18,0,199637,50,Desenho,Neutro,3837,Exposicao_Face
199654,17,649,946,6.14,0,199654,50,Desenho,Neutro,3854,Exposicao_Face
199670,17,656,977,6.18,0,199670,50,Desenho,Neutro,3870,Exposicao_Face
199687,17,669,940,6.14,0,199687,50,Desenho,Neutro,3887,Exposicao_Face
199704,17,667,937,6.16,0,199704,50,Desenho,Neutro,3904,Exposicao_Face
199720,17,662,959,6.21,0,199720,50,Desenho,Neutro,3920,Exposicao_Face
199737,17,654,939,6.21,0,199737,50,Desenho,Neutro,3937,Exposicao_Face
199754,17,646,956,6.14,0,199754,50,Desenho,Neutro,3954,Exposicao_Face
199770,17,654,962,6.16,0,199770,50,Desenho,Neutro,3970,Exposicao_Face
199787,17,657,951,6.19,0,199787,50,Desenho,Neutro,3987,Exposicao_Face
199804,17,660,964,6.18,0,199804,51,Desenho,Raiva,4,Janela_Baseline
199820,17,661,954,6.19,0,199820,51,Desenho,Raiva,20,Janela_Baseline
199837,17,659,955,6.22,0,199837,51,Desenho,Raiva,37,Janela_Baseline
199853,17,650,958,6.06,0,199853,51,Desenho,Raiva,53,Janela_Baseline
199870,17,697,986,6.13,0,199870,51,Desenho,Raiva,70,Janela_Baseline
199887,17,698,989,6.19,0,199887,51,Desenho,Raiva,87,Janela_Baseline
199903,17,711,993,6.16,0,199903,51,Desenho,Raiva,103,Janela_Baseline
199920,17,695,978,5.98,0,199920,51,Desenho,Raiva,120,Janela_Baseline
199937,17,686,999,6.11,0,199937,51,Desenho,Raiva,137,Janela_Baseline
199953,17,691,977,6.05,0,199953,51,Desenho,Raiva,153,Janela_Baseline
199970,17,698,964,5.95,0,199970,51,Desenho,Raiva,170,Janela_Baseline
199987,17,702,989,6.18,0,199987,51,Desenho,Raiva,187,Janela_Baseline
200003,17,689,992,6.26,0,200003,51,Desenho,Raiva,203,Janela_Baseline
200020,17,704,979,6.16,0,200020,51,Desenho,Raiva,220,Janela_Baseline
200036,17,715,981,6.03,0,200036,51,Desenho,Raiva,236,Janela_Baseline
200053,17,702,996,6.24,0,200053,51,Desenho,Raiva,253,Janela_Baseline
200070,17,697,986,6.24,0,200070,51,Desenho,Raiva,270,Janela_Baseline
200086,17,691,980,6.11,0,200086,51,Desenho,Raiva,286,Janela_Baseline
200103,17,696,993,6.18,0,200103,51,Desenho,Raiva,303,Janela_Baseline
200120,17,698,984,6.1,0,200120,51,Desenho,Raiva,320,Janela_Baseline
200136,17,797,878,0.0,0,200136,51,Desenho,Raiva,336,Janela_Baseline
200153,17,644,855,6.34,0,200153,51,Desenho,Raiva,353,Janela_Baseline
200170,17,571,680,6.16,0,200170,51,Desenho,Raiva,370,Janela_Baseline
200186,17,493,558,6.1,0,200186,51,Desenho,Raiva,386,Janela_Baseline
200203,17,496,512,6.16,0,200203,51,Desenho,Raiva,403,Janela_Baseline
200219,17,494,469,6.14,0,200219,51,Desenho,Raiva,419,Janela_Baseline
200236,17,491,452,6.16,0,200236,51,Desenho,Raiva,436,Janela_Baseline
200253,17,486,482,6.21,0,200253,51,Desenho,Raiva,453,Janela_Baseline
200269,17,481,481,6.05,0,200269,51,Desenho,Raiva,469,Janela_Baseline
200286,17,494,482,6.21,0,200286,51,Desenho,Raiva,486,Janela_Baseline
200303,17,494,481,6.19,0,200303,51,Desenho,Raiva,503,Janela_Baseline
200319,17,494,463,6.13,0,200319,51,Desenho,Raiva,519,Janela_Baseline
200336,17,476,465,6.11,0,200336,51,Desenho,Raiva,536,Janela_Baseline
200353,17,487,473,6.21,0,200353,51,Desenho,Raiva,553,Janela_Baseline
200369,17,489,472,6.19,0,200369,51,Desenho,Raiva,569,Janela_Baseline
200386,17,492,461,6.19,0,200386,51,Desenho,Raiva,586,Janela_Baseline
200402,17,485,457,6.21,0,200402,51,Desenho,Raiva,602,Janela_Baseline
200419,17,489,467,6.18,0,200419,51,Desenho,Raiva,619,Janela_Baseline
200436,17,497,468,6.22,0,200436,51,Desenho,Raiva,636,Janela_Baseline
200452,17,496,464,6.16,0,200452,51,Desenho,Raiva,652,Janela_Baseline
200469,17,482,465,6.22,0,200469,51,Desenho,Raiva,669,Janela_Baseline
200486,17,495,483,6.22,0,200486,51,Desenho,Raiva,686,Janela_Baseline
200502,17,498,465,6.11,0,200502,51,Desenho,Raiva,702,Janela_Baseline
200519,17,496,462,6.11,0,200519,51,Desenho,Raiva,719,Janela_Baseline
200536,17,494,469,6.11,0,200536,51,Desenho,Raiva,736,Janela_Baseline
200552,17,493,458,6.13,0,200552,51,Desenho,Raiva,752,Janela_Baseline
200569,17,488,465,6.18,0,200569,51,Desenho,Raiva,769,Janela_Baseline
200585,17,493,460,6.14,0,200585,51,Desenho,Raiva,785,Janela_Baseline
200602,17,495,466,6.1,0,200602,51,Desenho,Raiva,802,Janela_Baseline
200619,17,495,437,6.1,0,200619,51,Desenho,Raiva,819,Janela_Baseline
200635,17,495,440,6.14,0,200635,51,Desenho,Raiva,835,Janela_Baseline
200652,17,513,426,6.1,0,200652,51,Desenho,Raiva,852,Janela_Baseline
200669,17,507,431,6.16,0,200669,51,Desenho,Raiva,869,Janela_Baseline
200685,17,507,435,6.14,0,200685,51,Desenho,Raiva,885,Janela_Baseline
200702,17,508,413,6.11,0,200702,51,Desenho,Raiva,902,Janela_Baseline
200719,17,515,428,6.14,0,200719,51,Desenho,Raiva,919,Janela_Baseline
200735,17,488,420,6.13,0,200735,51,Desenho,Raiva,935,Janela_Baseline
200752,17,498,429,6.11,0,200752,51,Desenho,Raiva,952,Janela_Baseline
200768,17,509,407,6.13,0,200768,51,Desenho,Raiva,968,Janela_Baseline
200785,17,508,431,6.18,0,200785,51,Desenho,Raiva,985,Janela_Baseline
200802,17,496,405,6.14,0,200802,51,Desenho,Raiva,1002,Janela_Baseline
200818,17,495,414,6.18,0,200818,51,Desenho,Raiva,1018,Janela_Baseline
200835,17,505,408,6.19,0,200835,51,Desenho,Raiva,1035,Janela_Baseline
200852,17,499,418,6.14,0,200852,51,Desenho,Raiva,1052,Janela_Baseline
200868,17,503,413,6.18,0,200868,51,Desenho,Raiva,1068,Janela_Baseline
200885,17,510,398,6.18,0,200885,51,Desenho,Raiva,1085,Janela_Baseline
200901,17,507,411,6.21,0,200901,51,Desenho,Raiva,1101,Janela_Baseline
200918,17,504,412,6.18,0,200918,51,Desenho,Raiva,1118,Janela_Baseline
200935,17,488,420,6.24,0,200935,51,Desenho,Raiva,1135,Janela_Baseline
200951,17,501,410,6.24,0,200951,51,Desenho,Raiva,1151,Janela_Baseline
200968,17,499,400,6.22,0,200968,51,Desenho,Raiva,1168,Janela_Baseline
200985,17,498,409,6.26,0,200985,51,Desenho,Raiva,1185,Janela_Baseline
201001,17,490,430,6.32,0,201001,51,Desenho,Raiva,1201,Janela_Baseline
201018,17,501,421,6.32,0,201018,51,Desenho,Raiva,1218,Janela_Baseline
201035,17,509,424,6.35,0,201035,51,Desenho,Raiva,1235,Janela_Baseline
201051,17,501,404,6.22,0,201051,51,Desenho,Raiva,1251,Janela_Baseline
201068,17,504,419,6.24,0,201068,51,Desenho,Raiva,1268,Janela_Baseline
201084,17,499,408,6.27,0,201084,51,Desenho,Raiva,1284,Janela_Baseline
201101,17,505,405,6.24,0,201101,51,Desenho,Raiva,1301,Exposicao_Face
201118,17,496,403,6.27,0,201118,51,Desenho,Raiva,1318,Exposicao_Face
201134,17,494,418,6.32,0,201134,51,Desenho,Raiva,1334,Exposicao_Face
201151,17,494,419,6.13,0,201151,51,Desenho,Raiva,1351,Exposicao_Face
201168,17,498,425,6.34,0,201168,51,Desenho,Raiva,1368,Exposicao_Face
201184,17,488,418,6.34,0,201184,51,Desenho,Raiva,1384,Exposicao_Face
201201,17,502,416,6.27,0,201201,51,Desenho,Raiva,1401,Exposicao_Face
201218,17,495,415,6.32,0,201218,51,Desenho,Raiva,1418,Exposicao_Face
201234,17,494,423,6.35,0,201234,51,Desenho,Raiva,1434,Exposicao_Face
201251,17,496,420,6.35,0,201251,51,Desenho,Raiva,1451,Exposicao_Face
201267,17,502,394,6.32,0,201267,51,Desenho,Raiva,1467,Exposicao_Face
201284,17,384,452,6.32,0,201284,51,Desenho,Raiva,1484,Exposicao_Face
201301,17,305,462,6.27,0,201301,51,Desenho,Raiva,1501,Exposicao_Face
201317,17,227,456,6.06,0,201317,51,Desenho,Raiva,1517,Exposicao_Face
201334,17,184,499,6.1,0,201334,51,Desenho,Raiva,1534,Exposicao_Face
201351,17,174,487,6.16,0,201351,51,Desenho,Raiva,1551,Exposicao_Face
201367,17,175,487,6.21,0,201367,51,Desenho,Raiva,1567,Exposicao_Face
201384,17,183,486,6.18,0,201384,51,Desenho,Raiva,1584,Exposicao_Face
201401,17,214,493,6.18,0,201401,51,Desenho,Raiva,1601,Exposicao_Face
201417,17,209,488,6.24,0,201417,51,Desenho,Raiva,1617,Exposicao_Face
201434,17,223,474,6.16,0,201434,51,Desenho,Raiva,1634,Exposicao_Face
201450,17,179,487,6.19,0,201450,51,Desenho,Raiva,1650,Exposicao_Face
201467,17,180,481,6.21,0,201467,51,Desenho,Raiva,1667,Exposicao_Face
201484,17,166,478,6.21,0,201484,51,Desenho,Raiva,1684,Exposicao_Face
201500,17,175,484,6.13,0,201500,51,Desenho,Raiva,1700,Exposicao_Face
201517,17,181,483,6.18,0,201517,51,Desenho,Raiva,1717,Exposicao_Face
201534,17,210,491,6.06,0,201534,51,Desenho,Raiva,1734,Exposicao_Face
201550,17,180,480,6.18,0,201550,51,Desenho,Raiva,1750,Exposicao_Face
201567,17,173,486,6.1,0,201567,51,Desenho,Raiva,1767,Exposicao_Face
201584,17,167,485,6.11,0,201584,51,Desenho,Raiva,1784,Exposicao_Face
201600,17,213,478,6.08,0,201600,51,Desenho,Raiva,1800,Exposicao_Face
201617,17,171,478,6.05,0,201617,51,Desenho,Raiva,1817,Exposicao_Face
201633,17,212,489,6.11,0,201633,51,Desenho,Raiva,1833,Exposicao_Face
201650,17,183,486,6.13,0,201650,51,Desenho,Raiva,1850,Exposicao_Face
201667,17,183,493,6.1,0,201667,51,Desenho,Raiva,1867,Exposicao_Face
201683,17,201,498,6.08,0,201683,51,Desenho,Raiva,1883,Exposicao_Face
201700,17,186,491,5.98,0,201700,51,Desenho,Raiva,1900,Exposicao_Face
201717,17,216,488,6.03,0,201717,51,Desenho,Raiva,1917,Exposicao_Face
201733,17,209,482,5.97,0,201733,51,Desenho,Raiva,1933,Exposicao_Face
201750,17,211,470,5.98,0,201750,51,Desenho,Raiva,1950,Exposicao_Face
201767,17,199,493,6.06,0,201767,51,Desenho,Raiva,1967,Exposicao_Face
201783,17,194,493,6.05,0,201783,51,Desenho,Raiva,1983,Exposicao_Face
201800,17,206,480,6.02,0,201800,51,Desenho,Raiva,2000,Exposicao_Face
201816,17,189,504,6.08,0,201816,51,Desenho,Raiva,2016,Exposicao_Face
201833,17,199,507,6.06,0,201833,51,Desenho,Raiva,2033,Exposicao_Face
201850,17,158,520,5.98,0,201850,51,Desenho,Raiva,2050,Exposicao_Face
201866,17,156,537,5.94,0,201866,51,Desenho,Raiva,2066,Exposicao_Face
201883,17,147,534,5.92,0,201883,51,Desenho,Raiva,2083,Exposicao_Face
201900,17,150,548,5.92,0,201900,51,Desenho,Raiva,2100,Exposicao_Face
201916,17,148,556,5.97,0,201916,51,Desenho,Raiva,2116,Exposicao_Face
201933,17,121,550,5.9,0,201933,51,Desenho,Raiva,2133,Exposicao_Face
201949,17,146,550,5.92,0,201949,51,Desenho,Raiva,2149,Exposicao_Face
201966,17,142,544,5.95,0,201966,51,Desenho,Raiva,2166,Exposicao_Face
201983,17,147,532,5.94,0,201983,51,Desenho,Raiva,2183,Exposicao_Face
201999,17,134,535,6.02,0,201999,51,Desenho,Raiva,2199,Exposicao_Face
202016,17,147,547,5.92,0,202016,51,Desenho,Raiva,2216,Exposicao_Face
202033,17,133,548,5.97,0,202033,51,Desenho,Raiva,2233,Exposicao_Face
202049,17,147,543,6.0,0,202049,51,Desenho,Raiva,2249,Exposicao_Face
202066,17,150,539,6.0,0,202066,51,Desenho,Raiva,2266,Exposicao_Face
202083,17,118,557,6.05,0,202083,51,Desenho,Raiva,2283,Exposicao_Face
202099,17,42,556,5.97,0,202099,51,Desenho,Raiva,2299,Exposicao_Face
202116,17,147,536,5.95,0,202116,51,Desenho,Raiva,2316,Exposicao_Face
202132,17,104,556,6.06,0,202132,51,Desenho,Raiva,2332,Exposicao_Face
202149,17,130,539,5.95,0,202149,51,Desenho,Raiva,2349,Exposicao_Face
202166,17,126,545,5.94,0,202166,51,Desenho,Raiva,2366,Exposicao_Face
202182,17,139,560,6.02,0,202182,51,Desenho,Raiva,2382,Exposicao_Face
202199,17,148,549,5.95,0,202199,51,Desenho,Raiva,2399,Exposicao_Face
202216,17,149,553,5.97,0,202216,51,Desenho,Raiva,2416,Exposicao_Face
202232,17,160,527,6.02,0,202232,51,Desenho,Raiva,2432,Exposicao_Face
202249,17,181,708,6.03,0,202249,51,Desenho,Raiva,2449,Exposicao_Face
202266,17,230,893,6.08,0,202266,51,Desenho,Raiva,2466,Exposicao_Face
202282,17,53,666,6.21,0,202282,51,Desenho,Raiva,2482,Exposicao_Face
202299,17,366,959,0.0,0,202299,51,Desenho,Raiva,2499,Exposicao_Face
202315,17,370,900,0.0,0,202315,51,Desenho,Raiva,2515,Exposicao_Face
202332,17,305,994,6.26,0,202332,51,Desenho,Raiva,2532,Exposicao_Face
202349,17,321,896,6.3,0,202349,51,Desenho,Raiva,2549,Exposicao_Face
202365,17,329,788,6.27,0,202365,51,Desenho,Raiva,2565,Exposicao_Face
202382,17,328,686,6.24,0,202382,51,Desenho,Raiva,2582,Exposicao_Face
202399,17,328,627,6.29,0,202399,51,Desenho,Raiva,2599,Exposicao_Face
202415,17,326,549,6.19,0,202415,51,Desenho,Raiva,2615,Exposicao_Face
202432,17,329,468,6.29,0,202432,51,Desenho,Raiva,2632,Exposicao_Face
202449,17,345,483,6.1,0,202449,51,Desenho,Raiva,2649,Exposicao_Face
202465,17,331,452,6.29,0,202465,51,Desenho,Raiva,2665,Exposicao_Face
202482,17,307,497,6.35,0,202482,51,Desenho,Raiva,2682,Exposicao_Face
202498,17,405,472,6.38,0,202498,51,Desenho,Raiva,2698,Exposicao_Face
202515,17,457,446,6.32,0,202515,51,Desenho,Raiva,2715,Exposicao_Face
202532,17,464,470,6.37,0,202532,51,Desenho,Raiva,2732,Exposicao_Face
202548,17,477,450,6.37,0,202548,51,Desenho,Raiva,2748,Exposicao_Face
202565,17,474,425,6.38,0,202565,51,Desenho,Raiva,2765,Exposicao_Face
202582,17,475,446,6.4,0,202582,51,Desenho,Raiva,2782,Exposicao_Face
202598,17,471,453,6.42,0,202598,51,Desenho,Raiva,2798,Exposicao_Face
202615,17,477,434,6.38,0,202615,51,Desenho,Raiva,2815,Exposicao_Face
202632,17,475,430,6.35,0,202632,51,Desenho,Raiva,2832,Exposicao_Face
202648,17,479,429,6.32,0,202648,51,Desenho,Raiva,2848,Exposicao_Face
202665,17,481,446,6.18,0,202665,51,Desenho,Raiva,2865,Exposicao_Face
202681,17,471,425,6.4,0,202681,51,Desenho,Raiva,2881,Exposicao_Face
202698,17,475,440,6.32,0,202698,51,Desenho,Raiva,2898,Exposicao_Face
202715,17,468,451,6.06,0,202715,51,Desenho,Raiva,2915,Exposicao_Face
202731,17,473,447,6.43,0,202731,51,Desenho,Raiva,2931,Exposicao_Face
202748,17,476,431,6.4,0,202748,51,Desenho,Raiva,2948,Exposicao_Face
202765,17,484,415,6.37,0,202765,51,Desenho,Raiva,2965,Exposicao_Face
202781,17,475,416,6.4,0,202781,51,Desenho,Raiva,2981,Exposicao_Face
202798,17,469,440,6.42,0,202798,51,Desenho,Raiva,2998,Exposicao_Face
202815,17,476,444,6.46,0,202815,51,Desenho,Raiva,3015,Exposicao_Face
202831,17,468,445,6.45,0,202831,51,Desenho,Raiva,3031,Exposicao_Face
202848,17,472,436,6.4,0,202848,51,Desenho,Raiva,3048,Exposicao_Face
202864,17,477,443,6.34,0,202864,51,Desenho,Raiva,3064,Exposicao_Face
202881,17,475,448,6.43,0,202881,51,Desenho,Raiva,3081,Exposicao_Face
202898,17,474,432,6.4,0,202898,51,Desenho,Raiva,3098,Exposicao_Face
202914,17,476,440,6.37,0,202914,51,Desenho,Raiva,3114,Exposicao_Face
202931,17,473,441,6.42,0,202931,51,Desenho,Raiva,3131,Exposicao_Face
202948,17,477,426,6.38,0,202948,51,Desenho,Raiva,3148,Exposicao_Face
202964,17,483,442,6.43,0,202964,51,Desenho,Raiva,3164,Exposicao_Face
202981,17,474,439,6.32,0,202981,51,Desenho,Raiva,3181,Exposicao_Face
202998,17,481,431,6.38,0,202998,51,Desenho,Raiva,3198,Exposicao_Face
